assessment_id,student_id,module_id,course_id,attempt_number,score,max_score,assessment_date,time_taken_minutes,passed
ASS0000001,STU00001,MOD00145,CRS019,1,81,100,2026-02-17,21,True
ASS0000002,STU00001,MOD00145,CRS019,2,30,100,2026-02-19,37,True
ASS0000003,STU00001,MOD00145,CRS019,3,70,100,2026-02-21,26,True
ASS0000004,STU00002,MOD00002,CRS001,1,58,100,2025-09-01,59,False
ASS0000005,STU00002,MOD00002,CRS001,2,32,100,2025-09-02,11,False
ASS0000006,STU00002,MOD00002,CRS001,3,59,100,2025-09-02,15,False
ASS0000007,STU00002,MOD00006,CRS001,1,51,100,2025-11-18,20,True
ASS0000008,STU00002,MOD00007,CRS001,1,55,100,2025-10-02,15,True
ASS0000009,STU00002,MOD00007,CRS001,2,85,100,2025-10-05,42,True
ASS0000010,STU00002,MOD00065,CRS009,1,82,100,2026-02-27,60,True
ASS0000011,STU00002,MOD00065,CRS009,2,49,100,2026-02-25,49,True
ASS0000012,STU00002,MOD00065,CRS009,3,87,100,2026-03-02,35,False
ASS0000013,STU00002,MOD00068,CRS009,1,74,100,2026-04-14,59,True
ASS0000014,STU00002,MOD00068,CRS009,2,72,100,2026-04-17,19,True
ASS0000015,STU00002,MOD00069,CRS009,1,78,100,2026-02-23,58,True
ASS0000016,STU00002,MOD00069,CRS009,2,52,100,2026-02-25,58,False
ASS0000017,STU00002,MOD00069,CRS009,3,59,100,2026-02-24,46,False
ASS0000018,STU00002,MOD00070,CRS009,1,42,100,2026-04-23,22,True
ASS0000019,STU00002,MOD00070,CRS009,2,70,100,2026-04-21,20,True
ASS0000020,STU00002,MOD00072,CRS009,1,87,100,2026-04-21,35,True
ASS0000021,STU00003,MOD00075,CRS010,1,88,100,2025-09-09,34,True
ASS0000022,STU00003,MOD00075,CRS010,2,68,100,2025-09-08,48,True
ASS0000023,STU00003,MOD00076,CRS010,1,63,100,2025-10-12,11,False
ASS0000024,STU00003,MOD00079,CRS010,1,33,100,2025-10-20,53,False
ASS0000025,STU00003,MOD00079,CRS010,2,37,100,2025-10-20,39,True
ASS0000026,STU00003,MOD00079,CRS010,3,68,100,2025-10-21,35,False
ASS0000027,STU00003,MOD00080,CRS010,1,44,100,2025-10-12,45,True
ASS0000028,STU00003,MOD00080,CRS010,2,46,100,2025-10-10,17,True
ASS0000029,STU00003,MOD00080,CRS010,3,97,100,2025-10-12,10,True
ASS0000030,STU00003,MOD00033,CRS005,1,78,100,2025-09-01,16,False
ASS0000031,STU00003,MOD00033,CRS005,2,43,100,2025-09-01,17,True
ASS0000032,STU00003,MOD00033,CRS005,3,93,100,2025-09-01,27,True
ASS0000033,STU00003,MOD00036,CRS005,1,54,100,2025-09-11,16,True
ASS0000034,STU00003,MOD00036,CRS005,2,68,100,2025-09-12,50,False
ASS0000035,STU00003,MOD00039,CRS005,1,44,100,2025-06-17,32,False
ASS0000036,STU00003,MOD00039,CRS005,2,49,100,2025-06-20,34,True
ASS0000037,STU00003,MOD00039,CRS005,3,85,100,2025-06-15,57,True
ASS0000038,STU00003,MOD00050,CRS007,1,54,100,2025-08-22,53,True
ASS0000039,STU00003,MOD00050,CRS007,2,65,100,2025-08-25,22,True
ASS0000040,STU00003,MOD00050,CRS007,3,95,100,2025-08-23,53,True
ASS0000041,STU00003,MOD00052,CRS007,1,38,100,2025-07-10,43,True
ASS0000042,STU00003,MOD00052,CRS007,2,32,100,2025-07-12,43,True
ASS0000043,STU00003,MOD00052,CRS007,3,94,100,2025-07-09,59,True
ASS0000044,STU00003,MOD00053,CRS007,1,73,100,2025-07-16,32,True
ASS0000045,STU00003,MOD00082,CRS011,1,31,100,2026-01-31,19,False
ASS0000046,STU00003,MOD00082,CRS011,2,72,100,2026-01-27,52,True
ASS0000047,STU00003,MOD00082,CRS011,3,55,100,2026-01-29,53,True
ASS0000048,STU00003,MOD00083,CRS011,1,67,100,2026-02-05,18,True
ASS0000049,STU00003,MOD00083,CRS011,2,42,100,2026-02-05,46,True
ASS0000050,STU00003,MOD00083,CRS011,3,65,100,2026-02-07,15,True
ASS0000051,STU00003,MOD00085,CRS011,1,54,100,2025-12-03,27,True
ASS0000052,STU00003,MOD00085,CRS011,2,76,100,2025-12-02,13,True
ASS0000053,STU00003,MOD00085,CRS011,3,100,100,2025-12-01,28,True
ASS0000054,STU00003,MOD00086,CRS011,1,73,100,2026-01-14,47,True
ASS0000055,STU00003,MOD00086,CRS011,2,56,100,2026-01-17,30,False
ASS0000056,STU00003,MOD00087,CRS011,1,50,100,2025-11-16,12,True
ASS0000057,STU00003,MOD00088,CRS011,1,82,100,2026-01-06,52,True
ASS0000058,STU00004,MOD00065,CRS009,1,90,100,2025-12-29,14,True
ASS0000059,STU00004,MOD00066,CRS009,1,70,100,2026-01-20,11,True
ASS0000060,STU00004,MOD00066,CRS009,2,90,100,2026-01-22,14,False
ASS0000061,STU00004,MOD00066,CRS009,3,56,100,2026-01-23,12,True
ASS0000062,STU00004,MOD00067,CRS009,1,64,100,2025-11-26,48,True
ASS0000063,STU00004,MOD00067,CRS009,2,72,100,2025-11-28,15,False
ASS0000064,STU00004,MOD00068,CRS009,1,83,100,2026-02-06,45,True
ASS0000065,STU00004,MOD00069,CRS009,1,49,100,2025-12-09,32,True
ASS0000066,STU00004,MOD00069,CRS009,2,71,100,2025-12-05,37,True
ASS0000067,STU00004,MOD00071,CRS009,1,54,100,2026-01-19,21,True
ASS0000068,STU00004,MOD00071,CRS009,2,69,100,2026-01-20,57,True
ASS0000069,STU00004,MOD00071,CRS009,3,70,100,2026-01-18,28,False
ASS0000070,STU00004,MOD00072,CRS009,1,35,100,2025-12-13,32,True
ASS0000071,STU00004,MOD00072,CRS009,2,81,100,2025-12-12,48,True
ASS0000072,STU00004,MOD00121,CRS016,1,89,100,2026-01-06,54,True
ASS0000073,STU00004,MOD00122,CRS016,1,78,100,2026-01-20,12,True
ASS0000074,STU00004,MOD00122,CRS016,2,50,100,2026-01-21,26,True
ASS0000075,STU00004,MOD00123,CRS016,1,71,100,2026-02-08,19,True
ASS0000076,STU00004,MOD00123,CRS016,2,45,100,2026-02-09,58,True
ASS0000077,STU00004,MOD00123,CRS016,3,99,100,2026-02-06,22,True
ASS0000078,STU00004,MOD00125,CRS016,1,87,100,2026-02-05,52,True
ASS0000079,STU00004,MOD00125,CRS016,2,86,100,2026-02-07,15,True
ASS0000080,STU00004,MOD00125,CRS016,3,73,100,2026-02-04,18,False
ASS0000081,STU00004,MOD00126,CRS016,1,59,100,2025-12-24,11,False
ASS0000082,STU00004,MOD00126,CRS016,2,69,100,2025-12-23,22,True
ASS0000083,STU00004,MOD00150,CRS019,1,93,100,2026-01-13,35,False
ASS0000084,STU00004,MOD00152,CRS019,1,86,100,2026-01-01,20,True
ASS0000085,STU00004,MOD00152,CRS019,2,71,100,2026-01-01,44,True
ASS0000086,STU00005,MOD00140,CRS018,1,83,100,2026-01-31,29,True
ASS0000087,STU00005,MOD00140,CRS018,2,85,100,2026-02-04,19,True
ASS0000088,STU00005,MOD00141,CRS018,1,78,100,2026-04-13,18,True
ASS0000089,STU00005,MOD00141,CRS018,2,53,100,2026-04-11,60,True
ASS0000090,STU00005,MOD00143,CRS018,1,63,100,2026-02-20,39,True
ASS0000091,STU00005,MOD00143,CRS018,2,97,100,2026-02-16,57,False
ASS0000092,STU00005,MOD00122,CRS016,1,50,100,2026-02-19,26,True
ASS0000093,STU00005,MOD00124,CRS016,1,57,100,2026-03-07,33,True
ASS0000094,STU00005,MOD00124,CRS016,2,51,100,2026-03-09,43,False
ASS0000095,STU00006,MOD00130,CRS017,1,50,100,2025-10-24,28,False
ASS0000096,STU00006,MOD00130,CRS017,2,64,100,2025-10-27,54,True
ASS0000097,STU00006,MOD00130,CRS017,3,53,100,2025-10-28,47,True
ASS0000098,STU00006,MOD00131,CRS017,1,52,100,2025-09-10,54,False
ASS0000099,STU00006,MOD00132,CRS017,1,78,100,2025-09-25,23,True
ASS0000100,STU00006,MOD00132,CRS017,2,52,100,2025-09-25,58,False
ASS0000101,STU00006,MOD00134,CRS017,1,64,100,2025-09-03,47,True
ASS0000102,STU00006,MOD00134,CRS017,2,87,100,2025-09-02,26,False
ASS0000103,STU00006,MOD00134,CRS017,3,92,100,2025-08-30,36,True
ASS0000104,STU00006,MOD00135,CRS017,1,53,100,2025-11-17,43,True
ASS0000105,STU00006,MOD00136,CRS017,1,62,100,2025-10-31,52,True
ASS0000106,STU00006,MOD00136,CRS017,2,75,100,2025-10-31,30,True
ASS0000107,STU00007,MOD00009,CRS002,1,49,100,2025-08-17,20,True
ASS0000108,STU00007,MOD00009,CRS002,2,41,100,2025-08-15,38,True
ASS0000109,STU00007,MOD00009,CRS002,3,83,100,2025-08-16,39,True
ASS0000110,STU00007,MOD00010,CRS002,1,74,100,2025-08-04,59,True
ASS0000111,STU00007,MOD00010,CRS002,2,69,100,2025-08-06,47,True
ASS0000112,STU00007,MOD00013,CRS002,1,61,100,2025-06-24,11,False
ASS0000113,STU00007,MOD00013,CRS002,2,88,100,2025-06-25,19,True
ASS0000114,STU00007,MOD00014,CRS002,1,95,100,2025-07-07,38,True
ASS0000115,STU00007,MOD00015,CRS002,1,47,100,2025-07-20,21,True
ASS0000116,STU00007,MOD00015,CRS002,2,84,100,2025-07-20,15,True
ASS0000117,STU00007,MOD00015,CRS002,3,74,100,2025-07-21,49,True
ASS0000118,STU00007,MOD00016,CRS002,1,62,100,2025-06-06,60,False
ASS0000119,STU00008,MOD00040,CRS005,1,68,100,2026-05-02,38,False
ASS0000120,STU00008,MOD00040,CRS005,2,94,100,2026-05-04,21,True
ASS0000121,STU00008,MOD00059,CRS008,1,96,100,2026-01-24,24,True
ASS0000122,STU00008,MOD00062,CRS008,1,59,100,2026-01-25,38,True
ASS0000123,STU00008,MOD00062,CRS008,2,64,100,2026-01-28,21,True
ASS0000124,STU00008,MOD00017,CRS003,1,68,100,2026-04-11,25,True
ASS0000125,STU00008,MOD00018,CRS003,1,75,100,2026-03-22,34,False
ASS0000126,STU00008,MOD00018,CRS003,2,98,100,2026-03-22,14,True
ASS0000127,STU00008,MOD00020,CRS003,1,70,100,2026-04-01,23,True
ASS0000128,STU00008,MOD00020,CRS003,2,96,100,2026-03-31,22,True
ASS0000129,STU00008,MOD00022,CRS003,1,88,100,2026-03-25,39,True
ASS0000130,STU00008,MOD00022,CRS003,2,77,100,2026-03-27,13,True
ASS0000131,STU00008,MOD00023,CRS003,1,57,100,2026-03-08,44,True
ASS0000132,STU00008,MOD00023,CRS003,2,62,100,2026-03-09,39,True
ASS0000133,STU00008,MOD00023,CRS003,3,72,100,2026-03-08,50,True
ASS0000134,STU00008,MOD00154,CRS020,1,84,100,2025-12-17,47,False
ASS0000135,STU00008,MOD00154,CRS020,2,72,100,2025-12-16,50,True
ASS0000136,STU00008,MOD00155,CRS020,1,61,100,2026-02-17,50,False
ASS0000137,STU00008,MOD00155,CRS020,2,70,100,2026-02-17,55,True
ASS0000138,STU00008,MOD00155,CRS020,3,98,100,2026-02-14,30,True
ASS0000139,STU00008,MOD00156,CRS020,1,67,100,2025-12-07,59,True
ASS0000140,STU00008,MOD00158,CRS020,1,86,100,2025-12-13,29,True
ASS0000141,STU00008,MOD00158,CRS020,2,85,100,2025-12-17,46,True
ASS0000142,STU00008,MOD00158,CRS020,3,95,100,2025-12-17,36,True
ASS0000143,STU00008,MOD00160,CRS020,1,56,100,2026-02-12,49,False
ASS0000144,STU00008,MOD00160,CRS020,2,79,100,2026-02-10,11,True
ASS0000145,STU00009,MOD00121,CRS016,1,35,100,2025-12-15,55,True
ASS0000146,STU00009,MOD00121,CRS016,2,99,100,2025-12-13,33,False
ASS0000147,STU00009,MOD00122,CRS016,1,81,100,2025-12-15,48,True
ASS0000148,STU00009,MOD00153,CRS020,1,37,100,2026-04-19,43,True
ASS0000149,STU00009,MOD00153,CRS020,2,80,100,2026-04-19,34,False
ASS0000150,STU00009,MOD00153,CRS020,3,55,100,2026-04-21,45,True
ASS0000151,STU00009,MOD00154,CRS020,1,31,100,2026-07-11,41,False
ASS0000152,STU00009,MOD00154,CRS020,2,76,100,2026-07-07,38,False
ASS0000153,STU00009,MOD00154,CRS020,3,87,100,2026-07-08,10,False
ASS0000154,STU00009,MOD00156,CRS020,1,41,100,2026-07-08,42,True
ASS0000155,STU00009,MOD00156,CRS020,2,71,100,2026-07-11,32,True
ASS0000156,STU00009,MOD00156,CRS020,3,75,100,2026-07-10,51,True
ASS0000157,STU00009,MOD00158,CRS020,1,53,100,2026-06-05,13,True
ASS0000158,STU00009,MOD00159,CRS020,1,86,100,2026-06-13,59,False
ASS0000159,STU00009,MOD00159,CRS020,2,55,100,2026-06-09,59,True
ASS0000160,STU00009,MOD00159,CRS020,3,76,100,2026-06-09,10,True
ASS0000161,STU00009,MOD00001,CRS001,1,45,100,2026-04-02,58,False
ASS0000162,STU00009,MOD00001,CRS001,2,75,100,2026-03-31,60,False
ASS0000163,STU00009,MOD00137,CRS018,1,90,100,2025-11-19,48,True
ASS0000164,STU00009,MOD00137,CRS018,2,75,100,2025-11-16,15,True
ASS0000165,STU00009,MOD00137,CRS018,3,96,100,2025-11-19,54,False
ASS0000166,STU00009,MOD00138,CRS018,1,45,100,2025-12-25,41,True
ASS0000167,STU00009,MOD00138,CRS018,2,36,100,2025-12-26,54,True
ASS0000168,STU00009,MOD00138,CRS018,3,100,100,2025-12-25,18,True
ASS0000169,STU00009,MOD00139,CRS018,1,53,100,2025-10-22,18,False
ASS0000170,STU00009,MOD00139,CRS018,2,61,100,2025-10-25,12,True
ASS0000171,STU00009,MOD00142,CRS018,1,62,100,2025-12-10,46,True
ASS0000172,STU00009,MOD00142,CRS018,2,90,100,2025-12-14,30,True
ASS0000173,STU00009,MOD00144,CRS018,1,46,100,2026-01-14,15,True
ASS0000174,STU00009,MOD00144,CRS018,2,38,100,2026-01-15,57,False
ASS0000175,STU00009,MOD00144,CRS018,3,91,100,2026-01-10,27,True
ASS0000176,STU00009,MOD00109,CRS014,1,99,100,2026-02-15,60,False
ASS0000177,STU00010,MOD00041,CRS006,1,74,100,2026-06-15,58,True
ASS0000178,STU00010,MOD00041,CRS006,2,59,100,2026-06-18,51,False
ASS0000179,STU00010,MOD00041,CRS006,3,86,100,2026-06-14,41,True
ASS0000180,STU00010,MOD00042,CRS006,1,72,100,2026-06-16,53,True
ASS0000181,STU00010,MOD00043,CRS006,1,89,100,2026-04-20,33,True
ASS0000182,STU00010,MOD00043,CRS006,2,62,100,2026-04-22,45,False
ASS0000183,STU00010,MOD00044,CRS006,1,56,100,2026-05-24,32,True
ASS0000184,STU00010,MOD00047,CRS006,1,30,100,2026-05-13,47,True
ASS0000185,STU00010,MOD00047,CRS006,2,62,100,2026-05-15,16,True
ASS0000186,STU00010,MOD00025,CRS004,1,71,100,2026-06-09,31,True
ASS0000187,STU00010,MOD00025,CRS004,2,94,100,2026-06-09,38,True
ASS0000188,STU00010,MOD00029,CRS004,1,78,100,2026-04-28,17,True
ASS0000189,STU00010,MOD00029,CRS004,2,85,100,2026-04-26,34,True
ASS0000190,STU00010,MOD00031,CRS004,1,90,100,2026-04-30,27,True
ASS0000191,STU00010,MOD00147,CRS019,1,65,100,2026-06-28,17,True
ASS0000192,STU00010,MOD00147,CRS019,2,55,100,2026-07-01,31,True
ASS0000193,STU00010,MOD00148,CRS019,1,48,100,2026-05-24,51,False
ASS0000194,STU00010,MOD00148,CRS019,2,79,100,2026-05-25,18,True
ASS0000195,STU00010,MOD00148,CRS019,3,51,100,2026-05-25,58,True
ASS0000196,STU00010,MOD00150,CRS019,1,76,100,2026-04-14,52,True
ASS0000197,STU00010,MOD00150,CRS019,2,67,100,2026-04-14,44,True
ASS0000198,STU00010,MOD00152,CRS019,1,61,100,2026-05-23,20,True
ASS0000199,STU00011,MOD00098,CRS013,1,60,100,2025-11-16,53,False
ASS0000200,STU00011,MOD00098,CRS013,2,38,100,2025-11-19,45,False
ASS0000201,STU00011,MOD00098,CRS013,3,77,100,2025-11-16,41,False
ASS0000202,STU00011,MOD00103,CRS013,1,41,100,2025-11-10,47,True
ASS0000203,STU00011,MOD00103,CRS013,2,98,100,2025-11-08,56,True
ASS0000204,STU00011,MOD00017,CRS003,1,87,100,2026-01-28,32,False
ASS0000205,STU00011,MOD00017,CRS003,2,95,100,2026-01-26,12,True
ASS0000206,STU00011,MOD00018,CRS003,1,61,100,2026-03-10,51,False
ASS0000207,STU00011,MOD00018,CRS003,2,54,100,2026-03-07,10,True
ASS0000208,STU00011,MOD00020,CRS003,1,42,100,2026-02-20,36,True
ASS0000209,STU00011,MOD00020,CRS003,2,76,100,2026-02-18,28,True
ASS0000210,STU00011,MOD00020,CRS003,3,96,100,2026-02-17,16,False
ASS0000211,STU00011,MOD00022,CRS003,1,72,100,2026-02-16,26,True
ASS0000212,STU00011,MOD00022,CRS003,2,51,100,2026-02-17,56,True
ASS0000213,STU00011,MOD00022,CRS003,3,67,100,2026-02-19,24,True
ASS0000214,STU00011,MOD00023,CRS003,1,71,100,2026-02-15,54,True
ASS0000215,STU00011,MOD00024,CRS003,1,84,100,2026-02-10,18,True
ASS0000216,STU00011,MOD00024,CRS003,2,63,100,2026-02-10,43,True
ASS0000217,STU00011,MOD00024,CRS003,3,82,100,2026-02-08,51,True
ASS0000218,STU00011,MOD00090,CRS012,1,60,100,2025-07-12,31,True
ASS0000219,STU00011,MOD00093,CRS012,1,71,100,2025-06-28,21,True
ASS0000220,STU00012,MOD00073,CRS010,1,89,100,2026-02-13,26,True
ASS0000221,STU00012,MOD00073,CRS010,2,75,100,2026-02-11,47,False
ASS0000222,STU00012,MOD00075,CRS010,1,64,100,2026-02-19,26,True
ASS0000223,STU00012,MOD00077,CRS010,1,64,100,2026-02-14,10,True
ASS0000224,STU00012,MOD00079,CRS010,1,86,100,2026-02-25,53,True
ASS0000225,STU00012,MOD00079,CRS010,2,61,100,2026-02-23,31,False
ASS0000226,STU00012,MOD00079,CRS010,3,60,100,2026-02-27,60,False
ASS0000227,STU00012,MOD00080,CRS010,1,86,100,2026-02-08,52,True
ASS0000228,STU00012,MOD00080,CRS010,2,76,100,2026-02-13,12,True
ASS0000229,STU00012,MOD00080,CRS010,3,69,100,2026-02-13,50,False
ASS0000230,STU00013,MOD00017,CRS003,1,92,100,2026-02-14,18,False
ASS0000231,STU00013,MOD00018,CRS003,1,64,100,2026-02-19,44,True
ASS0000232,STU00013,MOD00020,CRS003,1,43,100,2026-01-22,29,True
ASS0000233,STU00013,MOD00020,CRS003,2,88,100,2026-01-25,32,False
ASS0000234,STU00013,MOD00020,CRS003,3,100,100,2026-01-26,18,False
ASS0000235,STU00013,MOD00021,CRS003,1,72,100,2025-12-28,36,True
ASS0000236,STU00013,MOD00021,CRS003,2,84,100,2026-01-01,35,True
ASS0000237,STU00013,MOD00023,CRS003,1,66,100,2025-12-03,50,True
ASS0000238,STU00013,MOD00023,CRS003,2,62,100,2025-12-02,31,True
ASS0000239,STU00014,MOD00140,CRS018,1,76,100,2025-09-22,29,True
ASS0000240,STU00014,MOD00140,CRS018,2,54,100,2025-09-22,46,True
ASS0000241,STU00014,MOD00141,CRS018,1,74,100,2025-10-14,54,False
ASS0000242,STU00014,MOD00141,CRS018,2,83,100,2025-10-15,55,True
ASS0000243,STU00014,MOD00141,CRS018,3,69,100,2025-10-14,30,True
ASS0000244,STU00014,MOD00143,CRS018,1,45,100,2025-10-08,20,True
ASS0000245,STU00014,MOD00143,CRS018,2,74,100,2025-10-10,41,True
ASS0000246,STU00014,MOD00144,CRS018,1,84,100,2025-10-04,47,True
ASS0000247,STU00014,MOD00144,CRS018,2,59,100,2025-10-02,23,False
ASS0000248,STU00014,MOD00123,CRS016,1,71,100,2025-10-09,43,True
ASS0000249,STU00014,MOD00123,CRS016,2,55,100,2025-10-13,35,True
ASS0000250,STU00014,MOD00123,CRS016,3,75,100,2025-10-12,25,True
ASS0000251,STU00014,MOD00125,CRS016,1,100,100,2025-08-26,12,True
ASS0000252,STU00014,MOD00127,CRS016,1,56,100,2025-10-15,26,True
ASS0000253,STU00014,MOD00009,CRS002,1,74,100,2025-10-23,21,True
ASS0000254,STU00014,MOD00012,CRS002,1,80,100,2025-09-15,39,False
ASS0000255,STU00014,MOD00012,CRS002,2,78,100,2025-09-16,53,True
ASS0000256,STU00014,MOD00012,CRS002,3,92,100,2025-09-14,17,False
ASS0000257,STU00014,MOD00002,CRS001,1,89,100,2025-11-08,26,False
ASS0000258,STU00014,MOD00002,CRS001,2,90,100,2025-11-10,33,True
ASS0000259,STU00014,MOD00002,CRS001,3,67,100,2025-11-10,35,True
ASS0000260,STU00014,MOD00004,CRS001,1,61,100,2025-12-05,40,True
ASS0000261,STU00014,MOD00005,CRS001,1,81,100,2026-01-11,56,True
ASS0000262,STU00014,MOD00005,CRS001,2,68,100,2026-01-16,39,True
ASS0000263,STU00014,MOD00005,CRS001,3,64,100,2026-01-14,16,True
ASS0000264,STU00014,MOD00007,CRS001,1,45,100,2025-11-22,33,True
ASS0000265,STU00014,MOD00007,CRS001,2,40,100,2025-11-20,23,True
ASS0000266,STU00014,MOD00007,CRS001,3,69,100,2025-11-19,48,True
ASS0000267,STU00015,MOD00145,CRS019,1,84,100,2026-04-22,16,True
ASS0000268,STU00015,MOD00145,CRS019,2,94,100,2026-04-20,19,False
ASS0000269,STU00015,MOD00146,CRS019,1,90,100,2026-04-09,13,True
ASS0000270,STU00015,MOD00146,CRS019,2,82,100,2026-04-08,41,True
ASS0000271,STU00015,MOD00146,CRS019,3,52,100,2026-04-08,46,True
ASS0000272,STU00015,MOD00148,CRS019,1,56,100,2026-03-23,33,True
ASS0000273,STU00015,MOD00148,CRS019,2,98,100,2026-03-25,15,True
ASS0000274,STU00015,MOD00149,CRS019,1,66,100,2026-05-12,53,True
ASS0000275,STU00015,MOD00149,CRS019,2,64,100,2026-05-14,26,False
ASS0000276,STU00015,MOD00150,CRS019,1,54,100,2026-05-29,47,True
ASS0000277,STU00015,MOD00150,CRS019,2,87,100,2026-05-27,57,True
ASS0000278,STU00015,MOD00026,CRS004,1,82,100,2025-09-26,19,True
ASS0000279,STU00015,MOD00027,CRS004,1,40,100,2025-08-06,16,True
ASS0000280,STU00015,MOD00027,CRS004,2,71,100,2025-08-06,24,True
ASS0000281,STU00015,MOD00027,CRS004,3,63,100,2025-08-08,50,True
ASS0000282,STU00015,MOD00028,CRS004,1,40,100,2025-08-25,13,True
ASS0000283,STU00015,MOD00028,CRS004,2,89,100,2025-08-28,15,True
ASS0000284,STU00015,MOD00028,CRS004,3,96,100,2025-08-29,54,True
ASS0000285,STU00015,MOD00032,CRS004,1,72,100,2025-09-09,36,True
ASS0000286,STU00015,MOD00032,CRS004,2,74,100,2025-09-11,26,True
ASS0000287,STU00015,MOD00032,CRS004,3,78,100,2025-09-09,37,True
ASS0000288,STU00015,MOD00134,CRS017,1,42,100,2025-05-13,10,True
ASS0000289,STU00015,MOD00134,CRS017,2,54,100,2025-05-10,15,False
ASS0000290,STU00015,MOD00135,CRS017,1,69,100,2025-05-16,26,False
ASS0000291,STU00015,MOD00135,CRS017,2,92,100,2025-05-14,19,True
ASS0000292,STU00016,MOD00124,CRS016,1,61,100,2025-07-10,15,True
ASS0000293,STU00016,MOD00124,CRS016,2,75,100,2025-07-12,53,False
ASS0000294,STU00016,MOD00124,CRS016,3,95,100,2025-07-15,31,True
ASS0000295,STU00016,MOD00125,CRS016,1,66,100,2025-08-09,53,True
ASS0000296,STU00016,MOD00125,CRS016,2,47,100,2025-08-13,32,True
ASS0000297,STU00016,MOD00125,CRS016,3,67,100,2025-08-13,46,False
ASS0000298,STU00016,MOD00127,CRS016,1,81,100,2025-06-05,47,True
ASS0000299,STU00016,MOD00127,CRS016,2,75,100,2025-06-04,48,True
ASS0000300,STU00016,MOD00127,CRS016,3,90,100,2025-06-07,52,True
ASS0000301,STU00016,MOD00066,CRS009,1,57,100,2026-04-23,28,True
ASS0000302,STU00016,MOD00068,CRS009,1,35,100,2026-03-02,18,False
ASS0000303,STU00016,MOD00068,CRS009,2,78,100,2026-03-02,11,True
ASS0000304,STU00016,MOD00069,CRS009,1,35,100,2026-04-18,20,True
ASS0000305,STU00016,MOD00069,CRS009,2,93,100,2026-04-17,42,True
ASS0000306,STU00016,MOD00070,CRS009,1,79,100,2026-03-29,51,True
ASS0000307,STU00016,MOD00070,CRS009,2,31,100,2026-03-26,17,False
ASS0000308,STU00016,MOD00070,CRS009,3,97,100,2026-03-29,32,True
ASS0000309,STU00016,MOD00071,CRS009,1,47,100,2026-04-25,15,True
ASS0000310,STU00016,MOD00071,CRS009,2,66,100,2026-04-26,12,False
ASS0000311,STU00016,MOD00071,CRS009,3,69,100,2026-04-21,47,True
ASS0000312,STU00016,MOD00072,CRS009,1,55,100,2026-04-05,58,False
ASS0000313,STU00016,MOD00072,CRS009,2,59,100,2026-04-01,50,True
ASS0000314,STU00016,MOD00010,CRS002,1,72,100,2026-06-13,46,True
ASS0000315,STU00016,MOD00010,CRS002,2,96,100,2026-06-13,39,True
ASS0000316,STU00016,MOD00011,CRS002,1,79,100,2026-05-21,16,True
ASS0000317,STU00016,MOD00011,CRS002,2,71,100,2026-05-22,42,False
ASS0000318,STU00016,MOD00013,CRS002,1,85,100,2026-06-16,37,True
ASS0000319,STU00016,MOD00014,CRS002,1,67,100,2026-05-05,59,False
ASS0000320,STU00016,MOD00016,CRS002,1,67,100,2026-06-22,53,True
ASS0000321,STU00016,MOD00016,CRS002,2,68,100,2026-06-24,23,True
ASS0000322,STU00016,MOD00016,CRS002,3,67,100,2026-06-19,12,True
ASS0000323,STU00016,MOD00149,CRS019,1,39,100,2025-12-13,51,True
ASS0000324,STU00016,MOD00149,CRS019,2,60,100,2025-12-17,33,True
ASS0000325,STU00016,MOD00152,CRS019,1,47,100,2026-01-19,42,True
ASS0000326,STU00016,MOD00152,CRS019,2,55,100,2026-01-19,52,False
ASS0000327,STU00016,MOD00152,CRS019,3,84,100,2026-01-18,36,True
ASS0000328,STU00017,MOD00145,CRS019,1,74,100,2026-03-07,14,True
ASS0000329,STU00017,MOD00145,CRS019,2,35,100,2026-03-08,25,True
ASS0000330,STU00017,MOD00145,CRS019,3,86,100,2026-03-06,12,True
ASS0000331,STU00017,MOD00146,CRS019,1,87,100,2026-02-20,23,True
ASS0000332,STU00017,MOD00146,CRS019,2,61,100,2026-02-25,55,True
ASS0000333,STU00017,MOD00146,CRS019,3,59,100,2026-02-22,19,True
ASS0000334,STU00017,MOD00147,CRS019,1,38,100,2026-04-25,27,True
ASS0000335,STU00017,MOD00147,CRS019,2,100,100,2026-04-27,34,False
ASS0000336,STU00017,MOD00148,CRS019,1,65,100,2026-05-14,60,True
ASS0000337,STU00017,MOD00151,CRS019,1,33,100,2026-03-06,30,True
ASS0000338,STU00017,MOD00151,CRS019,2,56,100,2026-03-08,20,True
ASS0000339,STU00017,MOD00152,CRS019,1,47,100,2026-04-24,56,True
ASS0000340,STU00017,MOD00152,CRS019,2,88,100,2026-04-25,42,True
ASS0000341,STU00017,MOD00152,CRS019,3,52,100,2026-04-22,13,True
ASS0000342,STU00017,MOD00033,CRS005,1,46,100,2026-03-25,17,True
ASS0000343,STU00017,MOD00033,CRS005,2,74,100,2026-03-24,49,True
ASS0000344,STU00017,MOD00034,CRS005,1,45,100,2026-04-03,50,True
ASS0000345,STU00017,MOD00034,CRS005,2,55,100,2026-04-02,12,False
ASS0000346,STU00017,MOD00034,CRS005,3,77,100,2026-04-04,42,True
ASS0000347,STU00017,MOD00036,CRS005,1,88,100,2026-05-02,39,True
ASS0000348,STU00017,MOD00036,CRS005,2,58,100,2026-05-01,48,True
ASS0000349,STU00017,MOD00036,CRS005,3,64,100,2026-04-30,18,True
ASS0000350,STU00017,MOD00037,CRS005,1,58,100,2026-05-17,23,True
ASS0000351,STU00017,MOD00037,CRS005,2,43,100,2026-05-19,24,True
ASS0000352,STU00017,MOD00037,CRS005,3,75,100,2026-05-19,49,True
ASS0000353,STU00018,MOD00017,CRS003,1,43,100,2026-04-05,34,True
ASS0000354,STU00018,MOD00017,CRS003,2,31,100,2026-04-05,60,True
ASS0000355,STU00018,MOD00017,CRS003,3,94,100,2026-04-01,35,False
ASS0000356,STU00018,MOD00018,CRS003,1,53,100,2026-02-13,38,True
ASS0000357,STU00018,MOD00018,CRS003,2,80,100,2026-02-16,18,True
ASS0000358,STU00018,MOD00018,CRS003,3,62,100,2026-02-15,44,True
ASS0000359,STU00018,MOD00020,CRS003,1,77,100,2026-03-03,10,True
ASS0000360,STU00018,MOD00020,CRS003,2,63,100,2026-03-04,15,True
ASS0000361,STU00018,MOD00022,CRS003,1,85,100,2026-03-24,30,True
ASS0000362,STU00018,MOD00023,CRS003,1,31,100,2026-04-26,28,True
ASS0000363,STU00018,MOD00023,CRS003,2,80,100,2026-04-29,54,False
ASS0000364,STU00018,MOD00023,CRS003,3,52,100,2026-04-27,36,True
ASS0000365,STU00018,MOD00076,CRS010,1,50,100,2026-04-21,30,True
ASS0000366,STU00018,MOD00076,CRS010,2,74,100,2026-04-23,54,True
ASS0000367,STU00018,MOD00042,CRS006,1,78,100,2026-03-16,35,True
ASS0000368,STU00018,MOD00042,CRS006,2,75,100,2026-03-13,52,True
ASS0000369,STU00018,MOD00042,CRS006,3,57,100,2026-03-16,49,False
ASS0000370,STU00018,MOD00043,CRS006,1,81,100,2026-04-30,21,True
ASS0000371,STU00018,MOD00043,CRS006,2,85,100,2026-05-01,28,True
ASS0000372,STU00018,MOD00043,CRS006,3,61,100,2026-05-01,13,True
ASS0000373,STU00018,MOD00044,CRS006,1,68,100,2026-04-20,46,True
ASS0000374,STU00018,MOD00044,CRS006,2,61,100,2026-04-25,29,True
ASS0000375,STU00018,MOD00046,CRS006,1,58,100,2026-02-13,55,True
ASS0000376,STU00018,MOD00046,CRS006,2,43,100,2026-02-14,56,False
ASS0000377,STU00018,MOD00046,CRS006,3,98,100,2026-02-17,21,True
ASS0000378,STU00018,MOD00047,CRS006,1,71,100,2026-03-09,54,True
ASS0000379,STU00018,MOD00048,CRS006,1,43,100,2026-04-06,41,True
ASS0000380,STU00018,MOD00048,CRS006,2,60,100,2026-04-06,57,True
ASS0000381,STU00018,MOD00048,CRS006,3,88,100,2026-04-11,15,True
ASS0000382,STU00018,MOD00057,CRS008,1,38,100,2026-04-02,53,True
ASS0000383,STU00018,MOD00057,CRS008,2,38,100,2026-04-02,19,False
ASS0000384,STU00018,MOD00057,CRS008,3,54,100,2026-04-05,23,True
ASS0000385,STU00018,MOD00058,CRS008,1,97,100,2026-03-16,30,True
ASS0000386,STU00018,MOD00059,CRS008,1,75,100,2026-02-01,52,True
ASS0000387,STU00018,MOD00059,CRS008,2,70,100,2026-02-01,56,True
ASS0000388,STU00018,MOD00063,CRS008,1,48,100,2026-03-15,50,False
ASS0000389,STU00018,MOD00063,CRS008,2,89,100,2026-03-19,24,True
ASS0000390,STU00018,MOD00063,CRS008,3,59,100,2026-03-15,18,True
ASS0000391,STU00018,MOD00064,CRS008,1,67,100,2026-02-09,57,True
ASS0000392,STU00018,MOD00064,CRS008,2,89,100,2026-02-11,44,False
ASS0000393,STU00019,MOD00033,CRS005,1,65,100,2026-03-16,15,True
ASS0000394,STU00019,MOD00033,CRS005,2,85,100,2026-03-17,54,False
ASS0000395,STU00019,MOD00034,CRS005,1,73,100,2026-03-23,25,True
ASS0000396,STU00019,MOD00034,CRS005,2,42,100,2026-03-23,37,True
ASS0000397,STU00019,MOD00034,CRS005,3,79,100,2026-03-19,59,True
ASS0000398,STU00019,MOD00038,CRS005,1,55,100,2026-01-27,29,True
ASS0000399,STU00019,MOD00038,CRS005,2,90,100,2026-01-27,28,True
ASS0000400,STU00019,MOD00038,CRS005,3,93,100,2026-01-24,14,True
ASS0000401,STU00019,MOD00017,CRS003,1,86,100,2026-05-14,36,False
ASS0000402,STU00019,MOD00017,CRS003,2,92,100,2026-05-11,30,True
ASS0000403,STU00019,MOD00018,CRS003,1,82,100,2026-03-21,51,False
ASS0000404,STU00019,MOD00022,CRS003,1,75,100,2026-03-06,49,True
ASS0000405,STU00019,MOD00023,CRS003,1,72,100,2026-04-22,60,True
ASS0000406,STU00019,MOD00023,CRS003,2,61,100,2026-04-22,25,False
ASS0000407,STU00019,MOD00134,CRS017,1,69,100,2025-10-11,57,True
ASS0000408,STU00019,MOD00134,CRS017,2,67,100,2025-10-09,31,True
ASS0000409,STU00019,MOD00134,CRS017,3,93,100,2025-10-10,47,True
ASS0000410,STU00019,MOD00090,CRS012,1,71,100,2025-10-06,12,False
ASS0000411,STU00019,MOD00090,CRS012,2,88,100,2025-10-07,53,True
ASS0000412,STU00019,MOD00090,CRS012,3,88,100,2025-10-03,54,False
ASS0000413,STU00019,MOD00091,CRS012,1,80,100,2025-10-07,24,False
ASS0000414,STU00019,MOD00093,CRS012,1,81,100,2025-10-03,51,True
ASS0000415,STU00019,MOD00093,CRS012,2,88,100,2025-10-01,29,True
ASS0000416,STU00019,MOD00093,CRS012,3,78,100,2025-09-30,25,False
ASS0000417,STU00019,MOD00094,CRS012,1,89,100,2025-10-08,27,False
ASS0000418,STU00019,MOD00095,CRS012,1,82,100,2025-07-29,23,True
ASS0000419,STU00020,MOD00153,CRS020,1,46,100,2026-02-08,31,True
ASS0000420,STU00020,MOD00153,CRS020,2,81,100,2026-02-07,18,True
ASS0000421,STU00020,MOD00155,CRS020,1,78,100,2025-12-23,15,True
ASS0000422,STU00020,MOD00155,CRS020,2,62,100,2025-12-23,45,True
ASS0000423,STU00020,MOD00155,CRS020,3,80,100,2025-12-20,41,False
ASS0000424,STU00020,MOD00157,CRS020,1,63,100,2026-02-12,18,True
ASS0000425,STU00020,MOD00158,CRS020,1,70,100,2025-12-15,15,False
ASS0000426,STU00020,MOD00158,CRS020,2,68,100,2025-12-16,33,True
ASS0000427,STU00020,MOD00158,CRS020,3,54,100,2025-12-12,15,False
ASS0000428,STU00020,MOD00159,CRS020,1,71,100,2025-12-04,57,True
ASS0000429,STU00020,MOD00159,CRS020,2,78,100,2025-12-01,55,True
ASS0000430,STU00020,MOD00097,CRS013,1,69,100,2025-07-15,11,True
ASS0000431,STU00020,MOD00098,CRS013,1,85,100,2025-06-24,29,False
ASS0000432,STU00020,MOD00098,CRS013,2,52,100,2025-06-25,30,True
ASS0000433,STU00020,MOD00098,CRS013,3,93,100,2025-06-22,23,False
ASS0000434,STU00020,MOD00100,CRS013,1,74,100,2025-08-24,37,True
ASS0000435,STU00020,MOD00101,CRS013,1,48,100,2025-08-07,45,True
ASS0000436,STU00020,MOD00101,CRS013,2,100,100,2025-08-04,60,True
ASS0000437,STU00020,MOD00102,CRS013,1,88,100,2025-08-22,49,True
ASS0000438,STU00020,MOD00102,CRS013,2,35,100,2025-08-21,40,True
ASS0000439,STU00020,MOD00102,CRS013,3,90,100,2025-08-22,38,True
ASS0000440,STU00020,MOD00103,CRS013,1,86,100,2025-08-11,18,True
ASS0000441,STU00020,MOD00088,CRS011,1,69,100,2025-07-25,59,True
ASS0000442,STU00020,MOD00001,CRS001,1,53,100,2026-04-28,44,True
ASS0000443,STU00020,MOD00001,CRS001,2,55,100,2026-05-03,15,True
ASS0000444,STU00020,MOD00003,CRS001,1,34,100,2026-03-26,56,False
ASS0000445,STU00020,MOD00003,CRS001,2,83,100,2026-03-21,19,True
ASS0000446,STU00020,MOD00007,CRS001,1,70,100,2026-02-04,23,False
ASS0000447,STU00020,MOD00007,CRS001,2,54,100,2026-02-03,16,False
ASS0000448,STU00020,MOD00007,CRS001,3,80,100,2026-02-02,45,True
ASS0000449,STU00020,MOD00008,CRS001,1,87,100,2026-03-21,30,False
ASS0000450,STU00020,MOD00008,CRS001,2,100,100,2026-03-17,42,False
ASS0000451,STU00020,MOD00066,CRS009,1,69,100,2025-09-27,36,False
ASS0000452,STU00020,MOD00068,CRS009,1,47,100,2025-11-02,46,False
ASS0000453,STU00020,MOD00068,CRS009,2,73,100,2025-11-05,42,True
ASS0000454,STU00020,MOD00072,CRS009,1,71,100,2025-08-20,57,True
ASS0000455,STU00020,MOD00072,CRS009,2,72,100,2025-08-24,40,True
ASS0000456,STU00020,MOD00072,CRS009,3,50,100,2025-08-22,18,False
ASS0000457,STU00021,MOD00148,CRS019,1,60,100,2026-02-22,11,True
ASS0000458,STU00021,MOD00148,CRS019,2,78,100,2026-02-19,44,True
ASS0000459,STU00021,MOD00150,CRS019,1,89,100,2026-02-26,34,True
ASS0000460,STU00021,MOD00150,CRS019,2,60,100,2026-02-26,57,True
ASS0000461,STU00021,MOD00151,CRS019,1,48,100,2025-12-30,24,True
ASS0000462,STU00021,MOD00151,CRS019,2,93,100,2025-12-29,30,True
ASS0000463,STU00021,MOD00152,CRS019,1,33,100,2026-01-20,53,False
ASS0000464,STU00021,MOD00152,CRS019,2,33,100,2026-01-20,40,True
ASS0000465,STU00021,MOD00152,CRS019,3,80,100,2026-01-21,11,False
ASS0000466,STU00021,MOD00098,CRS013,1,63,100,2025-11-29,44,False
ASS0000467,STU00021,MOD00100,CRS013,1,71,100,2025-12-12,37,True
ASS0000468,STU00021,MOD00101,CRS013,1,49,100,2025-12-17,15,True
ASS0000469,STU00021,MOD00101,CRS013,2,100,100,2025-12-20,40,False
ASS0000470,STU00021,MOD00103,CRS013,1,90,100,2025-11-10,22,True
ASS0000471,STU00021,MOD00103,CRS013,2,62,100,2025-11-11,12,True
ASS0000472,STU00021,MOD00103,CRS013,3,56,100,2025-11-11,16,True
ASS0000473,STU00022,MOD00017,CRS003,1,71,100,2026-05-14,24,True
ASS0000474,STU00022,MOD00018,CRS003,1,67,100,2026-04-12,55,True
ASS0000475,STU00022,MOD00018,CRS003,2,91,100,2026-04-07,42,True
ASS0000476,STU00022,MOD00019,CRS003,1,69,100,2026-04-07,52,True
ASS0000477,STU00022,MOD00021,CRS003,1,76,100,2026-03-13,51,True
ASS0000478,STU00022,MOD00021,CRS003,2,90,100,2026-03-13,56,True
ASS0000479,STU00022,MOD00024,CRS003,1,64,100,2026-02-26,27,False
ASS0000480,STU00022,MOD00154,CRS020,1,52,100,2025-06-18,52,True
ASS0000481,STU00022,MOD00155,CRS020,1,65,100,2025-05-29,42,False
ASS0000482,STU00022,MOD00155,CRS020,2,73,100,2025-05-24,42,True
ASS0000483,STU00022,MOD00156,CRS020,1,71,100,2025-06-24,37,False
ASS0000484,STU00022,MOD00158,CRS020,1,39,100,2025-07-22,44,True
ASS0000485,STU00022,MOD00158,CRS020,2,32,100,2025-07-19,57,True
ASS0000486,STU00022,MOD00158,CRS020,3,88,100,2025-07-22,49,False
ASS0000487,STU00022,MOD00159,CRS020,1,71,100,2025-05-22,59,True
ASS0000488,STU00022,MOD00159,CRS020,2,58,100,2025-05-23,25,True
ASS0000489,STU00022,MOD00159,CRS020,3,54,100,2025-05-23,49,True
ASS0000490,STU00023,MOD00098,CRS013,1,63,100,2025-07-26,57,True
ASS0000491,STU00023,MOD00098,CRS013,2,51,100,2025-07-26,59,True
ASS0000492,STU00023,MOD00098,CRS013,3,71,100,2025-07-24,13,True
ASS0000493,STU00023,MOD00099,CRS013,1,50,100,2025-08-03,44,False
ASS0000494,STU00023,MOD00100,CRS013,1,42,100,2025-07-04,55,True
ASS0000495,STU00023,MOD00100,CRS013,2,98,100,2025-07-05,53,True
ASS0000496,STU00023,MOD00102,CRS013,1,86,100,2025-07-09,19,True
ASS0000497,STU00023,MOD00102,CRS013,2,68,100,2025-07-12,14,True
ASS0000498,STU00023,MOD00102,CRS013,3,61,100,2025-07-09,27,True
ASS0000499,STU00023,MOD00104,CRS013,1,34,100,2025-06-26,22,True
ASS0000500,STU00023,MOD00104,CRS013,2,73,100,2025-06-26,16,True
ASS0000501,STU00023,MOD00081,CRS011,1,37,100,2025-08-01,20,False
ASS0000502,STU00023,MOD00081,CRS011,2,57,100,2025-08-01,26,False
ASS0000503,STU00024,MOD00065,CRS009,1,59,100,2026-03-14,42,True
ASS0000504,STU00024,MOD00065,CRS009,2,47,100,2026-03-18,10,True
ASS0000505,STU00024,MOD00065,CRS009,3,78,100,2026-03-18,53,True
ASS0000506,STU00024,MOD00066,CRS009,1,70,100,2026-04-10,16,True
ASS0000507,STU00024,MOD00066,CRS009,2,51,100,2026-04-06,56,True
ASS0000508,STU00024,MOD00068,CRS009,1,99,100,2026-02-26,38,True
ASS0000509,STU00024,MOD00069,CRS009,1,83,100,2026-04-10,56,True
ASS0000510,STU00024,MOD00069,CRS009,2,77,100,2026-04-13,21,False
ASS0000511,STU00024,MOD00070,CRS009,1,53,100,2026-04-17,51,True
ASS0000512,STU00024,MOD00070,CRS009,2,65,100,2026-04-14,60,True
ASS0000513,STU00024,MOD00071,CRS009,1,42,100,2026-04-26,41,True
ASS0000514,STU00024,MOD00071,CRS009,2,58,100,2026-04-22,34,False
ASS0000515,STU00024,MOD00072,CRS009,1,92,100,2026-03-04,26,False
ASS0000516,STU00025,MOD00137,CRS018,1,72,100,2026-01-07,12,False
ASS0000517,STU00025,MOD00137,CRS018,2,50,100,2026-01-03,22,True
ASS0000518,STU00025,MOD00137,CRS018,3,95,100,2026-01-05,44,False
ASS0000519,STU00025,MOD00141,CRS018,1,44,100,2026-01-11,12,True
ASS0000520,STU00025,MOD00141,CRS018,2,32,100,2026-01-12,19,True
ASS0000521,STU00025,MOD00141,CRS018,3,80,100,2026-01-08,27,False
ASS0000522,STU00025,MOD00130,CRS017,1,63,100,2025-08-14,41,True
ASS0000523,STU00025,MOD00130,CRS017,2,71,100,2025-08-15,55,True
ASS0000524,STU00025,MOD00130,CRS017,3,96,100,2025-08-16,18,True
ASS0000525,STU00025,MOD00131,CRS017,1,35,100,2025-09-15,45,True
ASS0000526,STU00025,MOD00131,CRS017,2,52,100,2025-09-15,20,True
ASS0000527,STU00025,MOD00132,CRS017,1,41,100,2025-10-20,50,True
ASS0000528,STU00025,MOD00132,CRS017,2,87,100,2025-10-19,44,True
ASS0000529,STU00025,MOD00106,CRS014,1,49,100,2025-11-11,34,True
ASS0000530,STU00025,MOD00106,CRS014,2,44,100,2025-11-06,27,True
ASS0000531,STU00025,MOD00106,CRS014,3,81,100,2025-11-08,51,True
ASS0000532,STU00025,MOD00107,CRS014,1,81,100,2025-10-02,49,True
ASS0000533,STU00025,MOD00108,CRS014,1,80,100,2025-10-10,22,True
ASS0000534,STU00025,MOD00108,CRS014,2,72,100,2025-10-14,10,True
ASS0000535,STU00025,MOD00108,CRS014,3,73,100,2025-10-15,33,True
ASS0000536,STU00025,MOD00109,CRS014,1,59,100,2025-11-25,60,True
ASS0000537,STU00025,MOD00109,CRS014,2,82,100,2025-11-23,55,True
ASS0000538,STU00025,MOD00109,CRS014,3,97,100,2025-11-20,24,False
ASS0000539,STU00025,MOD00111,CRS014,1,44,100,2025-10-13,49,True
ASS0000540,STU00025,MOD00111,CRS014,2,85,100,2025-10-15,33,True
ASS0000541,STU00025,MOD00112,CRS014,1,88,100,2025-10-06,19,True
ASS0000542,STU00025,MOD00112,CRS014,2,54,100,2025-10-06,40,True
ASS0000543,STU00025,MOD00112,CRS014,3,68,100,2025-10-09,25,True
ASS0000544,STU00025,MOD00025,CRS004,1,88,100,2026-03-21,17,True
ASS0000545,STU00025,MOD00025,CRS004,2,90,100,2026-03-22,19,True
ASS0000546,STU00025,MOD00026,CRS004,1,64,100,2026-04-25,13,True
ASS0000547,STU00025,MOD00027,CRS004,1,100,100,2026-05-17,60,False
ASS0000548,STU00025,MOD00029,CRS004,1,88,100,2026-04-27,14,False
ASS0000549,STU00025,MOD00030,CRS004,1,49,100,2026-04-23,41,True
ASS0000550,STU00025,MOD00030,CRS004,2,53,100,2026-04-19,39,True
ASS0000551,STU00025,MOD00030,CRS004,3,100,100,2026-04-20,20,False
ASS0000552,STU00025,MOD00031,CRS004,1,88,100,2026-03-17,26,True
ASS0000553,STU00025,MOD00031,CRS004,2,69,100,2026-03-13,57,True
ASS0000554,STU00025,MOD00002,CRS001,1,53,100,2025-09-12,23,True
ASS0000555,STU00026,MOD00073,CRS010,1,89,100,2026-01-08,40,True
ASS0000556,STU00026,MOD00073,CRS010,2,72,100,2026-01-13,60,True
ASS0000557,STU00026,MOD00076,CRS010,1,64,100,2026-01-09,19,True
ASS0000558,STU00026,MOD00077,CRS010,1,64,100,2025-11-28,16,True
ASS0000559,STU00026,MOD00077,CRS010,2,35,100,2025-12-01,39,True
ASS0000560,STU00026,MOD00077,CRS010,3,55,100,2025-11-28,30,True
ASS0000561,STU00026,MOD00078,CRS010,1,64,100,2026-01-31,41,True
ASS0000562,STU00026,MOD00078,CRS010,2,80,100,2026-01-30,41,False
ASS0000563,STU00026,MOD00078,CRS010,3,69,100,2026-01-28,24,True
ASS0000564,STU00026,MOD00080,CRS010,1,48,100,2025-12-06,44,True
ASS0000565,STU00026,MOD00080,CRS010,2,77,100,2025-12-03,36,True
ASS0000566,STU00027,MOD00140,CRS018,1,75,100,2026-06-14,38,True
ASS0000567,STU00027,MOD00140,CRS018,2,33,100,2026-06-17,20,True
ASS0000568,STU00027,MOD00140,CRS018,3,83,100,2026-06-17,58,False
ASS0000569,STU00028,MOD00149,CRS019,1,80,100,2025-11-21,29,True
ASS0000570,STU00028,MOD00150,CRS019,1,45,100,2025-10-23,40,True
ASS0000571,STU00028,MOD00150,CRS019,2,68,100,2025-10-24,20,True
ASS0000572,STU00028,MOD00151,CRS019,1,51,100,2025-11-06,30,True
ASS0000573,STU00028,MOD00151,CRS019,2,61,100,2025-11-08,33,True
ASS0000574,STU00028,MOD00129,CRS017,1,60,100,2025-08-11,56,True
ASS0000575,STU00028,MOD00134,CRS017,1,57,100,2025-09-05,42,False
ASS0000576,STU00029,MOD00065,CRS009,1,52,100,2026-05-21,27,True
ASS0000577,STU00029,MOD00065,CRS009,2,64,100,2026-05-21,11,True
ASS0000578,STU00029,MOD00065,CRS009,3,97,100,2026-05-21,60,False
ASS0000579,STU00029,MOD00067,CRS009,1,45,100,2026-04-27,43,True
ASS0000580,STU00029,MOD00067,CRS009,2,95,100,2026-05-01,40,True
ASS0000581,STU00029,MOD00068,CRS009,1,70,100,2026-03-12,47,False
ASS0000582,STU00029,MOD00068,CRS009,2,87,100,2026-03-10,26,True
ASS0000583,STU00029,MOD00069,CRS009,1,61,100,2026-03-06,44,True
ASS0000584,STU00029,MOD00069,CRS009,2,99,100,2026-03-06,56,True
ASS0000585,STU00029,MOD00070,CRS009,1,68,100,2026-05-20,36,False
ASS0000586,STU00029,MOD00072,CRS009,1,96,100,2026-04-08,36,False
ASS0000587,STU00029,MOD00075,CRS010,1,63,100,2026-03-23,26,True
ASS0000588,STU00029,MOD00080,CRS010,1,100,100,2026-03-20,25,True
ASS0000589,STU00030,MOD00105,CRS014,1,60,100,2026-01-06,30,True
ASS0000590,STU00030,MOD00106,CRS014,1,55,100,2026-01-06,28,True
ASS0000591,STU00030,MOD00106,CRS014,2,65,100,2026-01-07,26,False
ASS0000592,STU00030,MOD00106,CRS014,3,91,100,2026-01-05,39,True
ASS0000593,STU00030,MOD00108,CRS014,1,37,100,2026-01-24,13,True
ASS0000594,STU00030,MOD00108,CRS014,2,58,100,2026-01-26,46,False
ASS0000595,STU00030,MOD00108,CRS014,3,59,100,2026-01-23,51,True
ASS0000596,STU00030,MOD00112,CRS014,1,83,100,2026-01-27,36,True
ASS0000597,STU00030,MOD00112,CRS014,2,38,100,2026-01-26,50,True
ASS0000598,STU00030,MOD00112,CRS014,3,94,100,2026-01-30,50,True
ASS0000599,STU00030,MOD00065,CRS009,1,87,100,2026-04-19,42,True
ASS0000600,STU00030,MOD00066,CRS009,1,99,100,2026-05-08,27,True
ASS0000601,STU00030,MOD00067,CRS009,1,58,100,2026-05-11,33,True
ASS0000602,STU00030,MOD00067,CRS009,2,52,100,2026-05-09,51,True
ASS0000603,STU00030,MOD00067,CRS009,3,88,100,2026-05-12,33,False
ASS0000604,STU00031,MOD00089,CRS012,1,57,100,2026-05-23,24,True
ASS0000605,STU00031,MOD00089,CRS012,2,94,100,2026-05-23,36,True
ASS0000606,STU00032,MOD00123,CRS016,1,73,100,2026-07-01,41,False
ASS0000607,STU00032,MOD00124,CRS016,1,56,100,2026-06-30,35,True
ASS0000608,STU00032,MOD00125,CRS016,1,81,100,2026-04-26,51,False
ASS0000609,STU00032,MOD00126,CRS016,1,51,100,2026-04-14,23,False
ASS0000610,STU00032,MOD00126,CRS016,2,46,100,2026-04-17,59,True
ASS0000611,STU00032,MOD00126,CRS016,3,84,100,2026-04-15,23,False
ASS0000612,STU00032,MOD00128,CRS016,1,54,100,2026-06-22,21,True
ASS0000613,STU00032,MOD00049,CRS007,1,74,100,2026-04-10,41,True
ASS0000614,STU00032,MOD00049,CRS007,2,80,100,2026-04-10,53,True
ASS0000615,STU00032,MOD00053,CRS007,1,42,100,2026-04-01,35,True
ASS0000616,STU00032,MOD00053,CRS007,2,44,100,2026-04-02,19,False
ASS0000617,STU00032,MOD00053,CRS007,3,75,100,2026-04-04,43,True
ASS0000618,STU00033,MOD00098,CRS013,1,32,100,2026-02-10,42,True
ASS0000619,STU00033,MOD00098,CRS013,2,79,100,2026-02-09,59,False
ASS0000620,STU00033,MOD00099,CRS013,1,43,100,2026-02-20,47,True
ASS0000621,STU00033,MOD00099,CRS013,2,47,100,2026-02-21,54,True
ASS0000622,STU00033,MOD00099,CRS013,3,75,100,2026-02-23,40,True
ASS0000623,STU00033,MOD00101,CRS013,1,89,100,2026-02-17,33,True
ASS0000624,STU00033,MOD00101,CRS013,2,69,100,2026-02-13,31,True
ASS0000625,STU00033,MOD00101,CRS013,3,60,100,2026-02-18,57,True
ASS0000626,STU00033,MOD00103,CRS013,1,39,100,2026-03-23,36,False
ASS0000627,STU00033,MOD00103,CRS013,2,76,100,2026-03-25,15,True
ASS0000628,STU00034,MOD00100,CRS013,1,68,100,2025-05-14,20,True
ASS0000629,STU00034,MOD00100,CRS013,2,77,100,2025-05-16,13,False
ASS0000630,STU00034,MOD00100,CRS013,3,63,100,2025-05-16,14,True
ASS0000631,STU00034,MOD00119,CRS015,1,76,100,2025-12-05,38,True
ASS0000632,STU00034,MOD00147,CRS019,1,100,100,2025-06-10,17,True
ASS0000633,STU00034,MOD00149,CRS019,1,71,100,2025-06-14,51,True
ASS0000634,STU00034,MOD00149,CRS019,2,88,100,2025-06-14,32,True
ASS0000635,STU00034,MOD00149,CRS019,3,67,100,2025-06-17,29,True
ASS0000636,STU00034,MOD00151,CRS019,1,60,100,2025-07-05,21,False
ASS0000637,STU00034,MOD00151,CRS019,2,99,100,2025-07-08,31,True
ASS0000638,STU00034,MOD00107,CRS014,1,78,100,2025-10-11,60,True
ASS0000639,STU00034,MOD00110,CRS014,1,80,100,2025-10-01,48,False
ASS0000640,STU00034,MOD00110,CRS014,2,74,100,2025-10-01,18,True
ASS0000641,STU00034,MOD00110,CRS014,3,75,100,2025-10-03,60,True
ASS0000642,STU00034,MOD00111,CRS014,1,86,100,2025-10-16,52,False
ASS0000643,STU00035,MOD00084,CRS011,1,44,100,2025-11-19,12,True
ASS0000644,STU00035,MOD00084,CRS011,2,87,100,2025-11-15,21,True
ASS0000645,STU00035,MOD00085,CRS011,1,43,100,2025-11-20,59,True
ASS0000646,STU00035,MOD00085,CRS011,2,65,100,2025-11-21,14,True
ASS0000647,STU00035,MOD00085,CRS011,3,82,100,2025-11-22,58,True
ASS0000648,STU00036,MOD00078,CRS010,1,70,100,2026-01-30,36,True
ASS0000649,STU00036,MOD00078,CRS010,2,69,100,2026-01-31,14,False
ASS0000650,STU00036,MOD00078,CRS010,3,82,100,2026-01-29,45,True
ASS0000651,STU00036,MOD00079,CRS010,1,97,100,2026-04-10,19,True
ASS0000652,STU00036,MOD00121,CRS016,1,85,100,2026-03-07,43,True
ASS0000653,STU00036,MOD00121,CRS016,2,58,100,2026-03-10,31,True
ASS0000654,STU00036,MOD00121,CRS016,3,93,100,2026-03-11,13,True
ASS0000655,STU00036,MOD00124,CRS016,1,80,100,2026-04-08,49,True
ASS0000656,STU00036,MOD00124,CRS016,2,43,100,2026-04-11,29,True
ASS0000657,STU00036,MOD00124,CRS016,3,76,100,2026-04-09,31,False
ASS0000658,STU00036,MOD00057,CRS008,1,89,100,2026-03-14,38,True
ASS0000659,STU00036,MOD00058,CRS008,1,46,100,2026-03-26,58,True
ASS0000660,STU00036,MOD00058,CRS008,2,78,100,2026-03-25,20,True
ASS0000661,STU00036,MOD00058,CRS008,3,64,100,2026-03-24,35,True
ASS0000662,STU00036,MOD00062,CRS008,1,36,100,2026-03-29,36,False
ASS0000663,STU00036,MOD00062,CRS008,2,88,100,2026-03-27,54,True
ASS0000664,STU00036,MOD00062,CRS008,3,52,100,2026-03-28,38,True
ASS0000665,STU00036,MOD00063,CRS008,1,86,100,2026-04-10,44,True
ASS0000666,STU00036,MOD00064,CRS008,1,91,100,2026-03-22,56,True
ASS0000667,STU00037,MOD00025,CRS004,1,58,100,2026-05-25,24,True
ASS0000668,STU00037,MOD00025,CRS004,2,74,100,2026-05-25,24,True
ASS0000669,STU00037,MOD00026,CRS004,1,80,100,2026-05-27,35,False
ASS0000670,STU00037,MOD00028,CRS004,1,100,100,2026-03-07,33,True
ASS0000671,STU00037,MOD00030,CRS004,1,66,100,2026-05-23,51,True
ASS0000672,STU00037,MOD00031,CRS004,1,37,100,2026-03-20,22,True
ASS0000673,STU00037,MOD00031,CRS004,2,64,100,2026-03-21,46,False
ASS0000674,STU00037,MOD00032,CRS004,1,54,100,2026-05-29,30,False
ASS0000675,STU00037,MOD00147,CRS019,1,71,100,2026-04-21,10,True
ASS0000676,STU00037,MOD00147,CRS019,2,60,100,2026-04-18,10,True
ASS0000677,STU00037,MOD00147,CRS019,3,80,100,2026-04-17,47,True
ASS0000678,STU00037,MOD00148,CRS019,1,76,100,2026-04-30,44,True
ASS0000679,STU00037,MOD00148,CRS019,2,55,100,2026-05-05,43,True
ASS0000680,STU00037,MOD00148,CRS019,3,73,100,2026-05-02,55,False
ASS0000681,STU00037,MOD00150,CRS019,1,57,100,2026-03-31,12,True
ASS0000682,STU00037,MOD00150,CRS019,2,85,100,2026-03-28,10,False
ASS0000683,STU00037,MOD00151,CRS019,1,31,100,2026-03-12,20,True
ASS0000684,STU00037,MOD00151,CRS019,2,73,100,2026-03-11,28,True
ASS0000685,STU00037,MOD00151,CRS019,3,77,100,2026-03-13,54,True
ASS0000686,STU00037,MOD00152,CRS019,1,35,100,2026-04-26,54,True
ASS0000687,STU00037,MOD00152,CRS019,2,85,100,2026-04-26,35,True
ASS0000688,STU00037,MOD00050,CRS007,1,75,100,2026-04-14,41,False
ASS0000689,STU00037,MOD00051,CRS007,1,88,100,2026-05-06,44,True
ASS0000690,STU00037,MOD00051,CRS007,2,62,100,2026-05-06,58,True
ASS0000691,STU00037,MOD00055,CRS007,1,62,100,2026-04-21,56,True
ASS0000692,STU00037,MOD00056,CRS007,1,31,100,2026-03-23,46,True
ASS0000693,STU00037,MOD00056,CRS007,2,57,100,2026-03-26,59,True
ASS0000694,STU00038,MOD00119,CRS015,1,34,100,2026-01-28,35,True
ASS0000695,STU00038,MOD00119,CRS015,2,46,100,2026-01-27,45,True
ASS0000696,STU00038,MOD00119,CRS015,3,78,100,2026-01-28,28,True
ASS0000697,STU00038,MOD00051,CRS007,1,43,100,2026-03-14,46,True
ASS0000698,STU00038,MOD00051,CRS007,2,66,100,2026-03-16,53,True
ASS0000699,STU00038,MOD00146,CRS019,1,86,100,2026-05-01,11,True
ASS0000700,STU00038,MOD00146,CRS019,2,82,100,2026-05-02,29,True
ASS0000701,STU00038,MOD00146,CRS019,3,59,100,2026-05-04,58,True
ASS0000702,STU00038,MOD00147,CRS019,1,77,100,2026-03-08,34,True
ASS0000703,STU00038,MOD00148,CRS019,1,81,100,2026-04-22,47,True
ASS0000704,STU00038,MOD00148,CRS019,2,79,100,2026-04-18,48,True
ASS0000705,STU00038,MOD00150,CRS019,1,37,100,2026-03-29,48,False
ASS0000706,STU00038,MOD00150,CRS019,2,94,100,2026-03-30,36,True
ASS0000707,STU00038,MOD00073,CRS010,1,81,100,2026-01-30,55,False
ASS0000708,STU00038,MOD00076,CRS010,1,90,100,2026-03-06,11,False
ASS0000709,STU00038,MOD00076,CRS010,2,88,100,2026-03-03,46,True
ASS0000710,STU00038,MOD00076,CRS010,3,80,100,2026-03-03,34,True
ASS0000711,STU00038,MOD00078,CRS010,1,53,100,2026-04-10,20,False
ASS0000712,STU00038,MOD00079,CRS010,1,91,100,2026-01-14,54,True
ASS0000713,STU00039,MOD00076,CRS010,1,49,100,2026-02-04,23,True
ASS0000714,STU00039,MOD00076,CRS010,2,60,100,2026-02-04,25,True
ASS0000715,STU00039,MOD00057,CRS008,1,41,100,2026-02-28,11,True
ASS0000716,STU00039,MOD00057,CRS008,2,69,100,2026-03-01,20,True
ASS0000717,STU00039,MOD00059,CRS008,1,71,100,2026-04-13,35,True
ASS0000718,STU00039,MOD00059,CRS008,2,90,100,2026-04-13,16,False
ASS0000719,STU00039,MOD00060,CRS008,1,86,100,2026-03-29,20,True
ASS0000720,STU00039,MOD00060,CRS008,2,46,100,2026-03-24,11,True
ASS0000721,STU00039,MOD00060,CRS008,3,66,100,2026-03-29,15,True
ASS0000722,STU00039,MOD00063,CRS008,1,80,100,2026-02-20,31,True
ASS0000723,STU00039,MOD00063,CRS008,2,52,100,2026-02-22,31,True
ASS0000724,STU00039,MOD00063,CRS008,3,70,100,2026-02-23,38,True
ASS0000725,STU00039,MOD00064,CRS008,1,50,100,2026-05-08,55,True
ASS0000726,STU00039,MOD00064,CRS008,2,85,100,2026-05-10,36,True
ASS0000727,STU00040,MOD00097,CRS013,1,90,100,2025-08-24,11,True
ASS0000728,STU00040,MOD00097,CRS013,2,71,100,2025-08-25,36,False
ASS0000729,STU00040,MOD00097,CRS013,3,82,100,2025-08-22,40,True
ASS0000730,STU00040,MOD00098,CRS013,1,61,100,2025-09-22,13,True
ASS0000731,STU00040,MOD00098,CRS013,2,72,100,2025-09-18,22,True
ASS0000732,STU00040,MOD00098,CRS013,3,56,100,2025-09-21,54,True
ASS0000733,STU00040,MOD00099,CRS013,1,75,100,2025-10-28,29,True
ASS0000734,STU00040,MOD00100,CRS013,1,82,100,2025-08-21,33,True
ASS0000735,STU00040,MOD00017,CRS003,1,69,100,2025-11-19,38,False
ASS0000736,STU00040,MOD00017,CRS003,2,68,100,2025-11-16,47,False
ASS0000737,STU00040,MOD00017,CRS003,3,76,100,2025-11-17,46,True
ASS0000738,STU00040,MOD00021,CRS003,1,65,100,2025-10-15,45,True
ASS0000739,STU00040,MOD00021,CRS003,2,38,100,2025-10-14,60,True
ASS0000740,STU00040,MOD00021,CRS003,3,54,100,2025-10-15,26,True
ASS0000741,STU00040,MOD00024,CRS003,1,33,100,2025-12-09,16,True
ASS0000742,STU00040,MOD00024,CRS003,2,36,100,2025-12-11,52,True
ASS0000743,STU00040,MOD00024,CRS003,3,66,100,2025-12-09,44,True
ASS0000744,STU00040,MOD00114,CRS015,1,74,100,2026-06-08,44,True
ASS0000745,STU00040,MOD00119,CRS015,1,62,100,2026-06-13,44,False
ASS0000746,STU00040,MOD00119,CRS015,2,62,100,2026-06-11,16,False
ASS0000747,STU00040,MOD00121,CRS016,1,81,100,2025-10-28,60,True
ASS0000748,STU00040,MOD00121,CRS016,2,69,100,2025-10-31,31,True
ASS0000749,STU00040,MOD00121,CRS016,3,92,100,2025-10-27,57,True
ASS0000750,STU00040,MOD00128,CRS016,1,34,100,2025-11-19,54,True
ASS0000751,STU00040,MOD00128,CRS016,2,94,100,2025-11-20,31,True
ASS0000752,STU00041,MOD00137,CRS018,1,78,100,2026-01-27,21,True
ASS0000753,STU00041,MOD00137,CRS018,2,58,100,2026-01-24,13,True
ASS0000754,STU00041,MOD00137,CRS018,3,86,100,2026-01-24,39,True
ASS0000755,STU00041,MOD00143,CRS018,1,42,100,2025-12-13,42,False
ASS0000756,STU00041,MOD00143,CRS018,2,51,100,2025-12-12,15,True
ASS0000757,STU00041,MOD00015,CRS002,1,82,100,2025-12-14,20,True
ASS0000758,STU00041,MOD00015,CRS002,2,88,100,2025-12-10,36,True
ASS0000759,STU00041,MOD00015,CRS002,3,93,100,2025-12-10,49,True
ASS0000760,STU00041,MOD00089,CRS012,1,49,100,2026-04-14,60,False
ASS0000761,STU00041,MOD00089,CRS012,2,82,100,2026-04-12,59,False
ASS0000762,STU00041,MOD00089,CRS012,3,63,100,2026-04-13,10,False
ASS0000763,STU00041,MOD00090,CRS012,1,85,100,2026-04-19,45,True
ASS0000764,STU00041,MOD00090,CRS012,2,53,100,2026-04-20,34,True
ASS0000765,STU00041,MOD00090,CRS012,3,94,100,2026-04-19,22,True
ASS0000766,STU00041,MOD00092,CRS012,1,65,100,2026-04-14,43,False
ASS0000767,STU00041,MOD00092,CRS012,2,89,100,2026-04-16,29,True
ASS0000768,STU00041,MOD00093,CRS012,1,54,100,2026-04-05,38,True
ASS0000769,STU00041,MOD00094,CRS012,1,55,100,2026-06-27,30,True
ASS0000770,STU00041,MOD00094,CRS012,2,64,100,2026-06-29,54,True
ASS0000771,STU00041,MOD00095,CRS012,1,95,100,2026-04-27,26,False
ASS0000772,STU00041,MOD00096,CRS012,1,86,100,2026-04-16,14,True
ASS0000773,STU00041,MOD00096,CRS012,2,62,100,2026-04-19,21,True
ASS0000774,STU00041,MOD00017,CRS003,1,59,100,2026-02-18,56,True
ASS0000775,STU00041,MOD00021,CRS003,1,66,100,2026-02-03,26,True
ASS0000776,STU00041,MOD00021,CRS003,2,94,100,2026-01-30,35,False
ASS0000777,STU00041,MOD00023,CRS003,1,47,100,2026-03-09,24,True
ASS0000778,STU00041,MOD00023,CRS003,2,90,100,2026-03-04,23,True
ASS0000779,STU00042,MOD00010,CRS002,1,52,100,2025-10-14,34,True
ASS0000780,STU00042,MOD00012,CRS002,1,37,100,2025-09-25,19,True
ASS0000781,STU00042,MOD00012,CRS002,2,63,100,2025-09-26,13,True
ASS0000782,STU00042,MOD00014,CRS002,1,83,100,2025-09-15,31,True
ASS0000783,STU00042,MOD00014,CRS002,2,37,100,2025-09-17,59,True
ASS0000784,STU00042,MOD00014,CRS002,3,74,100,2025-09-17,55,True
ASS0000785,STU00042,MOD00015,CRS002,1,92,100,2025-08-26,60,True
ASS0000786,STU00042,MOD00148,CRS019,1,85,100,2025-12-12,58,True
ASS0000787,STU00042,MOD00151,CRS019,1,58,100,2025-11-24,42,True
ASS0000788,STU00042,MOD00152,CRS019,1,87,100,2025-12-06,19,False
ASS0000789,STU00042,MOD00097,CRS013,1,63,100,2025-12-21,11,True
ASS0000790,STU00042,MOD00098,CRS013,1,50,100,2026-01-25,12,True
ASS0000791,STU00042,MOD00098,CRS013,2,71,100,2026-01-26,36,False
ASS0000792,STU00042,MOD00098,CRS013,3,81,100,2026-01-29,49,True
ASS0000793,STU00042,MOD00099,CRS013,1,52,100,2026-01-03,18,True
ASS0000794,STU00042,MOD00100,CRS013,1,42,100,2025-12-21,31,False
ASS0000795,STU00042,MOD00100,CRS013,2,58,100,2025-12-19,33,False
ASS0000796,STU00042,MOD00101,CRS013,1,58,100,2026-01-23,53,False
ASS0000797,STU00042,MOD00101,CRS013,2,64,100,2026-01-23,31,True
ASS0000798,STU00042,MOD00101,CRS013,3,84,100,2026-01-25,41,True
ASS0000799,STU00042,MOD00102,CRS013,1,45,100,2025-12-30,34,False
ASS0000800,STU00042,MOD00102,CRS013,2,71,100,2025-12-29,40,True
ASS0000801,STU00042,MOD00102,CRS013,3,77,100,2025-12-29,56,True
ASS0000802,STU00042,MOD00082,CRS011,1,64,100,2026-02-20,36,True
ASS0000803,STU00042,MOD00082,CRS011,2,73,100,2026-02-18,35,True
ASS0000804,STU00042,MOD00083,CRS011,1,58,100,2026-01-10,13,True
ASS0000805,STU00042,MOD00084,CRS011,1,83,100,2026-02-15,30,True
ASS0000806,STU00042,MOD00084,CRS011,2,79,100,2026-02-16,17,False
ASS0000807,STU00042,MOD00084,CRS011,3,52,100,2026-02-12,48,True
ASS0000808,STU00042,MOD00085,CRS011,1,43,100,2025-12-07,35,False
ASS0000809,STU00042,MOD00085,CRS011,2,71,100,2025-12-04,35,True
ASS0000810,STU00042,MOD00086,CRS011,1,65,100,2026-01-28,31,True
ASS0000811,STU00042,MOD00086,CRS011,2,58,100,2026-02-02,23,True
ASS0000812,STU00042,MOD00086,CRS011,3,54,100,2026-02-02,18,True
ASS0000813,STU00042,MOD00105,CRS014,1,90,100,2026-01-06,53,True
ASS0000814,STU00042,MOD00106,CRS014,1,50,100,2025-12-23,20,True
ASS0000815,STU00042,MOD00107,CRS014,1,70,100,2026-01-28,30,True
ASS0000816,STU00042,MOD00107,CRS014,2,41,100,2026-01-31,38,True
ASS0000817,STU00042,MOD00107,CRS014,3,75,100,2026-01-31,54,True
ASS0000818,STU00042,MOD00109,CRS014,1,52,100,2026-01-10,42,True
ASS0000819,STU00042,MOD00109,CRS014,2,70,100,2026-01-08,44,True
ASS0000820,STU00042,MOD00110,CRS014,1,68,100,2025-12-16,50,True
ASS0000821,STU00042,MOD00110,CRS014,2,94,100,2025-12-20,34,True
ASS0000822,STU00042,MOD00111,CRS014,1,69,100,2025-12-31,47,True
ASS0000823,STU00043,MOD00058,CRS008,1,60,100,2026-03-26,43,True
ASS0000824,STU00043,MOD00058,CRS008,2,68,100,2026-03-26,46,True
ASS0000825,STU00043,MOD00058,CRS008,3,89,100,2026-03-25,44,True
ASS0000826,STU00043,MOD00059,CRS008,1,84,100,2026-03-27,35,False
ASS0000827,STU00043,MOD00059,CRS008,2,59,100,2026-03-24,47,True
ASS0000828,STU00043,MOD00060,CRS008,1,86,100,2026-05-11,33,True
ASS0000829,STU00043,MOD00062,CRS008,1,33,100,2026-04-22,53,True
ASS0000830,STU00043,MOD00062,CRS008,2,58,100,2026-04-24,46,True
ASS0000831,STU00043,MOD00064,CRS008,1,69,100,2026-05-22,21,False
ASS0000832,STU00043,MOD00064,CRS008,2,80,100,2026-05-19,39,True
ASS0000833,STU00043,MOD00064,CRS008,3,62,100,2026-05-22,44,True
ASS0000834,STU00043,MOD00114,CRS015,1,71,100,2026-03-31,11,True
ASS0000835,STU00043,MOD00118,CRS015,1,44,100,2026-06-03,22,True
ASS0000836,STU00043,MOD00118,CRS015,2,81,100,2026-06-01,38,False
ASS0000837,STU00043,MOD00118,CRS015,3,72,100,2026-06-03,46,True
ASS0000838,STU00043,MOD00119,CRS015,1,38,100,2026-03-21,24,True
ASS0000839,STU00043,MOD00119,CRS015,2,49,100,2026-03-23,55,True
ASS0000840,STU00043,MOD00119,CRS015,3,59,100,2026-03-18,38,True
ASS0000841,STU00043,MOD00120,CRS015,1,36,100,2026-05-29,19,True
ASS0000842,STU00043,MOD00120,CRS015,2,44,100,2026-05-29,18,True
ASS0000843,STU00043,MOD00120,CRS015,3,72,100,2026-05-26,58,True
ASS0000844,STU00043,MOD00091,CRS012,1,80,100,2026-03-27,59,True
ASS0000845,STU00043,MOD00091,CRS012,2,79,100,2026-03-24,11,True
ASS0000846,STU00043,MOD00091,CRS012,3,98,100,2026-03-29,37,True
ASS0000847,STU00043,MOD00093,CRS012,1,47,100,2026-03-24,18,False
ASS0000848,STU00043,MOD00093,CRS012,2,58,100,2026-03-20,17,False
ASS0000849,STU00043,MOD00094,CRS012,1,83,100,2026-04-07,29,True
ASS0000850,STU00043,MOD00094,CRS012,2,47,100,2026-04-07,51,True
ASS0000851,STU00043,MOD00094,CRS012,3,98,100,2026-04-07,10,False
ASS0000852,STU00043,MOD00096,CRS012,1,49,100,2026-03-17,54,False
ASS0000853,STU00043,MOD00096,CRS012,2,31,100,2026-03-15,54,False
ASS0000854,STU00043,MOD00096,CRS012,3,74,100,2026-03-16,15,False
ASS0000855,STU00043,MOD00099,CRS013,1,36,100,2026-04-27,40,True
ASS0000856,STU00043,MOD00099,CRS013,2,93,100,2026-04-24,57,True
ASS0000857,STU00043,MOD00101,CRS013,1,50,100,2026-06-09,50,True
ASS0000858,STU00043,MOD00145,CRS019,1,90,100,2026-03-31,55,True
ASS0000859,STU00043,MOD00145,CRS019,2,90,100,2026-03-28,10,True
ASS0000860,STU00043,MOD00152,CRS019,1,81,100,2026-04-09,13,True
ASS0000861,STU00044,MOD00073,CRS010,1,65,100,2026-03-25,21,True
ASS0000862,STU00044,MOD00075,CRS010,1,30,100,2026-02-14,29,False
ASS0000863,STU00044,MOD00075,CRS010,2,56,100,2026-02-15,14,True
ASS0000864,STU00044,MOD00078,CRS010,1,51,100,2026-04-11,55,True
ASS0000865,STU00044,MOD00078,CRS010,2,86,100,2026-04-13,51,True
ASS0000866,STU00044,MOD00078,CRS010,3,69,100,2026-04-13,35,False
ASS0000867,STU00044,MOD00079,CRS010,1,51,100,2026-04-01,12,False
ASS0000868,STU00044,MOD00079,CRS010,2,60,100,2026-03-30,11,True
ASS0000869,STU00046,MOD00090,CRS012,1,55,100,2025-10-19,43,True
ASS0000870,STU00046,MOD00093,CRS012,1,85,100,2025-11-04,37,True
ASS0000871,STU00046,MOD00093,CRS012,2,58,100,2025-11-05,34,True
ASS0000872,STU00046,MOD00093,CRS012,3,75,100,2025-11-03,42,True
ASS0000873,STU00046,MOD00095,CRS012,1,42,100,2025-10-02,25,True
ASS0000874,STU00046,MOD00095,CRS012,2,78,100,2025-10-04,12,True
ASS0000875,STU00046,MOD00095,CRS012,3,68,100,2025-10-01,57,False
ASS0000876,STU00046,MOD00073,CRS010,1,62,100,2025-10-05,22,False
ASS0000877,STU00046,MOD00073,CRS010,2,87,100,2025-10-03,52,True
ASS0000878,STU00046,MOD00074,CRS010,1,94,100,2025-09-23,40,False
ASS0000879,STU00046,MOD00076,CRS010,1,98,100,2025-07-27,34,False
ASS0000880,STU00046,MOD00078,CRS010,1,60,100,2025-08-26,60,True
ASS0000881,STU00046,MOD00078,CRS010,2,75,100,2025-08-25,40,True
ASS0000882,STU00046,MOD00078,CRS010,3,64,100,2025-08-22,18,True
ASS0000883,STU00046,MOD00080,CRS010,1,59,100,2025-10-03,59,True
ASS0000884,STU00046,MOD00080,CRS010,2,55,100,2025-10-05,54,True
ASS0000885,STU00047,MOD00121,CRS016,1,47,100,2025-10-18,31,True
ASS0000886,STU00047,MOD00121,CRS016,2,51,100,2025-10-15,43,True
ASS0000887,STU00047,MOD00122,CRS016,1,65,100,2025-08-12,59,True
ASS0000888,STU00047,MOD00123,CRS016,1,42,100,2025-08-02,36,True
ASS0000889,STU00047,MOD00123,CRS016,2,57,100,2025-08-01,56,True
ASS0000890,STU00047,MOD00123,CRS016,3,95,100,2025-08-01,38,True
ASS0000891,STU00047,MOD00124,CRS016,1,43,100,2025-09-25,25,True
ASS0000892,STU00047,MOD00124,CRS016,2,60,100,2025-09-24,47,True
ASS0000893,STU00047,MOD00125,CRS016,1,40,100,2025-09-07,20,True
ASS0000894,STU00047,MOD00125,CRS016,2,35,100,2025-09-10,24,False
ASS0000895,STU00047,MOD00125,CRS016,3,69,100,2025-09-11,35,False
ASS0000896,STU00047,MOD00126,CRS016,1,55,100,2025-08-03,49,True
ASS0000897,STU00047,MOD00126,CRS016,2,48,100,2025-08-05,11,True
ASS0000898,STU00047,MOD00126,CRS016,3,75,100,2025-08-04,19,True
ASS0000899,STU00047,MOD00127,CRS016,1,89,100,2025-10-17,11,True
ASS0000900,STU00047,MOD00127,CRS016,2,96,100,2025-10-14,36,True
ASS0000901,STU00047,MOD00090,CRS012,1,72,100,2025-05-09,20,True
ASS0000902,STU00047,MOD00090,CRS012,2,55,100,2025-05-10,57,True
ASS0000903,STU00047,MOD00092,CRS012,1,62,100,2025-06-15,24,True
ASS0000904,STU00047,MOD00094,CRS012,1,73,100,2025-06-29,19,True
ASS0000905,STU00047,MOD00094,CRS012,2,51,100,2025-06-25,13,True
ASS0000906,STU00047,MOD00094,CRS012,3,70,100,2025-06-26,20,False
ASS0000907,STU00047,MOD00095,CRS012,1,58,100,2025-06-09,40,True
ASS0000908,STU00047,MOD00095,CRS012,2,33,100,2025-06-09,56,True
ASS0000909,STU00047,MOD00095,CRS012,3,53,100,2025-06-09,19,True
ASS0000910,STU00047,MOD00096,CRS012,1,68,100,2025-06-02,54,True
ASS0000911,STU00047,MOD00155,CRS020,1,50,100,2026-02-18,19,True
ASS0000912,STU00047,MOD00155,CRS020,2,54,100,2026-02-18,13,True
ASS0000913,STU00047,MOD00159,CRS020,1,49,100,2026-04-14,11,True
ASS0000914,STU00047,MOD00159,CRS020,2,51,100,2026-04-12,20,True
ASS0000915,STU00047,MOD00160,CRS020,1,87,100,2026-04-30,34,True
ASS0000916,STU00047,MOD00160,CRS020,2,50,100,2026-05-01,59,True
ASS0000917,STU00047,MOD00025,CRS004,1,54,100,2026-03-30,49,True
ASS0000918,STU00047,MOD00026,CRS004,1,78,100,2026-04-09,23,True
ASS0000919,STU00047,MOD00026,CRS004,2,68,100,2026-04-10,34,True
ASS0000920,STU00047,MOD00027,CRS004,1,68,100,2026-03-20,41,True
ASS0000921,STU00047,MOD00027,CRS004,2,76,100,2026-03-18,60,True
ASS0000922,STU00047,MOD00027,CRS004,3,69,100,2026-03-16,21,True
ASS0000923,STU00047,MOD00029,CRS004,1,80,100,2026-04-15,29,True
ASS0000924,STU00047,MOD00030,CRS004,1,34,100,2026-04-26,44,True
ASS0000925,STU00047,MOD00030,CRS004,2,61,100,2026-04-22,36,True
ASS0000926,STU00047,MOD00030,CRS004,3,100,100,2026-04-27,18,True
ASS0000927,STU00047,MOD00113,CRS015,1,62,100,2025-10-14,37,False
ASS0000928,STU00047,MOD00113,CRS015,2,40,100,2025-10-13,55,True
ASS0000929,STU00047,MOD00113,CRS015,3,89,100,2025-10-11,39,True
ASS0000930,STU00047,MOD00114,CRS015,1,66,100,2025-11-01,28,True
ASS0000931,STU00047,MOD00114,CRS015,2,83,100,2025-11-01,14,True
ASS0000932,STU00047,MOD00114,CRS015,3,69,100,2025-10-31,12,True
ASS0000933,STU00047,MOD00117,CRS015,1,65,100,2025-08-24,21,True
ASS0000934,STU00047,MOD00117,CRS015,2,52,100,2025-08-21,15,True
ASS0000935,STU00047,MOD00117,CRS015,3,50,100,2025-08-22,12,True
ASS0000936,STU00047,MOD00118,CRS015,1,60,100,2025-08-26,19,True
ASS0000937,STU00047,MOD00118,CRS015,2,100,100,2025-08-23,35,True
ASS0000938,STU00047,MOD00119,CRS015,1,63,100,2025-09-04,11,True
ASS0000939,STU00047,MOD00119,CRS015,2,60,100,2025-09-02,39,False
ASS0000940,STU00048,MOD00081,CRS011,1,52,100,2025-11-28,49,True
ASS0000941,STU00048,MOD00081,CRS011,2,90,100,2025-11-26,60,True
ASS0000942,STU00048,MOD00083,CRS011,1,77,100,2025-11-23,30,False
ASS0000943,STU00048,MOD00083,CRS011,2,89,100,2025-11-25,11,True
ASS0000944,STU00048,MOD00083,CRS011,3,66,100,2025-11-26,32,True
ASS0000945,STU00048,MOD00085,CRS011,1,82,100,2026-02-09,56,True
ASS0000946,STU00049,MOD00057,CRS008,1,56,100,2026-04-29,39,True
ASS0000947,STU00049,MOD00057,CRS008,2,60,100,2026-05-01,17,True
ASS0000948,STU00049,MOD00057,CRS008,3,87,100,2026-04-28,18,False
ASS0000949,STU00049,MOD00060,CRS008,1,39,100,2026-05-02,25,True
ASS0000950,STU00049,MOD00060,CRS008,2,54,100,2026-05-06,41,False
ASS0000951,STU00049,MOD00060,CRS008,3,75,100,2026-05-05,59,True
ASS0000952,STU00049,MOD00061,CRS008,1,65,100,2026-04-07,23,True
ASS0000953,STU00049,MOD00061,CRS008,2,64,100,2026-04-03,31,True
ASS0000954,STU00049,MOD00061,CRS008,3,94,100,2026-04-06,22,True
ASS0000955,STU00049,MOD00062,CRS008,1,85,100,2026-04-13,33,True
ASS0000956,STU00049,MOD00062,CRS008,2,54,100,2026-04-13,47,False
ASS0000957,STU00049,MOD00063,CRS008,1,53,100,2026-03-31,46,True
ASS0000958,STU00049,MOD00063,CRS008,2,64,100,2026-03-30,45,True
ASS0000959,STU00049,MOD00064,CRS008,1,89,100,2026-05-11,18,True
ASS0000960,STU00049,MOD00064,CRS008,2,82,100,2026-05-13,31,False
ASS0000961,STU00049,MOD00064,CRS008,3,53,100,2026-05-11,30,True
ASS0000962,STU00049,MOD00130,CRS017,1,97,100,2026-03-22,56,True
ASS0000963,STU00049,MOD00132,CRS017,1,54,100,2026-06-11,10,True
ASS0000964,STU00049,MOD00132,CRS017,2,65,100,2026-06-10,12,True
ASS0000965,STU00049,MOD00132,CRS017,3,70,100,2026-06-10,20,True
ASS0000966,STU00049,MOD00135,CRS017,1,43,100,2026-06-09,50,True
ASS0000967,STU00049,MOD00135,CRS017,2,82,100,2026-06-13,31,True
ASS0000968,STU00049,MOD00136,CRS017,1,62,100,2026-06-10,20,False
ASS0000969,STU00049,MOD00136,CRS017,2,90,100,2026-06-09,41,False
ASS0000970,STU00049,MOD00136,CRS017,3,60,100,2026-06-11,16,True
ASS0000971,STU00050,MOD00107,CRS014,1,77,100,2026-04-24,35,True
ASS0000972,STU00050,MOD00107,CRS014,2,82,100,2026-04-27,20,True
ASS0000973,STU00050,MOD00107,CRS014,3,88,100,2026-04-22,54,True
ASS0000974,STU00050,MOD00108,CRS014,1,86,100,2026-04-25,26,True
ASS0000975,STU00050,MOD00108,CRS014,2,62,100,2026-04-21,35,True
ASS0000976,STU00050,MOD00108,CRS014,3,77,100,2026-04-20,47,True
ASS0000977,STU00050,MOD00112,CRS014,1,95,100,2026-06-08,45,False
ASS0000978,STU00050,MOD00114,CRS015,1,46,100,2026-02-23,58,True
ASS0000979,STU00050,MOD00114,CRS015,2,94,100,2026-02-27,34,False
ASS0000980,STU00050,MOD00117,CRS015,1,79,100,2026-03-04,30,True
ASS0000981,STU00050,MOD00117,CRS015,2,65,100,2026-03-03,24,True
ASS0000982,STU00050,MOD00117,CRS015,3,74,100,2026-02-27,59,True
ASS0000983,STU00050,MOD00118,CRS015,1,67,100,2026-03-11,28,True
ASS0000984,STU00050,MOD00118,CRS015,2,94,100,2026-03-10,24,False
ASS0000985,STU00050,MOD00057,CRS008,1,68,100,2026-03-19,19,True
ASS0000986,STU00050,MOD00062,CRS008,1,65,100,2026-03-07,59,True
ASS0000987,STU00050,MOD00062,CRS008,2,71,100,2026-03-09,37,True
ASS0000988,STU00050,MOD00097,CRS013,1,56,100,2026-01-11,32,True
ASS0000989,STU00050,MOD00098,CRS013,1,71,100,2026-03-08,36,False
ASS0000990,STU00050,MOD00098,CRS013,2,68,100,2026-03-05,29,True
ASS0000991,STU00050,MOD00098,CRS013,3,53,100,2026-03-06,38,True
ASS0000992,STU00050,MOD00099,CRS013,1,84,100,2026-01-18,36,False
ASS0000993,STU00050,MOD00099,CRS013,2,98,100,2026-01-16,14,True
ASS0000994,STU00050,MOD00100,CRS013,1,40,100,2026-02-05,49,True
ASS0000995,STU00050,MOD00100,CRS013,2,84,100,2026-02-10,28,True
ASS0000996,STU00050,MOD00100,CRS013,3,90,100,2026-02-07,24,False
ASS0000997,STU00050,MOD00103,CRS013,1,48,100,2026-01-17,56,False
ASS0000998,STU00050,MOD00103,CRS013,2,59,100,2026-01-18,48,True
ASS0000999,STU00050,MOD00104,CRS013,1,75,100,2026-01-29,18,True
ASS0001000,STU00050,MOD00104,CRS013,2,42,100,2026-02-03,17,True
ASS0001001,STU00050,MOD00104,CRS013,3,89,100,2026-01-31,49,True
ASS0001002,STU00051,MOD00148,CRS019,1,49,100,2025-07-05,33,True
ASS0001003,STU00051,MOD00148,CRS019,2,80,100,2025-07-07,16,True
ASS0001004,STU00051,MOD00148,CRS019,3,68,100,2025-07-06,51,True
ASS0001005,STU00051,MOD00149,CRS019,1,65,100,2025-07-14,54,True
ASS0001006,STU00051,MOD00149,CRS019,2,84,100,2025-07-16,22,True
ASS0001007,STU00051,MOD00152,CRS019,1,65,100,2025-08-01,29,True
ASS0001008,STU00051,MOD00152,CRS019,2,94,100,2025-07-30,11,True
ASS0001009,STU00051,MOD00109,CRS014,1,86,100,2025-04-13,27,False
ASS0001010,STU00051,MOD00109,CRS014,2,69,100,2025-04-15,39,True
ASS0001011,STU00051,MOD00110,CRS014,1,52,100,2025-04-25,56,True
ASS0001012,STU00051,MOD00110,CRS014,2,79,100,2025-04-29,45,False
ASS0001013,STU00051,MOD00098,CRS013,1,70,100,2025-11-21,55,True
ASS0001014,STU00051,MOD00098,CRS013,2,86,100,2025-11-20,40,True
ASS0001015,STU00051,MOD00099,CRS013,1,83,100,2025-08-31,32,True
ASS0001016,STU00051,MOD00100,CRS013,1,62,100,2025-11-21,11,False
ASS0001017,STU00051,MOD00101,CRS013,1,44,100,2025-11-11,60,True
ASS0001018,STU00051,MOD00101,CRS013,2,85,100,2025-11-09,23,True
ASS0001019,STU00051,MOD00101,CRS013,3,55,100,2025-11-09,55,True
ASS0001020,STU00051,MOD00102,CRS013,1,48,100,2025-09-07,41,True
ASS0001021,STU00051,MOD00102,CRS013,2,79,100,2025-09-07,38,True
ASS0001022,STU00051,MOD00102,CRS013,3,83,100,2025-09-08,53,True
ASS0001023,STU00051,MOD00103,CRS013,1,53,100,2025-09-09,36,True
ASS0001024,STU00051,MOD00103,CRS013,2,81,100,2025-09-13,44,True
ASS0001025,STU00051,MOD00001,CRS001,1,93,100,2025-11-06,32,True
ASS0001026,STU00051,MOD00004,CRS001,1,32,100,2025-11-14,37,False
ASS0001027,STU00051,MOD00004,CRS001,2,90,100,2025-11-14,50,True
ASS0001028,STU00051,MOD00005,CRS001,1,79,100,2025-11-18,32,False
ASS0001029,STU00051,MOD00005,CRS001,2,55,100,2025-11-20,30,True
ASS0001030,STU00051,MOD00006,CRS001,1,68,100,2025-12-03,13,True
ASS0001031,STU00052,MOD00145,CRS019,1,59,100,2026-02-03,12,True
ASS0001032,STU00052,MOD00146,CRS019,1,74,100,2025-12-26,37,True
ASS0001033,STU00052,MOD00147,CRS019,1,69,100,2026-01-27,40,True
ASS0001034,STU00052,MOD00147,CRS019,2,99,100,2026-01-27,60,True
ASS0001035,STU00052,MOD00148,CRS019,1,83,100,2025-12-05,23,True
ASS0001036,STU00052,MOD00148,CRS019,2,81,100,2025-12-05,34,True
ASS0001037,STU00052,MOD00148,CRS019,3,81,100,2025-12-05,14,True
ASS0001038,STU00052,MOD00150,CRS019,1,80,100,2025-11-10,21,True
ASS0001039,STU00052,MOD00150,CRS019,2,62,100,2025-11-11,47,True
ASS0001040,STU00053,MOD00042,CRS006,1,98,100,2025-11-17,12,False
ASS0001041,STU00053,MOD00043,CRS006,1,60,100,2025-09-30,54,True
ASS0001042,STU00053,MOD00043,CRS006,2,78,100,2025-10-03,37,True
ASS0001043,STU00053,MOD00046,CRS006,1,73,100,2025-09-03,47,False
ASS0001044,STU00053,MOD00048,CRS006,1,49,100,2025-11-22,55,True
ASS0001045,STU00053,MOD00048,CRS006,2,81,100,2025-11-27,14,True
ASS0001046,STU00053,MOD00048,CRS006,3,89,100,2025-11-23,23,True
ASS0001047,STU00053,MOD00089,CRS012,1,77,100,2025-08-14,53,True
ASS0001048,STU00053,MOD00089,CRS012,2,48,100,2025-08-16,60,True
ASS0001049,STU00053,MOD00089,CRS012,3,67,100,2025-08-13,11,True
ASS0001050,STU00053,MOD00090,CRS012,1,36,100,2025-06-19,12,False
ASS0001051,STU00053,MOD00090,CRS012,2,57,100,2025-06-16,54,True
ASS0001052,STU00053,MOD00090,CRS012,3,75,100,2025-06-19,20,True
ASS0001053,STU00053,MOD00091,CRS012,1,87,100,2025-08-17,13,False
ASS0001054,STU00053,MOD00091,CRS012,2,66,100,2025-08-16,33,True
ASS0001055,STU00053,MOD00092,CRS012,1,71,100,2025-07-21,35,True
ASS0001056,STU00053,MOD00092,CRS012,2,85,100,2025-07-23,49,True
ASS0001057,STU00053,MOD00092,CRS012,3,59,100,2025-07-24,18,True
ASS0001058,STU00053,MOD00094,CRS012,1,51,100,2025-08-17,60,True
ASS0001059,STU00053,MOD00095,CRS012,1,73,100,2025-08-27,40,True
ASS0001060,STU00053,MOD00095,CRS012,2,58,100,2025-08-29,51,False
ASS0001061,STU00053,MOD00095,CRS012,3,69,100,2025-08-29,18,True
ASS0001062,STU00053,MOD00081,CRS011,1,55,100,2026-01-12,52,False
ASS0001063,STU00053,MOD00085,CRS011,1,68,100,2026-03-19,10,True
ASS0001064,STU00053,MOD00086,CRS011,1,76,100,2026-03-09,39,True
ASS0001065,STU00053,MOD00086,CRS011,2,54,100,2026-03-10,11,True
ASS0001066,STU00053,MOD00087,CRS011,1,57,100,2026-02-04,43,True
ASS0001067,STU00053,MOD00087,CRS011,2,71,100,2026-02-07,52,True
ASS0001068,STU00053,MOD00087,CRS011,3,92,100,2026-02-03,17,True
ASS0001069,STU00053,MOD00053,CRS007,1,54,100,2025-09-10,17,False
ASS0001070,STU00053,MOD00053,CRS007,2,57,100,2025-09-08,16,False
ASS0001071,STU00053,MOD00053,CRS007,3,65,100,2025-09-11,26,True
ASS0001072,STU00053,MOD00054,CRS007,1,51,100,2025-11-07,24,True
ASS0001073,STU00053,MOD00054,CRS007,2,81,100,2025-11-09,48,True
ASS0001074,STU00053,MOD00054,CRS007,3,84,100,2025-11-11,57,True
ASS0001075,STU00053,MOD00056,CRS007,1,70,100,2025-09-08,16,True
ASS0001076,STU00053,MOD00056,CRS007,2,72,100,2025-09-10,32,True
ASS0001077,STU00053,MOD00056,CRS007,3,93,100,2025-09-13,24,True
ASS0001078,STU00053,MOD00117,CRS015,1,74,100,2025-11-07,20,True
ASS0001079,STU00053,MOD00117,CRS015,2,59,100,2025-11-08,44,True
ASS0001080,STU00054,MOD00154,CRS020,1,93,100,2025-09-22,18,False
ASS0001081,STU00054,MOD00159,CRS020,1,51,100,2025-08-02,54,True
ASS0001082,STU00054,MOD00097,CRS013,1,86,100,2025-09-15,25,True
ASS0001083,STU00054,MOD00098,CRS013,1,46,100,2025-09-23,45,True
ASS0001084,STU00054,MOD00098,CRS013,2,87,100,2025-09-24,43,True
ASS0001085,STU00054,MOD00098,CRS013,3,54,100,2025-09-21,27,True
ASS0001086,STU00054,MOD00099,CRS013,1,98,100,2025-10-29,58,True
ASS0001087,STU00054,MOD00100,CRS013,1,66,100,2025-11-05,38,True
ASS0001088,STU00054,MOD00103,CRS013,1,97,100,2025-12-01,46,True
ASS0001089,STU00054,MOD00025,CRS004,1,89,100,2025-09-16,29,True
ASS0001090,STU00054,MOD00025,CRS004,2,68,100,2025-09-17,52,True
ASS0001091,STU00054,MOD00029,CRS004,1,54,100,2025-08-20,34,False
ASS0001092,STU00054,MOD00029,CRS004,2,88,100,2025-08-20,21,False
ASS0001093,STU00054,MOD00032,CRS004,1,60,100,2025-09-04,47,True
ASS0001094,STU00054,MOD00089,CRS012,1,53,100,2026-03-31,17,True
ASS0001095,STU00054,MOD00089,CRS012,2,90,100,2026-03-27,40,True
ASS0001096,STU00054,MOD00089,CRS012,3,55,100,2026-03-31,58,True
ASS0001097,STU00054,MOD00090,CRS012,1,56,100,2026-03-27,31,True
ASS0001098,STU00054,MOD00091,CRS012,1,30,100,2026-02-19,39,False
ASS0001099,STU00054,MOD00091,CRS012,2,54,100,2026-02-18,40,True
ASS0001100,STU00054,MOD00091,CRS012,3,52,100,2026-02-18,31,True
ASS0001101,STU00054,MOD00095,CRS012,1,96,100,2026-03-05,49,True
ASS0001102,STU00054,MOD00096,CRS012,1,64,100,2026-03-23,53,False
ASS0001103,STU00054,MOD00096,CRS012,2,68,100,2026-03-24,27,True
ASS0001104,STU00054,MOD00096,CRS012,3,90,100,2026-03-20,15,True
ASS0001105,STU00055,MOD00154,CRS020,1,87,100,2026-04-16,21,True
ASS0001106,STU00055,MOD00154,CRS020,2,85,100,2026-04-19,48,True
ASS0001107,STU00055,MOD00154,CRS020,3,50,100,2026-04-17,18,True
ASS0001108,STU00055,MOD00155,CRS020,1,55,100,2026-06-01,33,True
ASS0001109,STU00055,MOD00156,CRS020,1,99,100,2026-04-28,20,True
ASS0001110,STU00055,MOD00160,CRS020,1,57,100,2026-04-11,58,True
ASS0001111,STU00055,MOD00146,CRS019,1,86,100,2026-04-09,32,True
ASS0001112,STU00055,MOD00146,CRS019,2,81,100,2026-04-11,21,True
ASS0001113,STU00055,MOD00148,CRS019,1,60,100,2026-03-14,34,True
ASS0001114,STU00055,MOD00150,CRS019,1,31,100,2026-04-11,25,True
ASS0001115,STU00055,MOD00150,CRS019,2,49,100,2026-04-16,13,False
ASS0001116,STU00055,MOD00150,CRS019,3,93,100,2026-04-12,32,True
ASS0001117,STU00055,MOD00022,CRS003,1,70,100,2025-12-26,21,True
ASS0001118,STU00055,MOD00022,CRS003,2,41,100,2025-12-29,47,True
ASS0001119,STU00055,MOD00022,CRS003,3,94,100,2025-12-29,26,True
ASS0001120,STU00056,MOD00043,CRS006,1,31,100,2025-09-14,57,True
ASS0001121,STU00056,MOD00043,CRS006,2,77,100,2025-09-19,32,True
ASS0001122,STU00056,MOD00047,CRS006,1,41,100,2025-10-02,18,False
ASS0001123,STU00056,MOD00047,CRS006,2,33,100,2025-10-03,41,True
ASS0001124,STU00056,MOD00047,CRS006,3,94,100,2025-10-02,27,True
ASS0001125,STU00057,MOD00131,CRS017,1,34,100,2026-03-03,22,True
ASS0001126,STU00057,MOD00131,CRS017,2,85,100,2026-03-06,32,True
ASS0001127,STU00057,MOD00133,CRS017,1,67,100,2026-03-27,28,True
ASS0001128,STU00057,MOD00133,CRS017,2,41,100,2026-03-27,60,False
ASS0001129,STU00057,MOD00133,CRS017,3,95,100,2026-03-24,20,True
ASS0001130,STU00057,MOD00134,CRS017,1,54,100,2026-01-28,13,True
ASS0001131,STU00057,MOD00134,CRS017,2,72,100,2026-02-02,42,True
ASS0001132,STU00057,MOD00135,CRS017,1,83,100,2026-03-10,12,True
ASS0001133,STU00057,MOD00136,CRS017,1,37,100,2026-03-03,42,False
ASS0001134,STU00057,MOD00136,CRS017,2,83,100,2026-03-03,17,True
ASS0001135,STU00057,MOD00097,CRS013,1,44,100,2026-02-27,55,True
ASS0001136,STU00057,MOD00097,CRS013,2,78,100,2026-03-02,19,True
ASS0001137,STU00057,MOD00098,CRS013,1,53,100,2026-03-08,32,True
ASS0001138,STU00058,MOD00105,CRS014,1,97,100,2025-11-20,37,True
ASS0001139,STU00058,MOD00106,CRS014,1,79,100,2025-10-28,47,True
ASS0001140,STU00058,MOD00106,CRS014,2,50,100,2025-10-27,11,True
ASS0001141,STU00058,MOD00106,CRS014,3,96,100,2025-10-29,60,True
ASS0001142,STU00058,MOD00107,CRS014,1,77,100,2025-11-14,20,True
ASS0001143,STU00058,MOD00107,CRS014,2,30,100,2025-11-13,26,True
ASS0001144,STU00058,MOD00107,CRS014,3,77,100,2025-11-13,46,True
ASS0001145,STU00058,MOD00108,CRS014,1,64,100,2025-09-28,14,True
ASS0001146,STU00058,MOD00108,CRS014,2,58,100,2025-09-27,15,True
ASS0001147,STU00058,MOD00108,CRS014,3,64,100,2025-09-25,13,True
ASS0001148,STU00058,MOD00112,CRS014,1,57,100,2025-09-12,14,True
ASS0001149,STU00058,MOD00112,CRS014,2,61,100,2025-09-17,34,True
ASS0001150,STU00058,MOD00112,CRS014,3,80,100,2025-09-16,41,False
ASS0001151,STU00058,MOD00042,CRS006,1,59,100,2026-02-17,28,False
ASS0001152,STU00058,MOD00043,CRS006,1,100,100,2026-04-21,36,True
ASS0001153,STU00058,MOD00045,CRS006,1,51,100,2026-03-16,23,False
ASS0001154,STU00058,MOD00046,CRS006,1,43,100,2026-03-14,11,True
ASS0001155,STU00058,MOD00046,CRS006,2,80,100,2026-03-11,15,True
ASS0001156,STU00058,MOD00046,CRS006,3,95,100,2026-03-14,50,False
ASS0001157,STU00058,MOD00122,CRS016,1,45,100,2025-08-24,26,False
ASS0001158,STU00058,MOD00122,CRS016,2,80,100,2025-08-26,25,False
ASS0001159,STU00058,MOD00122,CRS016,3,93,100,2025-08-28,55,True
ASS0001160,STU00058,MOD00126,CRS016,1,40,100,2025-07-30,13,True
ASS0001161,STU00058,MOD00126,CRS016,2,82,100,2025-07-30,15,True
ASS0001162,STU00058,MOD00126,CRS016,3,87,100,2025-07-28,19,True
ASS0001163,STU00058,MOD00127,CRS016,1,63,100,2025-09-09,21,True
ASS0001164,STU00058,MOD00127,CRS016,2,58,100,2025-09-09,14,True
ASS0001165,STU00058,MOD00127,CRS016,3,97,100,2025-09-12,29,False
ASS0001166,STU00058,MOD00145,CRS019,1,82,100,2025-08-29,52,True
ASS0001167,STU00058,MOD00146,CRS019,1,87,100,2025-09-08,57,True
ASS0001168,STU00058,MOD00146,CRS019,2,30,100,2025-09-08,57,True
ASS0001169,STU00058,MOD00146,CRS019,3,93,100,2025-09-03,39,True
ASS0001170,STU00058,MOD00148,CRS019,1,48,100,2025-08-03,55,True
ASS0001171,STU00058,MOD00148,CRS019,2,79,100,2025-07-30,12,True
ASS0001172,STU00058,MOD00150,CRS019,1,63,100,2025-09-17,19,True
ASS0001173,STU00058,MOD00150,CRS019,2,65,100,2025-09-15,49,False
ASS0001174,STU00059,MOD00154,CRS020,1,83,100,2026-02-06,29,False
ASS0001175,STU00059,MOD00155,CRS020,1,57,100,2025-12-28,39,True
ASS0001176,STU00059,MOD00157,CRS020,1,46,100,2026-02-07,44,True
ASS0001177,STU00059,MOD00157,CRS020,2,71,100,2026-02-07,54,False
ASS0001178,STU00059,MOD00157,CRS020,3,100,100,2026-02-05,32,True
ASS0001179,STU00059,MOD00158,CRS020,1,90,100,2026-01-10,52,True
ASS0001180,STU00059,MOD00158,CRS020,2,63,100,2026-01-09,26,False
ASS0001181,STU00059,MOD00012,CRS002,1,73,100,2025-11-24,45,True
ASS0001182,STU00059,MOD00013,CRS002,1,53,100,2026-02-06,14,False
ASS0001183,STU00059,MOD00013,CRS002,2,63,100,2026-02-04,48,False
ASS0001184,STU00059,MOD00013,CRS002,3,90,100,2026-02-08,38,False
ASS0001185,STU00059,MOD00014,CRS002,1,83,100,2026-02-01,38,True
ASS0001186,STU00059,MOD00015,CRS002,1,50,100,2026-01-13,15,True
ASS0001187,STU00059,MOD00015,CRS002,2,68,100,2026-01-09,60,True
ASS0001188,STU00059,MOD00015,CRS002,3,97,100,2026-01-10,37,True
ASS0001189,STU00059,MOD00089,CRS012,1,82,100,2025-08-17,54,False
ASS0001190,STU00059,MOD00089,CRS012,2,65,100,2025-08-15,38,True
ASS0001191,STU00059,MOD00089,CRS012,3,58,100,2025-08-18,26,True
ASS0001192,STU00059,MOD00090,CRS012,1,61,100,2025-09-20,25,True
ASS0001193,STU00059,MOD00090,CRS012,2,98,100,2025-09-18,17,True
ASS0001194,STU00059,MOD00091,CRS012,1,80,100,2025-07-30,44,True
ASS0001195,STU00059,MOD00091,CRS012,2,73,100,2025-08-01,18,True
ASS0001196,STU00059,MOD00092,CRS012,1,63,100,2025-08-10,55,False
ASS0001197,STU00059,MOD00092,CRS012,2,50,100,2025-08-05,17,True
ASS0001198,STU00059,MOD00093,CRS012,1,39,100,2025-08-21,48,True
ASS0001199,STU00059,MOD00093,CRS012,2,86,100,2025-08-18,26,True
ASS0001200,STU00059,MOD00094,CRS012,1,56,100,2025-08-07,59,True
ASS0001201,STU00059,MOD00094,CRS012,2,55,100,2025-08-08,45,True
ASS0001202,STU00059,MOD00096,CRS012,1,94,100,2025-10-12,53,True
ASS0001203,STU00059,MOD00002,CRS001,1,74,100,2025-11-27,49,False
ASS0001204,STU00059,MOD00003,CRS001,1,69,100,2025-12-12,41,False
ASS0001205,STU00059,MOD00003,CRS001,2,70,100,2025-12-10,27,True
ASS0001206,STU00059,MOD00003,CRS001,3,57,100,2025-12-08,54,True
ASS0001207,STU00059,MOD00004,CRS001,1,83,100,2026-01-25,21,True
ASS0001208,STU00059,MOD00004,CRS001,2,97,100,2026-01-29,34,True
ASS0001209,STU00059,MOD00005,CRS001,1,34,100,2025-12-09,10,False
ASS0001210,STU00059,MOD00005,CRS001,2,80,100,2025-12-08,27,True
ASS0001211,STU00059,MOD00007,CRS001,1,85,100,2026-02-21,20,True
ASS0001212,STU00059,MOD00007,CRS001,2,40,100,2026-02-21,36,True
ASS0001213,STU00059,MOD00007,CRS001,3,57,100,2026-02-19,23,False
ASS0001214,STU00059,MOD00008,CRS001,1,75,100,2025-12-25,28,True
ASS0001215,STU00059,MOD00008,CRS001,2,62,100,2025-12-25,47,False
ASS0001216,STU00060,MOD00105,CRS014,1,60,100,2026-02-21,22,True
ASS0001217,STU00060,MOD00105,CRS014,2,64,100,2026-02-18,46,True
ASS0001218,STU00060,MOD00105,CRS014,3,63,100,2026-02-22,56,True
ASS0001219,STU00060,MOD00106,CRS014,1,71,100,2026-02-23,48,True
ASS0001220,STU00060,MOD00108,CRS014,1,88,100,2026-04-06,25,True
ASS0001221,STU00060,MOD00108,CRS014,2,64,100,2026-04-06,55,True
ASS0001222,STU00060,MOD00110,CRS014,1,68,100,2026-03-30,27,True
ASS0001223,STU00060,MOD00110,CRS014,2,38,100,2026-03-31,21,True
ASS0001224,STU00060,MOD00110,CRS014,3,76,100,2026-03-28,24,True
ASS0001225,STU00060,MOD00111,CRS014,1,37,100,2026-03-07,49,True
ASS0001226,STU00060,MOD00111,CRS014,2,85,100,2026-03-06,60,True
ASS0001227,STU00060,MOD00124,CRS016,1,89,100,2026-03-02,40,True
ASS0001228,STU00060,MOD00124,CRS016,2,80,100,2026-03-04,58,False
ASS0001229,STU00060,MOD00124,CRS016,3,69,100,2026-03-04,46,True
ASS0001230,STU00060,MOD00125,CRS016,1,82,100,2026-02-02,45,True
ASS0001231,STU00060,MOD00126,CRS016,1,39,100,2026-03-31,17,True
ASS0001232,STU00060,MOD00126,CRS016,2,74,100,2026-03-29,49,True
ASS0001233,STU00060,MOD00127,CRS016,1,56,100,2026-03-06,32,True
ASS0001234,STU00060,MOD00127,CRS016,2,96,100,2026-03-07,60,True
ASS0001235,STU00060,MOD00114,CRS015,1,83,100,2026-04-23,11,True
ASS0001236,STU00060,MOD00115,CRS015,1,61,100,2026-02-04,48,True
ASS0001237,STU00060,MOD00115,CRS015,2,69,100,2026-02-02,33,True
ASS0001238,STU00060,MOD00116,CRS015,1,89,100,2026-03-18,10,True
ASS0001239,STU00060,MOD00116,CRS015,2,75,100,2026-03-16,48,True
ASS0001240,STU00060,MOD00117,CRS015,1,49,100,2026-04-23,31,True
ASS0001241,STU00060,MOD00117,CRS015,2,40,100,2026-04-20,22,True
ASS0001242,STU00060,MOD00117,CRS015,3,87,100,2026-04-23,10,True
ASS0001243,STU00060,MOD00120,CRS015,1,31,100,2026-02-28,16,True
ASS0001244,STU00060,MOD00120,CRS015,2,72,100,2026-02-24,41,True
ASS0001245,STU00060,MOD00120,CRS015,3,57,100,2026-02-23,22,True
ASS0001246,STU00061,MOD00009,CRS002,1,76,100,2025-06-25,56,False
ASS0001247,STU00061,MOD00009,CRS002,2,88,100,2025-06-25,12,True
ASS0001248,STU00061,MOD00009,CRS002,3,51,100,2025-06-24,37,True
ASS0001249,STU00061,MOD00011,CRS002,1,51,100,2025-06-26,20,True
ASS0001250,STU00061,MOD00011,CRS002,2,42,100,2025-06-25,37,True
ASS0001251,STU00061,MOD00011,CRS002,3,57,100,2025-06-26,56,False
ASS0001252,STU00061,MOD00014,CRS002,1,84,100,2025-08-04,14,True
ASS0001253,STU00061,MOD00015,CRS002,1,65,100,2025-09-10,58,True
ASS0001254,STU00061,MOD00016,CRS002,1,47,100,2025-07-26,54,True
ASS0001255,STU00061,MOD00016,CRS002,2,67,100,2025-07-24,44,False
ASS0001256,STU00061,MOD00016,CRS002,3,100,100,2025-07-24,57,False
ASS0001257,STU00061,MOD00066,CRS009,1,82,100,2025-05-20,12,True
ASS0001258,STU00061,MOD00066,CRS009,2,71,100,2025-05-19,41,True
ASS0001259,STU00061,MOD00066,CRS009,3,72,100,2025-05-22,25,False
ASS0001260,STU00061,MOD00067,CRS009,1,80,100,2025-08-15,29,True
ASS0001261,STU00061,MOD00067,CRS009,2,59,100,2025-08-17,14,True
ASS0001262,STU00061,MOD00067,CRS009,3,64,100,2025-08-18,20,True
ASS0001263,STU00061,MOD00070,CRS009,1,52,100,2025-06-19,24,True
ASS0001264,STU00061,MOD00070,CRS009,2,77,100,2025-06-19,52,False
ASS0001265,STU00061,MOD00057,CRS008,1,64,100,2025-08-25,19,True
ASS0001266,STU00061,MOD00058,CRS008,1,81,100,2025-08-10,46,True
ASS0001267,STU00061,MOD00059,CRS008,1,56,100,2025-08-24,45,True
ASS0001268,STU00061,MOD00060,CRS008,1,66,100,2025-09-26,25,False
ASS0001269,STU00061,MOD00060,CRS008,2,82,100,2025-09-21,30,False
ASS0001270,STU00061,MOD00060,CRS008,3,51,100,2025-09-25,39,False
ASS0001271,STU00061,MOD00061,CRS008,1,31,100,2025-10-02,51,True
ASS0001272,STU00061,MOD00061,CRS008,2,35,100,2025-10-02,39,True
ASS0001273,STU00061,MOD00061,CRS008,3,86,100,2025-10-01,52,False
ASS0001274,STU00061,MOD00063,CRS008,1,51,100,2025-09-21,18,True
ASS0001275,STU00061,MOD00063,CRS008,2,87,100,2025-09-23,12,True
ASS0001276,STU00061,MOD00063,CRS008,3,66,100,2025-09-21,46,True
ASS0001277,STU00061,MOD00064,CRS008,1,58,100,2025-08-14,42,True
ASS0001278,STU00061,MOD00064,CRS008,2,51,100,2025-08-12,27,True
ASS0001279,STU00061,MOD00064,CRS008,3,66,100,2025-08-12,34,True
ASS0001280,STU00062,MOD00137,CRS018,1,62,100,2026-01-23,49,True
ASS0001281,STU00062,MOD00137,CRS018,2,66,100,2026-01-21,23,True
ASS0001282,STU00062,MOD00138,CRS018,1,65,100,2026-03-25,10,False
ASS0001283,STU00062,MOD00139,CRS018,1,96,100,2026-01-02,27,True
ASS0001284,STU00062,MOD00141,CRS018,1,74,100,2025-12-29,35,False
ASS0001285,STU00062,MOD00142,CRS018,1,68,100,2026-02-16,21,True
ASS0001286,STU00062,MOD00144,CRS018,1,97,100,2026-03-01,12,False
ASS0001287,STU00062,MOD00129,CRS017,1,90,100,2026-03-18,50,False
ASS0001288,STU00062,MOD00131,CRS017,1,48,100,2026-03-31,58,False
ASS0001289,STU00062,MOD00131,CRS017,2,36,100,2026-03-31,18,True
ASS0001290,STU00062,MOD00131,CRS017,3,72,100,2026-03-30,13,True
ASS0001291,STU00062,MOD00133,CRS017,1,76,100,2026-01-20,16,True
ASS0001292,STU00062,MOD00133,CRS017,2,61,100,2026-01-19,52,True
ASS0001293,STU00062,MOD00133,CRS017,3,56,100,2026-01-22,34,True
ASS0001294,STU00062,MOD00134,CRS017,1,82,100,2026-01-29,51,True
ASS0001295,STU00062,MOD00134,CRS017,2,78,100,2026-02-01,41,False
ASS0001296,STU00062,MOD00135,CRS017,1,46,100,2026-02-17,25,True
ASS0001297,STU00062,MOD00135,CRS017,2,72,100,2026-02-19,22,True
ASS0001298,STU00062,MOD00135,CRS017,3,79,100,2026-02-17,33,False
ASS0001299,STU00062,MOD00026,CRS004,1,45,100,2025-07-19,25,True
ASS0001300,STU00062,MOD00026,CRS004,2,72,100,2025-07-16,26,True
ASS0001301,STU00062,MOD00155,CRS020,1,40,100,2025-08-25,19,True
ASS0001302,STU00062,MOD00155,CRS020,2,64,100,2025-08-21,29,True
ASS0001303,STU00062,MOD00155,CRS020,3,98,100,2025-08-23,34,False
ASS0001304,STU00062,MOD00156,CRS020,1,89,100,2025-08-08,29,True
ASS0001305,STU00062,MOD00157,CRS020,1,30,100,2025-08-27,15,True
ASS0001306,STU00062,MOD00157,CRS020,2,39,100,2025-08-28,16,True
ASS0001307,STU00062,MOD00157,CRS020,3,64,100,2025-08-29,45,False
ASS0001308,STU00062,MOD00158,CRS020,1,36,100,2025-08-07,16,True
ASS0001309,STU00062,MOD00158,CRS020,2,100,100,2025-08-07,49,True
ASS0001310,STU00062,MOD00159,CRS020,1,53,100,2025-09-02,42,True
ASS0001311,STU00063,MOD00113,CRS015,1,51,100,2025-12-21,10,True
ASS0001312,STU00063,MOD00113,CRS015,2,66,100,2025-12-21,46,True
ASS0001313,STU00063,MOD00114,CRS015,1,72,100,2026-01-03,48,True
ASS0001314,STU00063,MOD00114,CRS015,2,74,100,2025-12-31,54,True
ASS0001315,STU00063,MOD00115,CRS015,1,59,100,2025-12-30,33,True
ASS0001316,STU00063,MOD00115,CRS015,2,98,100,2026-01-01,20,True
ASS0001317,STU00063,MOD00117,CRS015,1,31,100,2025-12-05,15,True
ASS0001318,STU00063,MOD00117,CRS015,2,94,100,2025-12-03,18,True
ASS0001319,STU00064,MOD00025,CRS004,1,31,100,2025-10-23,11,True
ASS0001320,STU00064,MOD00025,CRS004,2,35,100,2025-10-23,11,True
ASS0001321,STU00064,MOD00025,CRS004,3,77,100,2025-10-24,47,True
ASS0001322,STU00064,MOD00026,CRS004,1,40,100,2025-11-16,16,False
ASS0001323,STU00064,MOD00026,CRS004,2,97,100,2025-11-16,39,False
ASS0001324,STU00064,MOD00028,CRS004,1,52,100,2025-10-24,29,True
ASS0001325,STU00064,MOD00029,CRS004,1,41,100,2025-11-27,11,True
ASS0001326,STU00064,MOD00029,CRS004,2,58,100,2025-11-26,15,True
ASS0001327,STU00064,MOD00030,CRS004,1,65,100,2025-11-21,33,True
ASS0001328,STU00064,MOD00030,CRS004,2,59,100,2025-11-21,42,True
ASS0001329,STU00064,MOD00030,CRS004,3,63,100,2025-11-24,17,True
ASS0001330,STU00064,MOD00031,CRS004,1,45,100,2025-11-02,19,True
ASS0001331,STU00064,MOD00031,CRS004,2,32,100,2025-10-31,54,True
ASS0001332,STU00064,MOD00031,CRS004,3,64,100,2025-11-03,41,False
ASS0001333,STU00064,MOD00061,CRS008,1,43,100,2025-10-30,57,False
ASS0001334,STU00064,MOD00061,CRS008,2,62,100,2025-10-30,39,True
ASS0001335,STU00064,MOD00061,CRS008,3,86,100,2025-10-30,42,True
ASS0001336,STU00064,MOD00063,CRS008,1,43,100,2025-10-25,53,True
ASS0001337,STU00064,MOD00063,CRS008,2,60,100,2025-10-28,44,True
ASS0001338,STU00064,MOD00064,CRS008,1,70,100,2025-11-04,50,True
ASS0001339,STU00064,MOD00009,CRS002,1,66,100,2026-06-01,17,True
ASS0001340,STU00064,MOD00009,CRS002,2,47,100,2026-06-03,28,True
ASS0001341,STU00064,MOD00009,CRS002,3,76,100,2026-06-03,28,True
ASS0001342,STU00064,MOD00010,CRS002,1,61,100,2026-06-09,28,True
ASS0001343,STU00064,MOD00010,CRS002,2,30,100,2026-06-06,42,True
ASS0001344,STU00064,MOD00010,CRS002,3,85,100,2026-06-07,56,False
ASS0001345,STU00064,MOD00013,CRS002,1,84,100,2026-06-19,51,False
ASS0001346,STU00064,MOD00013,CRS002,2,69,100,2026-06-19,57,False
ASS0001347,STU00064,MOD00014,CRS002,1,77,100,2026-04-13,13,True
ASS0001348,STU00064,MOD00014,CRS002,2,93,100,2026-04-15,47,True
ASS0001349,STU00064,MOD00016,CRS002,1,99,100,2026-05-12,31,True
ASS0001350,STU00065,MOD00063,CRS008,1,66,100,2025-10-23,13,False
ASS0001351,STU00065,MOD00063,CRS008,2,70,100,2025-10-26,11,True
ASS0001352,STU00066,MOD00096,CRS012,1,30,100,2026-02-17,22,True
ASS0001353,STU00066,MOD00096,CRS012,2,51,100,2026-02-16,28,True
ASS0001354,STU00066,MOD00096,CRS012,3,67,100,2026-02-18,10,True
ASS0001355,STU00066,MOD00107,CRS014,1,87,100,2025-10-30,52,True
ASS0001356,STU00066,MOD00107,CRS014,2,61,100,2025-10-31,34,True
ASS0001357,STU00066,MOD00112,CRS014,1,80,100,2025-09-13,26,True
ASS0001358,STU00066,MOD00043,CRS006,1,76,100,2026-03-07,13,True
ASS0001359,STU00066,MOD00043,CRS006,2,85,100,2026-03-09,35,True
ASS0001360,STU00066,MOD00045,CRS006,1,70,100,2026-05-05,32,False
ASS0001361,STU00066,MOD00046,CRS006,1,45,100,2026-05-08,29,False
ASS0001362,STU00066,MOD00046,CRS006,2,41,100,2026-05-07,33,True
ASS0001363,STU00066,MOD00046,CRS006,3,66,100,2026-05-05,41,True
ASS0001364,STU00066,MOD00047,CRS006,1,57,100,2026-03-07,21,True
ASS0001365,STU00066,MOD00035,CRS005,1,31,100,2026-04-04,50,True
ASS0001366,STU00066,MOD00035,CRS005,2,77,100,2026-04-01,25,True
ASS0001367,STU00066,MOD00037,CRS005,1,44,100,2026-04-11,12,False
ASS0001368,STU00066,MOD00037,CRS005,2,86,100,2026-04-13,17,False
ASS0001369,STU00066,MOD00037,CRS005,3,67,100,2026-04-11,29,True
ASS0001370,STU00066,MOD00040,CRS005,1,63,100,2026-04-07,50,True
ASS0001371,STU00066,MOD00040,CRS005,2,83,100,2026-04-02,28,True
ASS0001372,STU00066,MOD00040,CRS005,3,51,100,2026-04-04,33,True
ASS0001373,STU00066,MOD00049,CRS007,1,70,100,2025-07-30,23,False
ASS0001374,STU00066,MOD00049,CRS007,2,89,100,2025-07-31,36,True
ASS0001375,STU00066,MOD00050,CRS007,1,69,100,2025-08-28,17,True
ASS0001376,STU00066,MOD00051,CRS007,1,85,100,2025-06-24,33,True
ASS0001377,STU00066,MOD00051,CRS007,2,70,100,2025-06-21,38,True
ASS0001378,STU00066,MOD00052,CRS007,1,66,100,2025-07-11,26,True
ASS0001379,STU00066,MOD00052,CRS007,2,51,100,2025-07-06,28,True
ASS0001380,STU00066,MOD00052,CRS007,3,76,100,2025-07-10,24,True
ASS0001381,STU00066,MOD00054,CRS007,1,88,100,2025-08-04,60,True
ASS0001382,STU00066,MOD00055,CRS007,1,94,100,2025-09-02,53,False
ASS0001383,STU00066,MOD00056,CRS007,1,32,100,2025-08-07,17,False
ASS0001384,STU00066,MOD00056,CRS007,2,73,100,2025-08-11,23,True
ASS0001385,STU00066,MOD00056,CRS007,3,81,100,2025-08-08,22,True
ASS0001386,STU00067,MOD00081,CRS011,1,31,100,2026-03-04,38,True
ASS0001387,STU00067,MOD00081,CRS011,2,61,100,2026-02-28,48,True
ASS0001388,STU00067,MOD00081,CRS011,3,83,100,2026-03-04,46,True
ASS0001389,STU00067,MOD00082,CRS011,1,65,100,2026-03-28,10,True
ASS0001390,STU00067,MOD00082,CRS011,2,76,100,2026-03-28,37,True
ASS0001391,STU00067,MOD00083,CRS011,1,62,100,2026-01-29,22,True
ASS0001392,STU00067,MOD00083,CRS011,2,90,100,2026-01-31,37,True
ASS0001393,STU00067,MOD00083,CRS011,3,52,100,2026-01-27,44,True
ASS0001394,STU00067,MOD00079,CRS010,1,84,100,2025-07-16,52,True
ASS0001395,STU00068,MOD00025,CRS004,1,38,100,2026-04-19,48,True
ASS0001396,STU00068,MOD00025,CRS004,2,52,100,2026-04-21,27,False
ASS0001397,STU00068,MOD00029,CRS004,1,49,100,2026-03-24,48,True
ASS0001398,STU00068,MOD00029,CRS004,2,67,100,2026-03-22,49,True
ASS0001399,STU00068,MOD00033,CRS005,1,63,100,2026-03-25,40,True
ASS0001400,STU00068,MOD00033,CRS005,2,45,100,2026-03-23,28,True
ASS0001401,STU00068,MOD00033,CRS005,3,87,100,2026-03-25,23,True
ASS0001402,STU00068,MOD00034,CRS005,1,73,100,2026-05-21,43,False
ASS0001403,STU00068,MOD00038,CRS005,1,71,100,2026-06-01,52,True
ASS0001404,STU00068,MOD00040,CRS005,1,48,100,2026-06-08,36,False
ASS0001405,STU00068,MOD00040,CRS005,2,85,100,2026-06-12,12,True
ASS0001406,STU00068,MOD00040,CRS005,3,61,100,2026-06-11,12,True
ASS0001407,STU00068,MOD00107,CRS014,1,57,100,2026-05-17,48,False
ASS0001408,STU00068,MOD00110,CRS014,1,72,100,2026-05-09,35,False
ASS0001409,STU00068,MOD00110,CRS014,2,57,100,2026-05-10,24,True
ASS0001410,STU00068,MOD00112,CRS014,1,50,100,2026-04-09,33,True
ASS0001411,STU00068,MOD00112,CRS014,2,72,100,2026-04-14,32,False
ASS0001412,STU00068,MOD00009,CRS002,1,64,100,2026-06-04,55,True
ASS0001413,STU00068,MOD00009,CRS002,2,84,100,2026-05-30,34,False
ASS0001414,STU00068,MOD00009,CRS002,3,69,100,2026-06-03,34,True
ASS0001415,STU00068,MOD00016,CRS002,1,38,100,2026-05-08,29,True
ASS0001416,STU00068,MOD00016,CRS002,2,76,100,2026-05-07,40,True
ASS0001417,STU00068,MOD00066,CRS009,1,30,100,2026-04-10,50,True
ASS0001418,STU00068,MOD00066,CRS009,2,74,100,2026-04-12,15,False
ASS0001419,STU00068,MOD00066,CRS009,3,82,100,2026-04-12,13,True
ASS0001420,STU00068,MOD00067,CRS009,1,91,100,2026-04-25,27,True
ASS0001421,STU00068,MOD00069,CRS009,1,62,100,2026-04-05,52,True
ASS0001422,STU00068,MOD00071,CRS009,1,46,100,2026-05-30,47,True
ASS0001423,STU00068,MOD00071,CRS009,2,75,100,2026-06-01,18,True
ASS0001424,STU00068,MOD00072,CRS009,1,81,100,2026-05-23,57,True
ASS0001425,STU00069,MOD00099,CRS013,1,78,100,2025-09-15,58,True
ASS0001426,STU00069,MOD00100,CRS013,1,50,100,2025-08-09,59,True
ASS0001427,STU00069,MOD00103,CRS013,1,41,100,2025-08-05,36,True
ASS0001428,STU00069,MOD00103,CRS013,2,74,100,2025-08-06,23,True
ASS0001429,STU00069,MOD00121,CRS016,1,66,100,2026-01-22,29,True
ASS0001430,STU00069,MOD00124,CRS016,1,68,100,2026-02-26,49,False
ASS0001431,STU00069,MOD00124,CRS016,2,31,100,2026-02-26,11,True
ASS0001432,STU00069,MOD00124,CRS016,3,66,100,2026-02-25,11,True
ASS0001433,STU00069,MOD00127,CRS016,1,58,100,2026-04-15,39,True
ASS0001434,STU00070,MOD00098,CRS013,1,74,100,2025-09-23,18,True
ASS0001435,STU00070,MOD00099,CRS013,1,67,100,2025-08-23,58,True
ASS0001436,STU00070,MOD00099,CRS013,2,64,100,2025-08-22,28,True
ASS0001437,STU00070,MOD00099,CRS013,3,57,100,2025-08-25,18,True
ASS0001438,STU00070,MOD00100,CRS013,1,49,100,2025-08-21,28,True
ASS0001439,STU00070,MOD00100,CRS013,2,35,100,2025-08-22,57,True
ASS0001440,STU00070,MOD00100,CRS013,3,100,100,2025-08-22,26,True
ASS0001441,STU00070,MOD00102,CRS013,1,39,100,2025-08-02,55,True
ASS0001442,STU00070,MOD00102,CRS013,2,46,100,2025-08-02,52,True
ASS0001443,STU00070,MOD00102,CRS013,3,68,100,2025-07-30,45,True
ASS0001444,STU00070,MOD00114,CRS015,1,84,100,2026-03-14,15,True
ASS0001445,STU00070,MOD00114,CRS015,2,57,100,2026-03-16,17,True
ASS0001446,STU00070,MOD00114,CRS015,3,54,100,2026-03-14,36,True
ASS0001447,STU00070,MOD00115,CRS015,1,78,100,2026-02-13,52,True
ASS0001448,STU00070,MOD00115,CRS015,2,90,100,2026-02-12,46,True
ASS0001449,STU00070,MOD00116,CRS015,1,34,100,2026-03-06,19,True
ASS0001450,STU00070,MOD00116,CRS015,2,85,100,2026-03-10,54,True
ASS0001451,STU00070,MOD00116,CRS015,3,94,100,2026-03-10,38,True
ASS0001452,STU00070,MOD00117,CRS015,1,35,100,2026-03-27,32,True
ASS0001453,STU00070,MOD00117,CRS015,2,100,100,2026-03-27,10,True
ASS0001454,STU00070,MOD00118,CRS015,1,45,100,2026-04-08,22,False
ASS0001455,STU00070,MOD00118,CRS015,2,88,100,2026-04-05,40,False
ASS0001456,STU00070,MOD00119,CRS015,1,82,100,2026-03-26,55,True
ASS0001457,STU00070,MOD00120,CRS015,1,87,100,2026-01-18,33,True
ASS0001458,STU00070,MOD00020,CRS003,1,81,100,2025-10-16,28,True
ASS0001459,STU00070,MOD00021,CRS003,1,70,100,2025-09-23,24,True
ASS0001460,STU00070,MOD00021,CRS003,2,69,100,2025-09-26,34,True
ASS0001461,STU00070,MOD00022,CRS003,1,48,100,2025-12-09,26,True
ASS0001462,STU00070,MOD00022,CRS003,2,46,100,2025-12-08,37,True
ASS0001463,STU00070,MOD00022,CRS003,3,86,100,2025-12-12,25,False
ASS0001464,STU00071,MOD00121,CRS016,1,50,100,2025-07-03,59,True
ASS0001465,STU00071,MOD00123,CRS016,1,60,100,2025-06-29,14,True
ASS0001466,STU00071,MOD00126,CRS016,1,35,100,2025-07-07,58,True
ASS0001467,STU00071,MOD00126,CRS016,2,52,100,2025-07-05,44,False
ASS0001468,STU00071,MOD00126,CRS016,3,60,100,2025-07-08,37,True
ASS0001469,STU00071,MOD00128,CRS016,1,63,100,2025-07-11,34,False
ASS0001470,STU00071,MOD00128,CRS016,2,62,100,2025-07-09,45,True
ASS0001471,STU00071,MOD00128,CRS016,3,64,100,2025-07-13,25,True
ASS0001472,STU00071,MOD00084,CRS011,1,54,100,2025-12-18,52,True
ASS0001473,STU00071,MOD00086,CRS011,1,75,100,2025-11-29,21,True
ASS0001474,STU00071,MOD00086,CRS011,2,96,100,2025-11-28,46,True
ASS0001475,STU00071,MOD00087,CRS011,1,53,100,2025-11-17,11,True
ASS0001476,STU00071,MOD00087,CRS011,2,55,100,2025-11-17,35,True
ASS0001477,STU00071,MOD00001,CRS001,1,36,100,2026-02-14,15,True
ASS0001478,STU00071,MOD00001,CRS001,2,71,100,2026-02-13,20,True
ASS0001479,STU00071,MOD00001,CRS001,3,80,100,2026-02-14,40,True
ASS0001480,STU00071,MOD00002,CRS001,1,82,100,2026-04-16,28,False
ASS0001481,STU00071,MOD00003,CRS001,1,41,100,2026-03-08,38,True
ASS0001482,STU00071,MOD00003,CRS001,2,78,100,2026-03-07,55,True
ASS0001483,STU00071,MOD00005,CRS001,1,47,100,2026-03-05,51,False
ASS0001484,STU00071,MOD00005,CRS001,2,90,100,2026-03-04,58,True
ASS0001485,STU00071,MOD00005,CRS001,3,98,100,2026-03-02,22,False
ASS0001486,STU00071,MOD00006,CRS001,1,76,100,2026-02-12,54,True
ASS0001487,STU00071,MOD00007,CRS001,1,59,100,2026-04-16,33,True
ASS0001488,STU00071,MOD00007,CRS001,2,63,100,2026-04-19,33,True
ASS0001489,STU00071,MOD00007,CRS001,3,86,100,2026-04-19,36,True
ASS0001490,STU00071,MOD00022,CRS003,1,51,100,2026-01-03,53,False
ASS0001491,STU00071,MOD00022,CRS003,2,100,100,2026-01-05,19,True
ASS0001492,STU00072,MOD00140,CRS018,1,54,100,2026-05-15,19,False
ASS0001493,STU00072,MOD00140,CRS018,2,79,100,2026-05-16,37,False
ASS0001494,STU00072,MOD00140,CRS018,3,57,100,2026-05-14,15,True
ASS0001495,STU00072,MOD00142,CRS018,1,88,100,2026-06-25,21,True
ASS0001496,STU00072,MOD00142,CRS018,2,58,100,2026-06-22,60,True
ASS0001497,STU00072,MOD00144,CRS018,1,51,100,2026-06-29,16,True
ASS0001498,STU00072,MOD00144,CRS018,2,75,100,2026-06-25,30,False
ASS0001499,STU00073,MOD00049,CRS007,1,48,100,2025-11-07,16,True
ASS0001500,STU00073,MOD00049,CRS007,2,92,100,2025-11-09,60,True
ASS0001501,STU00073,MOD00123,CRS016,1,84,100,2026-01-21,11,True
ASS0001502,STU00073,MOD00123,CRS016,2,70,100,2026-01-16,24,True
ASS0001503,STU00073,MOD00127,CRS016,1,81,100,2026-03-15,52,True
ASS0001504,STU00073,MOD00127,CRS016,2,68,100,2026-03-13,59,True
ASS0001505,STU00073,MOD00127,CRS016,3,51,100,2026-03-12,58,True
ASS0001506,STU00073,MOD00066,CRS009,1,74,100,2025-08-17,54,True
ASS0001507,STU00073,MOD00066,CRS009,2,87,100,2025-08-17,50,True
ASS0001508,STU00073,MOD00067,CRS009,1,67,100,2025-08-31,60,True
ASS0001509,STU00073,MOD00067,CRS009,2,77,100,2025-09-02,57,True
ASS0001510,STU00073,MOD00068,CRS009,1,35,100,2025-10-07,16,False
ASS0001511,STU00073,MOD00068,CRS009,2,65,100,2025-10-05,11,True
ASS0001512,STU00073,MOD00068,CRS009,3,83,100,2025-10-05,43,True
ASS0001513,STU00073,MOD00069,CRS009,1,71,100,2025-10-28,26,True
ASS0001514,STU00073,MOD00070,CRS009,1,89,100,2025-08-14,17,True
ASS0001515,STU00073,MOD00070,CRS009,2,84,100,2025-08-16,14,True
ASS0001516,STU00073,MOD00070,CRS009,3,70,100,2025-08-16,40,False
ASS0001517,STU00073,MOD00083,CRS011,1,66,100,2025-09-18,37,True
ASS0001518,STU00073,MOD00083,CRS011,2,61,100,2025-09-18,44,True
ASS0001519,STU00073,MOD00083,CRS011,3,57,100,2025-09-17,37,True
ASS0001520,STU00073,MOD00084,CRS011,1,51,100,2025-09-11,45,True
ASS0001521,STU00073,MOD00085,CRS011,1,91,100,2025-09-11,33,True
ASS0001522,STU00073,MOD00087,CRS011,1,49,100,2025-11-01,14,True
ASS0001523,STU00073,MOD00087,CRS011,2,90,100,2025-10-30,54,False
ASS0001524,STU00073,MOD00087,CRS011,3,92,100,2025-10-30,11,True
ASS0001525,STU00074,MOD00081,CRS011,1,80,100,2025-12-26,45,True
ASS0001526,STU00074,MOD00081,CRS011,2,35,100,2025-12-30,44,True
ASS0001527,STU00074,MOD00081,CRS011,3,91,100,2025-12-30,15,True
ASS0001528,STU00074,MOD00083,CRS011,1,80,100,2026-01-29,44,True
ASS0001529,STU00074,MOD00083,CRS011,2,42,100,2026-01-30,42,False
ASS0001530,STU00074,MOD00083,CRS011,3,85,100,2026-01-30,17,True
ASS0001531,STU00074,MOD00084,CRS011,1,69,100,2025-12-19,36,True
ASS0001532,STU00074,MOD00084,CRS011,2,73,100,2025-12-19,52,False
ASS0001533,STU00074,MOD00087,CRS011,1,90,100,2026-02-20,46,True
ASS0001534,STU00074,MOD00087,CRS011,2,48,100,2026-02-23,18,True
ASS0001535,STU00074,MOD00087,CRS011,3,56,100,2026-02-22,58,True
ASS0001536,STU00074,MOD00088,CRS011,1,41,100,2026-01-15,34,True
ASS0001537,STU00074,MOD00088,CRS011,2,62,100,2026-01-16,51,True
ASS0001538,STU00074,MOD00010,CRS002,1,54,100,2025-05-28,49,True
ASS0001539,STU00074,MOD00010,CRS002,2,59,100,2025-06-01,24,True
ASS0001540,STU00074,MOD00010,CRS002,3,90,100,2025-05-28,32,True
ASS0001541,STU00074,MOD00016,CRS002,1,52,100,2025-08-02,37,True
ASS0001542,STU00074,MOD00148,CRS019,1,52,100,2026-06-20,50,False
ASS0001543,STU00074,MOD00148,CRS019,2,60,100,2026-06-15,27,True
ASS0001544,STU00074,MOD00149,CRS019,1,61,100,2026-06-05,43,True
ASS0001545,STU00074,MOD00152,CRS019,1,81,100,2026-06-05,49,True
ASS0001546,STU00074,MOD00152,CRS019,2,62,100,2026-06-09,22,True
ASS0001547,STU00074,MOD00029,CRS004,1,68,100,2025-12-12,39,True
ASS0001548,STU00074,MOD00032,CRS004,1,67,100,2025-12-06,46,True
ASS0001549,STU00075,MOD00114,CRS015,1,86,100,2025-09-15,57,True
ASS0001550,STU00075,MOD00114,CRS015,2,39,100,2025-09-12,20,False
ASS0001551,STU00075,MOD00114,CRS015,3,72,100,2025-09-12,60,True
ASS0001552,STU00075,MOD00116,CRS015,1,42,100,2025-08-21,37,True
ASS0001553,STU00075,MOD00116,CRS015,2,57,100,2025-08-24,56,True
ASS0001554,STU00075,MOD00153,CRS020,1,84,100,2026-01-16,22,True
ASS0001555,STU00075,MOD00153,CRS020,2,75,100,2026-01-15,18,True
ASS0001556,STU00075,MOD00153,CRS020,3,58,100,2026-01-18,37,True
ASS0001557,STU00075,MOD00160,CRS020,1,53,100,2026-01-22,47,True
ASS0001558,STU00075,MOD00160,CRS020,2,50,100,2026-01-22,46,True
ASS0001559,STU00076,MOD00035,CRS005,1,51,100,2025-07-24,39,True
ASS0001560,STU00076,MOD00036,CRS005,1,45,100,2025-07-05,59,True
ASS0001561,STU00076,MOD00036,CRS005,2,53,100,2025-07-03,13,True
ASS0001562,STU00076,MOD00036,CRS005,3,99,100,2025-07-03,43,True
ASS0001563,STU00076,MOD00039,CRS005,1,95,100,2025-08-03,45,False
ASS0001564,STU00076,MOD00075,CRS010,1,46,100,2026-03-20,17,True
ASS0001565,STU00076,MOD00075,CRS010,2,89,100,2026-03-24,27,True
ASS0001566,STU00076,MOD00075,CRS010,3,94,100,2026-03-21,41,False
ASS0001567,STU00076,MOD00078,CRS010,1,49,100,2026-04-29,38,True
ASS0001568,STU00076,MOD00078,CRS010,2,69,100,2026-04-30,47,False
ASS0001569,STU00076,MOD00078,CRS010,3,77,100,2026-04-29,38,True
ASS0001570,STU00077,MOD00019,CRS003,1,63,100,2026-03-20,12,True
ASS0001571,STU00077,MOD00019,CRS003,2,78,100,2026-03-17,19,False
ASS0001572,STU00077,MOD00019,CRS003,3,60,100,2026-03-15,56,True
ASS0001573,STU00077,MOD00090,CRS012,1,65,100,2025-07-29,20,True
ASS0001574,STU00077,MOD00090,CRS012,2,67,100,2025-07-31,46,True
ASS0001575,STU00077,MOD00090,CRS012,3,81,100,2025-08-03,59,True
ASS0001576,STU00077,MOD00091,CRS012,1,60,100,2025-07-08,14,True
ASS0001577,STU00077,MOD00091,CRS012,2,92,100,2025-07-07,57,True
ASS0001578,STU00077,MOD00094,CRS012,1,41,100,2025-09-05,28,True
ASS0001579,STU00077,MOD00094,CRS012,2,35,100,2025-09-07,18,True
ASS0001580,STU00077,MOD00094,CRS012,3,86,100,2025-09-06,19,False
ASS0001581,STU00077,MOD00096,CRS012,1,63,100,2025-08-17,40,True
ASS0001582,STU00077,MOD00065,CRS009,1,82,100,2025-08-12,12,True
ASS0001583,STU00077,MOD00065,CRS009,2,61,100,2025-08-07,31,True
ASS0001584,STU00077,MOD00069,CRS009,1,76,100,2025-06-17,19,True
ASS0001585,STU00077,MOD00069,CRS009,2,31,100,2025-06-15,42,True
ASS0001586,STU00077,MOD00069,CRS009,3,56,100,2025-06-14,42,False
ASS0001587,STU00077,MOD00070,CRS009,1,33,100,2025-07-29,59,True
ASS0001588,STU00077,MOD00070,CRS009,2,42,100,2025-07-30,39,False
ASS0001589,STU00077,MOD00070,CRS009,3,69,100,2025-07-26,60,True
ASS0001590,STU00077,MOD00071,CRS009,1,43,100,2025-06-22,31,True
ASS0001591,STU00077,MOD00071,CRS009,2,49,100,2025-06-20,11,True
ASS0001592,STU00077,MOD00071,CRS009,3,100,100,2025-06-18,18,True
ASS0001593,STU00077,MOD00072,CRS009,1,52,100,2025-06-16,48,True
ASS0001594,STU00077,MOD00072,CRS009,2,81,100,2025-06-16,35,True
ASS0001595,STU00077,MOD00072,CRS009,3,73,100,2025-06-17,16,True
ASS0001596,STU00078,MOD00097,CRS013,1,47,100,2026-01-15,45,True
ASS0001597,STU00078,MOD00097,CRS013,2,94,100,2026-01-17,36,True
ASS0001598,STU00078,MOD00099,CRS013,1,46,100,2025-12-27,19,True
ASS0001599,STU00078,MOD00099,CRS013,2,62,100,2025-12-30,60,True
ASS0001600,STU00078,MOD00101,CRS013,1,46,100,2026-02-19,31,False
ASS0001601,STU00078,MOD00101,CRS013,2,69,100,2026-02-17,27,True
ASS0001602,STU00078,MOD00104,CRS013,1,94,100,2026-01-16,54,True
ASS0001603,STU00079,MOD00106,CRS014,1,48,100,2025-09-20,34,True
ASS0001604,STU00079,MOD00106,CRS014,2,84,100,2025-09-17,29,False
ASS0001605,STU00079,MOD00107,CRS014,1,57,100,2025-09-30,19,True
ASS0001606,STU00079,MOD00107,CRS014,2,72,100,2025-09-30,15,False
ASS0001607,STU00079,MOD00108,CRS014,1,72,100,2025-08-26,16,True
ASS0001608,STU00079,MOD00108,CRS014,2,90,100,2025-08-24,55,False
ASS0001609,STU00079,MOD00109,CRS014,1,36,100,2025-10-13,54,True
ASS0001610,STU00079,MOD00109,CRS014,2,33,100,2025-10-10,35,True
ASS0001611,STU00079,MOD00109,CRS014,3,97,100,2025-10-13,11,True
ASS0001612,STU00079,MOD00110,CRS014,1,69,100,2025-08-20,56,True
ASS0001613,STU00079,MOD00110,CRS014,2,76,100,2025-08-20,21,False
ASS0001614,STU00079,MOD00111,CRS014,1,65,100,2025-08-17,40,True
ASS0001615,STU00079,MOD00111,CRS014,2,96,100,2025-08-19,20,False
ASS0001616,STU00079,MOD00017,CRS003,1,42,100,2025-07-25,60,True
ASS0001617,STU00079,MOD00017,CRS003,2,54,100,2025-07-25,47,False
ASS0001618,STU00079,MOD00022,CRS003,1,46,100,2025-08-30,21,True
ASS0001619,STU00079,MOD00022,CRS003,2,72,100,2025-08-26,29,False
ASS0001620,STU00079,MOD00023,CRS003,1,52,100,2025-06-19,43,True
ASS0001621,STU00079,MOD00023,CRS003,2,54,100,2025-06-20,19,True
ASS0001622,STU00079,MOD00023,CRS003,3,75,100,2025-06-17,17,True
ASS0001623,STU00080,MOD00017,CRS003,1,41,100,2025-10-18,60,True
ASS0001624,STU00080,MOD00017,CRS003,2,79,100,2025-10-19,41,True
ASS0001625,STU00080,MOD00018,CRS003,1,54,100,2025-10-01,45,True
ASS0001626,STU00080,MOD00019,CRS003,1,32,100,2025-07-31,13,True
ASS0001627,STU00080,MOD00019,CRS003,2,67,100,2025-07-31,19,False
ASS0001628,STU00080,MOD00020,CRS003,1,78,100,2025-09-10,28,True
ASS0001629,STU00080,MOD00021,CRS003,1,60,100,2025-10-20,46,True
ASS0001630,STU00080,MOD00021,CRS003,2,54,100,2025-10-15,37,True
ASS0001631,STU00080,MOD00022,CRS003,1,42,100,2025-08-11,54,False
ASS0001632,STU00080,MOD00022,CRS003,2,90,100,2025-08-13,26,False
ASS0001633,STU00080,MOD00024,CRS003,1,56,100,2025-07-25,11,True
ASS0001634,STU00080,MOD00034,CRS005,1,65,100,2025-07-18,24,True
ASS0001635,STU00080,MOD00034,CRS005,2,72,100,2025-07-15,29,True
ASS0001636,STU00080,MOD00034,CRS005,3,58,100,2025-07-14,10,True
ASS0001637,STU00080,MOD00038,CRS005,1,62,100,2025-06-17,24,True
ASS0001638,STU00080,MOD00057,CRS008,1,41,100,2026-03-18,17,True
ASS0001639,STU00080,MOD00057,CRS008,2,64,100,2026-03-16,26,False
ASS0001640,STU00080,MOD00059,CRS008,1,61,100,2026-02-03,36,True
ASS0001641,STU00080,MOD00059,CRS008,2,69,100,2026-01-29,52,True
ASS0001642,STU00080,MOD00060,CRS008,1,58,100,2026-04-03,30,True
ASS0001643,STU00080,MOD00063,CRS008,1,81,100,2026-03-28,36,True
ASS0001644,STU00080,MOD00063,CRS008,2,68,100,2026-03-28,60,False
ASS0001645,STU00080,MOD00129,CRS017,1,84,100,2025-04-22,55,True
ASS0001646,STU00080,MOD00129,CRS017,2,73,100,2025-04-25,26,False
ASS0001647,STU00080,MOD00136,CRS017,1,44,100,2025-06-23,27,True
ASS0001648,STU00080,MOD00136,CRS017,2,95,100,2025-06-23,54,True
ASS0001649,STU00081,MOD00033,CRS005,1,49,100,2025-08-07,35,True
ASS0001650,STU00081,MOD00033,CRS005,2,88,100,2025-08-07,15,True
ASS0001651,STU00081,MOD00123,CRS016,1,55,100,2026-03-07,56,False
ASS0001652,STU00081,MOD00124,CRS016,1,43,100,2026-03-29,32,True
ASS0001653,STU00081,MOD00124,CRS016,2,72,100,2026-03-25,47,True
ASS0001654,STU00081,MOD00125,CRS016,1,60,100,2026-02-23,27,True
ASS0001655,STU00081,MOD00125,CRS016,2,59,100,2026-02-25,35,True
ASS0001656,STU00081,MOD00125,CRS016,3,72,100,2026-02-24,27,True
ASS0001657,STU00081,MOD00126,CRS016,1,57,100,2026-03-26,34,True
ASS0001658,STU00081,MOD00126,CRS016,2,89,100,2026-03-26,26,True
ASS0001659,STU00081,MOD00126,CRS016,3,95,100,2026-03-29,24,True
ASS0001660,STU00081,MOD00127,CRS016,1,62,100,2026-02-28,35,True
ASS0001661,STU00081,MOD00127,CRS016,2,78,100,2026-02-23,27,False
ASS0001662,STU00081,MOD00127,CRS016,3,63,100,2026-02-27,29,True
ASS0001663,STU00081,MOD00128,CRS016,1,60,100,2026-04-20,37,True
ASS0001664,STU00081,MOD00019,CRS003,1,77,100,2025-10-05,22,True
ASS0001665,STU00081,MOD00019,CRS003,2,58,100,2025-10-02,28,True
ASS0001666,STU00082,MOD00033,CRS005,1,74,100,2025-09-05,18,False
ASS0001667,STU00082,MOD00033,CRS005,2,69,100,2025-09-07,16,False
ASS0001668,STU00082,MOD00039,CRS005,1,68,100,2025-09-19,42,True
ASS0001669,STU00082,MOD00097,CRS013,1,90,100,2025-10-05,12,False
ASS0001670,STU00082,MOD00097,CRS013,2,71,100,2025-10-05,16,True
ASS0001671,STU00082,MOD00098,CRS013,1,65,100,2025-08-09,37,True
ASS0001672,STU00082,MOD00098,CRS013,2,34,100,2025-08-08,35,True
ASS0001673,STU00082,MOD00098,CRS013,3,53,100,2025-08-08,48,True
ASS0001674,STU00082,MOD00101,CRS013,1,84,100,2025-10-23,40,True
ASS0001675,STU00082,MOD00103,CRS013,1,43,100,2025-11-01,39,True
ASS0001676,STU00082,MOD00103,CRS013,2,98,100,2025-11-05,12,True
ASS0001677,STU00082,MOD00153,CRS020,1,64,100,2025-10-05,58,True
ASS0001678,STU00082,MOD00153,CRS020,2,55,100,2025-10-06,44,False
ASS0001679,STU00082,MOD00155,CRS020,1,52,100,2025-09-19,47,True
ASS0001680,STU00082,MOD00155,CRS020,2,53,100,2025-09-14,23,True
ASS0001681,STU00082,MOD00156,CRS020,1,87,100,2025-10-09,17,True
ASS0001682,STU00082,MOD00156,CRS020,2,77,100,2025-10-09,12,False
ASS0001683,STU00082,MOD00158,CRS020,1,74,100,2025-09-26,29,True
ASS0001684,STU00082,MOD00158,CRS020,2,76,100,2025-09-29,54,False
ASS0001685,STU00082,MOD00158,CRS020,3,92,100,2025-09-25,45,True
ASS0001686,STU00082,MOD00159,CRS020,1,50,100,2025-09-28,22,True
ASS0001687,STU00082,MOD00159,CRS020,2,36,100,2025-09-27,60,True
ASS0001688,STU00082,MOD00159,CRS020,3,94,100,2025-09-28,33,True
ASS0001689,STU00082,MOD00160,CRS020,1,52,100,2025-10-25,49,True
ASS0001690,STU00082,MOD00160,CRS020,2,53,100,2025-10-25,59,True
ASS0001691,STU00082,MOD00160,CRS020,3,67,100,2025-10-29,48,True
ASS0001692,STU00083,MOD00001,CRS001,1,37,100,2025-06-06,35,True
ASS0001693,STU00083,MOD00001,CRS001,2,70,100,2025-06-08,34,False
ASS0001694,STU00083,MOD00002,CRS001,1,84,100,2025-07-17,16,True
ASS0001695,STU00083,MOD00005,CRS001,1,79,100,2025-05-25,23,False
ASS0001696,STU00083,MOD00005,CRS001,2,85,100,2025-05-25,52,True
ASS0001697,STU00083,MOD00006,CRS001,1,94,100,2025-06-22,22,True
ASS0001698,STU00083,MOD00007,CRS001,1,75,100,2025-07-19,28,True
ASS0001699,STU00083,MOD00044,CRS006,1,75,100,2026-01-15,17,True
ASS0001700,STU00083,MOD00044,CRS006,2,67,100,2026-01-18,14,True
ASS0001701,STU00083,MOD00044,CRS006,3,76,100,2026-01-17,14,True
ASS0001702,STU00083,MOD00115,CRS015,1,37,100,2026-03-23,16,True
ASS0001703,STU00083,MOD00115,CRS015,2,87,100,2026-03-20,45,True
ASS0001704,STU00083,MOD00115,CRS015,3,61,100,2026-03-20,17,False
ASS0001705,STU00083,MOD00116,CRS015,1,45,100,2026-04-28,10,True
ASS0001706,STU00083,MOD00116,CRS015,2,57,100,2026-04-29,23,True
ASS0001707,STU00083,MOD00117,CRS015,1,52,100,2026-04-24,23,True
ASS0001708,STU00083,MOD00117,CRS015,2,70,100,2026-04-19,47,True
ASS0001709,STU00083,MOD00118,CRS015,1,89,100,2026-04-05,24,False
ASS0001710,STU00083,MOD00118,CRS015,2,62,100,2026-04-03,16,False
ASS0001711,STU00083,MOD00119,CRS015,1,62,100,2026-03-21,56,True
ASS0001712,STU00083,MOD00091,CRS012,1,42,100,2026-05-30,55,True
ASS0001713,STU00083,MOD00091,CRS012,2,74,100,2026-05-29,54,True
ASS0001714,STU00083,MOD00092,CRS012,1,88,100,2026-05-02,22,True
ASS0001715,STU00083,MOD00093,CRS012,1,41,100,2026-05-31,31,True
ASS0001716,STU00083,MOD00093,CRS012,2,87,100,2026-05-29,26,False
ASS0001717,STU00083,MOD00094,CRS012,1,30,100,2026-06-24,28,True
ASS0001718,STU00083,MOD00094,CRS012,2,96,100,2026-06-24,54,False
ASS0001719,STU00083,MOD00095,CRS012,1,71,100,2026-06-06,45,True
ASS0001720,STU00083,MOD00096,CRS012,1,65,100,2026-04-28,26,True
ASS0001721,STU00083,MOD00096,CRS012,2,53,100,2026-04-29,49,True
ASS0001722,STU00083,MOD00096,CRS012,3,77,100,2026-04-30,11,True
ASS0001723,STU00083,MOD00050,CRS007,1,63,100,2026-01-16,22,True
ASS0001724,STU00083,MOD00050,CRS007,2,62,100,2026-01-14,25,True
ASS0001725,STU00083,MOD00052,CRS007,1,45,100,2026-02-06,49,True
ASS0001726,STU00083,MOD00052,CRS007,2,34,100,2026-02-06,32,False
ASS0001727,STU00083,MOD00052,CRS007,3,82,100,2026-02-09,53,False
ASS0001728,STU00083,MOD00054,CRS007,1,72,100,2025-12-05,34,True
ASS0001729,STU00083,MOD00054,CRS007,2,84,100,2025-12-06,31,True
ASS0001730,STU00084,MOD00025,CRS004,1,62,100,2025-10-14,25,True
ASS0001731,STU00084,MOD00025,CRS004,2,77,100,2025-10-15,57,True
ASS0001732,STU00084,MOD00028,CRS004,1,59,100,2025-10-06,53,True
ASS0001733,STU00084,MOD00031,CRS004,1,61,100,2025-08-12,10,True
ASS0001734,STU00084,MOD00031,CRS004,2,30,100,2025-08-13,23,False
ASS0001735,STU00084,MOD00031,CRS004,3,94,100,2025-08-11,48,False
ASS0001736,STU00085,MOD00145,CRS019,1,85,100,2026-01-15,46,True
ASS0001737,STU00085,MOD00145,CRS019,2,93,100,2026-01-11,43,True
ASS0001738,STU00085,MOD00146,CRS019,1,80,100,2026-01-11,34,True
ASS0001739,STU00085,MOD00146,CRS019,2,75,100,2026-01-09,22,False
ASS0001740,STU00085,MOD00147,CRS019,1,98,100,2025-12-07,57,True
ASS0001741,STU00085,MOD00149,CRS019,1,41,100,2025-12-22,43,True
ASS0001742,STU00085,MOD00149,CRS019,2,45,100,2025-12-26,44,True
ASS0001743,STU00085,MOD00149,CRS019,3,79,100,2025-12-25,29,True
ASS0001744,STU00085,MOD00150,CRS019,1,57,100,2026-02-18,15,True
ASS0001745,STU00085,MOD00152,CRS019,1,68,100,2026-01-24,55,True
ASS0001746,STU00086,MOD00108,CRS014,1,82,100,2026-03-05,22,True
ASS0001747,STU00086,MOD00108,CRS014,2,44,100,2026-03-06,26,True
ASS0001748,STU00086,MOD00108,CRS014,3,78,100,2026-03-09,42,True
ASS0001749,STU00086,MOD00112,CRS014,1,100,100,2026-04-09,42,False
ASS0001750,STU00086,MOD00082,CRS011,1,86,100,2026-05-03,33,True
ASS0001751,STU00086,MOD00082,CRS011,2,89,100,2026-05-03,10,True
ASS0001752,STU00086,MOD00088,CRS011,1,61,100,2026-03-27,52,True
ASS0001753,STU00086,MOD00036,CRS005,1,49,100,2026-04-05,39,False
ASS0001754,STU00086,MOD00036,CRS005,2,74,100,2026-04-06,44,False
ASS0001755,STU00086,MOD00037,CRS005,1,65,100,2026-03-30,41,True
ASS0001756,STU00086,MOD00038,CRS005,1,89,100,2026-04-29,60,False
ASS0001757,STU00087,MOD00153,CRS020,1,85,100,2025-09-27,28,False
ASS0001758,STU00087,MOD00153,CRS020,2,64,100,2025-09-30,59,False
ASS0001759,STU00087,MOD00156,CRS020,1,64,100,2025-07-11,29,True
ASS0001760,STU00087,MOD00156,CRS020,2,98,100,2025-07-11,25,True
ASS0001761,STU00087,MOD00157,CRS020,1,92,100,2025-09-12,34,False
ASS0001762,STU00087,MOD00158,CRS020,1,74,100,2025-07-26,37,True
ASS0001763,STU00087,MOD00158,CRS020,2,84,100,2025-07-22,19,True
ASS0001764,STU00087,MOD00159,CRS020,1,37,100,2025-08-21,18,True
ASS0001765,STU00087,MOD00159,CRS020,2,48,100,2025-08-22,54,True
ASS0001766,STU00087,MOD00159,CRS020,3,82,100,2025-08-20,52,True
ASS0001767,STU00087,MOD00073,CRS010,1,52,100,2026-04-24,33,True
ASS0001768,STU00087,MOD00073,CRS010,2,95,100,2026-04-21,55,False
ASS0001769,STU00087,MOD00074,CRS010,1,92,100,2026-07-05,51,True
ASS0001770,STU00087,MOD00075,CRS010,1,56,100,2026-04-23,34,True
ASS0001771,STU00087,MOD00075,CRS010,2,67,100,2026-04-26,40,True
ASS0001772,STU00087,MOD00075,CRS010,3,88,100,2026-04-25,43,False
ASS0001773,STU00087,MOD00076,CRS010,1,41,100,2026-06-17,51,True
ASS0001774,STU00087,MOD00076,CRS010,2,48,100,2026-06-19,28,True
ASS0001775,STU00087,MOD00076,CRS010,3,58,100,2026-06-18,41,False
ASS0001776,STU00087,MOD00078,CRS010,1,76,100,2026-04-17,32,True
ASS0001777,STU00087,MOD00078,CRS010,2,35,100,2026-04-17,17,True
ASS0001778,STU00087,MOD00078,CRS010,3,97,100,2026-04-18,26,False
ASS0001779,STU00087,MOD00080,CRS010,1,44,100,2026-05-23,29,True
ASS0001780,STU00087,MOD00080,CRS010,2,73,100,2026-05-23,40,True
ASS0001781,STU00087,MOD00080,CRS010,3,87,100,2026-05-26,17,True
ASS0001782,STU00087,MOD00001,CRS001,1,48,100,2026-04-09,12,True
ASS0001783,STU00087,MOD00001,CRS001,2,79,100,2026-04-11,26,True
ASS0001784,STU00087,MOD00001,CRS001,3,99,100,2026-04-06,10,True
ASS0001785,STU00087,MOD00005,CRS001,1,62,100,2026-02-23,53,True
ASS0001786,STU00087,MOD00006,CRS001,1,37,100,2026-03-03,51,False
ASS0001787,STU00087,MOD00006,CRS001,2,72,100,2026-03-02,44,False
ASS0001788,STU00087,MOD00007,CRS001,1,72,100,2026-02-25,26,True
ASS0001789,STU00087,MOD00007,CRS001,2,46,100,2026-02-24,20,True
ASS0001790,STU00087,MOD00007,CRS001,3,57,100,2026-02-24,42,False
ASS0001791,STU00087,MOD00008,CRS001,1,53,100,2026-04-25,49,False
ASS0001792,STU00087,MOD00008,CRS001,2,61,100,2026-04-23,48,True
ASS0001793,STU00087,MOD00149,CRS019,1,37,100,2026-01-19,16,True
ASS0001794,STU00087,MOD00149,CRS019,2,93,100,2026-01-17,29,True
ASS0001795,STU00087,MOD00152,CRS019,1,88,100,2026-01-26,38,True
ASS0001796,STU00087,MOD00152,CRS019,2,57,100,2026-01-23,57,True
ASS0001797,STU00087,MOD00152,CRS019,3,75,100,2026-01-26,17,True
ASS0001798,STU00087,MOD00049,CRS007,1,100,100,2026-03-20,11,True
ASS0001799,STU00087,MOD00050,CRS007,1,32,100,2026-02-09,20,True
ASS0001800,STU00087,MOD00050,CRS007,2,79,100,2026-02-14,51,True
ASS0001801,STU00087,MOD00051,CRS007,1,73,100,2026-04-02,34,True
ASS0001802,STU00087,MOD00055,CRS007,1,41,100,2026-04-08,56,False
ASS0001803,STU00087,MOD00055,CRS007,2,30,100,2026-04-07,33,True
ASS0001804,STU00087,MOD00055,CRS007,3,57,100,2026-04-07,59,True
ASS0001805,STU00088,MOD00125,CRS016,1,72,100,2025-09-24,49,True
ASS0001806,STU00088,MOD00125,CRS016,2,51,100,2025-09-27,49,True
ASS0001807,STU00088,MOD00125,CRS016,3,93,100,2025-09-24,50,True
ASS0001808,STU00088,MOD00128,CRS016,1,46,100,2025-11-21,19,True
ASS0001809,STU00088,MOD00128,CRS016,2,32,100,2025-11-21,33,True
ASS0001810,STU00088,MOD00128,CRS016,3,86,100,2025-11-20,21,True
ASS0001811,STU00088,MOD00098,CRS013,1,68,100,2025-09-19,60,True
ASS0001812,STU00088,MOD00098,CRS013,2,92,100,2025-09-15,42,True
ASS0001813,STU00088,MOD00099,CRS013,1,79,100,2025-07-06,20,True
ASS0001814,STU00088,MOD00099,CRS013,2,88,100,2025-07-07,49,True
ASS0001815,STU00088,MOD00100,CRS013,1,80,100,2025-09-04,21,True
ASS0001816,STU00088,MOD00100,CRS013,2,90,100,2025-08-31,60,True
ASS0001817,STU00088,MOD00102,CRS013,1,52,100,2025-06-24,30,True
ASS0001818,STU00088,MOD00102,CRS013,2,68,100,2025-06-27,20,False
ASS0001819,STU00089,MOD00017,CRS003,1,48,100,2026-03-13,42,True
ASS0001820,STU00089,MOD00017,CRS003,2,78,100,2026-03-17,60,True
ASS0001821,STU00089,MOD00019,CRS003,1,37,100,2026-03-16,48,True
ASS0001822,STU00089,MOD00019,CRS003,2,72,100,2026-03-12,53,True
ASS0001823,STU00089,MOD00019,CRS003,3,75,100,2026-03-14,25,True
ASS0001824,STU00089,MOD00020,CRS003,1,53,100,2026-01-05,53,True
ASS0001825,STU00089,MOD00020,CRS003,2,59,100,2026-01-10,50,True
ASS0001826,STU00089,MOD00020,CRS003,3,97,100,2026-01-09,19,True
ASS0001827,STU00089,MOD00022,CRS003,1,50,100,2025-12-19,14,True
ASS0001828,STU00089,MOD00129,CRS017,1,88,100,2025-10-19,32,True
ASS0001829,STU00089,MOD00134,CRS017,1,80,100,2025-08-30,22,False
ASS0001830,STU00089,MOD00134,CRS017,2,88,100,2025-08-31,51,False
ASS0001831,STU00089,MOD00001,CRS001,1,84,100,2025-07-17,18,False
ASS0001832,STU00089,MOD00001,CRS001,2,72,100,2025-07-15,37,True
ASS0001833,STU00089,MOD00003,CRS001,1,47,100,2025-08-19,57,True
ASS0001834,STU00089,MOD00003,CRS001,2,63,100,2025-08-20,28,True
ASS0001835,STU00089,MOD00004,CRS001,1,65,100,2025-07-23,11,True
ASS0001836,STU00089,MOD00008,CRS001,1,55,100,2025-08-29,43,True
ASS0001837,STU00089,MOD00008,CRS001,2,92,100,2025-08-25,13,False
ASS0001838,STU00089,MOD00089,CRS012,1,70,100,2026-03-22,39,False
ASS0001839,STU00089,MOD00089,CRS012,2,93,100,2026-03-23,31,True
ASS0001840,STU00089,MOD00091,CRS012,1,88,100,2026-05-28,31,True
ASS0001841,STU00089,MOD00091,CRS012,2,98,100,2026-05-28,44,True
ASS0001842,STU00089,MOD00094,CRS012,1,56,100,2026-04-15,44,True
ASS0001843,STU00089,MOD00094,CRS012,2,41,100,2026-04-16,42,True
ASS0001844,STU00089,MOD00094,CRS012,3,90,100,2026-04-14,34,True
ASS0001845,STU00089,MOD00095,CRS012,1,78,100,2026-05-23,39,True
ASS0001846,STU00089,MOD00081,CRS011,1,33,100,2025-12-17,25,True
ASS0001847,STU00089,MOD00081,CRS011,2,55,100,2025-12-17,58,True
ASS0001848,STU00089,MOD00084,CRS011,1,90,100,2025-11-05,21,True
ASS0001849,STU00089,MOD00084,CRS011,2,58,100,2025-11-09,25,True
ASS0001850,STU00089,MOD00084,CRS011,3,55,100,2025-11-06,15,True
ASS0001851,STU00089,MOD00085,CRS011,1,47,100,2025-10-22,57,True
ASS0001852,STU00089,MOD00085,CRS011,2,66,100,2025-10-24,26,True
ASS0001853,STU00089,MOD00085,CRS011,3,50,100,2025-10-27,48,True
ASS0001854,STU00089,MOD00087,CRS011,1,77,100,2025-12-09,52,True
ASS0001855,STU00089,MOD00088,CRS011,1,94,100,2025-12-17,52,False
ASS0001856,STU00090,MOD00017,CRS003,1,41,100,2025-11-16,30,True
ASS0001857,STU00090,MOD00017,CRS003,2,81,100,2025-11-19,36,False
ASS0001858,STU00090,MOD00017,CRS003,3,56,100,2025-11-19,31,True
ASS0001859,STU00090,MOD00018,CRS003,1,41,100,2025-09-26,50,False
ASS0001860,STU00090,MOD00018,CRS003,2,100,100,2025-09-27,38,True
ASS0001861,STU00090,MOD00020,CRS003,1,76,100,2025-12-14,13,False
ASS0001862,STU00090,MOD00020,CRS003,2,53,100,2025-12-11,14,False
ASS0001863,STU00090,MOD00020,CRS003,3,64,100,2025-12-15,42,True
ASS0001864,STU00090,MOD00023,CRS003,1,88,100,2025-10-19,22,False
ASS0001865,STU00090,MOD00002,CRS001,1,99,100,2025-09-15,50,True
ASS0001866,STU00090,MOD00004,CRS001,1,70,100,2025-09-16,17,True
ASS0001867,STU00090,MOD00004,CRS001,2,58,100,2025-09-20,58,True
ASS0001868,STU00090,MOD00153,CRS020,1,50,100,2026-01-05,45,True
ASS0001869,STU00090,MOD00153,CRS020,2,77,100,2026-01-05,53,True
ASS0001870,STU00090,MOD00155,CRS020,1,97,100,2026-02-11,41,True
ASS0001871,STU00090,MOD00157,CRS020,1,54,100,2026-02-28,10,True
ASS0001872,STU00090,MOD00157,CRS020,2,85,100,2026-03-03,34,True
ASS0001873,STU00090,MOD00146,CRS019,1,77,100,2025-07-19,31,True
ASS0001874,STU00090,MOD00147,CRS019,1,95,100,2025-07-19,28,False
ASS0001875,STU00090,MOD00149,CRS019,1,36,100,2025-09-04,44,True
ASS0001876,STU00090,MOD00149,CRS019,2,61,100,2025-08-31,56,True
ASS0001877,STU00090,MOD00150,CRS019,1,94,100,2025-08-11,16,True
ASS0001878,STU00090,MOD00151,CRS019,1,76,100,2025-07-24,12,True
ASS0001879,STU00090,MOD00151,CRS019,2,89,100,2025-07-26,27,True
ASS0001880,STU00091,MOD00074,CRS010,1,66,100,2026-04-13,30,True
ASS0001881,STU00091,MOD00074,CRS010,2,36,100,2026-04-11,22,True
ASS0001882,STU00091,MOD00074,CRS010,3,59,100,2026-04-12,37,False
ASS0001883,STU00091,MOD00075,CRS010,1,87,100,2026-04-21,32,True
ASS0001884,STU00091,MOD00075,CRS010,2,59,100,2026-04-24,51,True
ASS0001885,STU00091,MOD00076,CRS010,1,54,100,2026-04-16,26,False
ASS0001886,STU00091,MOD00131,CRS017,1,86,100,2026-04-12,16,False
ASS0001887,STU00091,MOD00131,CRS017,2,76,100,2026-04-11,45,True
ASS0001888,STU00091,MOD00132,CRS017,1,74,100,2026-04-14,44,True
ASS0001889,STU00091,MOD00134,CRS017,1,70,100,2026-03-27,21,True
ASS0001890,STU00091,MOD00136,CRS017,1,84,100,2026-04-24,56,True
ASS0001891,STU00091,MOD00106,CRS014,1,56,100,2026-05-18,44,True
ASS0001892,STU00091,MOD00106,CRS014,2,56,100,2026-05-22,55,True
ASS0001893,STU00091,MOD00106,CRS014,3,89,100,2026-05-20,30,True
ASS0001894,STU00091,MOD00108,CRS014,1,62,100,2026-06-05,27,True
ASS0001895,STU00091,MOD00108,CRS014,2,53,100,2026-06-06,23,False
ASS0001896,STU00091,MOD00109,CRS014,1,53,100,2026-05-13,46,True
ASS0001897,STU00091,MOD00109,CRS014,2,67,100,2026-05-13,31,True
ASS0001898,STU00091,MOD00109,CRS014,3,56,100,2026-05-15,50,True
ASS0001899,STU00091,MOD00110,CRS014,1,77,100,2026-04-01,26,True
ASS0001900,STU00091,MOD00110,CRS014,2,79,100,2026-03-30,26,True
ASS0001901,STU00091,MOD00110,CRS014,3,63,100,2026-04-03,39,True
ASS0001902,STU00091,MOD00111,CRS014,1,65,100,2026-05-14,31,True
ASS0001903,STU00091,MOD00111,CRS014,2,84,100,2026-05-12,26,True
ASS0001904,STU00091,MOD00111,CRS014,3,88,100,2026-05-11,56,False
ASS0001905,STU00091,MOD00112,CRS014,1,81,100,2026-03-26,58,True
ASS0001906,STU00091,MOD00112,CRS014,2,33,100,2026-03-24,40,False
ASS0001907,STU00091,MOD00112,CRS014,3,100,100,2026-03-25,51,True
ASS0001908,STU00091,MOD00141,CRS018,1,88,100,2026-04-07,12,True
ASS0001909,STU00091,MOD00141,CRS018,2,93,100,2026-04-11,45,True
ASS0001910,STU00091,MOD00100,CRS013,1,54,100,2026-05-08,42,True
ASS0001911,STU00092,MOD00049,CRS007,1,56,100,2026-04-22,14,False
ASS0001912,STU00092,MOD00049,CRS007,2,82,100,2026-04-26,60,True
ASS0001913,STU00092,MOD00051,CRS007,1,68,100,2026-05-30,16,True
ASS0001914,STU00092,MOD00051,CRS007,2,71,100,2026-06-02,40,True
ASS0001915,STU00092,MOD00051,CRS007,3,53,100,2026-06-03,17,False
ASS0001916,STU00092,MOD00052,CRS007,1,59,100,2026-05-12,42,True
ASS0001917,STU00092,MOD00052,CRS007,2,91,100,2026-05-10,27,True
ASS0001918,STU00092,MOD00053,CRS007,1,46,100,2026-05-26,24,True
ASS0001919,STU00092,MOD00053,CRS007,2,93,100,2026-05-27,32,True
ASS0001920,STU00092,MOD00056,CRS007,1,38,100,2026-06-04,54,False
ASS0001921,STU00092,MOD00056,CRS007,2,86,100,2026-05-30,60,True
ASS0001922,STU00092,MOD00033,CRS005,1,55,100,2025-12-08,46,True
ASS0001923,STU00092,MOD00034,CRS005,1,76,100,2025-11-22,53,True
ASS0001924,STU00092,MOD00034,CRS005,2,58,100,2025-11-24,32,True
ASS0001925,STU00092,MOD00037,CRS005,1,70,100,2026-01-27,14,True
ASS0001926,STU00092,MOD00037,CRS005,2,51,100,2026-01-26,15,True
ASS0001927,STU00092,MOD00037,CRS005,3,77,100,2026-01-27,53,False
ASS0001928,STU00092,MOD00039,CRS005,1,50,100,2026-01-11,42,True
ASS0001929,STU00092,MOD00040,CRS005,1,63,100,2025-12-09,40,True
ASS0001930,STU00092,MOD00040,CRS005,2,56,100,2025-12-12,57,True
ASS0001931,STU00092,MOD00040,CRS005,3,56,100,2025-12-12,25,True
ASS0001932,STU00092,MOD00138,CRS018,1,40,100,2025-09-06,21,True
ASS0001933,STU00092,MOD00138,CRS018,2,73,100,2025-09-05,37,True
ASS0001934,STU00092,MOD00139,CRS018,1,76,100,2025-08-29,22,False
ASS0001935,STU00092,MOD00139,CRS018,2,83,100,2025-09-01,46,True
ASS0001936,STU00092,MOD00139,CRS018,3,72,100,2025-09-01,44,True
ASS0001937,STU00092,MOD00140,CRS018,1,96,100,2025-09-23,56,True
ASS0001938,STU00092,MOD00142,CRS018,1,59,100,2025-09-21,36,True
ASS0001939,STU00092,MOD00143,CRS018,1,87,100,2025-10-01,48,True
ASS0001940,STU00092,MOD00144,CRS018,1,65,100,2025-09-04,40,True
ASS0001941,STU00092,MOD00081,CRS011,1,55,100,2025-07-29,10,True
ASS0001942,STU00092,MOD00082,CRS011,1,70,100,2025-09-22,22,True
ASS0001943,STU00092,MOD00083,CRS011,1,72,100,2025-08-02,47,True
ASS0001944,STU00092,MOD00083,CRS011,2,63,100,2025-08-02,44,True
ASS0001945,STU00092,MOD00084,CRS011,1,94,100,2025-07-24,52,False
ASS0001946,STU00092,MOD00086,CRS011,1,48,100,2025-07-10,27,False
ASS0001947,STU00092,MOD00086,CRS011,2,72,100,2025-07-14,41,True
ASS0001948,STU00092,MOD00086,CRS011,3,77,100,2025-07-11,18,True
ASS0001949,STU00092,MOD00088,CRS011,1,59,100,2025-07-15,43,True
ASS0001950,STU00092,MOD00088,CRS011,2,35,100,2025-07-19,43,True
ASS0001951,STU00092,MOD00088,CRS011,3,59,100,2025-07-19,58,True
ASS0001952,STU00093,MOD00061,CRS008,1,78,100,2025-07-21,59,True
ASS0001953,STU00093,MOD00064,CRS008,1,32,100,2025-08-26,52,True
ASS0001954,STU00093,MOD00064,CRS008,2,66,100,2025-08-26,30,True
ASS0001955,STU00093,MOD00064,CRS008,3,92,100,2025-08-23,53,True
ASS0001956,STU00093,MOD00015,CRS002,1,79,100,2025-10-23,26,False
ASS0001957,STU00093,MOD00015,CRS002,2,73,100,2025-10-22,54,True
ASS0001958,STU00093,MOD00154,CRS020,1,56,100,2025-09-23,55,True
ASS0001959,STU00093,MOD00154,CRS020,2,80,100,2025-09-22,25,False
ASS0001960,STU00093,MOD00155,CRS020,1,86,100,2025-09-23,47,True
ASS0001961,STU00093,MOD00155,CRS020,2,74,100,2025-09-25,41,True
ASS0001962,STU00093,MOD00160,CRS020,1,61,100,2025-08-22,50,True
ASS0001963,STU00093,MOD00020,CRS003,1,98,100,2025-12-14,18,True
ASS0001964,STU00094,MOD00025,CRS004,1,31,100,2025-11-15,39,False
ASS0001965,STU00094,MOD00025,CRS004,2,39,100,2025-11-17,35,True
ASS0001966,STU00094,MOD00025,CRS004,3,77,100,2025-11-16,48,True
ASS0001967,STU00094,MOD00026,CRS004,1,87,100,2025-11-11,43,True
ASS0001968,STU00094,MOD00026,CRS004,2,79,100,2025-11-09,21,True
ASS0001969,STU00094,MOD00026,CRS004,3,64,100,2025-11-12,20,True
ASS0001970,STU00094,MOD00027,CRS004,1,85,100,2025-10-12,51,True
ASS0001971,STU00094,MOD00027,CRS004,2,40,100,2025-10-09,44,True
ASS0001972,STU00094,MOD00027,CRS004,3,97,100,2025-10-07,28,True
ASS0001973,STU00094,MOD00031,CRS004,1,82,100,2025-08-31,50,True
ASS0001974,STU00094,MOD00031,CRS004,2,90,100,2025-08-26,52,True
ASS0001975,STU00094,MOD00032,CRS004,1,63,100,2025-10-21,31,True
ASS0001976,STU00094,MOD00032,CRS004,2,68,100,2025-10-21,60,True
ASS0001977,STU00094,MOD00032,CRS004,3,59,100,2025-10-25,49,False
ASS0001978,STU00094,MOD00004,CRS001,1,82,100,2025-08-04,24,True
ASS0001979,STU00094,MOD00004,CRS001,2,76,100,2025-08-09,27,True
ASS0001980,STU00094,MOD00004,CRS001,3,58,100,2025-08-09,40,True
ASS0001981,STU00094,MOD00005,CRS001,1,43,100,2025-09-14,54,True
ASS0001982,STU00094,MOD00005,CRS001,2,99,100,2025-09-14,36,True
ASS0001983,STU00094,MOD00006,CRS001,1,77,100,2025-07-03,28,True
ASS0001984,STU00094,MOD00006,CRS001,2,76,100,2025-07-02,26,False
ASS0001985,STU00094,MOD00007,CRS001,1,73,100,2025-09-09,28,False
ASS0001986,STU00094,MOD00007,CRS001,2,75,100,2025-09-13,15,True
ASS0001987,STU00094,MOD00008,CRS001,1,72,100,2025-08-01,56,True
ASS0001988,STU00094,MOD00008,CRS001,2,54,100,2025-08-04,16,True
ASS0001989,STU00094,MOD00008,CRS001,3,53,100,2025-08-06,13,True
ASS0001990,STU00095,MOD00124,CRS016,1,78,100,2025-07-25,11,True
ASS0001991,STU00095,MOD00125,CRS016,1,47,100,2025-05-31,17,False
ASS0001992,STU00095,MOD00125,CRS016,2,97,100,2025-06-01,37,True
ASS0001993,STU00095,MOD00128,CRS016,1,31,100,2025-08-16,53,True
ASS0001994,STU00095,MOD00128,CRS016,2,82,100,2025-08-18,54,True
ASS0001995,STU00095,MOD00090,CRS012,1,56,100,2026-04-10,10,True
ASS0001996,STU00095,MOD00090,CRS012,2,58,100,2026-04-09,45,True
ASS0001997,STU00095,MOD00091,CRS012,1,36,100,2026-05-17,41,False
ASS0001998,STU00095,MOD00091,CRS012,2,62,100,2026-05-18,42,False
ASS0001999,STU00095,MOD00091,CRS012,3,78,100,2026-05-21,27,False
ASS0002000,STU00095,MOD00092,CRS012,1,80,100,2026-04-24,25,False
ASS0002001,STU00095,MOD00093,CRS012,1,90,100,2026-02-22,38,True
ASS0002002,STU00095,MOD00093,CRS012,2,39,100,2026-02-26,34,True
ASS0002003,STU00095,MOD00093,CRS012,3,77,100,2026-02-24,38,True
ASS0002004,STU00095,MOD00095,CRS012,1,69,100,2026-04-20,43,True
ASS0002005,STU00095,MOD00095,CRS012,2,100,100,2026-04-19,13,False
ASS0002006,STU00095,MOD00096,CRS012,1,50,100,2026-03-03,12,False
ASS0002007,STU00095,MOD00096,CRS012,2,63,100,2026-03-06,60,True
ASS0002008,STU00095,MOD00096,CRS012,3,70,100,2026-03-06,46,False
ASS0002009,STU00096,MOD00041,CRS006,1,48,100,2026-04-05,34,True
ASS0002010,STU00096,MOD00041,CRS006,2,34,100,2026-04-07,41,True
ASS0002011,STU00096,MOD00041,CRS006,3,87,100,2026-04-09,17,False
ASS0002012,STU00096,MOD00042,CRS006,1,34,100,2026-03-24,48,True
ASS0002013,STU00096,MOD00042,CRS006,2,59,100,2026-03-26,15,True
ASS0002014,STU00096,MOD00045,CRS006,1,82,100,2026-04-10,40,False
ASS0002015,STU00096,MOD00046,CRS006,1,67,100,2026-03-31,42,True
ASS0002016,STU00096,MOD00046,CRS006,2,84,100,2026-03-29,55,True
ASS0002017,STU00096,MOD00046,CRS006,3,80,100,2026-04-02,11,False
ASS0002018,STU00096,MOD00048,CRS006,1,46,100,2026-04-05,51,True
ASS0002019,STU00096,MOD00048,CRS006,2,66,100,2026-04-06,15,True
ASS0002020,STU00096,MOD00033,CRS005,1,58,100,2026-05-20,30,True
ASS0002021,STU00096,MOD00036,CRS005,1,94,100,2026-02-22,55,True
ASS0002022,STU00096,MOD00037,CRS005,1,66,100,2026-05-02,15,True
ASS0002023,STU00096,MOD00038,CRS005,1,52,100,2026-03-06,53,True
ASS0002024,STU00096,MOD00040,CRS005,1,86,100,2026-05-23,33,True
ASS0002025,STU00096,MOD00040,CRS005,2,75,100,2026-05-20,17,True
ASS0002026,STU00097,MOD00002,CRS001,1,45,100,2025-12-30,51,True
ASS0002027,STU00097,MOD00002,CRS001,2,88,100,2025-12-30,25,False
ASS0002028,STU00097,MOD00003,CRS001,1,65,100,2026-01-29,44,True
ASS0002029,STU00097,MOD00003,CRS001,2,94,100,2026-01-26,20,True
ASS0002030,STU00097,MOD00006,CRS001,1,67,100,2026-01-28,34,False
ASS0002031,STU00097,MOD00007,CRS001,1,54,100,2026-03-03,37,True
ASS0002032,STU00098,MOD00067,CRS009,1,34,100,2025-11-20,32,True
ASS0002033,STU00098,MOD00067,CRS009,2,62,100,2025-11-24,60,True
ASS0002034,STU00098,MOD00067,CRS009,3,55,100,2025-11-20,49,True
ASS0002035,STU00098,MOD00068,CRS009,1,39,100,2025-12-11,54,True
ASS0002036,STU00098,MOD00068,CRS009,2,57,100,2025-12-13,22,True
ASS0002037,STU00098,MOD00068,CRS009,3,74,100,2025-12-15,29,True
ASS0002038,STU00098,MOD00071,CRS009,1,92,100,2025-12-03,45,False
ASS0002039,STU00098,MOD00129,CRS017,1,60,100,2025-10-05,33,False
ASS0002040,STU00098,MOD00129,CRS017,2,44,100,2025-10-06,29,True
ASS0002041,STU00098,MOD00129,CRS017,3,95,100,2025-10-08,34,True
ASS0002042,STU00098,MOD00130,CRS017,1,61,100,2025-11-07,14,True
ASS0002043,STU00098,MOD00132,CRS017,1,98,100,2025-09-18,52,True
ASS0002044,STU00098,MOD00133,CRS017,1,86,100,2025-11-24,43,True
ASS0002045,STU00098,MOD00133,CRS017,2,93,100,2025-11-24,18,True
ASS0002046,STU00098,MOD00134,CRS017,1,70,100,2025-09-16,20,False
ASS0002047,STU00098,MOD00136,CRS017,1,55,100,2025-09-06,60,True
ASS0002048,STU00098,MOD00020,CRS003,1,45,100,2025-12-22,44,True
ASS0002049,STU00098,MOD00020,CRS003,2,43,100,2025-12-23,12,True
ASS0002050,STU00098,MOD00020,CRS003,3,74,100,2025-12-23,60,True
ASS0002051,STU00098,MOD00022,CRS003,1,40,100,2026-01-04,47,True
ASS0002052,STU00098,MOD00022,CRS003,2,68,100,2026-01-03,32,True
ASS0002053,STU00098,MOD00022,CRS003,3,64,100,2026-01-05,57,True
ASS0002054,STU00098,MOD00023,CRS003,1,57,100,2025-11-18,57,True
ASS0002055,STU00098,MOD00023,CRS003,2,90,100,2025-11-21,51,False
ASS0002056,STU00098,MOD00024,CRS003,1,85,100,2025-12-26,29,True
ASS0002057,STU00098,MOD00153,CRS020,1,52,100,2025-10-24,18,True
ASS0002058,STU00098,MOD00154,CRS020,1,68,100,2025-12-10,57,False
ASS0002059,STU00098,MOD00154,CRS020,2,62,100,2025-12-09,34,True
ASS0002060,STU00098,MOD00156,CRS020,1,49,100,2025-10-13,15,True
ASS0002061,STU00098,MOD00156,CRS020,2,45,100,2025-10-18,47,True
ASS0002062,STU00098,MOD00156,CRS020,3,66,100,2025-10-13,30,True
ASS0002063,STU00098,MOD00157,CRS020,1,95,100,2026-01-03,33,True
ASS0002064,STU00099,MOD00010,CRS002,1,85,100,2026-06-15,55,True
ASS0002065,STU00099,MOD00010,CRS002,2,58,100,2026-06-18,42,True
ASS0002066,STU00099,MOD00012,CRS002,1,66,100,2026-07-05,25,True
ASS0002067,STU00099,MOD00013,CRS002,1,77,100,2026-05-11,19,True
ASS0002068,STU00099,MOD00013,CRS002,2,70,100,2026-05-08,59,True
ASS0002069,STU00099,MOD00014,CRS002,1,65,100,2026-04-28,57,True
ASS0002070,STU00099,MOD00015,CRS002,1,43,100,2026-06-30,32,True
ASS0002071,STU00099,MOD00015,CRS002,2,36,100,2026-06-25,24,False
ASS0002072,STU00099,MOD00015,CRS002,3,54,100,2026-06-30,52,True
ASS0002073,STU00099,MOD00016,CRS002,1,45,100,2026-04-30,18,True
ASS0002074,STU00099,MOD00016,CRS002,2,74,100,2026-04-30,40,True
ASS0002075,STU00099,MOD00016,CRS002,3,94,100,2026-04-29,13,True
ASS0002076,STU00099,MOD00122,CRS016,1,97,100,2026-04-27,23,True
ASS0002077,STU00099,MOD00125,CRS016,1,76,100,2026-05-25,21,True
ASS0002078,STU00099,MOD00125,CRS016,2,59,100,2026-05-30,17,False
ASS0002079,STU00099,MOD00041,CRS006,1,83,100,2026-06-18,11,True
ASS0002080,STU00099,MOD00042,CRS006,1,43,100,2026-05-28,56,False
ASS0002081,STU00099,MOD00042,CRS006,2,62,100,2026-05-30,47,True
ASS0002082,STU00099,MOD00042,CRS006,3,63,100,2026-06-01,23,False
ASS0002083,STU00099,MOD00044,CRS006,1,71,100,2026-04-09,22,True
ASS0002084,STU00099,MOD00044,CRS006,2,81,100,2026-04-04,48,False
ASS0002085,STU00099,MOD00044,CRS006,3,90,100,2026-04-04,48,True
ASS0002086,STU00099,MOD00047,CRS006,1,82,100,2026-06-29,20,False
ASS0002087,STU00099,MOD00047,CRS006,2,98,100,2026-06-25,19,True
ASS0002088,STU00100,MOD00028,CRS004,1,56,100,2025-12-10,52,True
ASS0002089,STU00100,MOD00028,CRS004,2,62,100,2025-12-10,17,True
ASS0002090,STU00100,MOD00028,CRS004,3,57,100,2025-12-13,25,True
ASS0002091,STU00100,MOD00060,CRS008,1,89,100,2025-08-15,43,True
ASS0002092,STU00100,MOD00060,CRS008,2,61,100,2025-08-16,25,True
ASS0002093,STU00100,MOD00063,CRS008,1,75,100,2025-06-14,10,True
ASS0002094,STU00100,MOD00063,CRS008,2,64,100,2025-06-14,59,True
ASS0002095,STU00100,MOD00063,CRS008,3,81,100,2025-06-13,47,True
ASS0002096,STU00100,MOD00130,CRS017,1,32,100,2025-11-29,36,True
ASS0002097,STU00100,MOD00130,CRS017,2,61,100,2025-11-28,13,True
ASS0002098,STU00100,MOD00130,CRS017,3,67,100,2025-11-30,36,True
ASS0002099,STU00100,MOD00134,CRS017,1,40,100,2025-12-23,51,True
ASS0002100,STU00100,MOD00134,CRS017,2,86,100,2025-12-20,56,True
ASS0002101,STU00100,MOD00135,CRS017,1,54,100,2025-11-26,42,True
ASS0002102,STU00100,MOD00135,CRS017,2,31,100,2025-11-23,56,True
ASS0002103,STU00100,MOD00135,CRS017,3,87,100,2025-11-27,53,True
ASS0002104,STU00100,MOD00136,CRS017,1,31,100,2025-12-25,46,False
ASS0002105,STU00100,MOD00136,CRS017,2,81,100,2025-12-24,26,False
ASS0002106,STU00100,MOD00005,CRS001,1,90,100,2025-07-12,45,True
ASS0002107,STU00100,MOD00007,CRS001,1,32,100,2025-06-12,29,True
ASS0002108,STU00100,MOD00007,CRS001,2,54,100,2025-06-08,46,True
ASS0002109,STU00100,MOD00007,CRS001,3,99,100,2025-06-11,35,True
ASS0002110,STU00100,MOD00013,CRS002,1,73,100,2026-04-29,58,False
ASS0002111,STU00100,MOD00013,CRS002,2,51,100,2026-04-29,35,True
ASS0002112,STU00100,MOD00013,CRS002,3,98,100,2026-04-29,34,True
ASS0002113,STU00101,MOD00137,CRS018,1,63,100,2026-03-19,16,True
ASS0002114,STU00101,MOD00137,CRS018,2,33,100,2026-03-23,27,True
ASS0002115,STU00101,MOD00137,CRS018,3,66,100,2026-03-22,27,True
ASS0002116,STU00101,MOD00138,CRS018,1,76,100,2026-03-05,46,True
ASS0002117,STU00101,MOD00139,CRS018,1,78,100,2026-05-04,36,True
ASS0002118,STU00101,MOD00139,CRS018,2,43,100,2026-05-03,32,True
ASS0002119,STU00101,MOD00139,CRS018,3,78,100,2026-05-05,42,True
ASS0002120,STU00101,MOD00140,CRS018,1,54,100,2026-03-17,32,True
ASS0002121,STU00101,MOD00141,CRS018,1,56,100,2026-05-06,55,True
ASS0002122,STU00101,MOD00141,CRS018,2,69,100,2026-05-01,37,True
ASS0002123,STU00102,MOD00059,CRS008,1,63,100,2025-08-26,27,True
ASS0002124,STU00102,MOD00059,CRS008,2,53,100,2025-08-27,54,True
ASS0002125,STU00102,MOD00061,CRS008,1,52,100,2025-07-07,17,False
ASS0002126,STU00102,MOD00061,CRS008,2,60,100,2025-07-10,34,False
ASS0002127,STU00102,MOD00061,CRS008,3,56,100,2025-07-08,10,True
ASS0002128,STU00102,MOD00064,CRS008,1,92,100,2025-07-13,50,True
ASS0002129,STU00102,MOD00082,CRS011,1,56,100,2025-11-05,34,True
ASS0002130,STU00102,MOD00082,CRS011,2,63,100,2025-11-03,32,True
ASS0002131,STU00102,MOD00082,CRS011,3,61,100,2025-11-01,60,True
ASS0002132,STU00102,MOD00083,CRS011,1,88,100,2025-11-05,29,True
ASS0002133,STU00102,MOD00086,CRS011,1,77,100,2025-11-08,57,True
ASS0002134,STU00102,MOD00159,CRS020,1,62,100,2025-05-31,44,True
ASS0002135,STU00102,MOD00159,CRS020,2,74,100,2025-05-28,53,True
ASS0002136,STU00102,MOD00159,CRS020,3,96,100,2025-06-02,44,False
ASS0002137,STU00102,MOD00105,CRS014,1,48,100,2025-11-08,38,True
ASS0002138,STU00102,MOD00105,CRS014,2,70,100,2025-11-07,35,True
ASS0002139,STU00102,MOD00106,CRS014,1,77,100,2026-01-18,23,True
ASS0002140,STU00102,MOD00107,CRS014,1,68,100,2026-01-19,53,False
ASS0002141,STU00102,MOD00107,CRS014,2,90,100,2026-01-24,42,True
ASS0002142,STU00102,MOD00110,CRS014,1,60,100,2025-12-05,51,True
ASS0002143,STU00102,MOD00110,CRS014,2,33,100,2025-12-05,37,True
ASS0002144,STU00102,MOD00110,CRS014,3,89,100,2025-12-01,58,False
ASS0002145,STU00102,MOD00111,CRS014,1,59,100,2025-11-16,37,True
ASS0002146,STU00102,MOD00111,CRS014,2,66,100,2025-11-17,22,True
ASS0002147,STU00102,MOD00112,CRS014,1,86,100,2026-01-16,53,True
ASS0002148,STU00103,MOD00129,CRS017,1,70,100,2026-04-15,31,True
ASS0002149,STU00103,MOD00130,CRS017,1,57,100,2026-03-06,53,True
ASS0002150,STU00103,MOD00131,CRS017,1,62,100,2026-03-03,24,True
ASS0002151,STU00103,MOD00132,CRS017,1,99,100,2026-02-23,56,False
ASS0002152,STU00103,MOD00133,CRS017,1,61,100,2026-02-26,28,True
ASS0002153,STU00103,MOD00133,CRS017,2,90,100,2026-02-28,54,True
ASS0002154,STU00103,MOD00133,CRS017,3,56,100,2026-02-27,42,True
ASS0002155,STU00103,MOD00134,CRS017,1,97,100,2026-05-04,11,True
ASS0002156,STU00103,MOD00135,CRS017,1,75,100,2026-04-10,53,False
ASS0002157,STU00104,MOD00043,CRS006,1,71,100,2026-02-02,43,True
ASS0002158,STU00104,MOD00044,CRS006,1,74,100,2026-01-14,20,True
ASS0002159,STU00104,MOD00045,CRS006,1,52,100,2026-02-05,54,True
ASS0002160,STU00104,MOD00046,CRS006,1,84,100,2026-02-21,50,True
ASS0002161,STU00104,MOD00046,CRS006,2,60,100,2026-02-23,42,True
ASS0002162,STU00104,MOD00046,CRS006,3,85,100,2026-02-24,36,False
ASS0002163,STU00104,MOD00047,CRS006,1,73,100,2026-01-23,18,False
ASS0002164,STU00105,MOD00009,CRS002,1,74,100,2025-10-29,15,True
ASS0002165,STU00105,MOD00009,CRS002,2,56,100,2025-10-26,42,True
ASS0002166,STU00105,MOD00009,CRS002,3,80,100,2025-10-28,35,True
ASS0002167,STU00105,MOD00012,CRS002,1,49,100,2026-01-14,15,True
ASS0002168,STU00105,MOD00012,CRS002,2,62,100,2026-01-10,15,True
ASS0002169,STU00105,MOD00012,CRS002,3,86,100,2026-01-11,55,True
ASS0002170,STU00105,MOD00099,CRS013,1,46,100,2026-02-23,45,False
ASS0002171,STU00105,MOD00099,CRS013,2,82,100,2026-02-19,54,False
ASS0002172,STU00105,MOD00099,CRS013,3,79,100,2026-02-23,51,True
ASS0002173,STU00105,MOD00100,CRS013,1,86,100,2026-03-11,59,True
ASS0002174,STU00105,MOD00100,CRS013,2,78,100,2026-03-11,47,True
ASS0002175,STU00105,MOD00100,CRS013,3,83,100,2026-03-10,57,True
ASS0002176,STU00105,MOD00101,CRS013,1,78,100,2026-01-08,39,True
ASS0002177,STU00105,MOD00101,CRS013,2,74,100,2026-01-08,27,True
ASS0002178,STU00105,MOD00101,CRS013,3,100,100,2026-01-05,26,True
ASS0002179,STU00105,MOD00103,CRS013,1,73,100,2026-01-21,56,False
ASS0002180,STU00105,MOD00104,CRS013,1,81,100,2025-12-29,43,True
ASS0002181,STU00105,MOD00104,CRS013,2,70,100,2025-12-30,58,True
ASS0002182,STU00105,MOD00104,CRS013,3,70,100,2026-01-01,40,True
ASS0002183,STU00105,MOD00019,CRS003,1,48,100,2025-08-23,39,False
ASS0002184,STU00105,MOD00019,CRS003,2,69,100,2025-08-20,60,True
ASS0002185,STU00105,MOD00114,CRS015,1,78,100,2025-11-11,53,True
ASS0002186,STU00105,MOD00115,CRS015,1,68,100,2025-10-10,17,True
ASS0002187,STU00105,MOD00115,CRS015,2,91,100,2025-10-07,44,False
ASS0002188,STU00105,MOD00116,CRS015,1,34,100,2025-11-04,25,True
ASS0002189,STU00105,MOD00116,CRS015,2,77,100,2025-11-02,42,False
ASS0002190,STU00105,MOD00117,CRS015,1,39,100,2025-09-18,16,True
ASS0002191,STU00105,MOD00117,CRS015,2,52,100,2025-09-21,58,True
ASS0002192,STU00105,MOD00117,CRS015,3,64,100,2025-09-20,25,True
ASS0002193,STU00105,MOD00119,CRS015,1,67,100,2025-09-08,38,True
ASS0002194,STU00105,MOD00119,CRS015,2,74,100,2025-09-11,27,True
ASS0002195,STU00105,MOD00119,CRS015,3,56,100,2025-09-09,54,True
ASS0002196,STU00105,MOD00120,CRS015,1,64,100,2025-09-23,15,True
ASS0002197,STU00105,MOD00120,CRS015,2,55,100,2025-09-24,22,False
ASS0002198,STU00105,MOD00120,CRS015,3,65,100,2025-09-24,46,True
ASS0002199,STU00105,MOD00076,CRS010,1,75,100,2025-12-19,18,True
ASS0002200,STU00105,MOD00077,CRS010,1,58,100,2026-01-08,58,True
ASS0002201,STU00105,MOD00077,CRS010,2,66,100,2026-01-05,42,True
ASS0002202,STU00105,MOD00078,CRS010,1,50,100,2025-11-29,19,False
ASS0002203,STU00105,MOD00079,CRS010,1,100,100,2025-11-20,48,True
ASS0002204,STU00105,MOD00080,CRS010,1,67,100,2025-12-22,43,True
ASS0002205,STU00105,MOD00080,CRS010,2,71,100,2025-12-24,36,True
ASS0002206,STU00106,MOD00145,CRS019,1,54,100,2025-08-28,46,True
ASS0002207,STU00106,MOD00147,CRS019,1,56,100,2025-10-08,34,True
ASS0002208,STU00106,MOD00147,CRS019,2,58,100,2025-10-09,23,True
ASS0002209,STU00106,MOD00147,CRS019,3,86,100,2025-10-08,21,True
ASS0002210,STU00106,MOD00148,CRS019,1,73,100,2025-10-21,34,True
ASS0002211,STU00106,MOD00148,CRS019,2,75,100,2025-10-22,59,True
ASS0002212,STU00106,MOD00148,CRS019,3,81,100,2025-10-18,43,True
ASS0002213,STU00106,MOD00150,CRS019,1,95,100,2025-09-09,41,True
ASS0002214,STU00106,MOD00074,CRS010,1,89,100,2026-04-15,48,True
ASS0002215,STU00106,MOD00074,CRS010,2,41,100,2026-04-19,41,True
ASS0002216,STU00106,MOD00074,CRS010,3,96,100,2026-04-15,42,True
ASS0002217,STU00106,MOD00075,CRS010,1,45,100,2026-04-07,14,False
ASS0002218,STU00106,MOD00075,CRS010,2,36,100,2026-04-10,35,False
ASS0002219,STU00106,MOD00075,CRS010,3,67,100,2026-04-11,42,True
ASS0002220,STU00106,MOD00076,CRS010,1,55,100,2026-03-27,31,True
ASS0002221,STU00106,MOD00077,CRS010,1,39,100,2026-06-01,55,True
ASS0002222,STU00106,MOD00077,CRS010,2,46,100,2026-06-03,40,True
ASS0002223,STU00106,MOD00077,CRS010,3,66,100,2026-06-04,36,True
ASS0002224,STU00106,MOD00079,CRS010,1,96,100,2026-04-29,21,False
ASS0002225,STU00106,MOD00080,CRS010,1,88,100,2026-05-24,31,False
ASS0002226,STU00106,MOD00080,CRS010,2,53,100,2026-05-27,51,True
ASS0002227,STU00106,MOD00080,CRS010,3,79,100,2026-05-24,43,True
ASS0002228,STU00106,MOD00057,CRS008,1,48,100,2025-11-05,45,False
ASS0002229,STU00106,MOD00057,CRS008,2,78,100,2025-11-07,46,True
ASS0002230,STU00106,MOD00057,CRS008,3,66,100,2025-11-06,28,True
ASS0002231,STU00106,MOD00058,CRS008,1,51,100,2025-09-07,44,True
ASS0002232,STU00106,MOD00059,CRS008,1,39,100,2025-11-21,29,True
ASS0002233,STU00106,MOD00059,CRS008,2,72,100,2025-11-19,16,True
ASS0002234,STU00106,MOD00059,CRS008,3,61,100,2025-11-17,28,True
ASS0002235,STU00106,MOD00061,CRS008,1,62,100,2025-09-14,42,False
ASS0002236,STU00106,MOD00061,CRS008,2,80,100,2025-09-19,25,True
ASS0002237,STU00106,MOD00061,CRS008,3,79,100,2025-09-18,52,True
ASS0002238,STU00106,MOD00062,CRS008,1,40,100,2025-11-06,45,True
ASS0002239,STU00106,MOD00062,CRS008,2,82,100,2025-11-10,60,True
ASS0002240,STU00106,MOD00062,CRS008,3,100,100,2025-11-06,35,True
ASS0002241,STU00106,MOD00063,CRS008,1,50,100,2025-10-16,24,True
ASS0002242,STU00106,MOD00063,CRS008,2,93,100,2025-10-17,24,True
ASS0002243,STU00107,MOD00137,CRS018,1,50,100,2025-12-19,21,False
ASS0002244,STU00107,MOD00137,CRS018,2,50,100,2025-12-16,18,False
ASS0002245,STU00107,MOD00138,CRS018,1,80,100,2025-11-16,53,True
ASS0002246,STU00107,MOD00138,CRS018,2,90,100,2025-11-20,31,True
ASS0002247,STU00107,MOD00139,CRS018,1,61,100,2025-10-12,19,True
ASS0002248,STU00107,MOD00143,CRS018,1,71,100,2025-10-29,24,True
ASS0002249,STU00107,MOD00143,CRS018,2,91,100,2025-10-24,15,True
ASS0002250,STU00107,MOD00061,CRS008,1,84,100,2026-03-22,39,True
ASS0002251,STU00107,MOD00061,CRS008,2,86,100,2026-03-23,13,True
ASS0002252,STU00107,MOD00061,CRS008,3,84,100,2026-03-21,10,True
ASS0002253,STU00108,MOD00057,CRS008,1,56,100,2025-06-15,19,True
ASS0002254,STU00108,MOD00057,CRS008,2,82,100,2025-06-16,45,True
ASS0002255,STU00108,MOD00057,CRS008,3,70,100,2025-06-15,12,True
ASS0002256,STU00108,MOD00061,CRS008,1,67,100,2025-08-03,21,True
ASS0002257,STU00108,MOD00061,CRS008,2,85,100,2025-08-04,12,True
ASS0002258,STU00108,MOD00061,CRS008,3,95,100,2025-07-30,43,False
ASS0002259,STU00108,MOD00062,CRS008,1,38,100,2025-07-16,27,True
ASS0002260,STU00108,MOD00062,CRS008,2,80,100,2025-07-13,47,False
ASS0002261,STU00108,MOD00062,CRS008,3,64,100,2025-07-18,50,True
ASS0002262,STU00108,MOD00063,CRS008,1,50,100,2025-07-29,33,True
ASS0002263,STU00108,MOD00064,CRS008,1,81,100,2025-08-02,13,True
ASS0002264,STU00108,MOD00064,CRS008,2,37,100,2025-08-01,22,True
ASS0002265,STU00108,MOD00064,CRS008,3,66,100,2025-08-05,58,True
ASS0002266,STU00109,MOD00086,CRS011,1,36,100,2026-04-19,16,False
ASS0002267,STU00109,MOD00086,CRS011,2,82,100,2026-04-20,21,True
ASS0002268,STU00110,MOD00080,CRS010,1,37,100,2026-01-30,52,True
ASS0002269,STU00110,MOD00080,CRS010,2,60,100,2026-01-26,56,True
ASS0002270,STU00110,MOD00026,CRS004,1,33,100,2025-12-19,11,False
ASS0002271,STU00110,MOD00026,CRS004,2,65,100,2025-12-18,22,True
ASS0002272,STU00110,MOD00028,CRS004,1,96,100,2026-01-16,23,True
ASS0002273,STU00110,MOD00029,CRS004,1,70,100,2026-01-22,18,True
ASS0002274,STU00110,MOD00029,CRS004,2,64,100,2026-01-25,42,False
ASS0002275,STU00110,MOD00029,CRS004,3,68,100,2026-01-26,41,True
ASS0002276,STU00110,MOD00030,CRS004,1,32,100,2026-01-24,18,False
ASS0002277,STU00110,MOD00030,CRS004,2,95,100,2026-01-23,60,True
ASS0002278,STU00110,MOD00031,CRS004,1,75,100,2026-02-05,13,True
ASS0002279,STU00110,MOD00049,CRS007,1,88,100,2026-04-13,31,True
ASS0002280,STU00110,MOD00051,CRS007,1,39,100,2026-04-26,10,True
ASS0002281,STU00110,MOD00051,CRS007,2,69,100,2026-04-23,42,True
ASS0002282,STU00110,MOD00051,CRS007,3,69,100,2026-04-21,60,True
ASS0002283,STU00110,MOD00054,CRS007,1,64,100,2026-06-05,28,True
ASS0002284,STU00110,MOD00054,CRS007,2,85,100,2026-06-04,50,True
ASS0002285,STU00110,MOD00054,CRS007,3,57,100,2026-05-31,51,True
ASS0002286,STU00110,MOD00130,CRS017,1,49,100,2026-01-03,55,False
ASS0002287,STU00110,MOD00130,CRS017,2,69,100,2026-01-04,39,True
ASS0002288,STU00110,MOD00130,CRS017,3,100,100,2026-01-04,15,True
ASS0002289,STU00110,MOD00132,CRS017,1,45,100,2026-01-29,52,False
ASS0002290,STU00110,MOD00132,CRS017,2,88,100,2026-01-24,57,True
ASS0002291,STU00111,MOD00066,CRS009,1,56,100,2025-10-07,27,True
ASS0002292,STU00111,MOD00067,CRS009,1,37,100,2025-09-20,54,True
ASS0002293,STU00111,MOD00067,CRS009,2,33,100,2025-09-23,52,True
ASS0002294,STU00111,MOD00067,CRS009,3,57,100,2025-09-23,29,True
ASS0002295,STU00111,MOD00068,CRS009,1,63,100,2025-10-07,11,True
ASS0002296,STU00111,MOD00068,CRS009,2,46,100,2025-10-03,32,True
ASS0002297,STU00111,MOD00068,CRS009,3,59,100,2025-10-03,50,False
ASS0002298,STU00111,MOD00070,CRS009,1,31,100,2025-10-17,45,True
ASS0002299,STU00111,MOD00070,CRS009,2,70,100,2025-10-20,55,True
ASS0002300,STU00111,MOD00070,CRS009,3,62,100,2025-10-18,59,True
ASS0002301,STU00111,MOD00018,CRS003,1,91,100,2026-02-08,52,True
ASS0002302,STU00111,MOD00020,CRS003,1,89,100,2026-03-04,18,True
ASS0002303,STU00111,MOD00023,CRS003,1,76,100,2026-01-10,18,False
ASS0002304,STU00111,MOD00023,CRS003,2,77,100,2026-01-10,30,True
ASS0002305,STU00111,MOD00023,CRS003,3,72,100,2026-01-12,54,True
ASS0002306,STU00112,MOD00107,CRS014,1,69,100,2026-04-14,16,True
ASS0002307,STU00112,MOD00107,CRS014,2,77,100,2026-04-16,14,False
ASS0002308,STU00112,MOD00108,CRS014,1,82,100,2026-03-21,29,True
ASS0002309,STU00112,MOD00108,CRS014,2,95,100,2026-03-25,16,True
ASS0002310,STU00112,MOD00110,CRS014,1,72,100,2026-04-25,38,False
ASS0002311,STU00112,MOD00089,CRS012,1,81,100,2025-08-28,25,True
ASS0002312,STU00112,MOD00089,CRS012,2,97,100,2025-08-28,29,True
ASS0002313,STU00112,MOD00090,CRS012,1,67,100,2025-08-17,12,True
ASS0002314,STU00112,MOD00090,CRS012,2,72,100,2025-08-19,11,True
ASS0002315,STU00112,MOD00090,CRS012,3,85,100,2025-08-17,45,True
ASS0002316,STU00112,MOD00091,CRS012,1,65,100,2025-08-27,17,True
ASS0002317,STU00112,MOD00091,CRS012,2,61,100,2025-08-30,55,True
ASS0002318,STU00112,MOD00093,CRS012,1,94,100,2025-08-25,44,True
ASS0002319,STU00112,MOD00114,CRS015,1,48,100,2025-05-07,27,False
ASS0002320,STU00112,MOD00114,CRS015,2,59,100,2025-05-04,58,False
ASS0002321,STU00112,MOD00118,CRS015,1,85,100,2025-07-17,60,True
ASS0002322,STU00112,MOD00118,CRS015,2,92,100,2025-07-18,30,True
ASS0002323,STU00112,MOD00017,CRS003,1,56,100,2025-07-07,60,True
ASS0002324,STU00112,MOD00020,CRS003,1,71,100,2025-05-13,20,True
ASS0002325,STU00112,MOD00020,CRS003,2,81,100,2025-05-10,26,True
ASS0002326,STU00112,MOD00020,CRS003,3,57,100,2025-05-10,58,False
ASS0002327,STU00112,MOD00022,CRS003,1,30,100,2025-05-21,31,True
ASS0002328,STU00112,MOD00022,CRS003,2,97,100,2025-05-19,44,True
ASS0002329,STU00112,MOD00028,CRS004,1,58,100,2025-08-19,14,True
ASS0002330,STU00112,MOD00028,CRS004,2,87,100,2025-08-20,12,True
ASS0002331,STU00112,MOD00028,CRS004,3,92,100,2025-08-18,37,True
ASS0002332,STU00112,MOD00031,CRS004,1,79,100,2025-08-22,53,False
ASS0002333,STU00112,MOD00031,CRS004,2,83,100,2025-08-22,19,True
ASS0002334,STU00112,MOD00031,CRS004,3,57,100,2025-08-24,35,True
ASS0002335,STU00113,MOD00059,CRS008,1,36,100,2026-04-30,25,True
ASS0002336,STU00113,MOD00059,CRS008,2,47,100,2026-04-30,24,True
ASS0002337,STU00113,MOD00059,CRS008,3,84,100,2026-04-30,23,False
ASS0002338,STU00113,MOD00062,CRS008,1,70,100,2026-06-06,36,True
ASS0002339,STU00113,MOD00062,CRS008,2,59,100,2026-06-03,42,True
ASS0002340,STU00113,MOD00062,CRS008,3,62,100,2026-06-06,17,False
ASS0002341,STU00113,MOD00063,CRS008,1,41,100,2026-06-10,42,True
ASS0002342,STU00113,MOD00063,CRS008,2,74,100,2026-06-09,12,True
ASS0002343,STU00113,MOD00063,CRS008,3,73,100,2026-06-07,26,True
ASS0002344,STU00113,MOD00073,CRS010,1,63,100,2026-06-06,22,True
ASS0002345,STU00113,MOD00073,CRS010,2,46,100,2026-06-06,31,True
ASS0002346,STU00113,MOD00073,CRS010,3,72,100,2026-06-03,32,True
ASS0002347,STU00113,MOD00075,CRS010,1,82,100,2026-05-15,15,True
ASS0002348,STU00113,MOD00075,CRS010,2,82,100,2026-05-14,57,True
ASS0002349,STU00113,MOD00075,CRS010,3,94,100,2026-05-16,59,True
ASS0002350,STU00114,MOD00156,CRS020,1,90,100,2026-03-28,26,True
ASS0002351,STU00114,MOD00156,CRS020,2,98,100,2026-03-23,52,True
ASS0002352,STU00114,MOD00160,CRS020,1,49,100,2026-03-02,54,True
ASS0002353,STU00114,MOD00160,CRS020,2,76,100,2026-03-06,58,True
ASS0002354,STU00114,MOD00160,CRS020,3,51,100,2026-03-03,33,True
ASS0002355,STU00114,MOD00114,CRS015,1,53,100,2026-02-03,48,False
ASS0002356,STU00114,MOD00114,CRS015,2,61,100,2026-02-01,23,False
ASS0002357,STU00114,MOD00066,CRS009,1,78,100,2026-01-09,46,True
ASS0002358,STU00114,MOD00067,CRS009,1,48,100,2025-11-26,18,True
ASS0002359,STU00114,MOD00067,CRS009,2,83,100,2025-11-24,25,False
ASS0002360,STU00114,MOD00067,CRS009,3,89,100,2025-11-23,46,True
ASS0002361,STU00114,MOD00069,CRS009,1,62,100,2025-11-25,28,False
ASS0002362,STU00114,MOD00069,CRS009,2,58,100,2025-11-24,36,True
ASS0002363,STU00114,MOD00069,CRS009,3,64,100,2025-11-28,27,True
ASS0002364,STU00114,MOD00071,CRS009,1,82,100,2026-01-24,31,False
ASS0002365,STU00114,MOD00071,CRS009,2,86,100,2026-01-27,38,True
ASS0002366,STU00114,MOD00072,CRS009,1,73,100,2025-12-27,55,True
ASS0002367,STU00114,MOD00072,CRS009,2,34,100,2025-12-27,22,True
ASS0002368,STU00114,MOD00072,CRS009,3,85,100,2025-12-29,42,True
ASS0002369,STU00115,MOD00033,CRS005,1,50,100,2025-10-20,31,True
ASS0002370,STU00115,MOD00034,CRS005,1,78,100,2025-12-10,32,False
ASS0002371,STU00115,MOD00034,CRS005,2,40,100,2025-12-11,17,True
ASS0002372,STU00115,MOD00034,CRS005,3,87,100,2025-12-06,28,True
ASS0002373,STU00115,MOD00037,CRS005,1,65,100,2026-01-15,15,True
ASS0002374,STU00115,MOD00038,CRS005,1,53,100,2025-12-05,34,True
ASS0002375,STU00115,MOD00038,CRS005,2,90,100,2025-12-04,24,False
ASS0002376,STU00116,MOD00113,CRS015,1,93,100,2026-02-26,53,True
ASS0002377,STU00116,MOD00114,CRS015,1,70,100,2026-03-27,12,False
ASS0002378,STU00116,MOD00117,CRS015,1,55,100,2026-03-12,10,True
ASS0002379,STU00116,MOD00117,CRS015,2,92,100,2026-03-09,33,True
ASS0002380,STU00116,MOD00119,CRS015,1,75,100,2026-02-12,46,True
ASS0002381,STU00116,MOD00119,CRS015,2,55,100,2026-02-13,34,True
ASS0002382,STU00116,MOD00120,CRS015,1,43,100,2026-02-24,49,False
ASS0002383,STU00116,MOD00120,CRS015,2,94,100,2026-02-22,22,True
ASS0002384,STU00116,MOD00083,CRS011,1,83,100,2026-03-17,34,False
ASS0002385,STU00116,MOD00083,CRS011,2,53,100,2026-03-18,39,True
ASS0002386,STU00116,MOD00083,CRS011,3,94,100,2026-03-21,52,True
ASS0002387,STU00116,MOD00106,CRS014,1,77,100,2026-03-15,36,True
ASS0002388,STU00116,MOD00108,CRS014,1,78,100,2026-04-04,39,True
ASS0002389,STU00116,MOD00108,CRS014,2,69,100,2026-04-06,35,True
ASS0002390,STU00116,MOD00109,CRS014,1,74,100,2026-02-22,31,True
ASS0002391,STU00116,MOD00112,CRS014,1,37,100,2026-02-20,17,False
ASS0002392,STU00116,MOD00112,CRS014,2,53,100,2026-02-20,46,True
ASS0002393,STU00116,MOD00025,CRS004,1,66,100,2026-03-11,48,True
ASS0002394,STU00116,MOD00025,CRS004,2,89,100,2026-03-13,27,True
ASS0002395,STU00116,MOD00029,CRS004,1,56,100,2026-04-25,24,True
ASS0002396,STU00116,MOD00029,CRS004,2,48,100,2026-04-25,37,True
ASS0002397,STU00116,MOD00029,CRS004,3,61,100,2026-04-22,30,False
ASS0002398,STU00117,MOD00026,CRS004,1,56,100,2025-09-12,55,True
ASS0002399,STU00117,MOD00026,CRS004,2,63,100,2025-09-10,48,True
ASS0002400,STU00117,MOD00032,CRS004,1,58,100,2025-11-23,50,True
ASS0002401,STU00117,MOD00032,CRS004,2,54,100,2025-11-23,57,True
ASS0002402,STU00117,MOD00021,CRS003,1,94,100,2025-08-13,36,True
ASS0002403,STU00117,MOD00024,CRS003,1,57,100,2025-05-23,40,True
ASS0002404,STU00117,MOD00041,CRS006,1,60,100,2025-12-23,59,True
ASS0002405,STU00117,MOD00041,CRS006,2,52,100,2025-12-24,23,True
ASS0002406,STU00117,MOD00043,CRS006,1,51,100,2026-02-19,23,True
ASS0002407,STU00117,MOD00043,CRS006,2,89,100,2026-02-15,54,True
ASS0002408,STU00117,MOD00043,CRS006,3,56,100,2026-02-16,53,True
ASS0002409,STU00117,MOD00044,CRS006,1,72,100,2026-01-30,29,True
ASS0002410,STU00117,MOD00044,CRS006,2,76,100,2026-01-28,50,True
ASS0002411,STU00117,MOD00044,CRS006,3,53,100,2026-01-27,53,True
ASS0002412,STU00117,MOD00045,CRS006,1,82,100,2026-01-08,34,True
ASS0002413,STU00118,MOD00009,CRS002,1,80,100,2026-05-21,34,False
ASS0002414,STU00118,MOD00009,CRS002,2,63,100,2026-05-19,33,True
ASS0002415,STU00118,MOD00009,CRS002,3,75,100,2026-05-22,37,False
ASS0002416,STU00118,MOD00011,CRS002,1,74,100,2026-05-04,52,True
ASS0002417,STU00118,MOD00012,CRS002,1,38,100,2026-03-14,59,True
ASS0002418,STU00118,MOD00012,CRS002,2,75,100,2026-03-17,19,True
ASS0002419,STU00118,MOD00015,CRS002,1,89,100,2026-05-19,19,False
ASS0002420,STU00118,MOD00084,CRS011,1,44,100,2026-04-02,34,True
ASS0002421,STU00118,MOD00084,CRS011,2,71,100,2026-04-02,36,True
ASS0002422,STU00118,MOD00085,CRS011,1,88,100,2026-03-08,34,True
ASS0002423,STU00118,MOD00086,CRS011,1,81,100,2026-04-28,41,True
ASS0002424,STU00118,MOD00087,CRS011,1,78,100,2026-03-30,60,True
ASS0002425,STU00118,MOD00087,CRS011,2,62,100,2026-03-28,33,True
ASS0002426,STU00118,MOD00034,CRS005,1,56,100,2026-03-26,26,True
ASS0002427,STU00118,MOD00034,CRS005,2,94,100,2026-03-23,36,True
ASS0002428,STU00118,MOD00037,CRS005,1,81,100,2026-03-17,40,True
ASS0002429,STU00118,MOD00037,CRS005,2,37,100,2026-03-19,26,False
ASS0002430,STU00118,MOD00037,CRS005,3,60,100,2026-03-21,35,False
ASS0002431,STU00118,MOD00038,CRS005,1,72,100,2026-04-25,18,True
ASS0002432,STU00118,MOD00038,CRS005,2,46,100,2026-04-26,55,True
ASS0002433,STU00118,MOD00038,CRS005,3,71,100,2026-04-25,38,True
ASS0002434,STU00118,MOD00040,CRS005,1,74,100,2026-04-22,48,False
ASS0002435,STU00118,MOD00040,CRS005,2,79,100,2026-04-21,27,True
ASS0002436,STU00118,MOD00021,CRS003,1,88,100,2026-04-23,37,False
ASS0002437,STU00118,MOD00021,CRS003,2,49,100,2026-04-20,50,False
ASS0002438,STU00118,MOD00021,CRS003,3,51,100,2026-04-20,48,True
ASS0002439,STU00118,MOD00023,CRS003,1,60,100,2026-04-29,14,True
ASS0002440,STU00118,MOD00023,CRS003,2,45,100,2026-05-02,43,True
ASS0002441,STU00118,MOD00023,CRS003,3,98,100,2026-05-03,41,False
ASS0002442,STU00118,MOD00024,CRS003,1,90,100,2026-04-18,57,False
ASS0002443,STU00119,MOD00001,CRS001,1,55,100,2026-04-20,40,False
ASS0002444,STU00119,MOD00001,CRS001,2,71,100,2026-04-22,25,True
ASS0002445,STU00119,MOD00005,CRS001,1,32,100,2026-04-18,59,True
ASS0002446,STU00119,MOD00005,CRS001,2,35,100,2026-04-18,44,True
ASS0002447,STU00119,MOD00005,CRS001,3,84,100,2026-04-17,34,False
ASS0002448,STU00119,MOD00097,CRS013,1,66,100,2026-03-07,54,True
ASS0002449,STU00119,MOD00097,CRS013,2,69,100,2026-03-06,45,True
ASS0002450,STU00119,MOD00101,CRS013,1,56,100,2026-02-25,46,False
ASS0002451,STU00119,MOD00101,CRS013,2,54,100,2026-03-02,22,False
ASS0002452,STU00119,MOD00102,CRS013,1,83,100,2026-05-08,38,True
ASS0002453,STU00119,MOD00102,CRS013,2,63,100,2026-05-09,23,True
ASS0002454,STU00119,MOD00102,CRS013,3,94,100,2026-05-07,58,False
ASS0002455,STU00119,MOD00103,CRS013,1,33,100,2026-03-21,59,True
ASS0002456,STU00119,MOD00103,CRS013,2,56,100,2026-03-20,14,True
ASS0002457,STU00119,MOD00104,CRS013,1,70,100,2026-03-30,53,False
ASS0002458,STU00119,MOD00104,CRS013,2,62,100,2026-04-04,35,True
ASS0002459,STU00120,MOD00059,CRS008,1,48,100,2025-10-23,32,True
ASS0002460,STU00120,MOD00059,CRS008,2,86,100,2025-10-24,15,True
ASS0002461,STU00120,MOD00064,CRS008,1,68,100,2025-10-03,60,False
ASS0002462,STU00120,MOD00028,CRS004,1,65,100,2025-08-20,30,True
ASS0002463,STU00120,MOD00028,CRS004,2,60,100,2025-08-18,53,True
ASS0002464,STU00120,MOD00028,CRS004,3,83,100,2025-08-15,55,True
ASS0002465,STU00120,MOD00115,CRS015,1,63,100,2026-05-24,26,True
ASS0002466,STU00120,MOD00115,CRS015,2,96,100,2026-05-29,20,True
ASS0002467,STU00120,MOD00117,CRS015,1,45,100,2026-05-07,39,False
ASS0002468,STU00120,MOD00117,CRS015,2,82,100,2026-05-10,44,True
ASS0002469,STU00120,MOD00117,CRS015,3,88,100,2026-05-10,39,True
ASS0002470,STU00120,MOD00118,CRS015,1,44,100,2026-06-17,52,True
ASS0002471,STU00120,MOD00118,CRS015,2,78,100,2026-06-17,53,True
ASS0002472,STU00120,MOD00118,CRS015,3,71,100,2026-06-15,57,True
ASS0002473,STU00120,MOD00119,CRS015,1,31,100,2026-04-13,57,True
ASS0002474,STU00120,MOD00119,CRS015,2,88,100,2026-04-14,51,False
ASS0002475,STU00120,MOD00119,CRS015,3,57,100,2026-04-11,57,True
ASS0002476,STU00120,MOD00120,CRS015,1,38,100,2026-04-29,14,True
ASS0002477,STU00120,MOD00120,CRS015,2,67,100,2026-04-27,32,True
ASS0002478,STU00120,MOD00150,CRS019,1,58,100,2025-10-22,43,True
ASS0002479,STU00120,MOD00150,CRS019,2,83,100,2025-10-25,33,True
ASS0002480,STU00120,MOD00150,CRS019,3,90,100,2025-10-24,37,True
ASS0002481,STU00120,MOD00151,CRS019,1,43,100,2025-11-09,32,False
ASS0002482,STU00120,MOD00151,CRS019,2,58,100,2025-11-05,15,True
ASS0002483,STU00120,MOD00034,CRS005,1,78,100,2025-09-14,47,True
ASS0002484,STU00120,MOD00040,CRS005,1,55,100,2025-11-03,25,True
ASS0002485,STU00121,MOD00089,CRS012,1,85,100,2025-08-29,35,True
ASS0002486,STU00121,MOD00093,CRS012,1,45,100,2025-10-22,46,True
ASS0002487,STU00121,MOD00093,CRS012,2,70,100,2025-10-23,38,False
ASS0002488,STU00121,MOD00093,CRS012,3,96,100,2025-10-20,50,False
ASS0002489,STU00121,MOD00094,CRS012,1,71,100,2025-08-15,12,True
ASS0002490,STU00121,MOD00018,CRS003,1,67,100,2026-06-25,17,True
ASS0002491,STU00121,MOD00019,CRS003,1,89,100,2026-04-27,22,True
ASS0002492,STU00121,MOD00020,CRS003,1,55,100,2026-05-26,17,True
ASS0002493,STU00121,MOD00020,CRS003,2,66,100,2026-05-26,25,True
ASS0002494,STU00121,MOD00145,CRS019,1,35,100,2025-11-17,11,True
ASS0002495,STU00121,MOD00145,CRS019,2,81,100,2025-11-16,49,False
ASS0002496,STU00121,MOD00147,CRS019,1,64,100,2025-09-25,44,True
ASS0002497,STU00121,MOD00148,CRS019,1,74,100,2025-10-18,21,True
ASS0002498,STU00121,MOD00150,CRS019,1,58,100,2025-09-21,60,True
ASS0002499,STU00121,MOD00150,CRS019,2,72,100,2025-09-18,38,False
ASS0002500,STU00121,MOD00150,CRS019,3,59,100,2025-09-20,33,True
ASS0002501,STU00121,MOD00152,CRS019,1,81,100,2025-09-03,30,True
ASS0002502,STU00121,MOD00152,CRS019,2,64,100,2025-09-08,53,False
ASS0002503,STU00122,MOD00018,CRS003,1,55,100,2026-03-26,47,True
ASS0002504,STU00122,MOD00018,CRS003,2,53,100,2026-03-28,11,False
ASS0002505,STU00122,MOD00020,CRS003,1,66,100,2026-04-09,12,True
ASS0002506,STU00122,MOD00020,CRS003,2,66,100,2026-04-09,39,True
ASS0002507,STU00122,MOD00020,CRS003,3,66,100,2026-04-11,51,True
ASS0002508,STU00122,MOD00024,CRS003,1,79,100,2026-02-26,27,True
ASS0002509,STU00122,MOD00024,CRS003,2,90,100,2026-02-22,41,False
ASS0002510,STU00122,MOD00024,CRS003,3,76,100,2026-02-22,53,False
ASS0002511,STU00122,MOD00084,CRS011,1,86,100,2026-02-09,51,True
ASS0002512,STU00122,MOD00084,CRS011,2,63,100,2026-02-13,34,False
ASS0002513,STU00122,MOD00085,CRS011,1,73,100,2026-01-16,11,True
ASS0002514,STU00122,MOD00085,CRS011,2,94,100,2026-01-11,15,True
ASS0002515,STU00123,MOD00046,CRS006,1,40,100,2026-01-19,14,True
ASS0002516,STU00123,MOD00046,CRS006,2,42,100,2026-01-20,24,True
ASS0002517,STU00123,MOD00046,CRS006,3,81,100,2026-01-19,37,True
ASS0002518,STU00124,MOD00099,CRS013,1,58,100,2026-01-22,12,True
ASS0002519,STU00124,MOD00099,CRS013,2,55,100,2026-01-20,48,False
ASS0002520,STU00124,MOD00100,CRS013,1,71,100,2025-12-22,23,True
ASS0002521,STU00124,MOD00104,CRS013,1,47,100,2026-01-31,12,True
ASS0002522,STU00124,MOD00104,CRS013,2,39,100,2026-01-28,56,True
ASS0002523,STU00124,MOD00104,CRS013,3,71,100,2026-01-27,43,True
ASS0002524,STU00124,MOD00122,CRS016,1,67,100,2025-12-09,28,True
ASS0002525,STU00124,MOD00124,CRS016,1,82,100,2026-01-07,50,False
ASS0002526,STU00124,MOD00124,CRS016,2,92,100,2026-01-04,43,True
ASS0002527,STU00124,MOD00126,CRS016,1,77,100,2025-11-27,47,True
ASS0002528,STU00124,MOD00126,CRS016,2,34,100,2025-11-28,29,True
ASS0002529,STU00124,MOD00126,CRS016,3,65,100,2025-11-23,34,True
ASS0002530,STU00124,MOD00127,CRS016,1,52,100,2025-11-20,38,True
ASS0002531,STU00124,MOD00127,CRS016,2,42,100,2025-11-19,53,True
ASS0002532,STU00124,MOD00127,CRS016,3,74,100,2025-11-21,40,True
ASS0002533,STU00124,MOD00002,CRS001,1,55,100,2025-12-14,18,True
ASS0002534,STU00124,MOD00002,CRS001,2,43,100,2025-12-18,11,True
ASS0002535,STU00124,MOD00002,CRS001,3,81,100,2025-12-17,40,False
ASS0002536,STU00124,MOD00006,CRS001,1,82,100,2025-11-12,60,True
ASS0002537,STU00124,MOD00008,CRS001,1,84,100,2025-11-19,27,True
ASS0002538,STU00124,MOD00008,CRS001,2,82,100,2025-11-17,31,False
ASS0002539,STU00124,MOD00155,CRS020,1,63,100,2026-01-28,33,True
ASS0002540,STU00124,MOD00155,CRS020,2,58,100,2026-01-29,28,True
ASS0002541,STU00124,MOD00155,CRS020,3,97,100,2026-01-27,59,True
ASS0002542,STU00124,MOD00158,CRS020,1,40,100,2026-03-26,25,True
ASS0002543,STU00124,MOD00158,CRS020,2,90,100,2026-03-26,44,True
ASS0002544,STU00124,MOD00159,CRS020,1,46,100,2026-03-20,16,False
ASS0002545,STU00124,MOD00159,CRS020,2,67,100,2026-03-19,24,True
ASS0002546,STU00124,MOD00159,CRS020,3,52,100,2026-03-19,59,True
ASS0002547,STU00125,MOD00113,CRS015,1,80,100,2026-05-08,47,True
ASS0002548,STU00125,MOD00113,CRS015,2,76,100,2026-05-09,57,True
ASS0002549,STU00125,MOD00113,CRS015,3,87,100,2026-05-07,24,False
ASS0002550,STU00125,MOD00114,CRS015,1,83,100,2026-05-27,13,True
ASS0002551,STU00125,MOD00115,CRS015,1,99,100,2026-03-15,39,True
ASS0002552,STU00125,MOD00116,CRS015,1,90,100,2026-06-07,46,True
ASS0002553,STU00125,MOD00116,CRS015,2,72,100,2026-06-03,56,True
ASS0002554,STU00125,MOD00116,CRS015,3,85,100,2026-06-06,59,True
ASS0002555,STU00125,MOD00117,CRS015,1,78,100,2026-06-02,60,False
ASS0002556,STU00125,MOD00117,CRS015,2,51,100,2026-05-31,26,True
ASS0002557,STU00125,MOD00119,CRS015,1,32,100,2026-04-14,42,True
ASS0002558,STU00125,MOD00119,CRS015,2,88,100,2026-04-15,58,True
ASS0002559,STU00125,MOD00120,CRS015,1,77,100,2026-04-29,50,True
ASS0002560,STU00125,MOD00120,CRS015,2,69,100,2026-04-28,22,True
ASS0002561,STU00125,MOD00033,CRS005,1,100,100,2025-08-04,51,False
ASS0002562,STU00125,MOD00034,CRS005,1,53,100,2025-09-26,36,True
ASS0002563,STU00125,MOD00034,CRS005,2,46,100,2025-09-24,60,True
ASS0002564,STU00125,MOD00034,CRS005,3,55,100,2025-09-22,34,True
ASS0002565,STU00125,MOD00035,CRS005,1,32,100,2025-08-25,59,True
ASS0002566,STU00125,MOD00035,CRS005,2,89,100,2025-08-24,51,True
ASS0002567,STU00125,MOD00035,CRS005,3,85,100,2025-08-27,32,True
ASS0002568,STU00125,MOD00037,CRS005,1,81,100,2025-09-26,29,True
ASS0002569,STU00125,MOD00037,CRS005,2,52,100,2025-09-30,47,True
ASS0002570,STU00125,MOD00037,CRS005,3,73,100,2025-09-27,21,True
ASS0002571,STU00125,MOD00038,CRS005,1,36,100,2025-10-04,44,False
ASS0002572,STU00125,MOD00038,CRS005,2,65,100,2025-10-03,26,True
ASS0002573,STU00125,MOD00038,CRS005,3,86,100,2025-10-05,16,True
ASS0002574,STU00125,MOD00039,CRS005,1,66,100,2025-08-01,16,True
ASS0002575,STU00125,MOD00039,CRS005,2,75,100,2025-08-02,32,True
ASS0002576,STU00125,MOD00039,CRS005,3,80,100,2025-07-30,59,True
ASS0002577,STU00125,MOD00040,CRS005,1,81,100,2025-08-23,56,True
ASS0002578,STU00125,MOD00040,CRS005,2,74,100,2025-08-27,45,True
ASS0002579,STU00125,MOD00011,CRS002,1,74,100,2026-06-02,56,True
ASS0002580,STU00125,MOD00012,CRS002,1,66,100,2026-05-17,52,True
ASS0002581,STU00125,MOD00013,CRS002,1,73,100,2026-04-04,58,True
ASS0002582,STU00125,MOD00013,CRS002,2,90,100,2026-04-02,55,False
ASS0002583,STU00125,MOD00013,CRS002,3,51,100,2026-04-05,35,True
ASS0002584,STU00125,MOD00016,CRS002,1,58,100,2026-05-03,21,True
ASS0002585,STU00126,MOD00106,CRS014,1,43,100,2026-02-04,21,True
ASS0002586,STU00126,MOD00106,CRS014,2,71,100,2026-01-30,53,True
ASS0002587,STU00126,MOD00107,CRS014,1,64,100,2025-11-12,36,True
ASS0002588,STU00126,MOD00107,CRS014,2,64,100,2025-11-15,40,True
ASS0002589,STU00126,MOD00108,CRS014,1,56,100,2025-11-13,39,True
ASS0002590,STU00126,MOD00108,CRS014,2,77,100,2025-11-16,24,False
ASS0002591,STU00126,MOD00109,CRS014,1,57,100,2025-11-10,53,True
ASS0002592,STU00126,MOD00111,CRS014,1,67,100,2025-12-30,45,True
ASS0002593,STU00126,MOD00112,CRS014,1,72,100,2026-01-01,40,True
ASS0002594,STU00126,MOD00124,CRS016,1,62,100,2026-03-12,26,True
ASS0002595,STU00126,MOD00124,CRS016,2,75,100,2026-03-14,44,True
ASS0002596,STU00126,MOD00124,CRS016,3,72,100,2026-03-14,48,True
ASS0002597,STU00126,MOD00125,CRS016,1,62,100,2026-02-06,54,True
ASS0002598,STU00126,MOD00125,CRS016,2,80,100,2026-02-02,36,False
ASS0002599,STU00126,MOD00126,CRS016,1,67,100,2026-02-20,13,True
ASS0002600,STU00126,MOD00126,CRS016,2,39,100,2026-02-24,41,False
ASS0002601,STU00126,MOD00126,CRS016,3,51,100,2026-02-23,47,True
ASS0002602,STU00126,MOD00127,CRS016,1,60,100,2026-02-19,24,True
ASS0002603,STU00126,MOD00128,CRS016,1,62,100,2026-01-24,27,True
ASS0002604,STU00126,MOD00128,CRS016,2,75,100,2026-01-23,19,True
ASS0002605,STU00126,MOD00128,CRS016,3,100,100,2026-01-23,18,True
ASS0002606,STU00126,MOD00011,CRS002,1,94,100,2026-04-28,30,True
ASS0002607,STU00126,MOD00014,CRS002,1,75,100,2026-05-16,16,False
ASS0002608,STU00126,MOD00014,CRS002,2,57,100,2026-05-20,32,True
ASS0002609,STU00126,MOD00014,CRS002,3,74,100,2026-05-16,49,True
ASS0002610,STU00126,MOD00016,CRS002,1,90,100,2026-05-20,42,True
ASS0002611,STU00126,MOD00016,CRS002,2,54,100,2026-05-20,27,True
ASS0002612,STU00127,MOD00058,CRS008,1,58,100,2025-11-28,17,True
ASS0002613,STU00127,MOD00058,CRS008,2,62,100,2025-12-01,54,True
ASS0002614,STU00127,MOD00059,CRS008,1,42,100,2025-11-17,13,True
ASS0002615,STU00127,MOD00059,CRS008,2,80,100,2025-11-18,19,True
ASS0002616,STU00127,MOD00059,CRS008,3,97,100,2025-11-18,42,True
ASS0002617,STU00127,MOD00060,CRS008,1,86,100,2026-01-07,15,True
ASS0002618,STU00127,MOD00060,CRS008,2,97,100,2026-01-03,14,True
ASS0002619,STU00127,MOD00061,CRS008,1,85,100,2026-02-05,53,True
ASS0002620,STU00127,MOD00062,CRS008,1,79,100,2026-02-09,53,True
ASS0002621,STU00127,MOD00062,CRS008,2,52,100,2026-02-13,37,True
ASS0002622,STU00127,MOD00064,CRS008,1,82,100,2025-11-26,52,True
ASS0002623,STU00127,MOD00064,CRS008,2,86,100,2025-11-25,31,True
ASS0002624,STU00127,MOD00064,CRS008,3,85,100,2025-11-21,44,True
ASS0002625,STU00127,MOD00137,CRS018,1,59,100,2025-10-25,50,True
ASS0002626,STU00127,MOD00137,CRS018,2,43,100,2025-10-25,51,True
ASS0002627,STU00127,MOD00137,CRS018,3,53,100,2025-10-23,60,True
ASS0002628,STU00127,MOD00139,CRS018,1,48,100,2025-11-22,10,True
ASS0002629,STU00127,MOD00139,CRS018,2,69,100,2025-11-21,50,True
ASS0002630,STU00127,MOD00139,CRS018,3,89,100,2025-11-22,42,True
ASS0002631,STU00127,MOD00141,CRS018,1,89,100,2025-11-03,52,True
ASS0002632,STU00127,MOD00141,CRS018,2,77,100,2025-11-03,30,True
ASS0002633,STU00127,MOD00142,CRS018,1,56,100,2026-01-12,45,True
ASS0002634,STU00127,MOD00142,CRS018,2,34,100,2026-01-13,31,True
ASS0002635,STU00127,MOD00142,CRS018,3,63,100,2026-01-11,18,True
ASS0002636,STU00127,MOD00143,CRS018,1,82,100,2025-10-29,60,True
ASS0002637,STU00127,MOD00143,CRS018,2,97,100,2025-10-28,41,True
ASS0002638,STU00127,MOD00002,CRS001,1,61,100,2026-05-24,52,True
ASS0002639,STU00127,MOD00099,CRS013,1,83,100,2025-10-17,48,True
ASS0002640,STU00127,MOD00101,CRS013,1,49,100,2025-11-05,45,True
ASS0002641,STU00127,MOD00101,CRS013,2,53,100,2025-11-06,11,True
ASS0002642,STU00127,MOD00103,CRS013,1,38,100,2025-11-21,24,True
ASS0002643,STU00127,MOD00103,CRS013,2,89,100,2025-11-20,16,True
ASS0002644,STU00127,MOD00104,CRS013,1,55,100,2025-10-02,40,True
ASS0002645,STU00127,MOD00089,CRS012,1,57,100,2025-10-28,55,True
ASS0002646,STU00127,MOD00089,CRS012,2,75,100,2025-10-26,58,True
ASS0002647,STU00127,MOD00089,CRS012,3,86,100,2025-10-27,15,True
ASS0002648,STU00127,MOD00090,CRS012,1,100,100,2025-09-23,19,True
ASS0002649,STU00127,MOD00091,CRS012,1,58,100,2025-10-16,12,False
ASS0002650,STU00127,MOD00091,CRS012,2,66,100,2025-10-16,34,True
ASS0002651,STU00127,MOD00091,CRS012,3,68,100,2025-10-13,58,True
ASS0002652,STU00127,MOD00092,CRS012,1,54,100,2025-10-21,52,True
ASS0002653,STU00127,MOD00094,CRS012,1,59,100,2025-09-08,35,False
ASS0002654,STU00127,MOD00096,CRS012,1,48,100,2025-11-05,39,True
ASS0002655,STU00127,MOD00096,CRS012,2,59,100,2025-11-02,19,True
ASS0002656,STU00128,MOD00041,CRS006,1,77,100,2025-07-16,32,True
ASS0002657,STU00128,MOD00042,CRS006,1,88,100,2025-07-02,51,True
ASS0002658,STU00128,MOD00042,CRS006,2,76,100,2025-07-02,13,True
ASS0002659,STU00128,MOD00043,CRS006,1,33,100,2025-09-12,13,False
ASS0002660,STU00128,MOD00043,CRS006,2,53,100,2025-09-11,33,True
ASS0002661,STU00128,MOD00044,CRS006,1,60,100,2025-07-26,24,True
ASS0002662,STU00128,MOD00044,CRS006,2,83,100,2025-07-23,18,True
ASS0002663,STU00128,MOD00045,CRS006,1,58,100,2025-07-22,26,True
ASS0002664,STU00128,MOD00045,CRS006,2,43,100,2025-07-23,15,False
ASS0002665,STU00128,MOD00045,CRS006,3,80,100,2025-07-21,59,False
ASS0002666,STU00128,MOD00047,CRS006,1,74,100,2025-09-05,32,True
ASS0002667,STU00128,MOD00047,CRS006,2,71,100,2025-09-06,49,False
ASS0002668,STU00128,MOD00047,CRS006,3,94,100,2025-09-09,55,True
ASS0002669,STU00128,MOD00048,CRS006,1,83,100,2025-09-15,15,True
ASS0002670,STU00128,MOD00048,CRS006,2,85,100,2025-09-16,31,True
ASS0002671,STU00128,MOD00002,CRS001,1,78,100,2026-03-15,33,True
ASS0002672,STU00128,MOD00002,CRS001,2,67,100,2026-03-15,43,True
ASS0002673,STU00128,MOD00002,CRS001,3,77,100,2026-03-14,25,True
ASS0002674,STU00128,MOD00082,CRS011,1,79,100,2025-06-27,27,False
ASS0002675,STU00128,MOD00087,CRS011,1,71,100,2025-05-29,14,True
ASS0002676,STU00128,MOD00087,CRS011,2,53,100,2025-05-29,15,True
ASS0002677,STU00128,MOD00087,CRS011,3,75,100,2025-05-31,58,False
ASS0002678,STU00129,MOD00009,CRS002,1,53,100,2026-02-17,26,True
ASS0002679,STU00129,MOD00012,CRS002,1,80,100,2026-04-11,60,True
ASS0002680,STU00129,MOD00012,CRS002,2,78,100,2026-04-09,12,True
ASS0002681,STU00129,MOD00012,CRS002,3,91,100,2026-04-09,37,True
ASS0002682,STU00129,MOD00013,CRS002,1,81,100,2026-04-14,12,False
ASS0002683,STU00129,MOD00013,CRS002,2,62,100,2026-04-15,10,True
ASS0002684,STU00129,MOD00014,CRS002,1,90,100,2026-02-28,29,True
ASS0002685,STU00129,MOD00014,CRS002,2,63,100,2026-02-24,15,False
ASS0002686,STU00129,MOD00015,CRS002,1,100,100,2026-04-30,50,True
ASS0002687,STU00129,MOD00122,CRS016,1,63,100,2026-03-19,60,True
ASS0002688,STU00129,MOD00124,CRS016,1,78,100,2026-01-06,37,False
ASS0002689,STU00129,MOD00126,CRS016,1,57,100,2026-01-03,27,True
ASS0002690,STU00129,MOD00127,CRS016,1,55,100,2026-01-16,35,True
ASS0002691,STU00129,MOD00128,CRS016,1,97,100,2026-03-07,36,True
ASS0002692,STU00129,MOD00130,CRS017,1,88,100,2025-12-01,49,False
ASS0002693,STU00129,MOD00130,CRS017,2,55,100,2025-11-29,47,True
ASS0002694,STU00129,MOD00130,CRS017,3,64,100,2025-11-29,18,False
ASS0002695,STU00130,MOD00025,CRS004,1,64,100,2025-12-11,19,False
ASS0002696,STU00130,MOD00028,CRS004,1,75,100,2026-01-26,41,True
ASS0002697,STU00130,MOD00028,CRS004,2,64,100,2026-01-30,19,True
ASS0002698,STU00130,MOD00029,CRS004,1,62,100,2026-01-26,18,True
ASS0002699,STU00130,MOD00029,CRS004,2,37,100,2026-01-29,45,False
ASS0002700,STU00130,MOD00029,CRS004,3,62,100,2026-01-29,47,True
ASS0002701,STU00130,MOD00031,CRS004,1,63,100,2026-01-21,31,True
ASS0002702,STU00130,MOD00031,CRS004,2,53,100,2026-01-21,14,True
ASS0002703,STU00130,MOD00031,CRS004,3,97,100,2026-01-23,42,True
ASS0002704,STU00130,MOD00059,CRS008,1,57,100,2025-12-30,41,True
ASS0002705,STU00130,MOD00059,CRS008,2,48,100,2025-12-28,43,True
ASS0002706,STU00130,MOD00059,CRS008,3,94,100,2025-12-27,19,True
ASS0002707,STU00130,MOD00060,CRS008,1,73,100,2025-12-24,17,True
ASS0002708,STU00130,MOD00060,CRS008,2,83,100,2025-12-25,44,False
ASS0002709,STU00131,MOD00059,CRS008,1,43,100,2026-05-28,46,False
ASS0002710,STU00131,MOD00059,CRS008,2,80,100,2026-05-26,19,True
ASS0002711,STU00131,MOD00059,CRS008,3,98,100,2026-05-28,45,True
ASS0002712,STU00131,MOD00061,CRS008,1,91,100,2026-03-25,49,True
ASS0002713,STU00131,MOD00063,CRS008,1,74,100,2026-06-09,30,True
ASS0002714,STU00131,MOD00063,CRS008,2,35,100,2026-06-11,43,True
ASS0002715,STU00131,MOD00063,CRS008,3,53,100,2026-06-10,30,True
ASS0002716,STU00132,MOD00089,CRS012,1,31,100,2025-09-02,54,True
ASS0002717,STU00132,MOD00089,CRS012,2,81,100,2025-09-02,32,True
ASS0002718,STU00132,MOD00092,CRS012,1,68,100,2025-07-14,22,True
ASS0002719,STU00132,MOD00093,CRS012,1,32,100,2025-06-15,12,True
ASS0002720,STU00132,MOD00093,CRS012,2,84,100,2025-06-17,56,True
ASS0002721,STU00132,MOD00093,CRS012,3,69,100,2025-06-14,49,False
ASS0002722,STU00132,MOD00094,CRS012,1,73,100,2025-07-16,10,True
ASS0002723,STU00132,MOD00094,CRS012,2,80,100,2025-07-16,40,True
ASS0002724,STU00132,MOD00096,CRS012,1,62,100,2025-07-27,36,True
ASS0002725,STU00132,MOD00096,CRS012,2,98,100,2025-07-29,57,True
ASS0002726,STU00132,MOD00043,CRS006,1,54,100,2025-06-29,10,True
ASS0002727,STU00132,MOD00043,CRS006,2,83,100,2025-06-27,58,True
ASS0002728,STU00132,MOD00043,CRS006,3,71,100,2025-06-26,48,True
ASS0002729,STU00132,MOD00045,CRS006,1,81,100,2025-07-03,24,True
ASS0002730,STU00132,MOD00145,CRS019,1,79,100,2025-09-30,20,True
ASS0002731,STU00132,MOD00149,CRS019,1,66,100,2025-10-30,22,True
ASS0002732,STU00132,MOD00149,CRS019,2,39,100,2025-10-30,29,True
ASS0002733,STU00132,MOD00149,CRS019,3,86,100,2025-10-29,56,False
ASS0002734,STU00132,MOD00150,CRS019,1,60,100,2025-09-15,47,True
ASS0002735,STU00133,MOD00089,CRS012,1,68,100,2025-10-17,50,True
ASS0002736,STU00133,MOD00091,CRS012,1,68,100,2025-09-19,12,False
ASS0002737,STU00133,MOD00091,CRS012,2,87,100,2025-09-20,59,False
ASS0002738,STU00133,MOD00095,CRS012,1,75,100,2025-10-09,33,True
ASS0002739,STU00133,MOD00095,CRS012,2,69,100,2025-10-08,13,False
ASS0002740,STU00133,MOD00096,CRS012,1,61,100,2025-09-15,42,True
ASS0002741,STU00133,MOD00096,CRS012,2,52,100,2025-09-14,42,True
ASS0002742,STU00133,MOD00096,CRS012,3,95,100,2025-09-11,40,False
ASS0002743,STU00134,MOD00040,CRS005,1,72,100,2025-11-16,12,False
ASS0002744,STU00134,MOD00040,CRS005,2,63,100,2025-11-15,27,True
ASS0002745,STU00134,MOD00149,CRS019,1,55,100,2025-08-19,45,False
ASS0002746,STU00134,MOD00149,CRS019,2,57,100,2025-08-21,41,True
ASS0002747,STU00134,MOD00149,CRS019,3,88,100,2025-08-21,26,True
ASS0002748,STU00134,MOD00049,CRS007,1,50,100,2026-02-03,56,True
ASS0002749,STU00134,MOD00051,CRS007,1,68,100,2026-04-05,25,False
ASS0002750,STU00134,MOD00051,CRS007,2,64,100,2026-04-10,28,True
ASS0002751,STU00134,MOD00051,CRS007,3,69,100,2026-04-07,48,True
ASS0002752,STU00134,MOD00054,CRS007,1,70,100,2026-02-06,57,True
ASS0002753,STU00134,MOD00055,CRS007,1,80,100,2026-04-16,31,True
ASS0002754,STU00134,MOD00055,CRS007,2,67,100,2026-04-12,10,True
ASS0002755,STU00134,MOD00121,CRS016,1,65,100,2025-08-12,36,True
ASS0002756,STU00134,MOD00122,CRS016,1,79,100,2025-07-16,34,False
ASS0002757,STU00134,MOD00125,CRS016,1,92,100,2025-06-30,12,False
ASS0002758,STU00134,MOD00126,CRS016,1,36,100,2025-08-03,16,True
ASS0002759,STU00134,MOD00126,CRS016,2,70,100,2025-08-04,25,True
ASS0002760,STU00134,MOD00126,CRS016,3,59,100,2025-08-02,16,True
ASS0002761,STU00134,MOD00075,CRS010,1,77,100,2025-09-20,10,True
ASS0002762,STU00134,MOD00075,CRS010,2,89,100,2025-09-18,43,True
ASS0002763,STU00134,MOD00077,CRS010,1,66,100,2025-10-05,33,True
ASS0002764,STU00134,MOD00077,CRS010,2,63,100,2025-10-08,60,True
ASS0002765,STU00135,MOD00001,CRS001,1,37,100,2026-06-06,57,True
ASS0002766,STU00135,MOD00001,CRS001,2,50,100,2026-06-03,14,True
ASS0002767,STU00135,MOD00001,CRS001,3,69,100,2026-06-07,57,True
ASS0002768,STU00135,MOD00006,CRS001,1,71,100,2026-04-13,43,False
ASS0002769,STU00135,MOD00006,CRS001,2,63,100,2026-04-13,25,True
ASS0002770,STU00135,MOD00006,CRS001,3,100,100,2026-04-14,10,False
ASS0002771,STU00135,MOD00007,CRS001,1,59,100,2026-03-25,16,True
ASS0002772,STU00135,MOD00007,CRS001,2,65,100,2026-03-24,45,True
ASS0002773,STU00135,MOD00007,CRS001,3,58,100,2026-03-23,53,True
ASS0002774,STU00135,MOD00008,CRS001,1,76,100,2026-06-08,41,False
ASS0002775,STU00135,MOD00008,CRS001,2,87,100,2026-06-05,44,True
ASS0002776,STU00135,MOD00083,CRS011,1,82,100,2026-01-30,50,True
ASS0002777,STU00135,MOD00083,CRS011,2,93,100,2026-01-30,13,True
ASS0002778,STU00135,MOD00085,CRS011,1,51,100,2026-03-07,32,True
ASS0002779,STU00135,MOD00085,CRS011,2,85,100,2026-03-09,51,False
ASS0002780,STU00135,MOD00086,CRS011,1,50,100,2026-01-29,26,False
ASS0002781,STU00135,MOD00086,CRS011,2,97,100,2026-02-01,10,False
ASS0002782,STU00135,MOD00088,CRS011,1,84,100,2026-03-13,23,True
ASS0002783,STU00135,MOD00088,CRS011,2,40,100,2026-03-17,36,True
ASS0002784,STU00135,MOD00088,CRS011,3,75,100,2026-03-16,11,True
ASS0002785,STU00135,MOD00050,CRS007,1,57,100,2026-02-24,21,True
ASS0002786,STU00135,MOD00050,CRS007,2,62,100,2026-02-26,36,True
ASS0002787,STU00135,MOD00050,CRS007,3,55,100,2026-02-23,50,True
ASS0002788,STU00135,MOD00053,CRS007,1,35,100,2026-03-23,11,True
ASS0002789,STU00135,MOD00053,CRS007,2,84,100,2026-03-24,54,True
ASS0002790,STU00135,MOD00053,CRS007,3,94,100,2026-03-27,48,True
ASS0002791,STU00136,MOD00001,CRS001,1,96,100,2025-08-29,53,False
ASS0002792,STU00136,MOD00003,CRS001,1,77,100,2025-06-30,58,True
ASS0002793,STU00136,MOD00006,CRS001,1,77,100,2025-06-22,59,True
ASS0002794,STU00136,MOD00006,CRS001,2,33,100,2025-06-22,14,True
ASS0002795,STU00136,MOD00006,CRS001,3,56,100,2025-06-18,20,True
ASS0002796,STU00136,MOD00007,CRS001,1,57,100,2025-07-24,51,True
ASS0002797,STU00136,MOD00007,CRS001,2,63,100,2025-07-26,54,True
ASS0002798,STU00136,MOD00007,CRS001,3,78,100,2025-07-23,21,True
ASS0002799,STU00136,MOD00008,CRS001,1,71,100,2025-08-12,32,True
ASS0002800,STU00136,MOD00008,CRS001,2,63,100,2025-08-12,37,True
ASS0002801,STU00136,MOD00008,CRS001,3,76,100,2025-08-09,16,False
ASS0002802,STU00137,MOD00025,CRS004,1,51,100,2026-03-25,54,True
ASS0002803,STU00137,MOD00027,CRS004,1,70,100,2026-03-13,37,False
ASS0002804,STU00137,MOD00029,CRS004,1,54,100,2026-04-03,15,True
ASS0002805,STU00137,MOD00031,CRS004,1,36,100,2026-03-30,25,False
ASS0002806,STU00137,MOD00031,CRS004,2,60,100,2026-03-30,43,True
ASS0002807,STU00137,MOD00031,CRS004,3,85,100,2026-03-26,13,False
ASS0002808,STU00137,MOD00129,CRS017,1,39,100,2026-02-04,15,False
ASS0002809,STU00137,MOD00129,CRS017,2,46,100,2026-01-31,22,True
ASS0002810,STU00137,MOD00129,CRS017,3,99,100,2026-01-31,60,True
ASS0002811,STU00138,MOD00103,CRS013,1,90,100,2025-12-13,16,False
ASS0002812,STU00138,MOD00103,CRS013,2,54,100,2025-12-14,38,True
ASS0002813,STU00138,MOD00104,CRS013,1,51,100,2026-01-01,13,True
ASS0002814,STU00138,MOD00104,CRS013,2,72,100,2025-12-28,13,False
ASS0002815,STU00138,MOD00145,CRS019,1,88,100,2026-03-27,15,False
ASS0002816,STU00138,MOD00145,CRS019,2,68,100,2026-03-26,56,True
ASS0002817,STU00138,MOD00145,CRS019,3,57,100,2026-03-29,42,False
ASS0002818,STU00138,MOD00150,CRS019,1,81,100,2026-04-21,50,False
ASS0002819,STU00138,MOD00150,CRS019,2,35,100,2026-04-18,14,True
ASS0002820,STU00138,MOD00150,CRS019,3,51,100,2026-04-18,54,True
ASS0002821,STU00138,MOD00151,CRS019,1,60,100,2026-05-03,56,True
ASS0002822,STU00138,MOD00152,CRS019,1,54,100,2026-03-29,20,True
ASS0002823,STU00138,MOD00028,CRS004,1,79,100,2025-12-14,13,True
ASS0002824,STU00138,MOD00028,CRS004,2,61,100,2025-12-13,39,False
ASS0002825,STU00138,MOD00031,CRS004,1,86,100,2025-12-02,47,True
ASS0002826,STU00139,MOD00121,CRS016,1,85,100,2025-09-21,38,True
ASS0002827,STU00139,MOD00122,CRS016,1,36,100,2025-07-31,48,True
ASS0002828,STU00139,MOD00122,CRS016,2,61,100,2025-08-02,48,False
ASS0002829,STU00139,MOD00122,CRS016,3,52,100,2025-07-31,33,False
ASS0002830,STU00139,MOD00124,CRS016,1,37,100,2025-08-08,34,True
ASS0002831,STU00139,MOD00124,CRS016,2,84,100,2025-08-06,60,False
ASS0002832,STU00139,MOD00125,CRS016,1,50,100,2025-09-09,14,False
ASS0002833,STU00139,MOD00125,CRS016,2,86,100,2025-09-10,45,True
ASS0002834,STU00139,MOD00126,CRS016,1,64,100,2025-10-06,25,True
ASS0002835,STU00139,MOD00126,CRS016,2,88,100,2025-10-11,20,True
ASS0002836,STU00139,MOD00081,CRS011,1,86,100,2026-02-14,36,True
ASS0002837,STU00139,MOD00081,CRS011,2,61,100,2026-02-13,40,True
ASS0002838,STU00139,MOD00082,CRS011,1,77,100,2026-01-09,32,True
ASS0002839,STU00139,MOD00082,CRS011,2,78,100,2026-01-08,53,True
ASS0002840,STU00139,MOD00082,CRS011,3,96,100,2026-01-04,56,True
ASS0002841,STU00139,MOD00084,CRS011,1,51,100,2026-01-10,59,True
ASS0002842,STU00139,MOD00084,CRS011,2,86,100,2026-01-10,40,True
ASS0002843,STU00139,MOD00085,CRS011,1,72,100,2026-01-20,36,True
ASS0002844,STU00139,MOD00088,CRS011,1,54,100,2026-02-12,12,True
ASS0002845,STU00139,MOD00088,CRS011,2,89,100,2026-02-09,52,True
ASS0002846,STU00139,MOD00088,CRS011,3,83,100,2026-02-12,42,True
ASS0002847,STU00139,MOD00046,CRS006,1,56,100,2025-11-24,33,True
ASS0002848,STU00139,MOD00047,CRS006,1,60,100,2025-11-28,40,False
ASS0002849,STU00139,MOD00047,CRS006,2,78,100,2025-11-25,33,True
ASS0002850,STU00139,MOD00048,CRS006,1,87,100,2025-11-09,18,True
ASS0002851,STU00139,MOD00048,CRS006,2,54,100,2025-11-12,55,True
ASS0002852,STU00139,MOD00089,CRS012,1,52,100,2025-08-07,21,True
ASS0002853,STU00139,MOD00090,CRS012,1,65,100,2025-05-14,40,True
ASS0002854,STU00139,MOD00092,CRS012,1,76,100,2025-08-01,24,True
ASS0002855,STU00139,MOD00092,CRS012,2,54,100,2025-07-30,19,True
ASS0002856,STU00139,MOD00092,CRS012,3,54,100,2025-08-01,49,True
ASS0002857,STU00139,MOD00096,CRS012,1,31,100,2025-06-03,56,True
ASS0002858,STU00139,MOD00096,CRS012,2,89,100,2025-05-29,45,True
ASS0002859,STU00139,MOD00096,CRS012,3,57,100,2025-05-31,48,False
ASS0002860,STU00140,MOD00034,CRS005,1,83,100,2025-09-19,25,True
ASS0002861,STU00140,MOD00039,CRS005,1,59,100,2025-09-29,30,False
ASS0002862,STU00140,MOD00039,CRS005,2,77,100,2025-09-28,29,True
ASS0002863,STU00140,MOD00039,CRS005,3,56,100,2025-09-29,29,True
ASS0002864,STU00140,MOD00047,CRS006,1,98,100,2026-01-24,26,True
ASS0002865,STU00140,MOD00002,CRS001,1,77,100,2025-10-31,20,True
ASS0002866,STU00140,MOD00002,CRS001,2,75,100,2025-11-03,36,True
ASS0002867,STU00140,MOD00005,CRS001,1,88,100,2025-09-18,16,True
ASS0002868,STU00140,MOD00007,CRS001,1,63,100,2025-09-04,55,True
ASS0002869,STU00140,MOD00007,CRS001,2,64,100,2025-09-03,22,True
ASS0002870,STU00140,MOD00007,CRS001,3,94,100,2025-08-31,51,True
ASS0002871,STU00140,MOD00008,CRS001,1,70,100,2025-11-14,21,True
ASS0002872,STU00141,MOD00013,CRS002,1,84,100,2026-04-07,20,True
ASS0002873,STU00141,MOD00013,CRS002,2,59,100,2026-04-08,53,True
ASS0002874,STU00141,MOD00013,CRS002,3,55,100,2026-04-10,33,True
ASS0002875,STU00141,MOD00041,CRS006,1,68,100,2025-12-06,36,False
ASS0002876,STU00141,MOD00041,CRS006,2,88,100,2025-12-08,11,False
ASS0002877,STU00141,MOD00041,CRS006,3,55,100,2025-12-10,16,False
ASS0002878,STU00141,MOD00044,CRS006,1,100,100,2025-10-01,50,True
ASS0002879,STU00141,MOD00046,CRS006,1,58,100,2025-11-11,44,True
ASS0002880,STU00141,MOD00046,CRS006,2,72,100,2025-11-07,60,True
ASS0002881,STU00141,MOD00046,CRS006,3,92,100,2025-11-06,43,True
ASS0002882,STU00141,MOD00047,CRS006,1,40,100,2025-10-28,25,False
ASS0002883,STU00141,MOD00047,CRS006,2,66,100,2025-11-01,59,True
ASS0002884,STU00141,MOD00047,CRS006,3,80,100,2025-10-31,30,True
ASS0002885,STU00141,MOD00082,CRS011,1,33,100,2026-05-25,48,True
ASS0002886,STU00141,MOD00082,CRS011,2,50,100,2026-05-22,21,True
ASS0002887,STU00141,MOD00083,CRS011,1,31,100,2026-02-24,59,True
ASS0002888,STU00141,MOD00083,CRS011,2,76,100,2026-02-23,34,True
ASS0002889,STU00141,MOD00084,CRS011,1,30,100,2026-04-07,10,True
ASS0002890,STU00141,MOD00084,CRS011,2,83,100,2026-04-05,11,True
ASS0002891,STU00141,MOD00086,CRS011,1,77,100,2026-04-05,56,True
ASS0002892,STU00141,MOD00086,CRS011,2,82,100,2026-04-03,59,True
ASS0002893,STU00141,MOD00087,CRS011,1,59,100,2026-03-20,39,True
ASS0002894,STU00141,MOD00087,CRS011,2,65,100,2026-03-19,11,True
ASS0002895,STU00141,MOD00087,CRS011,3,92,100,2026-03-21,26,False
ASS0002896,STU00141,MOD00060,CRS008,1,31,100,2026-05-09,27,False
ASS0002897,STU00141,MOD00060,CRS008,2,56,100,2026-05-05,59,False
ASS0002898,STU00141,MOD00060,CRS008,3,81,100,2026-05-07,18,True
ASS0002899,STU00141,MOD00062,CRS008,1,66,100,2026-03-14,38,True
ASS0002900,STU00141,MOD00062,CRS008,2,64,100,2026-03-19,46,False
ASS0002901,STU00141,MOD00063,CRS008,1,87,100,2026-04-19,22,True
ASS0002902,STU00141,MOD00063,CRS008,2,53,100,2026-04-20,53,True
ASS0002903,STU00141,MOD00064,CRS008,1,71,100,2026-05-27,43,True
ASS0002904,STU00141,MOD00028,CRS004,1,58,100,2025-08-23,26,True
ASS0002905,STU00141,MOD00028,CRS004,2,73,100,2025-08-18,59,True
ASS0002906,STU00141,MOD00032,CRS004,1,60,100,2025-07-18,15,True
ASS0002907,STU00142,MOD00018,CRS003,1,88,100,2025-12-14,28,True
ASS0002908,STU00142,MOD00018,CRS003,2,67,100,2025-12-16,17,True
ASS0002909,STU00142,MOD00019,CRS003,1,52,100,2026-01-15,23,True
ASS0002910,STU00142,MOD00019,CRS003,2,56,100,2026-01-13,57,True
ASS0002911,STU00142,MOD00022,CRS003,1,50,100,2026-01-08,26,True
ASS0002912,STU00142,MOD00081,CRS011,1,44,100,2025-12-27,19,True
ASS0002913,STU00142,MOD00081,CRS011,2,64,100,2025-12-30,13,False
ASS0002914,STU00142,MOD00081,CRS011,3,59,100,2025-12-31,19,True
ASS0002915,STU00142,MOD00086,CRS011,1,70,100,2025-12-13,35,True
ASS0002916,STU00142,MOD00088,CRS011,1,80,100,2025-12-09,53,True
ASS0002917,STU00143,MOD00023,CRS003,1,73,100,2025-07-03,46,True
ASS0002918,STU00143,MOD00023,CRS003,2,95,100,2025-07-03,30,True
ASS0002919,STU00143,MOD00089,CRS012,1,36,100,2026-04-17,58,True
ASS0002920,STU00143,MOD00089,CRS012,2,77,100,2026-04-18,60,True
ASS0002921,STU00143,MOD00091,CRS012,1,73,100,2026-01-26,11,True
ASS0002922,STU00143,MOD00094,CRS012,1,59,100,2026-02-04,37,True
ASS0002923,STU00143,MOD00094,CRS012,2,90,100,2026-02-01,38,True
ASS0002924,STU00143,MOD00094,CRS012,3,91,100,2026-01-31,47,True
ASS0002925,STU00144,MOD00010,CRS002,1,74,100,2026-05-24,52,True
ASS0002926,STU00144,MOD00010,CRS002,2,37,100,2026-05-20,32,False
ASS0002927,STU00144,MOD00010,CRS002,3,57,100,2026-05-25,50,True
ASS0002928,STU00144,MOD00013,CRS002,1,81,100,2026-03-30,22,False
ASS0002929,STU00144,MOD00014,CRS002,1,71,100,2026-05-25,14,True
ASS0002930,STU00144,MOD00016,CRS002,1,87,100,2026-04-23,22,True
ASS0002931,STU00145,MOD00041,CRS006,1,57,100,2025-08-12,17,True
ASS0002932,STU00145,MOD00041,CRS006,2,76,100,2025-08-15,42,True
ASS0002933,STU00145,MOD00044,CRS006,1,83,100,2025-10-16,25,True
ASS0002934,STU00145,MOD00046,CRS006,1,31,100,2025-08-24,14,True
ASS0002935,STU00145,MOD00046,CRS006,2,94,100,2025-08-24,14,False
ASS0002936,STU00145,MOD00047,CRS006,1,51,100,2025-10-27,13,True
ASS0002937,STU00145,MOD00047,CRS006,2,72,100,2025-10-28,26,True
ASS0002938,STU00145,MOD00048,CRS006,1,89,100,2025-10-26,52,True
ASS0002939,STU00145,MOD00106,CRS014,1,40,100,2025-07-04,27,False
ASS0002940,STU00145,MOD00106,CRS014,2,80,100,2025-07-03,22,True
ASS0002941,STU00145,MOD00106,CRS014,3,92,100,2025-07-05,29,True
ASS0002942,STU00145,MOD00107,CRS014,1,33,100,2025-07-17,43,True
ASS0002943,STU00145,MOD00107,CRS014,2,71,100,2025-07-13,30,True
ASS0002944,STU00145,MOD00112,CRS014,1,35,100,2025-06-17,42,True
ASS0002945,STU00145,MOD00112,CRS014,2,58,100,2025-06-17,41,True
ASS0002946,STU00145,MOD00112,CRS014,3,77,100,2025-06-14,56,True
ASS0002947,STU00145,MOD00125,CRS016,1,70,100,2025-11-21,47,False
ASS0002948,STU00145,MOD00098,CRS013,1,97,100,2025-08-23,14,True
ASS0002949,STU00145,MOD00100,CRS013,1,78,100,2025-06-04,22,True
ASS0002950,STU00145,MOD00100,CRS013,2,53,100,2025-06-08,39,True
ASS0002951,STU00145,MOD00101,CRS013,1,85,100,2025-07-05,53,True
ASS0002952,STU00145,MOD00103,CRS013,1,86,100,2025-07-14,24,True
ASS0002953,STU00145,MOD00103,CRS013,2,50,100,2025-07-16,17,False
ASS0002954,STU00145,MOD00104,CRS013,1,81,100,2025-08-23,47,True
ASS0002955,STU00145,MOD00104,CRS013,2,83,100,2025-08-23,39,True
ASS0002956,STU00146,MOD00058,CRS008,1,58,100,2025-12-29,46,True
ASS0002957,STU00146,MOD00061,CRS008,1,35,100,2025-12-08,59,True
ASS0002958,STU00146,MOD00061,CRS008,2,64,100,2025-12-10,44,True
ASS0002959,STU00146,MOD00064,CRS008,1,71,100,2025-11-07,34,False
ASS0002960,STU00146,MOD00064,CRS008,2,56,100,2025-11-11,16,False
ASS0002961,STU00146,MOD00045,CRS006,1,69,100,2025-07-30,37,False
ASS0002962,STU00146,MOD00045,CRS006,2,46,100,2025-08-01,22,False
ASS0002963,STU00146,MOD00045,CRS006,3,57,100,2025-08-01,58,True
ASS0002964,STU00146,MOD00113,CRS015,1,84,100,2025-07-17,59,True
ASS0002965,STU00146,MOD00115,CRS015,1,38,100,2025-07-13,39,False
ASS0002966,STU00146,MOD00115,CRS015,2,94,100,2025-07-14,35,True
ASS0002967,STU00146,MOD00118,CRS015,1,56,100,2025-07-11,37,True
ASS0002968,STU00146,MOD00118,CRS015,2,76,100,2025-07-12,44,True
ASS0002969,STU00146,MOD00019,CRS003,1,68,100,2026-04-04,50,True
ASS0002970,STU00146,MOD00023,CRS003,1,35,100,2026-01-06,13,True
ASS0002971,STU00146,MOD00023,CRS003,2,82,100,2026-01-08,27,True
ASS0002972,STU00146,MOD00023,CRS003,3,78,100,2026-01-10,37,True
ASS0002973,STU00146,MOD00011,CRS002,1,56,100,2025-09-25,14,True
ASS0002974,STU00146,MOD00011,CRS002,2,55,100,2025-09-23,20,True
ASS0002975,STU00147,MOD00041,CRS006,1,65,100,2025-09-20,38,True
ASS0002976,STU00147,MOD00041,CRS006,2,70,100,2025-09-23,14,True
ASS0002977,STU00147,MOD00041,CRS006,3,72,100,2025-09-22,57,True
ASS0002978,STU00147,MOD00042,CRS006,1,57,100,2025-11-03,25,False
ASS0002979,STU00147,MOD00043,CRS006,1,69,100,2025-10-26,25,True
ASS0002980,STU00147,MOD00043,CRS006,2,54,100,2025-10-22,25,True
ASS0002981,STU00147,MOD00043,CRS006,3,94,100,2025-10-26,20,True
ASS0002982,STU00147,MOD00045,CRS006,1,40,100,2025-11-20,38,True
ASS0002983,STU00147,MOD00045,CRS006,2,61,100,2025-11-19,21,True
ASS0002984,STU00147,MOD00045,CRS006,3,99,100,2025-11-24,41,False
ASS0002985,STU00147,MOD00046,CRS006,1,34,100,2025-11-26,33,False
ASS0002986,STU00147,MOD00046,CRS006,2,82,100,2025-11-22,55,True
ASS0002987,STU00147,MOD00046,CRS006,3,62,100,2025-11-24,36,True
ASS0002988,STU00147,MOD00048,CRS006,1,48,100,2025-11-01,28,True
ASS0002989,STU00147,MOD00048,CRS006,2,39,100,2025-11-02,45,True
ASS0002990,STU00147,MOD00048,CRS006,3,77,100,2025-11-02,40,True
ASS0002991,STU00147,MOD00018,CRS003,1,61,100,2025-12-27,20,True
ASS0002992,STU00147,MOD00018,CRS003,2,71,100,2025-12-25,17,True
ASS0002993,STU00147,MOD00021,CRS003,1,90,100,2025-11-23,27,True
ASS0002994,STU00147,MOD00021,CRS003,2,98,100,2025-11-22,44,True
ASS0002995,STU00147,MOD00022,CRS003,1,40,100,2026-01-30,53,True
ASS0002996,STU00147,MOD00022,CRS003,2,52,100,2026-01-31,14,True
ASS0002997,STU00147,MOD00137,CRS018,1,84,100,2025-11-03,40,True
ASS0002998,STU00147,MOD00140,CRS018,1,81,100,2025-12-14,34,True
ASS0002999,STU00147,MOD00143,CRS018,1,83,100,2025-12-30,27,True
ASS0003000,STU00147,MOD00143,CRS018,2,41,100,2025-12-27,45,True
ASS0003001,STU00147,MOD00143,CRS018,3,87,100,2025-12-29,23,True
ASS0003002,STU00147,MOD00145,CRS019,1,61,100,2025-07-20,10,True
ASS0003003,STU00147,MOD00145,CRS019,2,60,100,2025-07-16,53,True
ASS0003004,STU00147,MOD00147,CRS019,1,50,100,2025-07-04,55,True
ASS0003005,STU00147,MOD00147,CRS019,2,80,100,2025-07-09,20,False
ASS0003006,STU00147,MOD00148,CRS019,1,78,100,2025-07-12,15,True
ASS0003007,STU00147,MOD00150,CRS019,1,32,100,2025-07-24,12,True
ASS0003008,STU00147,MOD00150,CRS019,2,80,100,2025-07-24,21,True
ASS0003009,STU00147,MOD00150,CRS019,3,59,100,2025-07-27,49,True
ASS0003010,STU00147,MOD00152,CRS019,1,60,100,2025-09-03,38,True
ASS0003011,STU00147,MOD00152,CRS019,2,74,100,2025-09-05,30,True
ASS0003012,STU00147,MOD00152,CRS019,3,58,100,2025-09-04,46,True
ASS0003013,STU00148,MOD00042,CRS006,1,44,100,2025-10-08,16,True
ASS0003014,STU00148,MOD00042,CRS006,2,60,100,2025-10-07,31,True
ASS0003015,STU00148,MOD00042,CRS006,3,86,100,2025-10-12,33,True
ASS0003016,STU00148,MOD00047,CRS006,1,49,100,2025-11-06,47,True
ASS0003017,STU00148,MOD00047,CRS006,2,71,100,2025-11-01,29,True
ASS0003018,STU00148,MOD00047,CRS006,3,61,100,2025-11-04,36,True
ASS0003019,STU00148,MOD00048,CRS006,1,88,100,2025-10-07,14,True
ASS0003020,STU00148,MOD00048,CRS006,2,63,100,2025-10-07,24,True
ASS0003021,STU00148,MOD00048,CRS006,3,67,100,2025-10-04,38,False
ASS0003022,STU00148,MOD00105,CRS014,1,31,100,2025-09-09,16,True
ASS0003023,STU00148,MOD00105,CRS014,2,57,100,2025-09-08,23,True
ASS0003024,STU00148,MOD00105,CRS014,3,100,100,2025-09-10,41,True
ASS0003025,STU00148,MOD00108,CRS014,1,34,100,2025-10-12,58,True
ASS0003026,STU00148,MOD00108,CRS014,2,55,100,2025-10-11,41,False
ASS0003027,STU00148,MOD00108,CRS014,3,93,100,2025-10-09,20,False
ASS0003028,STU00148,MOD00109,CRS014,1,53,100,2025-11-11,45,False
ASS0003029,STU00148,MOD00109,CRS014,2,38,100,2025-11-08,14,True
ASS0003030,STU00148,MOD00109,CRS014,3,65,100,2025-11-09,12,True
ASS0003031,STU00148,MOD00110,CRS014,1,54,100,2025-11-17,49,True
ASS0003032,STU00148,MOD00110,CRS014,2,70,100,2025-11-15,11,True
ASS0003033,STU00148,MOD00155,CRS020,1,80,100,2025-09-01,20,True
ASS0003034,STU00148,MOD00160,CRS020,1,94,100,2025-10-02,14,True
ASS0003035,STU00148,MOD00009,CRS002,1,53,100,2025-09-04,28,True
ASS0003036,STU00148,MOD00009,CRS002,2,92,100,2025-09-03,30,True
ASS0003037,STU00148,MOD00011,CRS002,1,37,100,2025-10-16,15,False
ASS0003038,STU00148,MOD00011,CRS002,2,60,100,2025-10-15,11,False
ASS0003039,STU00148,MOD00011,CRS002,3,100,100,2025-10-13,33,True
ASS0003040,STU00148,MOD00012,CRS002,1,83,100,2025-09-04,48,False
ASS0003041,STU00148,MOD00013,CRS002,1,64,100,2025-10-27,47,True
ASS0003042,STU00148,MOD00013,CRS002,2,68,100,2025-10-28,19,True
ASS0003043,STU00148,MOD00013,CRS002,3,82,100,2025-10-23,17,True
ASS0003044,STU00148,MOD00014,CRS002,1,91,100,2025-11-02,41,True
ASS0003045,STU00149,MOD00067,CRS009,1,80,100,2025-11-16,13,True
ASS0003046,STU00149,MOD00067,CRS009,2,61,100,2025-11-14,24,True
ASS0003047,STU00149,MOD00067,CRS009,3,59,100,2025-11-13,20,True
ASS0003048,STU00149,MOD00069,CRS009,1,70,100,2025-12-25,23,True
ASS0003049,STU00149,MOD00069,CRS009,2,44,100,2025-12-22,41,True
ASS0003050,STU00149,MOD00069,CRS009,3,52,100,2025-12-22,50,True
ASS0003051,STU00149,MOD00072,CRS009,1,54,100,2026-02-01,18,True
ASS0003052,STU00149,MOD00072,CRS009,2,67,100,2026-02-02,19,True
ASS0003053,STU00149,MOD00073,CRS010,1,41,100,2025-07-15,20,True
ASS0003054,STU00149,MOD00073,CRS010,2,68,100,2025-07-13,19,True
ASS0003055,STU00149,MOD00074,CRS010,1,91,100,2025-07-01,24,True
ASS0003056,STU00149,MOD00075,CRS010,1,45,100,2025-06-25,50,True
ASS0003057,STU00149,MOD00075,CRS010,2,32,100,2025-06-21,53,True
ASS0003058,STU00149,MOD00075,CRS010,3,61,100,2025-06-25,19,True
ASS0003059,STU00149,MOD00077,CRS010,1,51,100,2025-05-17,16,True
ASS0003060,STU00149,MOD00077,CRS010,2,91,100,2025-05-18,43,True
ASS0003061,STU00149,MOD00079,CRS010,1,73,100,2025-06-21,52,False
ASS0003062,STU00149,MOD00079,CRS010,2,79,100,2025-06-22,11,True
ASS0003063,STU00149,MOD00080,CRS010,1,81,100,2025-07-13,15,True
ASS0003064,STU00149,MOD00080,CRS010,2,80,100,2025-07-14,58,False
ASS0003065,STU00149,MOD00080,CRS010,3,95,100,2025-07-13,46,True
ASS0003066,STU00149,MOD00059,CRS008,1,68,100,2025-07-22,52,False
ASS0003067,STU00149,MOD00060,CRS008,1,37,100,2025-06-15,48,True
ASS0003068,STU00149,MOD00060,CRS008,2,64,100,2025-06-14,48,True
ASS0003069,STU00149,MOD00064,CRS008,1,40,100,2025-07-12,42,True
ASS0003070,STU00149,MOD00064,CRS008,2,82,100,2025-07-12,19,False
ASS0003071,STU00149,MOD00027,CRS004,1,44,100,2025-11-12,41,True
ASS0003072,STU00149,MOD00027,CRS004,2,46,100,2025-11-12,45,False
ASS0003073,STU00149,MOD00027,CRS004,3,51,100,2025-11-12,21,True
ASS0003074,STU00149,MOD00031,CRS004,1,76,100,2025-10-27,38,True
ASS0003075,STU00149,MOD00032,CRS004,1,83,100,2025-11-11,27,True
ASS0003076,STU00149,MOD00032,CRS004,2,71,100,2025-11-09,59,True
ASS0003077,STU00150,MOD00073,CRS010,1,49,100,2025-07-22,27,True
ASS0003078,STU00150,MOD00073,CRS010,2,49,100,2025-07-23,60,True
ASS0003079,STU00150,MOD00073,CRS010,3,91,100,2025-07-21,24,True
ASS0003080,STU00150,MOD00078,CRS010,1,77,100,2025-07-11,22,True
ASS0003081,STU00150,MOD00079,CRS010,1,63,100,2025-07-27,44,True
ASS0003082,STU00150,MOD00122,CRS016,1,81,100,2025-06-02,32,True
ASS0003083,STU00150,MOD00123,CRS016,1,58,100,2025-06-06,50,True
ASS0003084,STU00150,MOD00123,CRS016,2,61,100,2025-06-07,31,False
ASS0003085,STU00150,MOD00123,CRS016,3,64,100,2025-06-07,22,False
ASS0003086,STU00150,MOD00125,CRS016,1,74,100,2025-07-31,23,False
ASS0003087,STU00150,MOD00126,CRS016,1,76,100,2025-08-17,32,True
ASS0003088,STU00150,MOD00128,CRS016,1,77,100,2025-06-16,34,True
ASS0003089,STU00150,MOD00128,CRS016,2,88,100,2025-06-18,38,False
ASS0003090,STU00150,MOD00128,CRS016,3,72,100,2025-06-17,16,True
ASS0003091,STU00150,MOD00052,CRS007,1,73,100,2025-11-18,51,False
ASS0003092,STU00150,MOD00053,CRS007,1,64,100,2026-01-31,24,True
ASS0003093,STU00150,MOD00053,CRS007,2,87,100,2026-01-31,24,True
ASS0003094,STU00150,MOD00053,CRS007,3,75,100,2026-01-31,59,True
ASS0003095,STU00150,MOD00054,CRS007,1,81,100,2025-11-30,31,False
ASS0003096,STU00150,MOD00054,CRS007,2,37,100,2025-12-01,31,True
ASS0003097,STU00150,MOD00054,CRS007,3,85,100,2025-11-30,17,True
ASS0003098,STU00150,MOD00055,CRS007,1,95,100,2026-01-21,25,True
ASS0003099,STU00151,MOD00025,CRS004,1,35,100,2025-10-28,24,True
ASS0003100,STU00151,MOD00025,CRS004,2,62,100,2025-10-23,18,False
ASS0003101,STU00151,MOD00026,CRS004,1,70,100,2025-12-15,18,False
ASS0003102,STU00151,MOD00026,CRS004,2,32,100,2025-12-20,39,True
ASS0003103,STU00151,MOD00026,CRS004,3,84,100,2025-12-19,18,True
ASS0003104,STU00151,MOD00027,CRS004,1,79,100,2025-12-01,35,True
ASS0003105,STU00151,MOD00027,CRS004,2,75,100,2025-11-26,45,True
ASS0003106,STU00151,MOD00030,CRS004,1,71,100,2025-12-25,36,True
ASS0003107,STU00151,MOD00030,CRS004,2,30,100,2025-12-25,11,True
ASS0003108,STU00151,MOD00030,CRS004,3,89,100,2025-12-25,28,True
ASS0003109,STU00151,MOD00031,CRS004,1,56,100,2026-01-05,48,True
ASS0003110,STU00151,MOD00031,CRS004,2,69,100,2026-01-02,38,True
ASS0003111,STU00151,MOD00031,CRS004,3,77,100,2026-01-02,16,True
ASS0003112,STU00151,MOD00073,CRS010,1,89,100,2026-02-19,58,True
ASS0003113,STU00151,MOD00074,CRS010,1,80,100,2025-12-26,15,False
ASS0003114,STU00151,MOD00074,CRS010,2,38,100,2025-12-22,43,True
ASS0003115,STU00151,MOD00074,CRS010,3,87,100,2025-12-21,23,True
ASS0003116,STU00151,MOD00075,CRS010,1,70,100,2025-12-12,46,True
ASS0003117,STU00151,MOD00076,CRS010,1,78,100,2025-12-19,22,False
ASS0003118,STU00151,MOD00077,CRS010,1,76,100,2026-02-03,48,True
ASS0003119,STU00151,MOD00077,CRS010,2,84,100,2026-02-02,57,True
ASS0003120,STU00151,MOD00077,CRS010,3,62,100,2026-02-01,52,False
ASS0003121,STU00151,MOD00078,CRS010,1,94,100,2026-03-02,25,True
ASS0003122,STU00151,MOD00079,CRS010,1,75,100,2026-01-24,59,True
ASS0003123,STU00151,MOD00080,CRS010,1,60,100,2026-01-26,48,True
ASS0003124,STU00151,MOD00100,CRS013,1,88,100,2025-07-22,14,False
ASS0003125,STU00151,MOD00100,CRS013,2,92,100,2025-07-22,34,True
ASS0003126,STU00151,MOD00102,CRS013,1,86,100,2025-07-06,58,False
ASS0003127,STU00151,MOD00102,CRS013,2,54,100,2025-07-09,15,True
ASS0003128,STU00151,MOD00103,CRS013,1,48,100,2025-08-02,59,True
ASS0003129,STU00151,MOD00103,CRS013,2,66,100,2025-08-04,31,True
ASS0003130,STU00151,MOD00123,CRS016,1,62,100,2026-01-21,36,True
ASS0003131,STU00151,MOD00124,CRS016,1,89,100,2026-02-01,40,True
ASS0003132,STU00151,MOD00124,CRS016,2,59,100,2026-02-02,47,False
ASS0003133,STU00151,MOD00125,CRS016,1,83,100,2026-02-22,10,True
ASS0003134,STU00151,MOD00126,CRS016,1,30,100,2025-12-08,21,True
ASS0003135,STU00151,MOD00126,CRS016,2,76,100,2025-12-09,57,False
ASS0003136,STU00151,MOD00128,CRS016,1,62,100,2026-02-19,29,True
ASS0003137,STU00151,MOD00128,CRS016,2,42,100,2026-02-19,15,True
ASS0003138,STU00151,MOD00128,CRS016,3,94,100,2026-02-21,49,True
ASS0003139,STU00152,MOD00090,CRS012,1,57,100,2026-02-05,33,True
ASS0003140,STU00152,MOD00091,CRS012,1,63,100,2026-02-13,51,True
ASS0003141,STU00152,MOD00091,CRS012,2,68,100,2026-02-16,16,True
ASS0003142,STU00152,MOD00091,CRS012,3,60,100,2026-02-13,55,False
ASS0003143,STU00152,MOD00092,CRS012,1,85,100,2026-03-29,27,True
ASS0003144,STU00152,MOD00092,CRS012,2,82,100,2026-04-02,25,True
ASS0003145,STU00152,MOD00093,CRS012,1,37,100,2026-03-09,12,True
ASS0003146,STU00152,MOD00093,CRS012,2,55,100,2026-03-12,52,True
ASS0003147,STU00152,MOD00094,CRS012,1,39,100,2026-01-09,45,True
ASS0003148,STU00152,MOD00094,CRS012,2,90,100,2026-01-13,55,True
ASS0003149,STU00152,MOD00095,CRS012,1,54,100,2026-02-02,57,True
ASS0003150,STU00152,MOD00098,CRS013,1,52,100,2025-09-19,33,True
ASS0003151,STU00152,MOD00099,CRS013,1,50,100,2025-07-12,13,True
ASS0003152,STU00152,MOD00102,CRS013,1,61,100,2025-09-18,29,True
ASS0003153,STU00152,MOD00102,CRS013,2,60,100,2025-09-17,11,True
ASS0003154,STU00152,MOD00102,CRS013,3,93,100,2025-09-17,19,True
ASS0003155,STU00152,MOD00103,CRS013,1,87,100,2025-09-07,53,True
ASS0003156,STU00153,MOD00113,CRS015,1,55,100,2025-05-08,52,True
ASS0003157,STU00153,MOD00113,CRS015,2,36,100,2025-05-11,13,True
ASS0003158,STU00153,MOD00113,CRS015,3,69,100,2025-05-09,22,False
ASS0003159,STU00153,MOD00153,CRS020,1,76,100,2026-04-08,50,True
ASS0003160,STU00153,MOD00153,CRS020,2,38,100,2026-04-12,23,True
ASS0003161,STU00153,MOD00153,CRS020,3,70,100,2026-04-08,25,True
ASS0003162,STU00153,MOD00155,CRS020,1,35,100,2026-03-12,40,True
ASS0003163,STU00153,MOD00155,CRS020,2,94,100,2026-03-13,51,True
ASS0003164,STU00153,MOD00158,CRS020,1,30,100,2026-02-18,34,False
ASS0003165,STU00153,MOD00158,CRS020,2,62,100,2026-02-20,18,True
ASS0003166,STU00153,MOD00067,CRS009,1,88,100,2025-09-20,12,True
ASS0003167,STU00153,MOD00067,CRS009,2,92,100,2025-09-20,29,True
ASS0003168,STU00153,MOD00069,CRS009,1,44,100,2025-09-06,41,True
ASS0003169,STU00153,MOD00069,CRS009,2,80,100,2025-09-01,28,True
ASS0003170,STU00153,MOD00069,CRS009,3,87,100,2025-09-05,36,False
ASS0003171,STU00153,MOD00070,CRS009,1,75,100,2025-09-21,37,True
ASS0003172,STU00154,MOD00017,CRS003,1,60,100,2026-03-31,60,True
ASS0003173,STU00154,MOD00017,CRS003,2,54,100,2026-04-04,57,False
ASS0003174,STU00154,MOD00017,CRS003,3,81,100,2026-04-04,39,True
ASS0003175,STU00154,MOD00019,CRS003,1,92,100,2026-04-14,40,True
ASS0003176,STU00154,MOD00021,CRS003,1,46,100,2026-03-23,25,True
ASS0003177,STU00154,MOD00021,CRS003,2,43,100,2026-03-23,17,True
ASS0003178,STU00154,MOD00021,CRS003,3,52,100,2026-03-27,23,True
ASS0003179,STU00154,MOD00023,CRS003,1,69,100,2026-04-12,44,False
ASS0003180,STU00154,MOD00023,CRS003,2,30,100,2026-04-15,46,True
ASS0003181,STU00154,MOD00023,CRS003,3,78,100,2026-04-12,43,False
ASS0003182,STU00154,MOD00024,CRS003,1,93,100,2026-06-05,24,True
ASS0003183,STU00155,MOD00145,CRS019,1,63,100,2026-02-13,18,True
ASS0003184,STU00155,MOD00145,CRS019,2,67,100,2026-02-15,52,False
ASS0003185,STU00155,MOD00146,CRS019,1,68,100,2026-01-03,19,True
ASS0003186,STU00155,MOD00147,CRS019,1,34,100,2026-01-28,17,True
ASS0003187,STU00155,MOD00147,CRS019,2,90,100,2026-01-26,19,True
ASS0003188,STU00155,MOD00148,CRS019,1,73,100,2026-01-16,34,True
ASS0003189,STU00155,MOD00149,CRS019,1,78,100,2026-03-15,38,True
ASS0003190,STU00155,MOD00149,CRS019,2,50,100,2026-03-13,58,True
ASS0003191,STU00155,MOD00152,CRS019,1,90,100,2026-01-25,19,True
ASS0003192,STU00155,MOD00059,CRS008,1,81,100,2025-12-26,25,True
ASS0003193,STU00155,MOD00060,CRS008,1,57,100,2026-02-05,44,True
ASS0003194,STU00155,MOD00061,CRS008,1,89,100,2026-02-15,42,True
ASS0003195,STU00155,MOD00063,CRS008,1,94,100,2026-01-16,11,True
ASS0003196,STU00155,MOD00098,CRS013,1,36,100,2025-12-29,48,True
ASS0003197,STU00155,MOD00098,CRS013,2,46,100,2025-12-29,37,True
ASS0003198,STU00155,MOD00098,CRS013,3,50,100,2025-12-31,35,True
ASS0003199,STU00155,MOD00101,CRS013,1,65,100,2026-02-11,28,True
ASS0003200,STU00155,MOD00101,CRS013,2,65,100,2026-02-12,17,True
ASS0003201,STU00155,MOD00101,CRS013,3,90,100,2026-02-14,38,True
ASS0003202,STU00155,MOD00102,CRS013,1,90,100,2026-03-14,54,True
ASS0003203,STU00155,MOD00102,CRS013,2,37,100,2026-03-18,27,True
ASS0003204,STU00155,MOD00102,CRS013,3,93,100,2026-03-16,51,True
ASS0003205,STU00155,MOD00103,CRS013,1,80,100,2026-02-06,47,True
ASS0003206,STU00155,MOD00103,CRS013,2,74,100,2026-02-08,29,True
ASS0003207,STU00155,MOD00104,CRS013,1,66,100,2026-03-25,37,True
ASS0003208,STU00155,MOD00104,CRS013,2,88,100,2026-03-21,50,False
ASS0003209,STU00156,MOD00121,CRS016,1,85,100,2026-06-08,40,True
ASS0003210,STU00156,MOD00122,CRS016,1,49,100,2026-05-18,49,True
ASS0003211,STU00156,MOD00122,CRS016,2,47,100,2026-05-16,44,True
ASS0003212,STU00156,MOD00122,CRS016,3,71,100,2026-05-16,28,True
ASS0003213,STU00156,MOD00125,CRS016,1,54,100,2026-03-30,28,True
ASS0003214,STU00156,MOD00125,CRS016,2,78,100,2026-03-26,45,True
ASS0003215,STU00156,MOD00126,CRS016,1,53,100,2026-05-13,22,True
ASS0003216,STU00156,MOD00073,CRS010,1,54,100,2026-05-05,25,True
ASS0003217,STU00156,MOD00073,CRS010,2,89,100,2026-05-08,56,True
ASS0003218,STU00156,MOD00073,CRS010,3,93,100,2026-05-05,14,True
ASS0003219,STU00156,MOD00074,CRS010,1,38,100,2026-04-10,26,True
ASS0003220,STU00156,MOD00074,CRS010,2,98,100,2026-04-15,28,True
ASS0003221,STU00156,MOD00078,CRS010,1,53,100,2026-04-16,30,True
ASS0003222,STU00156,MOD00078,CRS010,2,34,100,2026-04-12,41,True
ASS0003223,STU00156,MOD00078,CRS010,3,53,100,2026-04-15,40,False
ASS0003224,STU00156,MOD00080,CRS010,1,80,100,2026-04-24,39,True
ASS0003225,STU00156,MOD00080,CRS010,2,85,100,2026-04-26,12,False
ASS0003226,STU00157,MOD00129,CRS017,1,96,100,2025-08-13,13,True
ASS0003227,STU00157,MOD00133,CRS017,1,67,100,2025-10-06,22,False
ASS0003228,STU00157,MOD00135,CRS017,1,59,100,2025-08-15,11,True
ASS0003229,STU00157,MOD00135,CRS017,2,51,100,2025-08-14,15,False
ASS0003230,STU00158,MOD00148,CRS019,1,73,100,2026-06-08,21,True
ASS0003231,STU00158,MOD00033,CRS005,1,64,100,2026-02-18,13,True
ASS0003232,STU00158,MOD00033,CRS005,2,69,100,2026-02-18,33,True
ASS0003233,STU00158,MOD00033,CRS005,3,50,100,2026-02-17,20,True
ASS0003234,STU00158,MOD00035,CRS005,1,85,100,2025-12-11,13,True
ASS0003235,STU00158,MOD00036,CRS005,1,54,100,2026-01-14,44,True
ASS0003236,STU00158,MOD00037,CRS005,1,47,100,2026-01-30,44,False
ASS0003237,STU00158,MOD00037,CRS005,2,77,100,2026-02-01,38,True
ASS0003238,STU00158,MOD00027,CRS004,1,47,100,2026-06-06,37,False
ASS0003239,STU00158,MOD00027,CRS004,2,90,100,2026-06-07,60,True
ASS0003240,STU00158,MOD00029,CRS004,1,92,100,2026-07-04,36,True
ASS0003241,STU00158,MOD00114,CRS015,1,75,100,2025-09-22,15,False
ASS0003242,STU00158,MOD00116,CRS015,1,50,100,2025-10-11,40,True
ASS0003243,STU00158,MOD00116,CRS015,2,80,100,2025-10-13,27,True
ASS0003244,STU00158,MOD00046,CRS006,1,34,100,2025-07-23,17,True
ASS0003245,STU00158,MOD00046,CRS006,2,39,100,2025-07-24,45,True
ASS0003246,STU00158,MOD00046,CRS006,3,78,100,2025-07-21,41,False
ASS0003247,STU00159,MOD00105,CRS014,1,50,100,2025-05-26,43,True
ASS0003248,STU00159,MOD00107,CRS014,1,88,100,2025-05-18,13,True
ASS0003249,STU00159,MOD00107,CRS014,2,90,100,2025-05-16,23,True
ASS0003250,STU00159,MOD00108,CRS014,1,60,100,2025-05-13,25,True
ASS0003251,STU00159,MOD00108,CRS014,2,43,100,2025-05-12,51,False
ASS0003252,STU00159,MOD00108,CRS014,3,61,100,2025-05-15,30,True
ASS0003253,STU00159,MOD00109,CRS014,1,90,100,2025-05-14,51,True
ASS0003254,STU00159,MOD00109,CRS014,2,57,100,2025-05-15,35,False
ASS0003255,STU00159,MOD00109,CRS014,3,50,100,2025-05-14,41,True
ASS0003256,STU00159,MOD00111,CRS014,1,58,100,2025-05-13,12,True
ASS0003257,STU00159,MOD00112,CRS014,1,32,100,2025-06-10,25,True
ASS0003258,STU00159,MOD00112,CRS014,2,65,100,2025-06-10,36,True
ASS0003259,STU00160,MOD00155,CRS020,1,65,100,2026-03-29,37,True
ASS0003260,STU00160,MOD00065,CRS009,1,58,100,2025-06-28,11,True
ASS0003261,STU00160,MOD00065,CRS009,2,75,100,2025-06-27,10,True
ASS0003262,STU00160,MOD00065,CRS009,3,74,100,2025-06-26,37,False
ASS0003263,STU00160,MOD00066,CRS009,1,71,100,2025-08-28,47,True
ASS0003264,STU00160,MOD00068,CRS009,1,97,100,2025-07-24,47,True
ASS0003265,STU00160,MOD00071,CRS009,1,66,100,2025-07-18,27,True
ASS0003266,STU00160,MOD00071,CRS009,2,89,100,2025-07-14,48,False
ASS0003267,STU00161,MOD00018,CRS003,1,71,100,2025-10-22,15,True
ASS0003268,STU00161,MOD00018,CRS003,2,69,100,2025-10-25,21,True
ASS0003269,STU00161,MOD00018,CRS003,3,85,100,2025-10-22,49,True
ASS0003270,STU00161,MOD00021,CRS003,1,86,100,2025-10-09,36,True
ASS0003271,STU00161,MOD00021,CRS003,2,41,100,2025-10-09,30,True
ASS0003272,STU00161,MOD00021,CRS003,3,71,100,2025-10-07,29,True
ASS0003273,STU00161,MOD00023,CRS003,1,89,100,2025-10-24,56,True
ASS0003274,STU00161,MOD00024,CRS003,1,84,100,2025-10-15,43,True
ASS0003275,STU00161,MOD00024,CRS003,2,90,100,2025-10-11,12,True
ASS0003276,STU00161,MOD00024,CRS003,3,74,100,2025-10-15,24,True
ASS0003277,STU00162,MOD00137,CRS018,1,67,100,2026-01-17,47,True
ASS0003278,STU00162,MOD00138,CRS018,1,95,100,2026-02-01,15,True
ASS0003279,STU00162,MOD00139,CRS018,1,43,100,2026-02-27,25,True
ASS0003280,STU00162,MOD00139,CRS018,2,45,100,2026-02-24,22,True
ASS0003281,STU00162,MOD00139,CRS018,3,70,100,2026-02-26,44,False
ASS0003282,STU00162,MOD00141,CRS018,1,72,100,2026-03-17,22,True
ASS0003283,STU00162,MOD00141,CRS018,2,97,100,2026-03-15,26,True
ASS0003284,STU00162,MOD00142,CRS018,1,82,100,2026-02-16,60,True
ASS0003285,STU00162,MOD00142,CRS018,2,56,100,2026-02-15,29,True
ASS0003286,STU00162,MOD00081,CRS011,1,56,100,2026-03-15,60,True
ASS0003287,STU00162,MOD00081,CRS011,2,60,100,2026-03-10,42,True
ASS0003288,STU00162,MOD00085,CRS011,1,37,100,2026-03-04,49,False
ASS0003289,STU00162,MOD00085,CRS011,2,53,100,2026-03-03,39,True
ASS0003290,STU00162,MOD00085,CRS011,3,91,100,2026-03-06,50,True
ASS0003291,STU00162,MOD00086,CRS011,1,82,100,2026-04-27,26,True
ASS0003292,STU00162,MOD00086,CRS011,2,36,100,2026-04-28,51,True
ASS0003293,STU00162,MOD00086,CRS011,3,89,100,2026-04-26,11,True
ASS0003294,STU00162,MOD00066,CRS009,1,92,100,2025-11-26,44,False
ASS0003295,STU00162,MOD00068,CRS009,1,72,100,2025-12-10,13,True
ASS0003296,STU00162,MOD00069,CRS009,1,59,100,2025-11-13,49,True
ASS0003297,STU00162,MOD00070,CRS009,1,40,100,2025-11-18,26,True
ASS0003298,STU00162,MOD00070,CRS009,2,67,100,2025-11-14,38,False
ASS0003299,STU00162,MOD00070,CRS009,3,69,100,2025-11-16,13,True
ASS0003300,STU00162,MOD00071,CRS009,1,52,100,2026-01-31,35,True
ASS0003301,STU00162,MOD00071,CRS009,2,52,100,2026-02-04,59,True
ASS0003302,STU00162,MOD00131,CRS017,1,31,100,2026-01-19,17,True
ASS0003303,STU00162,MOD00131,CRS017,2,66,100,2026-01-15,38,True
ASS0003304,STU00162,MOD00131,CRS017,3,78,100,2026-01-15,36,True
ASS0003305,STU00162,MOD00133,CRS017,1,58,100,2026-01-25,51,True
ASS0003306,STU00162,MOD00133,CRS017,2,74,100,2026-01-21,36,True
ASS0003307,STU00162,MOD00133,CRS017,3,51,100,2026-01-25,35,True
ASS0003308,STU00162,MOD00134,CRS017,1,34,100,2026-01-10,29,True
ASS0003309,STU00162,MOD00134,CRS017,2,76,100,2026-01-10,31,True
ASS0003310,STU00162,MOD00135,CRS017,1,52,100,2025-12-28,19,True
ASS0003311,STU00162,MOD00135,CRS017,2,34,100,2025-12-25,60,False
ASS0003312,STU00162,MOD00135,CRS017,3,82,100,2025-12-23,50,False
ASS0003313,STU00162,MOD00136,CRS017,1,74,100,2026-01-02,60,True
ASS0003314,STU00163,MOD00105,CRS014,1,59,100,2026-06-14,52,True
ASS0003315,STU00163,MOD00107,CRS014,1,48,100,2026-06-08,47,True
ASS0003316,STU00163,MOD00107,CRS014,2,83,100,2026-06-09,17,True
ASS0003317,STU00163,MOD00108,CRS014,1,63,100,2026-05-22,48,True
ASS0003318,STU00163,MOD00108,CRS014,2,99,100,2026-05-18,11,True
ASS0003319,STU00163,MOD00110,CRS014,1,47,100,2026-04-05,34,True
ASS0003320,STU00163,MOD00110,CRS014,2,71,100,2026-04-05,45,False
ASS0003321,STU00163,MOD00025,CRS004,1,97,100,2026-05-28,51,False
ASS0003322,STU00163,MOD00026,CRS004,1,82,100,2026-04-14,49,False
ASS0003323,STU00163,MOD00026,CRS004,2,78,100,2026-04-15,27,False
ASS0003324,STU00163,MOD00031,CRS004,1,58,100,2026-04-20,21,True
ASS0003325,STU00163,MOD00032,CRS004,1,72,100,2026-05-30,42,True
ASS0003326,STU00163,MOD00035,CRS005,1,48,100,2026-03-31,47,True
ASS0003327,STU00163,MOD00035,CRS005,2,55,100,2026-03-26,50,True
ASS0003328,STU00163,MOD00035,CRS005,3,60,100,2026-03-28,50,True
ASS0003329,STU00163,MOD00038,CRS005,1,43,100,2026-04-13,59,True
ASS0003330,STU00163,MOD00038,CRS005,2,74,100,2026-04-11,47,True
ASS0003331,STU00163,MOD00038,CRS005,3,77,100,2026-04-13,39,True
ASS0003332,STU00163,MOD00039,CRS005,1,96,100,2026-03-12,20,True
ASS0003333,STU00163,MOD00130,CRS017,1,90,100,2025-05-27,16,True
ASS0003334,STU00163,MOD00130,CRS017,2,92,100,2025-05-27,44,True
ASS0003335,STU00163,MOD00135,CRS017,1,58,100,2025-06-02,49,True
ASS0003336,STU00164,MOD00074,CRS010,1,54,100,2026-01-25,21,True
ASS0003337,STU00164,MOD00076,CRS010,1,55,100,2026-01-08,29,True
ASS0003338,STU00164,MOD00077,CRS010,1,74,100,2025-12-27,50,True
ASS0003339,STU00164,MOD00077,CRS010,2,85,100,2025-12-30,26,True
ASS0003340,STU00164,MOD00077,CRS010,3,96,100,2025-12-25,53,True
ASS0003341,STU00165,MOD00107,CRS014,1,72,100,2026-04-05,52,True
ASS0003342,STU00165,MOD00107,CRS014,2,35,100,2026-04-04,21,False
ASS0003343,STU00165,MOD00107,CRS014,3,74,100,2026-04-04,12,True
ASS0003344,STU00165,MOD00109,CRS014,1,87,100,2026-03-30,60,True
ASS0003345,STU00165,MOD00110,CRS014,1,98,100,2026-03-15,20,True
ASS0003346,STU00165,MOD00112,CRS014,1,52,100,2026-04-08,14,False
ASS0003347,STU00165,MOD00112,CRS014,2,88,100,2026-04-08,58,True
ASS0003348,STU00165,MOD00066,CRS009,1,84,100,2026-02-24,54,True
ASS0003349,STU00165,MOD00069,CRS009,1,47,100,2026-02-24,14,False
ASS0003350,STU00165,MOD00069,CRS009,2,58,100,2026-02-23,46,False
ASS0003351,STU00165,MOD00069,CRS009,3,66,100,2026-02-21,38,True
ASS0003352,STU00165,MOD00070,CRS009,1,41,100,2026-02-25,23,False
ASS0003353,STU00165,MOD00070,CRS009,2,50,100,2026-02-24,20,False
ASS0003354,STU00165,MOD00071,CRS009,1,84,100,2026-03-11,41,False
ASS0003355,STU00165,MOD00097,CRS013,1,70,100,2026-03-08,57,True
ASS0003356,STU00165,MOD00097,CRS013,2,84,100,2026-03-11,19,True
ASS0003357,STU00165,MOD00099,CRS013,1,39,100,2026-03-31,13,False
ASS0003358,STU00165,MOD00099,CRS013,2,37,100,2026-03-30,21,True
ASS0003359,STU00165,MOD00099,CRS013,3,51,100,2026-04-02,59,True
ASS0003360,STU00165,MOD00101,CRS013,1,80,100,2026-02-28,39,True
ASS0003361,STU00165,MOD00101,CRS013,2,40,100,2026-02-24,16,True
ASS0003362,STU00165,MOD00101,CRS013,3,79,100,2026-02-26,50,True
ASS0003363,STU00165,MOD00103,CRS013,1,76,100,2026-03-08,39,True
ASS0003364,STU00165,MOD00103,CRS013,2,39,100,2026-03-08,42,True
ASS0003365,STU00165,MOD00103,CRS013,3,89,100,2026-03-08,37,True
ASS0003366,STU00166,MOD00067,CRS009,1,71,100,2025-09-05,52,True
ASS0003367,STU00166,MOD00067,CRS009,2,77,100,2025-09-03,33,True
ASS0003368,STU00166,MOD00068,CRS009,1,87,100,2025-08-20,13,False
ASS0003369,STU00166,MOD00068,CRS009,2,77,100,2025-08-15,41,False
ASS0003370,STU00166,MOD00070,CRS009,1,34,100,2025-07-13,18,True
ASS0003371,STU00166,MOD00070,CRS009,2,78,100,2025-07-14,24,True
ASS0003372,STU00166,MOD00072,CRS009,1,84,100,2025-09-07,31,True
ASS0003373,STU00166,MOD00072,CRS009,2,86,100,2025-09-10,53,False
ASS0003374,STU00166,MOD00072,CRS009,3,94,100,2025-09-06,50,True
ASS0003375,STU00166,MOD00099,CRS013,1,36,100,2025-11-30,44,True
ASS0003376,STU00166,MOD00099,CRS013,2,87,100,2025-11-26,17,True
ASS0003377,STU00166,MOD00102,CRS013,1,87,100,2025-12-15,51,False
ASS0003378,STU00166,MOD00102,CRS013,2,62,100,2025-12-14,46,True
ASS0003379,STU00166,MOD00102,CRS013,3,86,100,2025-12-15,13,False
ASS0003380,STU00166,MOD00103,CRS013,1,73,100,2025-10-30,48,False
ASS0003381,STU00166,MOD00103,CRS013,2,60,100,2025-10-28,27,True
ASS0003382,STU00167,MOD00009,CRS002,1,69,100,2025-08-07,35,True
ASS0003383,STU00167,MOD00009,CRS002,2,36,100,2025-08-07,36,True
ASS0003384,STU00167,MOD00009,CRS002,3,57,100,2025-08-10,44,True
ASS0003385,STU00167,MOD00012,CRS002,1,32,100,2025-09-03,13,False
ASS0003386,STU00167,MOD00012,CRS002,2,51,100,2025-09-04,20,False
ASS0003387,STU00167,MOD00013,CRS002,1,44,100,2025-07-31,45,True
ASS0003388,STU00167,MOD00013,CRS002,2,77,100,2025-07-31,30,True
ASS0003389,STU00167,MOD00014,CRS002,1,87,100,2025-08-27,17,True
ASS0003390,STU00167,MOD00014,CRS002,2,51,100,2025-08-28,40,True
ASS0003391,STU00167,MOD00014,CRS002,3,86,100,2025-08-30,22,True
ASS0003392,STU00167,MOD00015,CRS002,1,91,100,2025-07-22,44,True
ASS0003393,STU00167,MOD00016,CRS002,1,34,100,2025-06-26,34,True
ASS0003394,STU00167,MOD00016,CRS002,2,93,100,2025-06-24,51,True
ASS0003395,STU00167,MOD00097,CRS013,1,71,100,2025-11-19,51,True
ASS0003396,STU00167,MOD00097,CRS013,2,39,100,2025-11-17,20,True
ASS0003397,STU00167,MOD00097,CRS013,3,87,100,2025-11-15,11,True
ASS0003398,STU00167,MOD00099,CRS013,1,72,100,2025-11-22,54,True
ASS0003399,STU00167,MOD00101,CRS013,1,60,100,2025-11-26,54,True
ASS0003400,STU00167,MOD00103,CRS013,1,92,100,2025-12-23,11,True
ASS0003401,STU00167,MOD00083,CRS011,1,68,100,2025-09-14,21,True
ASS0003402,STU00167,MOD00083,CRS011,2,85,100,2025-09-10,43,True
ASS0003403,STU00167,MOD00083,CRS011,3,96,100,2025-09-12,43,True
ASS0003404,STU00167,MOD00058,CRS008,1,63,100,2025-10-11,15,False
ASS0003405,STU00167,MOD00060,CRS008,1,62,100,2026-01-03,43,False
ASS0003406,STU00167,MOD00062,CRS008,1,59,100,2025-12-31,15,False
ASS0003407,STU00167,MOD00062,CRS008,2,87,100,2026-01-05,20,False
ASS0003408,STU00167,MOD00063,CRS008,1,46,100,2025-11-02,31,True
ASS0003409,STU00167,MOD00063,CRS008,2,67,100,2025-11-06,42,True
ASS0003410,STU00167,MOD00063,CRS008,3,88,100,2025-11-05,48,True
ASS0003411,STU00167,MOD00064,CRS008,1,83,100,2025-10-07,29,True
ASS0003412,STU00168,MOD00074,CRS010,1,70,100,2026-02-21,27,True
ASS0003413,STU00168,MOD00077,CRS010,1,89,100,2026-01-30,49,True
ASS0003414,STU00168,MOD00077,CRS010,2,54,100,2026-01-29,22,True
ASS0003415,STU00168,MOD00077,CRS010,3,93,100,2026-01-30,10,True
ASS0003416,STU00168,MOD00068,CRS009,1,44,100,2026-02-19,22,True
ASS0003417,STU00168,MOD00068,CRS009,2,99,100,2026-02-17,32,True
ASS0003418,STU00168,MOD00069,CRS009,1,83,100,2026-01-04,31,False
ASS0003419,STU00168,MOD00070,CRS009,1,64,100,2026-02-09,10,True
ASS0003420,STU00168,MOD00070,CRS009,2,80,100,2026-02-11,41,True
ASS0003421,STU00168,MOD00070,CRS009,3,64,100,2026-02-13,59,True
ASS0003422,STU00168,MOD00071,CRS009,1,41,100,2026-01-12,14,True
ASS0003423,STU00168,MOD00071,CRS009,2,74,100,2026-01-10,29,True
ASS0003424,STU00168,MOD00071,CRS009,3,66,100,2026-01-13,33,True
ASS0003425,STU00168,MOD00072,CRS009,1,87,100,2026-03-09,14,False
ASS0003426,STU00168,MOD00072,CRS009,2,52,100,2026-03-09,36,True
ASS0003427,STU00169,MOD00075,CRS010,1,68,100,2026-01-01,38,True
ASS0003428,STU00169,MOD00075,CRS010,2,84,100,2026-01-05,40,True
ASS0003429,STU00169,MOD00075,CRS010,3,78,100,2026-01-06,27,True
ASS0003430,STU00169,MOD00077,CRS010,1,34,100,2026-01-19,33,True
ASS0003431,STU00169,MOD00077,CRS010,2,38,100,2026-01-16,16,True
ASS0003432,STU00169,MOD00077,CRS010,3,75,100,2026-01-18,22,True
ASS0003433,STU00169,MOD00080,CRS010,1,82,100,2026-01-03,46,True
ASS0003434,STU00169,MOD00080,CRS010,2,47,100,2026-01-03,26,False
ASS0003435,STU00169,MOD00080,CRS010,3,54,100,2026-01-01,56,True
ASS0003436,STU00170,MOD00067,CRS009,1,71,100,2025-12-16,36,True
ASS0003437,STU00170,MOD00067,CRS009,2,85,100,2025-12-17,46,True
ASS0003438,STU00170,MOD00067,CRS009,3,78,100,2025-12-18,33,True
ASS0003439,STU00170,MOD00071,CRS009,1,84,100,2026-03-05,43,True
ASS0003440,STU00170,MOD00071,CRS009,2,96,100,2026-03-05,27,False
ASS0003441,STU00170,MOD00106,CRS014,1,62,100,2025-05-06,43,True
ASS0003442,STU00170,MOD00107,CRS014,1,87,100,2025-05-03,14,False
ASS0003443,STU00170,MOD00107,CRS014,2,40,100,2025-05-03,47,True
ASS0003444,STU00170,MOD00107,CRS014,3,62,100,2025-05-04,38,False
ASS0003445,STU00170,MOD00108,CRS014,1,50,100,2025-06-22,16,False
ASS0003446,STU00170,MOD00108,CRS014,2,39,100,2025-06-17,25,True
ASS0003447,STU00170,MOD00108,CRS014,3,69,100,2025-06-22,29,True
ASS0003448,STU00170,MOD00109,CRS014,1,93,100,2025-07-01,47,False
ASS0003449,STU00170,MOD00021,CRS003,1,86,100,2025-06-18,12,False
ASS0003450,STU00171,MOD00129,CRS017,1,82,100,2025-09-15,56,True
ASS0003451,STU00171,MOD00129,CRS017,2,89,100,2025-09-13,16,True
ASS0003452,STU00171,MOD00132,CRS017,1,82,100,2025-08-17,18,True
ASS0003453,STU00171,MOD00133,CRS017,1,53,100,2025-09-03,17,False
ASS0003454,STU00171,MOD00133,CRS017,2,67,100,2025-08-29,37,True
ASS0003455,STU00171,MOD00133,CRS017,3,95,100,2025-08-31,11,True
ASS0003456,STU00171,MOD00134,CRS017,1,68,100,2025-10-05,14,False
ASS0003457,STU00171,MOD00135,CRS017,1,66,100,2025-07-24,24,True
ASS0003458,STU00171,MOD00135,CRS017,2,69,100,2025-07-23,39,True
ASS0003459,STU00171,MOD00136,CRS017,1,79,100,2025-07-31,39,True
ASS0003460,STU00171,MOD00136,CRS017,2,39,100,2025-07-30,40,True
ASS0003461,STU00171,MOD00136,CRS017,3,97,100,2025-07-31,38,True
ASS0003462,STU00171,MOD00089,CRS012,1,50,100,2026-03-01,39,False
ASS0003463,STU00171,MOD00091,CRS012,1,99,100,2026-03-09,41,True
ASS0003464,STU00171,MOD00092,CRS012,1,54,100,2026-04-22,47,True
ASS0003465,STU00171,MOD00011,CRS002,1,90,100,2025-12-12,40,True
ASS0003466,STU00171,MOD00011,CRS002,2,80,100,2025-12-13,55,False
ASS0003467,STU00171,MOD00011,CRS002,3,75,100,2025-12-08,42,True
ASS0003468,STU00171,MOD00013,CRS002,1,90,100,2026-02-06,28,True
ASS0003469,STU00171,MOD00013,CRS002,2,84,100,2026-02-06,25,True
ASS0003470,STU00171,MOD00015,CRS002,1,72,100,2026-01-15,34,True
ASS0003471,STU00171,MOD00015,CRS002,2,93,100,2026-01-16,42,True
ASS0003472,STU00171,MOD00153,CRS020,1,42,100,2025-06-17,15,False
ASS0003473,STU00171,MOD00153,CRS020,2,63,100,2025-06-15,28,True
ASS0003474,STU00171,MOD00156,CRS020,1,41,100,2025-07-04,45,True
ASS0003475,STU00171,MOD00156,CRS020,2,60,100,2025-07-04,30,True
ASS0003476,STU00171,MOD00156,CRS020,3,100,100,2025-07-04,29,True
ASS0003477,STU00171,MOD00157,CRS020,1,63,100,2025-05-18,44,False
ASS0003478,STU00171,MOD00160,CRS020,1,53,100,2025-06-21,14,True
ASS0003479,STU00171,MOD00160,CRS020,2,56,100,2025-06-20,21,True
ASS0003480,STU00171,MOD00160,CRS020,3,65,100,2025-06-19,56,False
ASS0003481,STU00172,MOD00145,CRS019,1,75,100,2026-07-05,55,True
ASS0003482,STU00172,MOD00145,CRS019,2,57,100,2026-07-05,43,True
ASS0003483,STU00172,MOD00145,CRS019,3,74,100,2026-06-30,52,True
ASS0003484,STU00172,MOD00152,CRS019,1,32,100,2026-06-15,18,True
ASS0003485,STU00172,MOD00152,CRS019,2,99,100,2026-06-14,12,True
ASS0003486,STU00172,MOD00003,CRS001,1,36,100,2026-06-11,40,True
ASS0003487,STU00172,MOD00003,CRS001,2,69,100,2026-06-11,40,False
ASS0003488,STU00172,MOD00003,CRS001,3,100,100,2026-06-12,48,False
ASS0003489,STU00172,MOD00008,CRS001,1,81,100,2026-06-27,45,False
ASS0003490,STU00172,MOD00008,CRS001,2,50,100,2026-06-24,20,True
ASS0003491,STU00172,MOD00008,CRS001,3,78,100,2026-06-24,16,False
ASS0003492,STU00172,MOD00041,CRS006,1,77,100,2026-04-09,41,True
ASS0003493,STU00172,MOD00041,CRS006,2,94,100,2026-04-10,39,True
ASS0003494,STU00172,MOD00045,CRS006,1,43,100,2026-04-04,15,True
ASS0003495,STU00172,MOD00045,CRS006,2,41,100,2026-04-07,29,False
ASS0003496,STU00172,MOD00045,CRS006,3,75,100,2026-04-06,59,True
ASS0003497,STU00172,MOD00047,CRS006,1,62,100,2026-06-04,21,True
ASS0003498,STU00172,MOD00054,CRS007,1,36,100,2026-06-04,55,True
ASS0003499,STU00172,MOD00054,CRS007,2,90,100,2026-06-05,39,True
ASS0003500,STU00172,MOD00054,CRS007,3,89,100,2026-06-09,16,True
ASS0003501,STU00172,MOD00055,CRS007,1,63,100,2026-04-14,40,True
ASS0003502,STU00172,MOD00130,CRS017,1,54,100,2026-04-16,58,True
ASS0003503,STU00172,MOD00130,CRS017,2,88,100,2026-04-11,35,True
ASS0003504,STU00172,MOD00131,CRS017,1,87,100,2026-04-28,47,True
ASS0003505,STU00172,MOD00133,CRS017,1,58,100,2026-06-05,14,True
ASS0003506,STU00172,MOD00133,CRS017,2,41,100,2026-06-06,34,True
ASS0003507,STU00172,MOD00133,CRS017,3,56,100,2026-06-07,14,True
ASS0003508,STU00172,MOD00134,CRS017,1,41,100,2026-05-02,52,True
ASS0003509,STU00172,MOD00134,CRS017,2,53,100,2026-05-01,41,False
ASS0003510,STU00172,MOD00134,CRS017,3,53,100,2026-05-02,23,True
ASS0003511,STU00172,MOD00135,CRS017,1,58,100,2026-05-26,14,True
ASS0003512,STU00172,MOD00136,CRS017,1,89,100,2026-06-25,15,True
ASS0003513,STU00172,MOD00136,CRS017,2,37,100,2026-06-22,38,True
ASS0003514,STU00172,MOD00136,CRS017,3,51,100,2026-06-22,35,True
ASS0003515,STU00173,MOD00091,CRS012,1,79,100,2026-01-14,16,True
ASS0003516,STU00173,MOD00092,CRS012,1,60,100,2025-12-20,26,True
ASS0003517,STU00173,MOD00092,CRS012,2,89,100,2025-12-20,45,True
ASS0003518,STU00173,MOD00095,CRS012,1,77,100,2026-02-26,43,True
ASS0003519,STU00173,MOD00096,CRS012,1,35,100,2026-01-28,42,True
ASS0003520,STU00173,MOD00096,CRS012,2,30,100,2026-01-29,29,True
ASS0003521,STU00173,MOD00096,CRS012,3,72,100,2026-01-26,17,False
ASS0003522,STU00173,MOD00130,CRS017,1,76,100,2025-06-29,18,True
ASS0003523,STU00173,MOD00131,CRS017,1,62,100,2025-04-23,25,True
ASS0003524,STU00173,MOD00131,CRS017,2,50,100,2025-04-26,27,True
ASS0003525,STU00173,MOD00133,CRS017,1,73,100,2025-06-25,39,True
ASS0003526,STU00173,MOD00133,CRS017,2,36,100,2025-06-24,54,True
ASS0003527,STU00173,MOD00133,CRS017,3,83,100,2025-06-24,48,True
ASS0003528,STU00173,MOD00136,CRS017,1,98,100,2025-05-13,45,False
ASS0003529,STU00174,MOD00089,CRS012,1,39,100,2026-02-23,32,True
ASS0003530,STU00174,MOD00089,CRS012,2,62,100,2026-02-27,23,True
ASS0003531,STU00174,MOD00089,CRS012,3,86,100,2026-02-23,46,False
ASS0003532,STU00174,MOD00090,CRS012,1,61,100,2026-04-17,52,True
ASS0003533,STU00174,MOD00090,CRS012,2,43,100,2026-04-19,42,True
ASS0003534,STU00174,MOD00090,CRS012,3,67,100,2026-04-21,17,True
ASS0003535,STU00174,MOD00091,CRS012,1,55,100,2026-05-08,18,True
ASS0003536,STU00174,MOD00092,CRS012,1,34,100,2026-05-15,47,True
ASS0003537,STU00174,MOD00092,CRS012,2,54,100,2026-05-10,18,True
ASS0003538,STU00174,MOD00093,CRS012,1,39,100,2026-03-23,41,True
ASS0003539,STU00174,MOD00093,CRS012,2,54,100,2026-03-21,32,True
ASS0003540,STU00174,MOD00093,CRS012,3,88,100,2026-03-22,45,True
ASS0003541,STU00174,MOD00094,CRS012,1,81,100,2026-03-07,55,True
ASS0003542,STU00174,MOD00095,CRS012,1,59,100,2026-04-09,20,True
ASS0003543,STU00174,MOD00095,CRS012,2,78,100,2026-04-08,20,True
ASS0003544,STU00174,MOD00095,CRS012,3,92,100,2026-04-07,59,True
ASS0003545,STU00174,MOD00121,CRS016,1,43,100,2025-12-26,15,True
ASS0003546,STU00174,MOD00121,CRS016,2,58,100,2025-12-25,31,True
ASS0003547,STU00174,MOD00125,CRS016,1,81,100,2026-01-09,49,True
ASS0003548,STU00174,MOD00126,CRS016,1,45,100,2026-01-06,12,True
ASS0003549,STU00174,MOD00126,CRS016,2,54,100,2026-01-03,57,True
ASS0003550,STU00175,MOD00146,CRS019,1,39,100,2026-02-05,41,True
ASS0003551,STU00175,MOD00146,CRS019,2,77,100,2026-02-08,40,True
ASS0003552,STU00175,MOD00151,CRS019,1,85,100,2025-11-30,29,True
ASS0003553,STU00175,MOD00151,CRS019,2,57,100,2025-12-05,51,True
ASS0003554,STU00175,MOD00151,CRS019,3,74,100,2025-12-03,17,True
ASS0003555,STU00175,MOD00152,CRS019,1,95,100,2025-11-30,35,True
ASS0003556,STU00175,MOD00137,CRS018,1,88,100,2026-01-22,56,False
ASS0003557,STU00175,MOD00137,CRS018,2,89,100,2026-01-17,41,False
ASS0003558,STU00175,MOD00139,CRS018,1,49,100,2026-02-10,17,True
ASS0003559,STU00175,MOD00139,CRS018,2,76,100,2026-02-10,36,False
ASS0003560,STU00175,MOD00139,CRS018,3,88,100,2026-02-08,13,False
ASS0003561,STU00175,MOD00141,CRS018,1,46,100,2026-01-07,10,True
ASS0003562,STU00175,MOD00141,CRS018,2,65,100,2026-01-11,13,True
ASS0003563,STU00175,MOD00141,CRS018,3,90,100,2026-01-09,47,True
ASS0003564,STU00175,MOD00089,CRS012,1,73,100,2026-04-21,23,True
ASS0003565,STU00175,MOD00089,CRS012,2,75,100,2026-04-20,53,True
ASS0003566,STU00175,MOD00090,CRS012,1,77,100,2026-06-13,24,True
ASS0003567,STU00175,MOD00093,CRS012,1,31,100,2026-06-21,57,True
ASS0003568,STU00175,MOD00093,CRS012,2,68,100,2026-06-22,19,True
ASS0003569,STU00175,MOD00094,CRS012,1,56,100,2026-04-22,20,True
ASS0003570,STU00175,MOD00094,CRS012,2,65,100,2026-04-20,34,True
ASS0003571,STU00175,MOD00094,CRS012,3,61,100,2026-04-20,13,True
ASS0003572,STU00175,MOD00095,CRS012,1,63,100,2026-05-25,38,True
ASS0003573,STU00175,MOD00095,CRS012,2,68,100,2026-05-21,26,True
ASS0003574,STU00175,MOD00095,CRS012,3,72,100,2026-05-22,40,True
ASS0003575,STU00175,MOD00154,CRS020,1,59,100,2025-12-04,58,False
ASS0003576,STU00175,MOD00155,CRS020,1,70,100,2026-01-20,12,True
ASS0003577,STU00175,MOD00155,CRS020,2,71,100,2026-01-17,29,False
ASS0003578,STU00175,MOD00156,CRS020,1,31,100,2025-11-29,38,True
ASS0003579,STU00175,MOD00156,CRS020,2,36,100,2025-11-30,43,True
ASS0003580,STU00175,MOD00156,CRS020,3,81,100,2025-11-28,30,True
ASS0003581,STU00175,MOD00157,CRS020,1,68,100,2026-01-14,11,True
ASS0003582,STU00175,MOD00158,CRS020,1,61,100,2025-11-27,27,False
ASS0003583,STU00175,MOD00158,CRS020,2,50,100,2025-11-27,51,True
ASS0003584,STU00175,MOD00158,CRS020,3,51,100,2025-11-29,31,True
ASS0003585,STU00175,MOD00160,CRS020,1,46,100,2025-12-09,46,True
ASS0003586,STU00175,MOD00160,CRS020,2,90,100,2025-12-10,59,True
ASS0003587,STU00176,MOD00001,CRS001,1,56,100,2025-08-28,45,False
ASS0003588,STU00176,MOD00003,CRS001,1,55,100,2025-09-08,20,True
ASS0003589,STU00176,MOD00003,CRS001,2,75,100,2025-09-10,28,True
ASS0003590,STU00176,MOD00003,CRS001,3,62,100,2025-09-07,33,True
ASS0003591,STU00176,MOD00007,CRS001,1,50,100,2025-08-23,47,False
ASS0003592,STU00176,MOD00007,CRS001,2,75,100,2025-08-20,13,False
ASS0003593,STU00176,MOD00007,CRS001,3,90,100,2025-08-22,55,False
ASS0003594,STU00176,MOD00097,CRS013,1,77,100,2026-04-30,31,True
ASS0003595,STU00176,MOD00098,CRS013,1,61,100,2026-05-07,49,True
ASS0003596,STU00176,MOD00098,CRS013,2,76,100,2026-05-08,18,True
ASS0003597,STU00176,MOD00100,CRS013,1,67,100,2026-04-12,56,True
ASS0003598,STU00176,MOD00102,CRS013,1,79,100,2026-03-05,52,False
ASS0003599,STU00176,MOD00103,CRS013,1,63,100,2026-05-04,57,False
ASS0003600,STU00176,MOD00103,CRS013,2,84,100,2026-05-05,55,True
ASS0003601,STU00176,MOD00104,CRS013,1,76,100,2026-03-20,45,True
ASS0003602,STU00176,MOD00104,CRS013,2,56,100,2026-03-23,36,True
ASS0003603,STU00176,MOD00010,CRS002,1,92,100,2025-11-12,54,False
ASS0003604,STU00176,MOD00015,CRS002,1,44,100,2025-11-10,34,True
ASS0003605,STU00176,MOD00015,CRS002,2,59,100,2025-11-13,40,True
ASS0003606,STU00176,MOD00015,CRS002,3,55,100,2025-11-14,21,True
ASS0003607,STU00177,MOD00057,CRS008,1,60,100,2025-11-05,41,False
ASS0003608,STU00177,MOD00057,CRS008,2,73,100,2025-11-06,27,True
ASS0003609,STU00177,MOD00057,CRS008,3,80,100,2025-11-08,44,True
ASS0003610,STU00177,MOD00058,CRS008,1,48,100,2025-11-25,14,True
ASS0003611,STU00177,MOD00058,CRS008,2,87,100,2025-11-26,13,True
ASS0003612,STU00177,MOD00058,CRS008,3,52,100,2025-11-26,13,True
ASS0003613,STU00177,MOD00063,CRS008,1,38,100,2026-01-01,56,True
ASS0003614,STU00177,MOD00063,CRS008,2,98,100,2026-01-01,24,True
ASS0003615,STU00177,MOD00051,CRS007,1,74,100,2025-11-07,50,True
ASS0003616,STU00177,MOD00051,CRS007,2,36,100,2025-11-07,21,True
ASS0003617,STU00177,MOD00051,CRS007,3,52,100,2025-11-05,23,False
ASS0003618,STU00177,MOD00054,CRS007,1,35,100,2025-11-10,21,True
ASS0003619,STU00177,MOD00054,CRS007,2,34,100,2025-11-14,31,True
ASS0003620,STU00177,MOD00054,CRS007,3,91,100,2025-11-11,31,True
ASS0003621,STU00177,MOD00055,CRS007,1,43,100,2025-12-21,18,True
ASS0003622,STU00177,MOD00055,CRS007,2,68,100,2025-12-26,20,True
ASS0003623,STU00177,MOD00056,CRS007,1,55,100,2025-12-27,21,True
ASS0003624,STU00177,MOD00056,CRS007,2,52,100,2025-12-29,45,True
ASS0003625,STU00178,MOD00001,CRS001,1,56,100,2026-03-31,58,True
ASS0003626,STU00178,MOD00001,CRS001,2,50,100,2026-03-26,19,True
ASS0003627,STU00178,MOD00005,CRS001,1,51,100,2026-05-18,14,False
ASS0003628,STU00178,MOD00005,CRS001,2,83,100,2026-05-20,55,False
ASS0003629,STU00178,MOD00005,CRS001,3,90,100,2026-05-19,11,False
ASS0003630,STU00179,MOD00041,CRS006,1,32,100,2026-04-22,60,True
ASS0003631,STU00179,MOD00041,CRS006,2,55,100,2026-04-21,33,True
ASS0003632,STU00179,MOD00045,CRS006,1,76,100,2026-05-22,39,True
ASS0003633,STU00179,MOD00045,CRS006,2,78,100,2026-05-18,15,True
ASS0003634,STU00179,MOD00001,CRS001,1,34,100,2025-06-16,29,True
ASS0003635,STU00179,MOD00001,CRS001,2,58,100,2025-06-12,44,True
ASS0003636,STU00179,MOD00004,CRS001,1,48,100,2025-04-30,37,True
ASS0003637,STU00179,MOD00004,CRS001,2,82,100,2025-05-05,49,False
ASS0003638,STU00179,MOD00006,CRS001,1,73,100,2025-05-10,49,True
ASS0003639,STU00179,MOD00006,CRS001,2,50,100,2025-05-11,34,False
ASS0003640,STU00179,MOD00006,CRS001,3,71,100,2025-05-07,16,True
ASS0003641,STU00180,MOD00069,CRS009,1,62,100,2025-08-18,28,True
ASS0003642,STU00180,MOD00069,CRS009,2,77,100,2025-08-17,27,False
ASS0003643,STU00180,MOD00069,CRS009,3,62,100,2025-08-17,19,True
ASS0003644,STU00180,MOD00072,CRS009,1,36,100,2025-08-15,18,True
ASS0003645,STU00180,MOD00072,CRS009,2,43,100,2025-08-15,29,True
ASS0003646,STU00180,MOD00072,CRS009,3,85,100,2025-08-11,35,True
ASS0003647,STU00180,MOD00105,CRS014,1,57,100,2026-01-05,12,True
ASS0003648,STU00180,MOD00105,CRS014,2,88,100,2026-01-07,33,True
ASS0003649,STU00180,MOD00106,CRS014,1,51,100,2026-01-15,55,True
ASS0003650,STU00180,MOD00106,CRS014,2,79,100,2026-01-14,48,True
ASS0003651,STU00180,MOD00106,CRS014,3,71,100,2026-01-18,36,True
ASS0003652,STU00180,MOD00107,CRS014,1,32,100,2025-12-13,32,True
ASS0003653,STU00180,MOD00107,CRS014,2,58,100,2025-12-09,54,True
ASS0003654,STU00180,MOD00110,CRS014,1,85,100,2025-12-14,60,False
ASS0003655,STU00180,MOD00110,CRS014,2,89,100,2025-12-10,12,True
ASS0003656,STU00180,MOD00098,CRS013,1,35,100,2025-09-01,15,True
ASS0003657,STU00180,MOD00098,CRS013,2,32,100,2025-09-01,48,True
ASS0003658,STU00180,MOD00098,CRS013,3,61,100,2025-09-02,53,True
ASS0003659,STU00180,MOD00099,CRS013,1,76,100,2025-10-19,56,True
ASS0003660,STU00180,MOD00099,CRS013,2,86,100,2025-10-16,50,True
ASS0003661,STU00180,MOD00099,CRS013,3,55,100,2025-10-20,34,False
ASS0003662,STU00180,MOD00102,CRS013,1,80,100,2025-09-29,10,True
ASS0003663,STU00180,MOD00102,CRS013,2,50,100,2025-09-28,41,True
ASS0003664,STU00181,MOD00133,CRS017,1,70,100,2025-10-23,53,False
ASS0003665,STU00181,MOD00133,CRS017,2,37,100,2025-10-26,10,True
ASS0003666,STU00181,MOD00133,CRS017,3,76,100,2025-10-23,42,True
ASS0003667,STU00181,MOD00135,CRS017,1,32,100,2025-10-02,54,True
ASS0003668,STU00181,MOD00135,CRS017,2,81,100,2025-09-29,53,True
ASS0003669,STU00181,MOD00101,CRS013,1,89,100,2025-10-17,33,True
ASS0003670,STU00181,MOD00101,CRS013,2,100,100,2025-10-15,34,False
ASS0003671,STU00181,MOD00104,CRS013,1,42,100,2025-10-31,53,True
ASS0003672,STU00181,MOD00104,CRS013,2,61,100,2025-11-01,29,True
ASS0003673,STU00181,MOD00104,CRS013,3,95,100,2025-10-31,14,True
ASS0003674,STU00181,MOD00028,CRS004,1,83,100,2025-09-29,39,True
ASS0003675,STU00181,MOD00028,CRS004,2,100,100,2025-09-29,49,True
ASS0003676,STU00181,MOD00029,CRS004,1,76,100,2025-10-13,47,True
ASS0003677,STU00181,MOD00029,CRS004,2,37,100,2025-10-09,56,True
ASS0003678,STU00181,MOD00029,CRS004,3,51,100,2025-10-09,30,True
ASS0003679,STU00182,MOD00137,CRS018,1,79,100,2026-01-12,32,True
ASS0003680,STU00182,MOD00137,CRS018,2,31,100,2026-01-11,18,True
ASS0003681,STU00182,MOD00137,CRS018,3,75,100,2026-01-11,56,True
ASS0003682,STU00182,MOD00138,CRS018,1,76,100,2025-12-16,13,True
ASS0003683,STU00182,MOD00138,CRS018,2,56,100,2025-12-14,25,False
ASS0003684,STU00182,MOD00139,CRS018,1,59,100,2026-01-04,25,True
ASS0003685,STU00182,MOD00139,CRS018,2,30,100,2026-01-03,27,True
ASS0003686,STU00182,MOD00139,CRS018,3,80,100,2026-01-01,36,True
ASS0003687,STU00182,MOD00141,CRS018,1,77,100,2026-01-30,45,True
ASS0003688,STU00182,MOD00141,CRS018,2,65,100,2026-01-30,56,False
ASS0003689,STU00182,MOD00141,CRS018,3,77,100,2026-01-31,15,False
ASS0003690,STU00182,MOD00143,CRS018,1,33,100,2026-01-31,52,False
ASS0003691,STU00182,MOD00143,CRS018,2,30,100,2026-02-01,51,False
ASS0003692,STU00182,MOD00143,CRS018,3,86,100,2026-01-31,56,True
ASS0003693,STU00182,MOD00074,CRS010,1,40,100,2026-01-25,28,True
ASS0003694,STU00182,MOD00074,CRS010,2,83,100,2026-01-24,32,False
ASS0003695,STU00182,MOD00075,CRS010,1,84,100,2026-01-19,38,False
ASS0003696,STU00182,MOD00075,CRS010,2,62,100,2026-01-22,22,True
ASS0003697,STU00182,MOD00078,CRS010,1,35,100,2025-12-15,14,True
ASS0003698,STU00182,MOD00078,CRS010,2,33,100,2025-12-18,24,True
ASS0003699,STU00182,MOD00078,CRS010,3,90,100,2025-12-16,41,True
ASS0003700,STU00182,MOD00079,CRS010,1,71,100,2026-01-07,24,True
ASS0003701,STU00182,MOD00145,CRS019,1,91,100,2025-11-20,47,True
ASS0003702,STU00182,MOD00146,CRS019,1,90,100,2025-11-25,28,True
ASS0003703,STU00182,MOD00147,CRS019,1,33,100,2025-12-28,23,True
ASS0003704,STU00182,MOD00147,CRS019,2,85,100,2025-12-29,23,True
ASS0003705,STU00182,MOD00148,CRS019,1,85,100,2025-12-29,21,True
ASS0003706,STU00182,MOD00148,CRS019,2,55,100,2025-12-29,23,True
ASS0003707,STU00182,MOD00148,CRS019,3,87,100,2025-12-29,53,True
ASS0003708,STU00182,MOD00151,CRS019,1,73,100,2025-12-10,14,True
ASS0003709,STU00182,MOD00151,CRS019,2,58,100,2025-12-08,36,True
ASS0003710,STU00182,MOD00152,CRS019,1,91,100,2025-11-29,32,False
ASS0003711,STU00183,MOD00082,CRS011,1,90,100,2026-06-19,23,True
ASS0003712,STU00183,MOD00082,CRS011,2,64,100,2026-06-21,32,True
ASS0003713,STU00183,MOD00083,CRS011,1,98,100,2026-05-20,35,True
ASS0003714,STU00183,MOD00085,CRS011,1,53,100,2026-05-30,27,True
ASS0003715,STU00183,MOD00085,CRS011,2,59,100,2026-05-27,45,True
ASS0003716,STU00183,MOD00086,CRS011,1,39,100,2026-06-06,36,True
ASS0003717,STU00183,MOD00086,CRS011,2,65,100,2026-06-04,25,False
ASS0003718,STU00183,MOD00087,CRS011,1,87,100,2026-04-26,19,True
ASS0003719,STU00183,MOD00145,CRS019,1,67,100,2026-02-12,15,True
ASS0003720,STU00183,MOD00146,CRS019,1,37,100,2026-04-16,32,True
ASS0003721,STU00183,MOD00146,CRS019,2,62,100,2026-04-15,41,True
ASS0003722,STU00183,MOD00149,CRS019,1,95,100,2026-03-16,60,True
ASS0003723,STU00183,MOD00151,CRS019,1,100,100,2026-04-09,16,True
ASS0003724,STU00184,MOD00034,CRS005,1,56,100,2026-01-09,60,True
ASS0003725,STU00184,MOD00035,CRS005,1,40,100,2025-12-25,57,True
ASS0003726,STU00184,MOD00035,CRS005,2,86,100,2025-12-27,36,False
ASS0003727,STU00184,MOD00035,CRS005,3,86,100,2025-12-24,41,False
ASS0003728,STU00184,MOD00037,CRS005,1,42,100,2025-12-04,49,True
ASS0003729,STU00184,MOD00037,CRS005,2,73,100,2025-12-08,24,False
ASS0003730,STU00184,MOD00039,CRS005,1,65,100,2025-12-01,46,True
ASS0003731,STU00185,MOD00083,CRS011,1,79,100,2026-04-07,43,True
ASS0003732,STU00185,MOD00083,CRS011,2,77,100,2026-04-10,31,True
ASS0003733,STU00185,MOD00086,CRS011,1,36,100,2026-03-07,24,False
ASS0003734,STU00185,MOD00086,CRS011,2,92,100,2026-03-05,32,True
ASS0003735,STU00185,MOD00088,CRS011,1,49,100,2026-02-22,25,True
ASS0003736,STU00185,MOD00088,CRS011,2,96,100,2026-02-21,12,True
ASS0003737,STU00185,MOD00033,CRS005,1,46,100,2025-07-17,18,True
ASS0003738,STU00185,MOD00033,CRS005,2,76,100,2025-07-17,42,True
ASS0003739,STU00185,MOD00034,CRS005,1,34,100,2025-05-03,11,True
ASS0003740,STU00185,MOD00034,CRS005,2,57,100,2025-05-05,14,True
ASS0003741,STU00185,MOD00038,CRS005,1,35,100,2025-07-12,26,False
ASS0003742,STU00185,MOD00038,CRS005,2,77,100,2025-07-13,44,False
ASS0003743,STU00185,MOD00038,CRS005,3,69,100,2025-07-12,27,False
ASS0003744,STU00185,MOD00039,CRS005,1,58,100,2025-06-23,55,True
ASS0003745,STU00185,MOD00040,CRS005,1,71,100,2025-06-18,37,True
ASS0003746,STU00185,MOD00001,CRS001,1,59,100,2025-11-14,33,True
ASS0003747,STU00185,MOD00002,CRS001,1,58,100,2025-11-13,14,True
ASS0003748,STU00185,MOD00004,CRS001,1,90,100,2026-01-31,40,True
ASS0003749,STU00185,MOD00008,CRS001,1,35,100,2026-01-19,16,True
ASS0003750,STU00185,MOD00008,CRS001,2,93,100,2026-01-20,34,True
ASS0003751,STU00185,MOD00122,CRS016,1,82,100,2025-08-13,55,True
ASS0003752,STU00185,MOD00122,CRS016,2,62,100,2025-08-17,18,True
ASS0003753,STU00185,MOD00122,CRS016,3,82,100,2025-08-16,30,True
ASS0003754,STU00185,MOD00123,CRS016,1,37,100,2025-08-09,58,True
ASS0003755,STU00185,MOD00123,CRS016,2,77,100,2025-08-10,50,True
ASS0003756,STU00185,MOD00123,CRS016,3,77,100,2025-08-10,27,True
ASS0003757,STU00185,MOD00124,CRS016,1,94,100,2025-08-04,57,True
ASS0003758,STU00185,MOD00125,CRS016,1,67,100,2025-08-29,57,True
ASS0003759,STU00185,MOD00125,CRS016,2,64,100,2025-08-25,38,False
ASS0003760,STU00185,MOD00125,CRS016,3,54,100,2025-08-27,19,False
ASS0003761,STU00185,MOD00126,CRS016,1,74,100,2025-08-11,44,True
ASS0003762,STU00185,MOD00126,CRS016,2,91,100,2025-08-08,58,True
ASS0003763,STU00185,MOD00127,CRS016,1,80,100,2025-10-03,13,False
ASS0003764,STU00185,MOD00127,CRS016,2,70,100,2025-10-01,53,True
ASS0003765,STU00186,MOD00052,CRS007,1,35,100,2025-07-01,20,False
ASS0003766,STU00186,MOD00052,CRS007,2,40,100,2025-07-01,36,True
ASS0003767,STU00186,MOD00052,CRS007,3,87,100,2025-07-05,24,False
ASS0003768,STU00186,MOD00055,CRS007,1,40,100,2025-06-23,50,True
ASS0003769,STU00186,MOD00055,CRS007,2,99,100,2025-06-20,50,True
ASS0003770,STU00186,MOD00056,CRS007,1,85,100,2025-08-30,24,True
ASS0003771,STU00186,MOD00056,CRS007,2,86,100,2025-08-29,29,True
ASS0003772,STU00186,MOD00087,CRS011,1,71,100,2026-03-12,49,True
ASS0003773,STU00186,MOD00087,CRS011,2,70,100,2026-03-13,55,True
ASS0003774,STU00186,MOD00061,CRS008,1,70,100,2026-01-30,56,True
ASS0003775,STU00186,MOD00062,CRS008,1,71,100,2026-01-16,59,True
ASS0003776,STU00186,MOD00062,CRS008,2,60,100,2026-01-13,36,True
ASS0003777,STU00186,MOD00063,CRS008,1,34,100,2026-01-23,28,True
ASS0003778,STU00186,MOD00063,CRS008,2,66,100,2026-01-25,58,True
ASS0003779,STU00186,MOD00064,CRS008,1,68,100,2026-02-08,28,True
ASS0003780,STU00186,MOD00121,CRS016,1,55,100,2025-07-30,34,False
ASS0003781,STU00186,MOD00121,CRS016,2,50,100,2025-07-29,24,True
ASS0003782,STU00186,MOD00121,CRS016,3,73,100,2025-07-29,32,True
ASS0003783,STU00186,MOD00123,CRS016,1,51,100,2025-08-09,47,False
ASS0003784,STU00186,MOD00123,CRS016,2,76,100,2025-08-08,43,True
ASS0003785,STU00186,MOD00123,CRS016,3,98,100,2025-08-13,24,True
ASS0003786,STU00186,MOD00091,CRS012,1,59,100,2025-11-24,26,True
ASS0003787,STU00186,MOD00091,CRS012,2,97,100,2025-11-25,46,True
ASS0003788,STU00186,MOD00092,CRS012,1,51,100,2025-09-10,55,True
ASS0003789,STU00186,MOD00092,CRS012,2,78,100,2025-09-11,17,True
ASS0003790,STU00186,MOD00092,CRS012,3,100,100,2025-09-11,24,False
ASS0003791,STU00186,MOD00093,CRS012,1,82,100,2025-11-07,19,True
ASS0003792,STU00186,MOD00093,CRS012,2,83,100,2025-11-08,21,False
ASS0003793,STU00186,MOD00093,CRS012,3,99,100,2025-11-05,16,True
ASS0003794,STU00188,MOD00137,CRS018,1,87,100,2025-12-25,36,False
ASS0003795,STU00188,MOD00137,CRS018,2,52,100,2025-12-28,58,True
ASS0003796,STU00188,MOD00137,CRS018,3,86,100,2025-12-25,23,True
ASS0003797,STU00188,MOD00138,CRS018,1,90,100,2025-12-18,19,True
ASS0003798,STU00188,MOD00140,CRS018,1,72,100,2025-12-08,43,True
ASS0003799,STU00188,MOD00140,CRS018,2,82,100,2025-12-11,23,False
ASS0003800,STU00188,MOD00140,CRS018,3,59,100,2025-12-09,30,False
ASS0003801,STU00188,MOD00141,CRS018,1,62,100,2025-11-28,10,False
ASS0003802,STU00188,MOD00141,CRS018,2,87,100,2025-11-25,28,True
ASS0003803,STU00188,MOD00141,CRS018,3,89,100,2025-11-24,45,True
ASS0003804,STU00188,MOD00143,CRS018,1,64,100,2026-01-12,14,False
ASS0003805,STU00188,MOD00143,CRS018,2,52,100,2026-01-13,43,True
ASS0003806,STU00188,MOD00143,CRS018,3,52,100,2026-01-13,60,True
ASS0003807,STU00188,MOD00041,CRS006,1,86,100,2025-12-15,13,True
ASS0003808,STU00188,MOD00041,CRS006,2,89,100,2025-12-12,36,True
ASS0003809,STU00188,MOD00041,CRS006,3,71,100,2025-12-11,51,False
ASS0003810,STU00188,MOD00042,CRS006,1,84,100,2025-12-01,49,True
ASS0003811,STU00188,MOD00042,CRS006,2,74,100,2025-12-01,19,True
ASS0003812,STU00188,MOD00043,CRS006,1,89,100,2025-12-07,34,True
ASS0003813,STU00188,MOD00044,CRS006,1,66,100,2026-02-08,27,True
ASS0003814,STU00188,MOD00044,CRS006,2,93,100,2026-02-08,37,True
ASS0003815,STU00188,MOD00046,CRS006,1,89,100,2026-02-09,19,False
ASS0003816,STU00188,MOD00046,CRS006,2,53,100,2026-02-11,43,True
ASS0003817,STU00188,MOD00046,CRS006,3,83,100,2026-02-11,13,True
ASS0003818,STU00188,MOD00047,CRS006,1,59,100,2025-12-13,39,True
ASS0003819,STU00188,MOD00087,CRS011,1,76,100,2025-11-25,52,True
ASS0003820,STU00189,MOD00109,CRS014,1,73,100,2025-09-02,40,True
ASS0003821,STU00189,MOD00109,CRS014,2,40,100,2025-08-30,48,False
ASS0003822,STU00189,MOD00109,CRS014,3,73,100,2025-09-01,23,False
ASS0003823,STU00189,MOD00081,CRS011,1,88,100,2025-08-15,51,True
ASS0003824,STU00189,MOD00082,CRS011,1,39,100,2025-08-18,18,True
ASS0003825,STU00189,MOD00082,CRS011,2,100,100,2025-08-21,41,False
ASS0003826,STU00189,MOD00083,CRS011,1,58,100,2025-07-28,10,True
ASS0003827,STU00189,MOD00084,CRS011,1,32,100,2025-06-16,33,True
ASS0003828,STU00189,MOD00084,CRS011,2,82,100,2025-06-18,18,False
ASS0003829,STU00189,MOD00086,CRS011,1,38,100,2025-08-23,29,True
ASS0003830,STU00189,MOD00086,CRS011,2,70,100,2025-08-24,49,True
ASS0003831,STU00189,MOD00087,CRS011,1,81,100,2025-07-11,31,True
ASS0003832,STU00189,MOD00088,CRS011,1,62,100,2025-08-16,40,True
ASS0003833,STU00189,MOD00088,CRS011,2,67,100,2025-08-21,32,True
ASS0003834,STU00189,MOD00089,CRS012,1,55,100,2026-06-01,54,True
ASS0003835,STU00189,MOD00089,CRS012,2,58,100,2026-06-01,10,True
ASS0003836,STU00189,MOD00089,CRS012,3,62,100,2026-06-01,50,True
ASS0003837,STU00190,MOD00013,CRS002,1,66,100,2026-04-09,40,False
ASS0003838,STU00190,MOD00013,CRS002,2,85,100,2026-04-12,22,True
ASS0003839,STU00190,MOD00014,CRS002,1,86,100,2026-05-01,55,True
ASS0003840,STU00190,MOD00014,CRS002,2,86,100,2026-04-27,26,True
ASS0003841,STU00190,MOD00145,CRS019,1,77,100,2026-06-14,12,False
ASS0003842,STU00190,MOD00145,CRS019,2,61,100,2026-06-15,31,True
ASS0003843,STU00190,MOD00146,CRS019,1,39,100,2026-04-15,22,True
ASS0003844,STU00190,MOD00146,CRS019,2,69,100,2026-04-14,49,True
ASS0003845,STU00190,MOD00146,CRS019,3,79,100,2026-04-16,44,True
ASS0003846,STU00190,MOD00147,CRS019,1,33,100,2026-04-16,19,True
ASS0003847,STU00190,MOD00147,CRS019,2,59,100,2026-04-15,33,True
ASS0003848,STU00190,MOD00149,CRS019,1,75,100,2026-04-26,29,False
ASS0003849,STU00190,MOD00151,CRS019,1,64,100,2026-06-10,60,True
ASS0003850,STU00190,MOD00151,CRS019,2,78,100,2026-06-08,28,True
ASS0003851,STU00190,MOD00152,CRS019,1,76,100,2026-05-31,27,False
ASS0003852,STU00190,MOD00152,CRS019,2,62,100,2026-05-31,24,True
ASS0003853,STU00190,MOD00152,CRS019,3,82,100,2026-05-30,10,True
ASS0003854,STU00190,MOD00017,CRS003,1,82,100,2026-04-04,43,True
ASS0003855,STU00190,MOD00017,CRS003,2,77,100,2026-04-08,47,True
ASS0003856,STU00190,MOD00017,CRS003,3,62,100,2026-04-07,11,True
ASS0003857,STU00190,MOD00018,CRS003,1,54,100,2026-04-24,28,True
ASS0003858,STU00190,MOD00018,CRS003,2,63,100,2026-04-26,40,True
ASS0003859,STU00190,MOD00018,CRS003,3,72,100,2026-04-25,31,True
ASS0003860,STU00190,MOD00019,CRS003,1,88,100,2026-04-05,50,True
ASS0003861,STU00190,MOD00121,CRS016,1,50,100,2026-04-06,30,False
ASS0003862,STU00190,MOD00121,CRS016,2,51,100,2026-04-06,13,True
ASS0003863,STU00190,MOD00123,CRS016,1,74,100,2026-03-27,22,True
ASS0003864,STU00190,MOD00123,CRS016,2,60,100,2026-03-27,13,True
ASS0003865,STU00190,MOD00123,CRS016,3,61,100,2026-03-27,43,True
ASS0003866,STU00191,MOD00106,CRS014,1,62,100,2026-04-15,18,True
ASS0003867,STU00191,MOD00108,CRS014,1,91,100,2026-06-17,42,True
ASS0003868,STU00191,MOD00109,CRS014,1,90,100,2026-06-02,23,False
ASS0003869,STU00191,MOD00110,CRS014,1,95,100,2026-05-18,18,True
ASS0003870,STU00191,MOD00009,CRS002,1,63,100,2026-05-22,37,True
ASS0003871,STU00191,MOD00009,CRS002,2,67,100,2026-05-26,50,True
ASS0003872,STU00191,MOD00010,CRS002,1,68,100,2026-05-25,53,True
ASS0003873,STU00191,MOD00011,CRS002,1,63,100,2026-06-18,25,True
ASS0003874,STU00191,MOD00011,CRS002,2,38,100,2026-06-14,45,True
ASS0003875,STU00191,MOD00011,CRS002,3,91,100,2026-06-19,38,True
ASS0003876,STU00191,MOD00013,CRS002,1,30,100,2026-05-05,12,True
ASS0003877,STU00191,MOD00013,CRS002,2,87,100,2026-05-06,55,True
ASS0003878,STU00191,MOD00014,CRS002,1,84,100,2026-04-17,43,False
ASS0003879,STU00191,MOD00033,CRS005,1,72,100,2026-04-09,53,True
ASS0003880,STU00191,MOD00033,CRS005,2,71,100,2026-04-07,32,False
ASS0003881,STU00191,MOD00033,CRS005,3,64,100,2026-04-12,47,False
ASS0003882,STU00191,MOD00035,CRS005,1,40,100,2026-05-09,36,True
ASS0003883,STU00191,MOD00035,CRS005,2,62,100,2026-05-13,38,True
ASS0003884,STU00191,MOD00036,CRS005,1,81,100,2026-05-09,56,True
ASS0003885,STU00191,MOD00036,CRS005,2,97,100,2026-05-12,44,True
ASS0003886,STU00191,MOD00039,CRS005,1,54,100,2026-05-20,13,True
ASS0003887,STU00191,MOD00039,CRS005,2,79,100,2026-05-16,54,True
ASS0003888,STU00191,MOD00040,CRS005,1,60,100,2026-05-03,39,True
ASS0003889,STU00192,MOD00113,CRS015,1,69,100,2026-05-14,40,True
ASS0003890,STU00192,MOD00113,CRS015,2,70,100,2026-05-12,42,True
ASS0003891,STU00192,MOD00115,CRS015,1,62,100,2026-04-18,24,True
ASS0003892,STU00192,MOD00115,CRS015,2,34,100,2026-04-16,55,False
ASS0003893,STU00192,MOD00115,CRS015,3,80,100,2026-04-19,28,True
ASS0003894,STU00192,MOD00116,CRS015,1,68,100,2026-03-17,17,True
ASS0003895,STU00192,MOD00118,CRS015,1,56,100,2026-02-27,25,True
ASS0003896,STU00192,MOD00118,CRS015,2,63,100,2026-02-24,53,True
ASS0003897,STU00192,MOD00119,CRS015,1,75,100,2026-03-31,21,True
ASS0003898,STU00192,MOD00034,CRS005,1,52,100,2026-04-19,38,False
ASS0003899,STU00192,MOD00035,CRS005,1,49,100,2026-03-06,41,False
ASS0003900,STU00192,MOD00035,CRS005,2,77,100,2026-03-06,47,True
ASS0003901,STU00192,MOD00035,CRS005,3,66,100,2026-03-11,56,True
ASS0003902,STU00192,MOD00036,CRS005,1,35,100,2026-03-22,13,True
ASS0003903,STU00192,MOD00036,CRS005,2,69,100,2026-03-21,33,False
ASS0003904,STU00192,MOD00037,CRS005,1,32,100,2026-03-14,10,True
ASS0003905,STU00192,MOD00037,CRS005,2,52,100,2026-03-15,20,True
ASS0003906,STU00192,MOD00037,CRS005,3,51,100,2026-03-17,40,True
ASS0003907,STU00192,MOD00038,CRS005,1,85,100,2026-03-17,47,True
ASS0003908,STU00192,MOD00039,CRS005,1,92,100,2026-05-04,36,True
ASS0003909,STU00192,MOD00040,CRS005,1,30,100,2026-02-26,13,True
ASS0003910,STU00192,MOD00040,CRS005,2,62,100,2026-02-26,50,True
ASS0003911,STU00192,MOD00040,CRS005,3,54,100,2026-02-22,36,True
ASS0003912,STU00192,MOD00081,CRS011,1,39,100,2026-03-08,48,True
ASS0003913,STU00192,MOD00081,CRS011,2,99,100,2026-03-08,35,False
ASS0003914,STU00192,MOD00084,CRS011,1,90,100,2026-04-06,51,True
ASS0003915,STU00192,MOD00086,CRS011,1,86,100,2026-05-01,52,True
ASS0003916,STU00192,MOD00086,CRS011,2,37,100,2026-04-30,20,True
ASS0003917,STU00192,MOD00086,CRS011,3,62,100,2026-05-05,53,True
ASS0003918,STU00192,MOD00043,CRS006,1,62,100,2026-04-10,44,True
ASS0003919,STU00192,MOD00045,CRS006,1,68,100,2026-05-08,53,True
ASS0003920,STU00192,MOD00045,CRS006,2,73,100,2026-05-07,35,True
ASS0003921,STU00192,MOD00045,CRS006,3,93,100,2026-05-09,15,True
ASS0003922,STU00192,MOD00046,CRS006,1,60,100,2026-05-03,16,True
ASS0003923,STU00192,MOD00047,CRS006,1,53,100,2026-05-12,10,True
ASS0003924,STU00192,MOD00018,CRS003,1,60,100,2026-04-21,36,False
ASS0003925,STU00192,MOD00019,CRS003,1,87,100,2026-05-11,44,False
ASS0003926,STU00192,MOD00019,CRS003,2,60,100,2026-05-09,42,True
ASS0003927,STU00192,MOD00021,CRS003,1,65,100,2026-02-28,24,True
ASS0003928,STU00193,MOD00050,CRS007,1,46,100,2026-05-01,52,False
ASS0003929,STU00193,MOD00050,CRS007,2,98,100,2026-04-27,23,True
ASS0003930,STU00193,MOD00051,CRS007,1,35,100,2026-04-17,40,True
ASS0003931,STU00193,MOD00051,CRS007,2,61,100,2026-04-18,17,True
ASS0003932,STU00193,MOD00051,CRS007,3,61,100,2026-04-22,56,True
ASS0003933,STU00193,MOD00052,CRS007,1,80,100,2026-07-01,33,True
ASS0003934,STU00193,MOD00053,CRS007,1,51,100,2026-06-28,11,True
ASS0003935,STU00193,MOD00053,CRS007,2,77,100,2026-06-30,14,True
ASS0003936,STU00193,MOD00055,CRS007,1,86,100,2026-04-15,36,True
ASS0003937,STU00193,MOD00055,CRS007,2,70,100,2026-04-15,53,False
ASS0003938,STU00193,MOD00056,CRS007,1,68,100,2026-05-15,15,False
ASS0003939,STU00193,MOD00041,CRS006,1,71,100,2026-04-17,17,True
ASS0003940,STU00193,MOD00041,CRS006,2,54,100,2026-04-17,57,True
ASS0003941,STU00193,MOD00043,CRS006,1,50,100,2026-05-15,42,True
ASS0003942,STU00193,MOD00043,CRS006,2,50,100,2026-05-17,53,True
ASS0003943,STU00193,MOD00045,CRS006,1,78,100,2026-04-28,54,False
ASS0003944,STU00193,MOD00045,CRS006,2,100,100,2026-04-26,26,True
ASS0003945,STU00193,MOD00048,CRS006,1,74,100,2026-06-13,48,True
ASS0003946,STU00193,MOD00145,CRS019,1,51,100,2025-07-26,60,True
ASS0003947,STU00193,MOD00145,CRS019,2,50,100,2025-07-23,19,True
ASS0003948,STU00193,MOD00146,CRS019,1,62,100,2025-06-22,40,True
ASS0003949,STU00193,MOD00146,CRS019,2,81,100,2025-06-23,25,True
ASS0003950,STU00193,MOD00146,CRS019,3,90,100,2025-06-26,20,True
ASS0003951,STU00193,MOD00147,CRS019,1,83,100,2025-06-22,55,True
ASS0003952,STU00193,MOD00147,CRS019,2,58,100,2025-06-20,11,True
ASS0003953,STU00193,MOD00147,CRS019,3,85,100,2025-06-19,33,True
ASS0003954,STU00193,MOD00149,CRS019,1,39,100,2025-07-26,54,True
ASS0003955,STU00193,MOD00149,CRS019,2,54,100,2025-07-25,13,False
ASS0003956,STU00193,MOD00151,CRS019,1,95,100,2025-06-25,42,True
ASS0003957,STU00194,MOD00105,CRS014,1,93,100,2026-05-13,17,True
ASS0003958,STU00194,MOD00108,CRS014,1,88,100,2026-04-17,18,True
ASS0003959,STU00194,MOD00108,CRS014,2,85,100,2026-04-15,49,True
ASS0003960,STU00194,MOD00109,CRS014,1,98,100,2026-06-08,40,False
ASS0003961,STU00194,MOD00110,CRS014,1,50,100,2026-05-09,35,False
ASS0003962,STU00194,MOD00153,CRS020,1,63,100,2026-05-02,29,True
ASS0003963,STU00194,MOD00153,CRS020,2,90,100,2026-05-02,16,True
ASS0003964,STU00194,MOD00153,CRS020,3,61,100,2026-05-02,52,False
ASS0003965,STU00194,MOD00155,CRS020,1,37,100,2026-04-03,47,True
ASS0003966,STU00194,MOD00155,CRS020,2,94,100,2026-03-29,10,True
ASS0003967,STU00194,MOD00156,CRS020,1,37,100,2026-04-12,55,True
ASS0003968,STU00194,MOD00156,CRS020,2,38,100,2026-04-07,46,True
ASS0003969,STU00194,MOD00156,CRS020,3,74,100,2026-04-09,27,True
ASS0003970,STU00194,MOD00158,CRS020,1,68,100,2026-04-19,38,True
ASS0003971,STU00194,MOD00158,CRS020,2,31,100,2026-04-21,28,True
ASS0003972,STU00194,MOD00158,CRS020,3,100,100,2026-04-21,16,True
ASS0003973,STU00194,MOD00097,CRS013,1,96,100,2025-09-28,23,True
ASS0003974,STU00194,MOD00098,CRS013,1,64,100,2025-09-30,33,True
ASS0003975,STU00194,MOD00098,CRS013,2,78,100,2025-09-29,46,False
ASS0003976,STU00194,MOD00100,CRS013,1,51,100,2025-10-24,29,True
ASS0003977,STU00194,MOD00100,CRS013,2,35,100,2025-10-24,38,False
ASS0003978,STU00194,MOD00100,CRS013,3,70,100,2025-10-25,36,True
ASS0003979,STU00194,MOD00104,CRS013,1,66,100,2025-08-30,34,True
ASS0003980,STU00194,MOD00104,CRS013,2,45,100,2025-09-03,19,True
ASS0003981,STU00194,MOD00104,CRS013,3,66,100,2025-09-01,47,True
ASS0003982,STU00194,MOD00145,CRS019,1,56,100,2026-01-13,50,False
ASS0003983,STU00194,MOD00147,CRS019,1,88,100,2026-01-21,48,True
ASS0003984,STU00194,MOD00147,CRS019,2,76,100,2026-01-25,47,True
ASS0003985,STU00194,MOD00149,CRS019,1,95,100,2025-11-30,50,True
ASS0003986,STU00194,MOD00151,CRS019,1,42,100,2025-11-28,22,False
ASS0003987,STU00194,MOD00151,CRS019,2,88,100,2025-11-29,37,True
ASS0003988,STU00194,MOD00152,CRS019,1,68,100,2025-12-18,18,True
ASS0003989,STU00194,MOD00121,CRS016,1,57,100,2026-04-08,19,False
ASS0003990,STU00194,MOD00122,CRS016,1,79,100,2026-06-07,44,False
ASS0003991,STU00194,MOD00122,CRS016,2,53,100,2026-06-08,52,True
ASS0003992,STU00194,MOD00127,CRS016,1,58,100,2026-05-16,57,True
ASS0003993,STU00194,MOD00127,CRS016,2,74,100,2026-05-12,21,True
ASS0003994,STU00194,MOD00127,CRS016,3,100,100,2026-05-14,16,True
ASS0003995,STU00195,MOD00129,CRS017,1,40,100,2025-08-12,45,True
ASS0003996,STU00195,MOD00129,CRS017,2,69,100,2025-08-10,54,True
ASS0003997,STU00195,MOD00129,CRS017,3,75,100,2025-08-11,24,True
ASS0003998,STU00195,MOD00130,CRS017,1,62,100,2025-08-27,58,True
ASS0003999,STU00195,MOD00132,CRS017,1,58,100,2025-09-01,43,False
ASS0004000,STU00195,MOD00132,CRS017,2,90,100,2025-08-29,59,True
ASS0004001,STU00195,MOD00132,CRS017,3,82,100,2025-08-31,51,True
ASS0004002,STU00195,MOD00134,CRS017,1,32,100,2025-08-10,25,True
ASS0004003,STU00195,MOD00134,CRS017,2,68,100,2025-08-12,15,True
ASS0004004,STU00195,MOD00135,CRS017,1,100,100,2025-09-13,45,True
ASS0004005,STU00195,MOD00136,CRS017,1,58,100,2025-10-16,23,True
ASS0004006,STU00195,MOD00136,CRS017,2,55,100,2025-10-17,58,True
ASS0004007,STU00195,MOD00136,CRS017,3,95,100,2025-10-18,55,True
ASS0004008,STU00195,MOD00052,CRS007,1,73,100,2025-10-28,48,True
ASS0004009,STU00195,MOD00052,CRS007,2,53,100,2025-11-01,31,True
ASS0004010,STU00195,MOD00053,CRS007,1,76,100,2025-10-09,19,True
ASS0004011,STU00195,MOD00053,CRS007,2,38,100,2025-10-06,50,True
ASS0004012,STU00195,MOD00053,CRS007,3,52,100,2025-10-07,56,True
ASS0004013,STU00195,MOD00055,CRS007,1,60,100,2025-10-17,51,True
ASS0004014,STU00195,MOD00055,CRS007,2,52,100,2025-10-20,56,True
ASS0004015,STU00195,MOD00007,CRS001,1,44,100,2026-04-18,59,True
ASS0004016,STU00195,MOD00007,CRS001,2,81,100,2026-04-17,56,True
ASS0004017,STU00195,MOD00007,CRS001,3,88,100,2026-04-21,45,True
ASS0004018,STU00196,MOD00073,CRS010,1,47,100,2026-01-05,30,True
ASS0004019,STU00196,MOD00073,CRS010,2,98,100,2026-01-05,44,True
ASS0004020,STU00196,MOD00075,CRS010,1,56,100,2026-02-05,40,True
ASS0004021,STU00196,MOD00077,CRS010,1,58,100,2026-01-28,15,True
ASS0004022,STU00196,MOD00077,CRS010,2,100,100,2026-01-29,27,True
ASS0004023,STU00196,MOD00078,CRS010,1,76,100,2026-03-12,14,True
ASS0004024,STU00196,MOD00078,CRS010,2,64,100,2026-03-07,10,True
ASS0004025,STU00196,MOD00079,CRS010,1,59,100,2026-03-23,41,True
ASS0004026,STU00196,MOD00080,CRS010,1,78,100,2026-04-01,34,True
ASS0004027,STU00196,MOD00033,CRS005,1,53,100,2026-02-03,51,True
ASS0004028,STU00196,MOD00034,CRS005,1,81,100,2026-01-25,26,True
ASS0004029,STU00196,MOD00036,CRS005,1,89,100,2026-01-20,46,True
ASS0004030,STU00196,MOD00036,CRS005,2,98,100,2026-01-17,40,True
ASS0004031,STU00196,MOD00038,CRS005,1,30,100,2026-01-24,14,True
ASS0004032,STU00196,MOD00038,CRS005,2,59,100,2026-01-26,47,False
ASS0004033,STU00196,MOD00040,CRS005,1,38,100,2026-01-24,53,True
ASS0004034,STU00196,MOD00040,CRS005,2,93,100,2026-01-25,31,True
ASS0004035,STU00196,MOD00025,CRS004,1,58,100,2026-04-13,38,True
ASS0004036,STU00196,MOD00025,CRS004,2,86,100,2026-04-10,42,False
ASS0004037,STU00196,MOD00025,CRS004,3,57,100,2026-04-14,10,False
ASS0004038,STU00196,MOD00026,CRS004,1,56,100,2026-05-23,53,True
ASS0004039,STU00196,MOD00026,CRS004,2,72,100,2026-05-24,13,True
ASS0004040,STU00196,MOD00027,CRS004,1,46,100,2026-04-12,40,True
ASS0004041,STU00196,MOD00027,CRS004,2,47,100,2026-04-11,50,True
ASS0004042,STU00196,MOD00027,CRS004,3,63,100,2026-04-08,39,True
ASS0004043,STU00196,MOD00029,CRS004,1,58,100,2026-04-23,40,True
ASS0004044,STU00196,MOD00029,CRS004,2,87,100,2026-04-21,48,True
ASS0004045,STU00196,MOD00029,CRS004,3,63,100,2026-04-22,32,True
ASS0004046,STU00196,MOD00030,CRS004,1,82,100,2026-04-28,28,True
ASS0004047,STU00196,MOD00030,CRS004,2,42,100,2026-04-25,29,True
ASS0004048,STU00196,MOD00030,CRS004,3,85,100,2026-04-28,25,True
ASS0004049,STU00197,MOD00076,CRS010,1,84,100,2025-09-22,10,False
ASS0004050,STU00198,MOD00130,CRS017,1,60,100,2025-10-02,12,True
ASS0004051,STU00198,MOD00130,CRS017,2,42,100,2025-09-29,43,False
ASS0004052,STU00198,MOD00130,CRS017,3,94,100,2025-10-02,44,True
ASS0004053,STU00198,MOD00135,CRS017,1,81,100,2025-10-10,25,True
ASS0004054,STU00198,MOD00135,CRS017,2,43,100,2025-10-10,53,True
ASS0004055,STU00198,MOD00135,CRS017,3,96,100,2025-10-12,59,True
ASS0004056,STU00198,MOD00081,CRS011,1,67,100,2026-06-09,31,True
ASS0004057,STU00198,MOD00088,CRS011,1,74,100,2026-04-11,14,False
ASS0004058,STU00198,MOD00088,CRS011,2,85,100,2026-04-14,13,True
ASS0004059,STU00199,MOD00051,CRS007,1,46,100,2026-05-27,33,True
ASS0004060,STU00199,MOD00051,CRS007,2,86,100,2026-05-23,39,True
ASS0004061,STU00199,MOD00051,CRS007,3,50,100,2026-05-25,49,True
ASS0004062,STU00199,MOD00054,CRS007,1,86,100,2026-05-20,17,True
ASS0004063,STU00199,MOD00055,CRS007,1,59,100,2026-04-18,18,True
ASS0004064,STU00199,MOD00055,CRS007,2,77,100,2026-04-18,30,False
ASS0004065,STU00199,MOD00055,CRS007,3,86,100,2026-04-17,13,True
ASS0004066,STU00199,MOD00041,CRS006,1,38,100,2025-08-06,25,True
ASS0004067,STU00199,MOD00041,CRS006,2,67,100,2025-08-07,53,True
ASS0004068,STU00199,MOD00043,CRS006,1,76,100,2025-10-05,58,True
ASS0004069,STU00199,MOD00043,CRS006,2,77,100,2025-10-04,52,True
ASS0004070,STU00199,MOD00043,CRS006,3,85,100,2025-10-04,49,True
ASS0004071,STU00199,MOD00045,CRS006,1,65,100,2025-09-23,23,True
ASS0004072,STU00199,MOD00097,CRS013,1,63,100,2026-04-10,23,True
ASS0004073,STU00199,MOD00097,CRS013,2,72,100,2026-04-12,30,True
ASS0004074,STU00199,MOD00097,CRS013,3,83,100,2026-04-13,30,True
ASS0004075,STU00199,MOD00100,CRS013,1,89,100,2026-04-17,47,True
ASS0004076,STU00199,MOD00101,CRS013,1,74,100,2026-01-25,46,True
ASS0004077,STU00199,MOD00101,CRS013,2,62,100,2026-01-27,28,True
ASS0004078,STU00199,MOD00101,CRS013,3,84,100,2026-01-27,30,True
ASS0004079,STU00200,MOD00002,CRS001,1,34,100,2025-07-12,31,True
ASS0004080,STU00200,MOD00002,CRS001,2,81,100,2025-07-12,35,True
ASS0004081,STU00200,MOD00003,CRS001,1,61,100,2025-09-04,22,False
ASS0004082,STU00200,MOD00004,CRS001,1,76,100,2025-07-22,35,True
ASS0004083,STU00200,MOD00005,CRS001,1,32,100,2025-07-21,43,True
ASS0004084,STU00200,MOD00005,CRS001,2,53,100,2025-07-21,18,True
ASS0004085,STU00200,MOD00006,CRS001,1,32,100,2025-06-28,52,True
ASS0004086,STU00200,MOD00006,CRS001,2,87,100,2025-06-26,16,True
ASS0004087,STU00200,MOD00006,CRS001,3,59,100,2025-06-26,28,True
ASS0004088,STU00200,MOD00007,CRS001,1,58,100,2025-08-18,23,True
ASS0004089,STU00200,MOD00007,CRS001,2,90,100,2025-08-16,39,True
ASS0004090,STU00200,MOD00008,CRS001,1,66,100,2025-07-23,42,False
ASS0004091,STU00200,MOD00008,CRS001,2,89,100,2025-07-22,59,True
ASS0004092,STU00200,MOD00008,CRS001,3,100,100,2025-07-24,17,True
ASS0004093,STU00200,MOD00145,CRS019,1,62,100,2025-07-14,37,False
ASS0004094,STU00200,MOD00146,CRS019,1,67,100,2025-09-02,47,False
ASS0004095,STU00200,MOD00146,CRS019,2,97,100,2025-08-30,48,True
ASS0004096,STU00201,MOD00099,CRS013,1,31,100,2026-03-26,39,True
ASS0004097,STU00201,MOD00099,CRS013,2,93,100,2026-03-25,23,False
ASS0004098,STU00202,MOD00138,CRS018,1,82,100,2025-12-24,56,True
ASS0004099,STU00202,MOD00143,CRS018,1,77,100,2026-03-07,24,True
ASS0004100,STU00202,MOD00143,CRS018,2,60,100,2026-03-06,30,True
ASS0004101,STU00202,MOD00144,CRS018,1,63,100,2026-02-14,14,True
ASS0004102,STU00202,MOD00144,CRS018,2,50,100,2026-02-15,19,False
ASS0004103,STU00202,MOD00009,CRS002,1,54,100,2025-12-27,24,True
ASS0004104,STU00202,MOD00010,CRS002,1,62,100,2026-01-23,49,True
ASS0004105,STU00202,MOD00010,CRS002,2,88,100,2026-01-21,14,True
ASS0004106,STU00202,MOD00010,CRS002,3,75,100,2026-01-23,11,True
ASS0004107,STU00202,MOD00011,CRS002,1,89,100,2026-03-17,15,True
ASS0004108,STU00202,MOD00013,CRS002,1,50,100,2026-02-07,20,True
ASS0004109,STU00202,MOD00013,CRS002,2,46,100,2026-02-10,36,True
ASS0004110,STU00202,MOD00013,CRS002,3,71,100,2026-02-05,42,True
ASS0004111,STU00202,MOD00014,CRS002,1,46,100,2025-12-30,54,True
ASS0004112,STU00202,MOD00014,CRS002,2,43,100,2025-12-27,34,True
ASS0004113,STU00202,MOD00014,CRS002,3,82,100,2025-12-27,14,True
ASS0004114,STU00202,MOD00146,CRS019,1,72,100,2026-01-01,56,True
ASS0004115,STU00202,MOD00148,CRS019,1,73,100,2026-01-21,28,True
ASS0004116,STU00202,MOD00150,CRS019,1,66,100,2026-02-23,50,True
ASS0004117,STU00202,MOD00150,CRS019,2,52,100,2026-02-19,44,False
ASS0004118,STU00202,MOD00151,CRS019,1,80,100,2026-01-25,49,True
ASS0004119,STU00203,MOD00105,CRS014,1,67,100,2025-12-16,35,True
ASS0004120,STU00203,MOD00107,CRS014,1,64,100,2025-12-15,52,False
ASS0004121,STU00203,MOD00108,CRS014,1,72,100,2026-01-15,34,True
ASS0004122,STU00203,MOD00108,CRS014,2,69,100,2026-01-11,30,True
ASS0004123,STU00203,MOD00109,CRS014,1,44,100,2025-12-11,34,False
ASS0004124,STU00203,MOD00109,CRS014,2,50,100,2025-12-10,46,True
ASS0004125,STU00203,MOD00109,CRS014,3,86,100,2025-12-15,38,True
ASS0004126,STU00203,MOD00112,CRS014,1,91,100,2025-11-10,21,True
ASS0004127,STU00204,MOD00139,CRS018,1,70,100,2025-09-19,18,True
ASS0004128,STU00204,MOD00140,CRS018,1,80,100,2025-08-13,20,True
ASS0004129,STU00204,MOD00142,CRS018,1,76,100,2025-09-16,58,True
ASS0004130,STU00205,MOD00051,CRS007,1,37,100,2026-06-10,17,True
ASS0004131,STU00205,MOD00051,CRS007,2,85,100,2026-06-13,22,True
ASS0004132,STU00205,MOD00053,CRS007,1,83,100,2026-04-10,31,True
ASS0004133,STU00205,MOD00053,CRS007,2,36,100,2026-04-08,42,False
ASS0004134,STU00205,MOD00053,CRS007,3,51,100,2026-04-09,19,True
ASS0004135,STU00205,MOD00054,CRS007,1,50,100,2026-06-22,22,True
ASS0004136,STU00205,MOD00054,CRS007,2,59,100,2026-06-17,44,True
ASS0004137,STU00205,MOD00054,CRS007,3,73,100,2026-06-20,21,False
ASS0004138,STU00205,MOD00001,CRS001,1,95,100,2026-06-24,51,True
ASS0004139,STU00205,MOD00002,CRS001,1,51,100,2026-04-18,49,True
ASS0004140,STU00205,MOD00002,CRS001,2,55,100,2026-04-21,29,True
ASS0004141,STU00205,MOD00002,CRS001,3,68,100,2026-04-21,13,True
ASS0004142,STU00205,MOD00003,CRS001,1,67,100,2026-06-23,41,True
ASS0004143,STU00205,MOD00003,CRS001,2,85,100,2026-06-25,24,False
ASS0004144,STU00206,MOD00067,CRS009,1,40,100,2026-03-12,41,True
ASS0004145,STU00206,MOD00067,CRS009,2,89,100,2026-03-13,17,False
ASS0004146,STU00206,MOD00070,CRS009,1,59,100,2026-01-24,37,True
ASS0004147,STU00206,MOD00070,CRS009,2,51,100,2026-01-26,35,True
ASS0004148,STU00206,MOD00070,CRS009,3,98,100,2026-01-25,10,True
ASS0004149,STU00206,MOD00033,CRS005,1,90,100,2025-11-01,11,True
ASS0004150,STU00206,MOD00033,CRS005,2,64,100,2025-10-27,35,True
ASS0004151,STU00206,MOD00033,CRS005,3,72,100,2025-10-27,20,True
ASS0004152,STU00206,MOD00034,CRS005,1,53,100,2025-10-12,18,False
ASS0004153,STU00206,MOD00035,CRS005,1,48,100,2025-11-27,19,True
ASS0004154,STU00206,MOD00035,CRS005,2,59,100,2025-11-28,26,True
ASS0004155,STU00206,MOD00035,CRS005,3,83,100,2025-11-26,42,True
ASS0004156,STU00206,MOD00036,CRS005,1,54,100,2025-11-08,35,True
ASS0004157,STU00206,MOD00039,CRS005,1,68,100,2025-11-11,11,True
ASS0004158,STU00206,MOD00040,CRS005,1,45,100,2025-12-02,56,False
ASS0004159,STU00206,MOD00040,CRS005,2,84,100,2025-12-03,43,True
ASS0004160,STU00206,MOD00040,CRS005,3,97,100,2025-11-28,45,True
ASS0004161,STU00206,MOD00105,CRS014,1,50,100,2025-12-30,14,True
ASS0004162,STU00206,MOD00105,CRS014,2,64,100,2025-12-30,34,True
ASS0004163,STU00206,MOD00106,CRS014,1,47,100,2025-12-27,34,True
ASS0004164,STU00206,MOD00106,CRS014,2,64,100,2026-01-01,11,False
ASS0004165,STU00206,MOD00108,CRS014,1,37,100,2025-11-18,18,False
ASS0004166,STU00206,MOD00108,CRS014,2,66,100,2025-11-20,37,True
ASS0004167,STU00206,MOD00108,CRS014,3,71,100,2025-11-19,23,True
ASS0004168,STU00206,MOD00109,CRS014,1,61,100,2025-12-22,51,True
ASS0004169,STU00206,MOD00109,CRS014,2,80,100,2025-12-18,58,True
ASS0004170,STU00206,MOD00110,CRS014,1,50,100,2025-12-08,57,True
ASS0004171,STU00206,MOD00111,CRS014,1,79,100,2025-12-22,46,True
ASS0004172,STU00206,MOD00026,CRS004,1,42,100,2025-11-23,45,True
ASS0004173,STU00206,MOD00026,CRS004,2,41,100,2025-11-21,26,True
ASS0004174,STU00206,MOD00026,CRS004,3,51,100,2025-11-22,26,False
ASS0004175,STU00206,MOD00027,CRS004,1,62,100,2026-01-02,10,False
ASS0004176,STU00206,MOD00027,CRS004,2,78,100,2026-01-04,13,False
ASS0004177,STU00206,MOD00028,CRS004,1,60,100,2026-01-02,27,True
ASS0004178,STU00206,MOD00028,CRS004,2,72,100,2026-01-04,24,True
ASS0004179,STU00206,MOD00029,CRS004,1,76,100,2025-12-30,54,True
ASS0004180,STU00206,MOD00031,CRS004,1,37,100,2026-01-01,39,True
ASS0004181,STU00206,MOD00031,CRS004,2,57,100,2025-12-31,29,True
ASS0004182,STU00206,MOD00031,CRS004,3,50,100,2025-12-29,48,True
ASS0004183,STU00206,MOD00032,CRS004,1,65,100,2025-12-10,17,True
ASS0004184,STU00206,MOD00032,CRS004,2,51,100,2025-12-10,23,True
ASS0004185,STU00206,MOD00129,CRS017,1,83,100,2026-01-16,17,True
ASS0004186,STU00206,MOD00130,CRS017,1,59,100,2026-03-06,13,True
ASS0004187,STU00206,MOD00130,CRS017,2,49,100,2026-03-08,35,True
ASS0004188,STU00206,MOD00130,CRS017,3,89,100,2026-03-09,28,True
ASS0004189,STU00206,MOD00134,CRS017,1,85,100,2026-03-17,45,True
ASS0004190,STU00206,MOD00135,CRS017,1,86,100,2026-02-07,22,True
ASS0004191,STU00206,MOD00135,CRS017,2,60,100,2026-02-07,46,True
ASS0004192,STU00207,MOD00049,CRS007,1,69,100,2026-04-22,45,True
ASS0004193,STU00207,MOD00052,CRS007,1,83,100,2026-04-07,29,True
ASS0004194,STU00207,MOD00056,CRS007,1,87,100,2026-04-13,11,True
ASS0004195,STU00207,MOD00090,CRS012,1,48,100,2026-04-15,20,False
ASS0004196,STU00207,MOD00090,CRS012,2,81,100,2026-04-14,41,True
ASS0004197,STU00207,MOD00090,CRS012,3,85,100,2026-04-16,24,False
ASS0004198,STU00207,MOD00096,CRS012,1,56,100,2026-05-08,58,True
ASS0004199,STU00207,MOD00105,CRS014,1,100,100,2026-05-07,22,True
ASS0004200,STU00207,MOD00106,CRS014,1,61,100,2026-06-01,42,False
ASS0004201,STU00207,MOD00106,CRS014,2,70,100,2026-06-02,18,True
ASS0004202,STU00207,MOD00106,CRS014,3,82,100,2026-06-04,31,True
ASS0004203,STU00207,MOD00107,CRS014,1,60,100,2026-05-19,23,True
ASS0004204,STU00207,MOD00107,CRS014,2,60,100,2026-05-16,48,True
ASS0004205,STU00207,MOD00110,CRS014,1,50,100,2026-06-23,32,True
ASS0004206,STU00207,MOD00110,CRS014,2,65,100,2026-06-22,24,True
ASS0004207,STU00207,MOD00077,CRS010,1,77,100,2026-05-29,54,True
ASS0004208,STU00207,MOD00041,CRS006,1,62,100,2026-05-29,11,True
ASS0004209,STU00207,MOD00042,CRS006,1,83,100,2026-06-08,26,True
ASS0004210,STU00207,MOD00042,CRS006,2,38,100,2026-06-06,41,True
ASS0004211,STU00207,MOD00042,CRS006,3,58,100,2026-06-05,59,False
ASS0004212,STU00207,MOD00043,CRS006,1,98,100,2026-05-09,21,False
ASS0004213,STU00207,MOD00044,CRS006,1,65,100,2026-06-29,57,True
ASS0004214,STU00207,MOD00045,CRS006,1,30,100,2026-04-21,24,False
ASS0004215,STU00207,MOD00045,CRS006,2,70,100,2026-04-21,54,False
ASS0004216,STU00207,MOD00045,CRS006,3,83,100,2026-04-22,44,True
ASS0004217,STU00207,MOD00046,CRS006,1,60,100,2026-05-16,53,True
ASS0004218,STU00207,MOD00046,CRS006,2,73,100,2026-05-11,37,False
ASS0004219,STU00207,MOD00046,CRS006,3,53,100,2026-05-11,32,False
ASS0004220,STU00207,MOD00048,CRS006,1,77,100,2026-05-04,11,True
ASS0004221,STU00208,MOD00001,CRS001,1,48,100,2025-04-26,11,True
ASS0004222,STU00208,MOD00001,CRS001,2,78,100,2025-04-22,52,True
ASS0004223,STU00208,MOD00001,CRS001,3,81,100,2025-04-23,53,True
ASS0004224,STU00208,MOD00002,CRS001,1,51,100,2025-07-05,18,True
ASS0004225,STU00208,MOD00002,CRS001,2,85,100,2025-07-03,22,True
ASS0004226,STU00208,MOD00003,CRS001,1,60,100,2025-07-13,23,True
ASS0004227,STU00208,MOD00003,CRS001,2,76,100,2025-07-14,19,False
ASS0004228,STU00208,MOD00003,CRS001,3,78,100,2025-07-12,31,True
ASS0004229,STU00208,MOD00006,CRS001,1,60,100,2025-07-22,20,True
ASS0004230,STU00208,MOD00006,CRS001,2,76,100,2025-07-18,11,True
ASS0004231,STU00208,MOD00006,CRS001,3,67,100,2025-07-18,54,True
ASS0004232,STU00208,MOD00007,CRS001,1,68,100,2025-05-14,38,True
ASS0004233,STU00208,MOD00007,CRS001,2,68,100,2025-05-13,57,True
ASS0004234,STU00209,MOD00145,CRS019,1,88,100,2026-05-01,58,True
ASS0004235,STU00209,MOD00145,CRS019,2,64,100,2026-04-28,48,False
ASS0004236,STU00209,MOD00145,CRS019,3,87,100,2026-05-01,43,False
ASS0004237,STU00209,MOD00146,CRS019,1,86,100,2026-04-26,16,True
ASS0004238,STU00209,MOD00146,CRS019,2,49,100,2026-04-28,31,True
ASS0004239,STU00209,MOD00146,CRS019,3,58,100,2026-04-25,38,True
ASS0004240,STU00209,MOD00147,CRS019,1,70,100,2026-04-11,41,False
ASS0004241,STU00209,MOD00147,CRS019,2,51,100,2026-04-10,17,False
ASS0004242,STU00209,MOD00150,CRS019,1,97,100,2026-04-20,24,True
ASS0004243,STU00209,MOD00151,CRS019,1,85,100,2026-06-16,28,False
ASS0004244,STU00209,MOD00152,CRS019,1,75,100,2026-05-22,18,True
ASS0004245,STU00210,MOD00017,CRS003,1,71,100,2025-07-14,25,True
ASS0004246,STU00210,MOD00017,CRS003,2,88,100,2025-07-13,53,True
ASS0004247,STU00210,MOD00022,CRS003,1,92,100,2025-08-10,54,True
ASS0004248,STU00210,MOD00129,CRS017,1,71,100,2025-08-02,47,False
ASS0004249,STU00210,MOD00129,CRS017,2,65,100,2025-08-01,55,True
ASS0004250,STU00210,MOD00131,CRS017,1,34,100,2025-10-09,43,True
ASS0004251,STU00210,MOD00131,CRS017,2,88,100,2025-10-09,19,True
ASS0004252,STU00210,MOD00133,CRS017,1,44,100,2025-08-14,48,False
ASS0004253,STU00210,MOD00133,CRS017,2,34,100,2025-08-14,15,True
ASS0004254,STU00210,MOD00133,CRS017,3,72,100,2025-08-12,27,False
ASS0004255,STU00211,MOD00057,CRS008,1,78,100,2025-10-27,58,True
ASS0004256,STU00211,MOD00057,CRS008,2,68,100,2025-10-26,41,False
ASS0004257,STU00211,MOD00058,CRS008,1,85,100,2025-11-19,54,True
ASS0004258,STU00211,MOD00064,CRS008,1,80,100,2025-09-11,40,True
ASS0004259,STU00211,MOD00113,CRS015,1,86,100,2026-04-08,60,True
ASS0004260,STU00211,MOD00113,CRS015,2,60,100,2026-04-04,21,True
ASS0004261,STU00211,MOD00113,CRS015,3,59,100,2026-04-04,33,True
ASS0004262,STU00211,MOD00114,CRS015,1,80,100,2026-03-16,35,False
ASS0004263,STU00211,MOD00115,CRS015,1,51,100,2026-02-28,31,True
ASS0004264,STU00211,MOD00075,CRS010,1,55,100,2026-06-25,54,False
ASS0004265,STU00211,MOD00075,CRS010,2,94,100,2026-06-23,20,True
ASS0004266,STU00211,MOD00080,CRS010,1,82,100,2026-04-13,25,False
ASS0004267,STU00211,MOD00080,CRS010,2,84,100,2026-04-12,33,True
ASS0004268,STU00212,MOD00073,CRS010,1,41,100,2026-02-02,51,False
ASS0004269,STU00212,MOD00073,CRS010,2,83,100,2026-02-04,19,True
ASS0004270,STU00212,MOD00074,CRS010,1,88,100,2026-01-17,34,True
ASS0004271,STU00212,MOD00077,CRS010,1,46,100,2026-03-26,44,True
ASS0004272,STU00212,MOD00077,CRS010,2,48,100,2026-03-30,18,True
ASS0004273,STU00212,MOD00077,CRS010,3,63,100,2026-03-26,28,True
ASS0004274,STU00212,MOD00078,CRS010,1,87,100,2026-01-23,26,False
ASS0004275,STU00212,MOD00079,CRS010,1,78,100,2026-01-27,59,True
ASS0004276,STU00212,MOD00079,CRS010,2,76,100,2026-01-30,29,True
ASS0004277,STU00213,MOD00108,CRS014,1,65,100,2026-02-10,10,True
ASS0004278,STU00213,MOD00108,CRS014,2,57,100,2026-02-11,33,True
ASS0004279,STU00213,MOD00028,CRS004,1,71,100,2026-05-31,49,True
ASS0004280,STU00213,MOD00028,CRS004,2,50,100,2026-06-04,48,True
ASS0004281,STU00213,MOD00031,CRS004,1,59,100,2026-04-13,60,True
ASS0004282,STU00213,MOD00031,CRS004,2,65,100,2026-04-13,41,True
ASS0004283,STU00213,MOD00031,CRS004,3,91,100,2026-04-13,35,True
ASS0004284,STU00213,MOD00146,CRS019,1,31,100,2026-06-09,22,True
ASS0004285,STU00213,MOD00146,CRS019,2,51,100,2026-06-07,54,True
ASS0004286,STU00213,MOD00146,CRS019,3,79,100,2026-06-12,11,True
ASS0004287,STU00213,MOD00147,CRS019,1,79,100,2026-07-04,11,True
ASS0004288,STU00213,MOD00149,CRS019,1,50,100,2026-05-22,21,True
ASS0004289,STU00213,MOD00149,CRS019,2,69,100,2026-05-19,18,False
ASS0004290,STU00213,MOD00150,CRS019,1,54,100,2026-04-15,36,True
ASS0004291,STU00213,MOD00151,CRS019,1,80,100,2026-05-26,12,False
ASS0004292,STU00213,MOD00151,CRS019,2,50,100,2026-05-24,35,True
ASS0004293,STU00214,MOD00082,CRS011,1,66,100,2025-11-27,35,True
ASS0004294,STU00214,MOD00082,CRS011,2,79,100,2025-11-28,43,False
ASS0004295,STU00214,MOD00084,CRS011,1,43,100,2025-11-27,24,True
ASS0004296,STU00214,MOD00084,CRS011,2,48,100,2025-11-24,27,True
ASS0004297,STU00214,MOD00084,CRS011,3,78,100,2025-11-24,34,True
ASS0004298,STU00214,MOD00085,CRS011,1,64,100,2025-12-07,55,True
ASS0004299,STU00214,MOD00086,CRS011,1,54,100,2025-12-26,53,True
ASS0004300,STU00214,MOD00086,CRS011,2,58,100,2025-12-25,37,False
ASS0004301,STU00214,MOD00086,CRS011,3,61,100,2025-12-29,26,True
ASS0004302,STU00214,MOD00087,CRS011,1,61,100,2025-12-21,59,True
ASS0004303,STU00214,MOD00087,CRS011,2,60,100,2025-12-19,51,True
ASS0004304,STU00214,MOD00087,CRS011,3,66,100,2025-12-24,26,True
ASS0004305,STU00215,MOD00065,CRS009,1,88,100,2025-09-04,35,True
ASS0004306,STU00215,MOD00065,CRS009,2,91,100,2025-08-31,20,True
ASS0004307,STU00215,MOD00066,CRS009,1,97,100,2025-08-15,52,False
ASS0004308,STU00215,MOD00067,CRS009,1,72,100,2025-09-29,33,True
ASS0004309,STU00215,MOD00017,CRS003,1,80,100,2025-10-29,49,False
ASS0004310,STU00215,MOD00017,CRS003,2,79,100,2025-10-25,45,False
ASS0004311,STU00215,MOD00020,CRS003,1,42,100,2025-09-29,19,True
ASS0004312,STU00215,MOD00020,CRS003,2,73,100,2025-09-28,10,True
ASS0004313,STU00215,MOD00020,CRS003,3,95,100,2025-09-30,37,True
ASS0004314,STU00215,MOD00021,CRS003,1,88,100,2025-12-10,24,True
ASS0004315,STU00215,MOD00021,CRS003,2,85,100,2025-12-13,47,True
ASS0004316,STU00215,MOD00024,CRS003,1,33,100,2025-11-30,50,True
ASS0004317,STU00215,MOD00024,CRS003,2,65,100,2025-11-28,52,True
ASS0004318,STU00215,MOD00024,CRS003,3,93,100,2025-11-28,22,True
ASS0004319,STU00215,MOD00089,CRS012,1,66,100,2025-08-07,24,True
ASS0004320,STU00215,MOD00091,CRS012,1,32,100,2025-08-04,54,True
ASS0004321,STU00215,MOD00091,CRS012,2,58,100,2025-08-01,30,False
ASS0004322,STU00215,MOD00091,CRS012,3,69,100,2025-08-05,21,False
ASS0004323,STU00215,MOD00092,CRS012,1,54,100,2025-08-04,11,True
ASS0004324,STU00215,MOD00094,CRS012,1,90,100,2025-08-28,24,True
ASS0004325,STU00215,MOD00094,CRS012,2,84,100,2025-08-29,21,True
ASS0004326,STU00215,MOD00095,CRS012,1,79,100,2025-07-30,29,True
ASS0004327,STU00215,MOD00096,CRS012,1,37,100,2025-08-15,31,True
ASS0004328,STU00215,MOD00096,CRS012,2,84,100,2025-08-10,28,True
ASS0004329,STU00215,MOD00085,CRS011,1,78,100,2025-10-01,59,True
ASS0004330,STU00215,MOD00085,CRS011,2,62,100,2025-10-02,10,False
ASS0004331,STU00215,MOD00085,CRS011,3,83,100,2025-10-04,14,False
ASS0004332,STU00215,MOD00088,CRS011,1,84,100,2025-10-11,15,True
ASS0004333,STU00215,MOD00088,CRS011,2,66,100,2025-10-12,52,True
ASS0004334,STU00215,MOD00041,CRS006,1,76,100,2025-08-12,40,True
ASS0004335,STU00215,MOD00041,CRS006,2,74,100,2025-08-10,60,False
ASS0004336,STU00215,MOD00042,CRS006,1,64,100,2025-07-01,58,True
ASS0004337,STU00215,MOD00042,CRS006,2,48,100,2025-07-02,22,True
ASS0004338,STU00215,MOD00042,CRS006,3,83,100,2025-07-03,39,True
ASS0004339,STU00215,MOD00044,CRS006,1,57,100,2025-06-24,38,True
ASS0004340,STU00215,MOD00047,CRS006,1,58,100,2025-08-06,11,True
ASS0004341,STU00215,MOD00047,CRS006,2,55,100,2025-08-09,40,True
ASS0004342,STU00216,MOD00105,CRS014,1,42,100,2026-02-06,33,True
ASS0004343,STU00216,MOD00105,CRS014,2,65,100,2026-02-07,36,True
ASS0004344,STU00216,MOD00107,CRS014,1,67,100,2026-03-06,15,True
ASS0004345,STU00216,MOD00108,CRS014,1,80,100,2026-03-30,40,True
ASS0004346,STU00216,MOD00108,CRS014,2,84,100,2026-03-28,10,True
ASS0004347,STU00216,MOD00111,CRS014,1,78,100,2026-03-04,13,True
ASS0004348,STU00216,MOD00111,CRS014,2,88,100,2026-02-28,22,True
ASS0004349,STU00216,MOD00112,CRS014,1,73,100,2026-01-19,19,False
ASS0004350,STU00216,MOD00041,CRS006,1,63,100,2025-12-25,32,True
ASS0004351,STU00216,MOD00041,CRS006,2,49,100,2025-12-23,35,True
ASS0004352,STU00216,MOD00041,CRS006,3,95,100,2025-12-28,10,True
ASS0004353,STU00216,MOD00042,CRS006,1,52,100,2025-12-07,45,True
ASS0004354,STU00216,MOD00042,CRS006,2,52,100,2025-12-12,18,True
ASS0004355,STU00216,MOD00044,CRS006,1,63,100,2026-01-27,45,True
ASS0004356,STU00216,MOD00044,CRS006,2,32,100,2026-01-26,27,False
ASS0004357,STU00216,MOD00044,CRS006,3,57,100,2026-01-24,22,True
ASS0004358,STU00216,MOD00047,CRS006,1,34,100,2025-12-06,15,False
ASS0004359,STU00216,MOD00047,CRS006,2,83,100,2025-12-05,13,False
ASS0004360,STU00216,MOD00027,CRS004,1,42,100,2026-01-27,58,True
ASS0004361,STU00216,MOD00027,CRS004,2,90,100,2026-01-28,60,True
ASS0004362,STU00216,MOD00034,CRS005,1,31,100,2025-12-25,56,True
ASS0004363,STU00216,MOD00034,CRS005,2,56,100,2025-12-25,42,True
ASS0004364,STU00216,MOD00034,CRS005,3,76,100,2025-12-24,60,True
ASS0004365,STU00216,MOD00036,CRS005,1,81,100,2025-12-20,15,True
ASS0004366,STU00216,MOD00036,CRS005,2,54,100,2025-12-21,44,True
ASS0004367,STU00216,MOD00036,CRS005,3,56,100,2025-12-18,26,True
ASS0004368,STU00216,MOD00037,CRS005,1,48,100,2025-12-09,49,False
ASS0004369,STU00216,MOD00037,CRS005,2,96,100,2025-12-10,41,True
ASS0004370,STU00216,MOD00039,CRS005,1,65,100,2026-01-09,52,True
ASS0004371,STU00216,MOD00040,CRS005,1,99,100,2026-01-26,22,True
ASS0004372,STU00217,MOD00145,CRS019,1,60,100,2026-01-26,55,True
ASS0004373,STU00217,MOD00145,CRS019,2,72,100,2026-01-28,43,True
ASS0004374,STU00217,MOD00146,CRS019,1,62,100,2026-04-06,34,False
ASS0004375,STU00217,MOD00147,CRS019,1,47,100,2026-03-28,48,True
ASS0004376,STU00217,MOD00147,CRS019,2,35,100,2026-03-25,58,True
ASS0004377,STU00217,MOD00147,CRS019,3,75,100,2026-03-27,16,True
ASS0004378,STU00217,MOD00149,CRS019,1,67,100,2026-03-04,39,True
ASS0004379,STU00217,MOD00149,CRS019,2,54,100,2026-03-01,59,True
ASS0004380,STU00217,MOD00149,CRS019,3,91,100,2026-03-03,36,True
ASS0004381,STU00217,MOD00151,CRS019,1,76,100,2026-03-07,34,True
ASS0004382,STU00217,MOD00151,CRS019,2,79,100,2026-03-06,22,True
ASS0004383,STU00217,MOD00152,CRS019,1,68,100,2026-02-24,49,True
ASS0004384,STU00217,MOD00152,CRS019,2,54,100,2026-02-25,43,False
ASS0004385,STU00217,MOD00152,CRS019,3,96,100,2026-02-25,30,True
ASS0004386,STU00217,MOD00124,CRS016,1,68,100,2026-01-27,36,True
ASS0004387,STU00217,MOD00124,CRS016,2,52,100,2026-01-31,17,True
ASS0004388,STU00217,MOD00124,CRS016,3,63,100,2026-01-27,50,True
ASS0004389,STU00217,MOD00126,CRS016,1,63,100,2026-01-25,45,True
ASS0004390,STU00217,MOD00126,CRS016,2,97,100,2026-01-26,43,False
ASS0004391,STU00217,MOD00127,CRS016,1,53,100,2026-01-16,17,True
ASS0004392,STU00217,MOD00128,CRS016,1,82,100,2025-12-11,18,True
ASS0004393,STU00217,MOD00115,CRS015,1,81,100,2025-12-12,29,False
ASS0004394,STU00217,MOD00115,CRS015,2,77,100,2025-12-15,20,False
ASS0004395,STU00217,MOD00115,CRS015,3,53,100,2025-12-13,44,True
ASS0004396,STU00217,MOD00120,CRS015,1,67,100,2025-10-26,50,True
ASS0004397,STU00217,MOD00120,CRS015,2,99,100,2025-10-24,43,False
ASS0004398,STU00218,MOD00121,CRS016,1,64,100,2026-03-19,32,False
ASS0004399,STU00218,MOD00121,CRS016,2,54,100,2026-03-19,56,True
ASS0004400,STU00218,MOD00121,CRS016,3,65,100,2026-03-15,44,True
ASS0004401,STU00218,MOD00122,CRS016,1,55,100,2026-02-08,37,True
ASS0004402,STU00218,MOD00122,CRS016,2,94,100,2026-02-05,12,True
ASS0004403,STU00218,MOD00123,CRS016,1,73,100,2026-01-28,49,False
ASS0004404,STU00218,MOD00153,CRS020,1,60,100,2026-01-13,51,True
ASS0004405,STU00218,MOD00153,CRS020,2,40,100,2026-01-15,16,False
ASS0004406,STU00218,MOD00153,CRS020,3,89,100,2026-01-13,44,True
ASS0004407,STU00218,MOD00155,CRS020,1,88,100,2026-01-15,37,True
ASS0004408,STU00218,MOD00156,CRS020,1,100,100,2025-11-20,51,True
ASS0004409,STU00218,MOD00157,CRS020,1,45,100,2025-10-21,21,True
ASS0004410,STU00218,MOD00157,CRS020,2,38,100,2025-10-21,22,True
ASS0004411,STU00218,MOD00157,CRS020,3,81,100,2025-10-21,25,True
ASS0004412,STU00218,MOD00158,CRS020,1,51,100,2025-10-28,26,True
ASS0004413,STU00218,MOD00158,CRS020,2,90,100,2025-11-02,15,True
ASS0004414,STU00218,MOD00158,CRS020,3,86,100,2025-10-28,40,True
ASS0004415,STU00218,MOD00159,CRS020,1,54,100,2025-12-19,59,True
ASS0004416,STU00218,MOD00160,CRS020,1,96,100,2026-01-06,39,True
ASS0004417,STU00219,MOD00021,CRS003,1,57,100,2025-12-29,25,False
ASS0004418,STU00219,MOD00024,CRS003,1,48,100,2025-11-18,53,True
ASS0004419,STU00219,MOD00024,CRS003,2,56,100,2025-11-19,48,True
ASS0004420,STU00220,MOD00131,CRS017,1,66,100,2025-06-16,52,True
ASS0004421,STU00220,MOD00131,CRS017,2,45,100,2025-06-16,27,False
ASS0004422,STU00220,MOD00131,CRS017,3,88,100,2025-06-12,31,True
ASS0004423,STU00220,MOD00132,CRS017,1,45,100,2025-07-16,28,True
ASS0004424,STU00220,MOD00132,CRS017,2,87,100,2025-07-17,25,True
ASS0004425,STU00220,MOD00135,CRS017,1,74,100,2025-06-15,18,True
ASS0004426,STU00220,MOD00058,CRS008,1,87,100,2026-05-01,47,True
ASS0004427,STU00220,MOD00061,CRS008,1,87,100,2026-07-02,24,True
ASS0004428,STU00220,MOD00061,CRS008,2,51,100,2026-07-02,27,False
ASS0004429,STU00220,MOD00063,CRS008,1,54,100,2026-05-05,23,True
ASS0004430,STU00220,MOD00063,CRS008,2,62,100,2026-05-03,49,False
ASS0004431,STU00220,MOD00063,CRS008,3,61,100,2026-05-07,43,False
ASS0004432,STU00221,MOD00154,CRS020,1,61,100,2026-03-06,51,True
ASS0004433,STU00221,MOD00155,CRS020,1,90,100,2026-02-15,56,True
ASS0004434,STU00221,MOD00026,CRS004,1,89,100,2025-12-24,22,False
ASS0004435,STU00221,MOD00027,CRS004,1,34,100,2026-01-09,52,True
ASS0004436,STU00221,MOD00027,CRS004,2,94,100,2026-01-11,34,False
ASS0004437,STU00221,MOD00028,CRS004,1,64,100,2026-01-10,23,True
ASS0004438,STU00221,MOD00031,CRS004,1,35,100,2026-02-28,47,True
ASS0004439,STU00221,MOD00031,CRS004,2,51,100,2026-02-27,27,True
ASS0004440,STU00221,MOD00031,CRS004,3,91,100,2026-02-28,38,True
ASS0004441,STU00221,MOD00109,CRS014,1,94,100,2026-01-20,31,True
ASS0004442,STU00221,MOD00110,CRS014,1,99,100,2026-01-08,53,True
ASS0004443,STU00221,MOD00112,CRS014,1,66,100,2026-03-25,19,True
ASS0004444,STU00221,MOD00112,CRS014,2,31,100,2026-03-25,39,True
ASS0004445,STU00221,MOD00112,CRS014,3,54,100,2026-03-27,19,False
ASS0004446,STU00221,MOD00058,CRS008,1,78,100,2026-01-06,38,True
ASS0004447,STU00221,MOD00058,CRS008,2,77,100,2026-01-07,47,False
ASS0004448,STU00221,MOD00058,CRS008,3,65,100,2026-01-07,25,True
ASS0004449,STU00221,MOD00121,CRS016,1,49,100,2025-12-30,24,True
ASS0004450,STU00221,MOD00121,CRS016,2,50,100,2025-12-27,15,True
ASS0004451,STU00221,MOD00124,CRS016,1,84,100,2025-12-28,24,True
ASS0004452,STU00221,MOD00124,CRS016,2,87,100,2025-12-27,45,True
ASS0004453,STU00221,MOD00124,CRS016,3,62,100,2025-12-24,18,True
ASS0004454,STU00221,MOD00125,CRS016,1,53,100,2026-03-01,49,False
ASS0004455,STU00221,MOD00125,CRS016,2,57,100,2026-02-28,43,False
ASS0004456,STU00221,MOD00127,CRS016,1,49,100,2026-01-19,60,True
ASS0004457,STU00221,MOD00127,CRS016,2,69,100,2026-01-23,50,True
ASS0004458,STU00221,MOD00127,CRS016,3,69,100,2026-01-22,48,False
ASS0004459,STU00221,MOD00128,CRS016,1,93,100,2026-02-13,58,False
ASS0004460,STU00222,MOD00003,CRS001,1,59,100,2025-05-25,47,False
ASS0004461,STU00222,MOD00003,CRS001,2,91,100,2025-05-28,28,True
ASS0004462,STU00222,MOD00005,CRS001,1,77,100,2025-07-14,34,True
ASS0004463,STU00222,MOD00005,CRS001,2,81,100,2025-07-14,34,True
ASS0004464,STU00222,MOD00005,CRS001,3,75,100,2025-07-14,19,False
ASS0004465,STU00222,MOD00008,CRS001,1,88,100,2025-07-10,29,True
ASS0004466,STU00222,MOD00008,CRS001,2,38,100,2025-07-10,41,True
ASS0004467,STU00222,MOD00008,CRS001,3,63,100,2025-07-11,12,True
ASS0004468,STU00222,MOD00041,CRS006,1,64,100,2025-10-14,38,True
ASS0004469,STU00222,MOD00041,CRS006,2,39,100,2025-10-16,59,True
ASS0004470,STU00222,MOD00041,CRS006,3,90,100,2025-10-18,45,True
ASS0004471,STU00222,MOD00042,CRS006,1,65,100,2025-09-14,54,True
ASS0004472,STU00222,MOD00042,CRS006,2,95,100,2025-09-18,38,True
ASS0004473,STU00222,MOD00043,CRS006,1,49,100,2025-09-29,18,False
ASS0004474,STU00222,MOD00043,CRS006,2,64,100,2025-10-04,56,True
ASS0004475,STU00222,MOD00043,CRS006,3,82,100,2025-09-30,53,True
ASS0004476,STU00222,MOD00044,CRS006,1,75,100,2025-09-06,42,False
ASS0004477,STU00222,MOD00046,CRS006,1,96,100,2025-10-19,46,True
ASS0004478,STU00222,MOD00048,CRS006,1,77,100,2025-08-28,25,True
ASS0004479,STU00222,MOD00048,CRS006,2,49,100,2025-08-29,53,True
ASS0004480,STU00222,MOD00048,CRS006,3,51,100,2025-08-28,36,True
ASS0004481,STU00222,MOD00130,CRS017,1,31,100,2025-11-24,24,True
ASS0004482,STU00222,MOD00130,CRS017,2,81,100,2025-11-26,35,True
ASS0004483,STU00222,MOD00130,CRS017,3,70,100,2025-11-24,32,True
ASS0004484,STU00222,MOD00131,CRS017,1,87,100,2025-11-11,55,True
ASS0004485,STU00222,MOD00131,CRS017,2,89,100,2025-11-16,33,True
ASS0004486,STU00222,MOD00131,CRS017,3,91,100,2025-11-16,22,True
ASS0004487,STU00222,MOD00132,CRS017,1,50,100,2025-11-19,27,True
ASS0004488,STU00222,MOD00134,CRS017,1,90,100,2025-10-14,11,True
ASS0004489,STU00222,MOD00134,CRS017,2,71,100,2025-10-19,10,False
ASS0004490,STU00222,MOD00135,CRS017,1,86,100,2025-10-07,49,True
ASS0004491,STU00222,MOD00125,CRS016,1,52,100,2025-08-28,60,True
ASS0004492,STU00222,MOD00128,CRS016,1,60,100,2025-09-26,35,True
ASS0004493,STU00222,MOD00128,CRS016,2,85,100,2025-09-24,19,True
ASS0004494,STU00222,MOD00128,CRS016,3,56,100,2025-09-24,39,True
ASS0004495,STU00223,MOD00013,CRS002,1,50,100,2026-06-16,46,True
ASS0004496,STU00223,MOD00130,CRS017,1,83,100,2026-06-02,26,False
ASS0004497,STU00223,MOD00130,CRS017,2,53,100,2026-06-01,56,True
ASS0004498,STU00223,MOD00130,CRS017,3,65,100,2026-05-31,41,True
ASS0004499,STU00223,MOD00131,CRS017,1,66,100,2026-04-02,28,False
ASS0004500,STU00223,MOD00132,CRS017,1,50,100,2026-05-24,47,False
ASS0004501,STU00223,MOD00132,CRS017,2,69,100,2026-05-24,55,True
ASS0004502,STU00223,MOD00132,CRS017,3,89,100,2026-05-25,58,True
ASS0004503,STU00223,MOD00134,CRS017,1,50,100,2026-04-20,46,True
ASS0004504,STU00223,MOD00134,CRS017,2,68,100,2026-04-17,53,True
ASS0004505,STU00223,MOD00136,CRS017,1,43,100,2026-06-25,17,True
ASS0004506,STU00223,MOD00136,CRS017,2,75,100,2026-06-30,60,True
ASS0004507,STU00224,MOD00113,CRS015,1,91,100,2025-12-18,52,True
ASS0004508,STU00224,MOD00114,CRS015,1,67,100,2026-01-02,52,True
ASS0004509,STU00224,MOD00114,CRS015,2,66,100,2026-01-01,45,True
ASS0004510,STU00224,MOD00114,CRS015,3,69,100,2026-01-04,54,True
ASS0004511,STU00224,MOD00115,CRS015,1,77,100,2025-12-27,54,True
ASS0004512,STU00224,MOD00116,CRS015,1,38,100,2025-12-25,45,False
ASS0004513,STU00224,MOD00116,CRS015,2,82,100,2025-12-29,53,True
ASS0004514,STU00224,MOD00119,CRS015,1,40,100,2026-01-24,16,True
ASS0004515,STU00224,MOD00119,CRS015,2,42,100,2026-01-20,55,False
ASS0004516,STU00224,MOD00119,CRS015,3,92,100,2026-01-24,32,False
ASS0004517,STU00224,MOD00120,CRS015,1,50,100,2025-12-28,18,True
ASS0004518,STU00225,MOD00116,CRS015,1,78,100,2025-11-05,43,True
ASS0004519,STU00225,MOD00116,CRS015,2,31,100,2025-11-08,20,True
ASS0004520,STU00225,MOD00116,CRS015,3,76,100,2025-11-06,54,True
ASS0004521,STU00225,MOD00120,CRS015,1,84,100,2025-11-03,44,True
ASS0004522,STU00225,MOD00020,CRS003,1,45,100,2025-12-20,34,True
ASS0004523,STU00225,MOD00020,CRS003,2,92,100,2025-12-22,47,True
ASS0004524,STU00225,MOD00021,CRS003,1,86,100,2025-11-29,42,True
ASS0004525,STU00225,MOD00021,CRS003,2,71,100,2025-11-29,12,True
ASS0004526,STU00225,MOD00022,CRS003,1,34,100,2026-01-10,14,True
ASS0004527,STU00225,MOD00022,CRS003,2,57,100,2026-01-08,19,False
ASS0004528,STU00225,MOD00024,CRS003,1,89,100,2026-01-09,44,True
ASS0004529,STU00225,MOD00024,CRS003,2,96,100,2026-01-09,55,True
ASS0004530,STU00225,MOD00121,CRS016,1,75,100,2025-09-01,15,True
ASS0004531,STU00225,MOD00121,CRS016,2,71,100,2025-09-05,35,True
ASS0004532,STU00225,MOD00121,CRS016,3,75,100,2025-09-02,42,True
ASS0004533,STU00225,MOD00122,CRS016,1,78,100,2025-10-09,20,True
ASS0004534,STU00225,MOD00122,CRS016,2,64,100,2025-10-06,28,True
ASS0004535,STU00225,MOD00123,CRS016,1,55,100,2025-11-09,15,True
ASS0004536,STU00225,MOD00123,CRS016,2,86,100,2025-11-04,58,True
ASS0004537,STU00225,MOD00124,CRS016,1,68,100,2025-10-01,33,True
ASS0004538,STU00225,MOD00124,CRS016,2,79,100,2025-10-06,53,False
ASS0004539,STU00225,MOD00125,CRS016,1,79,100,2025-09-07,28,True
ASS0004540,STU00225,MOD00125,CRS016,2,66,100,2025-09-02,54,True
ASS0004541,STU00225,MOD00128,CRS016,1,70,100,2025-10-10,33,True
ASS0004542,STU00225,MOD00128,CRS016,2,54,100,2025-10-10,26,True
ASS0004543,STU00225,MOD00128,CRS016,3,54,100,2025-10-05,52,True
ASS0004544,STU00225,MOD00155,CRS020,1,86,100,2026-04-11,14,True
ASS0004545,STU00225,MOD00155,CRS020,2,39,100,2026-04-12,53,True
ASS0004546,STU00225,MOD00155,CRS020,3,57,100,2026-04-07,34,True
ASS0004547,STU00225,MOD00157,CRS020,1,69,100,2026-02-20,16,True
ASS0004548,STU00225,MOD00158,CRS020,1,83,100,2026-05-11,10,False
ASS0004549,STU00225,MOD00158,CRS020,2,81,100,2026-05-10,37,False
ASS0004550,STU00225,MOD00159,CRS020,1,90,100,2026-04-23,42,True
ASS0004551,STU00225,MOD00159,CRS020,2,72,100,2026-04-26,36,True
ASS0004552,STU00225,MOD00160,CRS020,1,86,100,2026-03-20,51,True
ASS0004553,STU00225,MOD00160,CRS020,2,48,100,2026-03-20,13,True
ASS0004554,STU00225,MOD00160,CRS020,3,85,100,2026-03-15,55,True
ASS0004555,STU00225,MOD00084,CRS011,1,52,100,2025-11-28,56,False
ASS0004556,STU00225,MOD00084,CRS011,2,82,100,2025-11-27,40,True
ASS0004557,STU00225,MOD00086,CRS011,1,89,100,2025-11-10,60,True
ASS0004558,STU00225,MOD00087,CRS011,1,69,100,2025-12-06,14,False
ASS0004559,STU00225,MOD00087,CRS011,2,84,100,2025-12-07,37,True
ASS0004560,STU00225,MOD00087,CRS011,3,68,100,2025-12-06,40,True
ASS0004561,STU00225,MOD00088,CRS011,1,47,100,2025-11-16,57,True
ASS0004562,STU00225,MOD00088,CRS011,2,80,100,2025-11-19,30,True
ASS0004563,STU00225,MOD00088,CRS011,3,88,100,2025-11-18,41,True
ASS0004564,STU00226,MOD00137,CRS018,1,65,100,2026-03-10,49,False
ASS0004565,STU00226,MOD00137,CRS018,2,78,100,2026-03-11,23,True
ASS0004566,STU00226,MOD00137,CRS018,3,72,100,2026-03-08,47,True
ASS0004567,STU00226,MOD00138,CRS018,1,64,100,2026-03-11,33,True
ASS0004568,STU00226,MOD00140,CRS018,1,41,100,2026-01-27,45,True
ASS0004569,STU00226,MOD00140,CRS018,2,35,100,2026-01-24,41,False
ASS0004570,STU00226,MOD00140,CRS018,3,75,100,2026-01-24,26,True
ASS0004571,STU00226,MOD00142,CRS018,1,58,100,2026-01-30,37,True
ASS0004572,STU00226,MOD00142,CRS018,2,86,100,2026-01-28,52,True
ASS0004573,STU00226,MOD00142,CRS018,3,58,100,2026-01-28,50,True
ASS0004574,STU00226,MOD00144,CRS018,1,71,100,2026-03-27,36,True
ASS0004575,STU00226,MOD00144,CRS018,2,52,100,2026-03-27,18,True
ASS0004576,STU00226,MOD00003,CRS001,1,72,100,2025-07-14,38,True
ASS0004577,STU00226,MOD00003,CRS001,2,90,100,2025-07-18,22,False
ASS0004578,STU00226,MOD00004,CRS001,1,77,100,2025-06-01,36,True
ASS0004579,STU00226,MOD00004,CRS001,2,77,100,2025-05-31,51,True
ASS0004580,STU00226,MOD00005,CRS001,1,56,100,2025-08-07,53,True
ASS0004581,STU00226,MOD00006,CRS001,1,77,100,2025-06-15,49,True
ASS0004582,STU00226,MOD00007,CRS001,1,67,100,2025-07-11,27,True
ASS0004583,STU00226,MOD00007,CRS001,2,70,100,2025-07-12,60,True
ASS0004584,STU00226,MOD00007,CRS001,3,58,100,2025-07-11,32,True
ASS0004585,STU00226,MOD00018,CRS003,1,61,100,2026-03-03,48,True
ASS0004586,STU00226,MOD00018,CRS003,2,67,100,2026-03-02,59,True
ASS0004587,STU00226,MOD00018,CRS003,3,70,100,2026-03-06,16,True
ASS0004588,STU00226,MOD00021,CRS003,1,63,100,2026-01-30,25,True
ASS0004589,STU00226,MOD00021,CRS003,2,62,100,2026-01-29,24,True
ASS0004590,STU00226,MOD00022,CRS003,1,89,100,2026-04-20,37,False
ASS0004591,STU00226,MOD00024,CRS003,1,69,100,2026-04-15,41,False
ASS0004592,STU00226,MOD00078,CRS010,1,73,100,2026-03-28,46,True
ASS0004593,STU00226,MOD00078,CRS010,2,93,100,2026-03-30,41,True
ASS0004594,STU00226,MOD00080,CRS010,1,86,100,2026-05-10,50,True
ASS0004595,STU00226,MOD00051,CRS007,1,69,100,2026-02-09,54,True
ASS0004596,STU00226,MOD00051,CRS007,2,75,100,2026-02-11,26,False
ASS0004597,STU00226,MOD00056,CRS007,1,87,100,2026-02-26,39,True
ASS0004598,STU00226,MOD00056,CRS007,2,35,100,2026-02-25,28,False
ASS0004599,STU00226,MOD00056,CRS007,3,59,100,2026-02-26,26,False
ASS0004600,STU00227,MOD00081,CRS011,1,84,100,2025-08-14,33,False
ASS0004601,STU00227,MOD00081,CRS011,2,88,100,2025-08-14,21,False
ASS0004602,STU00227,MOD00083,CRS011,1,55,100,2025-07-07,54,True
ASS0004603,STU00227,MOD00083,CRS011,2,62,100,2025-07-06,52,False
ASS0004604,STU00227,MOD00141,CRS018,1,80,100,2025-10-02,21,False
ASS0004605,STU00227,MOD00141,CRS018,2,82,100,2025-10-02,27,True
ASS0004606,STU00227,MOD00121,CRS016,1,44,100,2025-10-13,52,True
ASS0004607,STU00227,MOD00121,CRS016,2,35,100,2025-10-11,49,False
ASS0004608,STU00227,MOD00121,CRS016,3,79,100,2025-10-12,46,True
ASS0004609,STU00227,MOD00123,CRS016,1,90,100,2025-12-08,49,True
ASS0004610,STU00227,MOD00125,CRS016,1,71,100,2025-11-17,20,True
ASS0004611,STU00227,MOD00125,CRS016,2,95,100,2025-11-14,60,False
ASS0004612,STU00227,MOD00126,CRS016,1,81,100,2025-11-05,32,True
ASS0004613,STU00227,MOD00126,CRS016,2,80,100,2025-11-03,41,False
ASS0004614,STU00227,MOD00126,CRS016,3,53,100,2025-10-31,36,True
ASS0004615,STU00227,MOD00127,CRS016,1,63,100,2025-11-07,25,True
ASS0004616,STU00227,MOD00127,CRS016,2,30,100,2025-11-05,18,True
ASS0004617,STU00227,MOD00127,CRS016,3,76,100,2025-11-05,18,False
ASS0004618,STU00227,MOD00128,CRS016,1,77,100,2025-10-05,51,True
ASS0004619,STU00227,MOD00128,CRS016,2,64,100,2025-10-05,26,False
ASS0004620,STU00227,MOD00089,CRS012,1,58,100,2025-09-05,19,True
ASS0004621,STU00227,MOD00089,CRS012,2,64,100,2025-09-07,38,False
ASS0004622,STU00227,MOD00089,CRS012,3,92,100,2025-09-07,57,True
ASS0004623,STU00227,MOD00091,CRS012,1,65,100,2025-08-20,58,True
ASS0004624,STU00227,MOD00091,CRS012,2,56,100,2025-08-20,17,False
ASS0004625,STU00227,MOD00091,CRS012,3,96,100,2025-08-17,35,True
ASS0004626,STU00227,MOD00092,CRS012,1,59,100,2025-08-09,33,True
ASS0004627,STU00227,MOD00092,CRS012,2,32,100,2025-08-07,41,True
ASS0004628,STU00227,MOD00092,CRS012,3,97,100,2025-08-08,44,True
ASS0004629,STU00227,MOD00094,CRS012,1,78,100,2025-08-08,36,True
ASS0004630,STU00227,MOD00094,CRS012,2,39,100,2025-08-08,27,True
ASS0004631,STU00227,MOD00094,CRS012,3,60,100,2025-08-04,15,False
ASS0004632,STU00228,MOD00089,CRS012,1,61,100,2026-01-12,17,True
ASS0004633,STU00228,MOD00089,CRS012,2,79,100,2026-01-10,28,True
ASS0004634,STU00228,MOD00090,CRS012,1,93,100,2026-01-04,44,True
ASS0004635,STU00228,MOD00091,CRS012,1,79,100,2026-01-03,22,True
ASS0004636,STU00228,MOD00091,CRS012,2,64,100,2025-12-31,45,True
ASS0004637,STU00228,MOD00091,CRS012,3,60,100,2026-01-03,18,True
ASS0004638,STU00228,MOD00094,CRS012,1,62,100,2025-12-09,27,False
ASS0004639,STU00228,MOD00094,CRS012,2,94,100,2025-12-06,30,False
ASS0004640,STU00228,MOD00095,CRS012,1,51,100,2026-01-09,10,True
ASS0004641,STU00228,MOD00095,CRS012,2,89,100,2026-01-09,50,True
ASS0004642,STU00228,MOD00095,CRS012,3,63,100,2026-01-13,37,True
ASS0004643,STU00228,MOD00096,CRS012,1,33,100,2025-12-28,49,True
ASS0004644,STU00228,MOD00096,CRS012,2,66,100,2025-12-26,60,True
ASS0004645,STU00228,MOD00073,CRS010,1,51,100,2026-01-04,54,True
ASS0004646,STU00228,MOD00073,CRS010,2,52,100,2026-01-02,51,True
ASS0004647,STU00228,MOD00074,CRS010,1,90,100,2026-01-13,21,True
ASS0004648,STU00228,MOD00074,CRS010,2,70,100,2026-01-12,32,True
ASS0004649,STU00228,MOD00074,CRS010,3,84,100,2026-01-10,53,True
ASS0004650,STU00228,MOD00075,CRS010,1,59,100,2026-02-05,43,False
ASS0004651,STU00228,MOD00077,CRS010,1,88,100,2026-01-12,15,False
ASS0004652,STU00228,MOD00077,CRS010,2,65,100,2026-01-14,19,True
ASS0004653,STU00228,MOD00077,CRS010,3,57,100,2026-01-11,27,False
ASS0004654,STU00228,MOD00078,CRS010,1,62,100,2026-02-24,46,True
ASS0004655,STU00228,MOD00079,CRS010,1,59,100,2026-01-17,50,True
ASS0004656,STU00228,MOD00079,CRS010,2,89,100,2026-01-18,23,True
ASS0004657,STU00228,MOD00080,CRS010,1,79,100,2026-03-10,24,True
ASS0004658,STU00228,MOD00080,CRS010,2,82,100,2026-03-10,28,True
ASS0004659,STU00228,MOD00137,CRS018,1,67,100,2025-07-23,53,True
ASS0004660,STU00228,MOD00137,CRS018,2,76,100,2025-07-20,50,True
ASS0004661,STU00228,MOD00140,CRS018,1,63,100,2025-09-07,53,False
ASS0004662,STU00228,MOD00141,CRS018,1,94,100,2025-06-30,16,True
ASS0004663,STU00228,MOD00144,CRS018,1,36,100,2025-08-21,36,True
ASS0004664,STU00228,MOD00144,CRS018,2,61,100,2025-08-20,35,True
ASS0004665,STU00228,MOD00144,CRS018,3,67,100,2025-08-22,30,True
ASS0004666,STU00229,MOD00122,CRS016,1,77,100,2025-11-29,25,True
ASS0004667,STU00229,MOD00122,CRS016,2,54,100,2025-11-27,25,True
ASS0004668,STU00229,MOD00122,CRS016,3,83,100,2025-11-25,58,True
ASS0004669,STU00229,MOD00125,CRS016,1,40,100,2025-10-07,38,False
ASS0004670,STU00229,MOD00125,CRS016,2,55,100,2025-10-03,50,True
ASS0004671,STU00229,MOD00125,CRS016,3,80,100,2025-10-05,39,True
ASS0004672,STU00229,MOD00127,CRS016,1,52,100,2025-12-09,29,True
ASS0004673,STU00229,MOD00033,CRS005,1,80,100,2025-08-01,30,False
ASS0004674,STU00229,MOD00033,CRS005,2,58,100,2025-08-02,12,True
ASS0004675,STU00229,MOD00033,CRS005,3,58,100,2025-08-04,37,True
ASS0004676,STU00229,MOD00034,CRS005,1,93,100,2025-08-14,56,True
ASS0004677,STU00229,MOD00035,CRS005,1,85,100,2025-08-13,60,True
ASS0004678,STU00229,MOD00035,CRS005,2,74,100,2025-08-11,25,False
ASS0004679,STU00229,MOD00038,CRS005,1,31,100,2025-08-08,32,True
ASS0004680,STU00229,MOD00038,CRS005,2,54,100,2025-08-08,18,False
ASS0004681,STU00229,MOD00038,CRS005,3,66,100,2025-08-03,47,False
ASS0004682,STU00229,MOD00039,CRS005,1,41,100,2025-09-24,21,True
ASS0004683,STU00229,MOD00039,CRS005,2,71,100,2025-09-24,36,True
ASS0004684,STU00229,MOD00039,CRS005,3,78,100,2025-09-28,16,True
ASS0004685,STU00229,MOD00040,CRS005,1,46,100,2025-07-16,17,True
ASS0004686,STU00229,MOD00040,CRS005,2,71,100,2025-07-17,26,True
ASS0004687,STU00229,MOD00040,CRS005,3,59,100,2025-07-16,36,True
ASS0004688,STU00230,MOD00027,CRS004,1,50,100,2026-01-31,16,False
ASS0004689,STU00230,MOD00027,CRS004,2,64,100,2026-02-03,54,True
ASS0004690,STU00230,MOD00027,CRS004,3,53,100,2026-02-04,10,True
ASS0004691,STU00230,MOD00031,CRS004,1,43,100,2026-02-08,30,True
ASS0004692,STU00230,MOD00031,CRS004,2,79,100,2026-02-03,20,False
ASS0004693,STU00230,MOD00031,CRS004,3,92,100,2026-02-03,57,True
ASS0004694,STU00230,MOD00071,CRS009,1,30,100,2026-05-02,36,False
ASS0004695,STU00230,MOD00071,CRS009,2,39,100,2026-05-04,49,False
ASS0004696,STU00230,MOD00071,CRS009,3,53,100,2026-05-06,45,True
ASS0004697,STU00230,MOD00144,CRS018,1,77,100,2026-03-31,30,True
ASS0004698,STU00230,MOD00144,CRS018,2,96,100,2026-03-28,40,True
ASS0004699,STU00231,MOD00081,CRS011,1,50,100,2026-04-03,43,False
ASS0004700,STU00231,MOD00082,CRS011,1,50,100,2026-04-02,19,True
ASS0004701,STU00231,MOD00082,CRS011,2,62,100,2026-04-01,13,False
ASS0004702,STU00231,MOD00083,CRS011,1,74,100,2026-03-07,45,True
ASS0004703,STU00231,MOD00083,CRS011,2,73,100,2026-03-06,22,True
ASS0004704,STU00231,MOD00085,CRS011,1,46,100,2026-02-22,28,True
ASS0004705,STU00231,MOD00085,CRS011,2,30,100,2026-02-19,33,True
ASS0004706,STU00231,MOD00085,CRS011,3,77,100,2026-02-24,35,True
ASS0004707,STU00231,MOD00087,CRS011,1,62,100,2026-03-20,58,True
ASS0004708,STU00231,MOD00087,CRS011,2,66,100,2026-03-15,10,True
ASS0004709,STU00231,MOD00088,CRS011,1,79,100,2026-05-12,53,True
ASS0004710,STU00231,MOD00088,CRS011,2,36,100,2026-05-11,55,True
ASS0004711,STU00231,MOD00088,CRS011,3,61,100,2026-05-09,46,True
ASS0004712,STU00231,MOD00028,CRS004,1,59,100,2026-03-25,21,True
ASS0004713,STU00231,MOD00029,CRS004,1,73,100,2026-03-31,57,True
ASS0004714,STU00231,MOD00029,CRS004,2,56,100,2026-03-30,16,True
ASS0004715,STU00231,MOD00029,CRS004,3,69,100,2026-03-31,36,False
ASS0004716,STU00231,MOD00031,CRS004,1,58,100,2026-05-06,18,True
ASS0004717,STU00231,MOD00031,CRS004,2,49,100,2026-05-06,11,True
ASS0004718,STU00231,MOD00031,CRS004,3,78,100,2026-05-04,56,True
ASS0004719,STU00232,MOD00026,CRS004,1,72,100,2025-11-11,34,True
ASS0004720,STU00232,MOD00026,CRS004,2,84,100,2025-11-11,26,True
ASS0004721,STU00232,MOD00026,CRS004,3,50,100,2025-11-16,16,True
ASS0004722,STU00232,MOD00029,CRS004,1,76,100,2025-11-18,29,True
ASS0004723,STU00232,MOD00029,CRS004,2,81,100,2025-11-18,51,True
ASS0004724,STU00232,MOD00029,CRS004,3,74,100,2025-11-19,48,True
ASS0004725,STU00232,MOD00032,CRS004,1,42,100,2025-11-07,46,True
ASS0004726,STU00232,MOD00032,CRS004,2,51,100,2025-11-06,15,False
ASS0004727,STU00232,MOD00113,CRS015,1,87,100,2025-10-09,45,True
ASS0004728,STU00232,MOD00113,CRS015,2,92,100,2025-10-06,34,True
ASS0004729,STU00232,MOD00115,CRS015,1,39,100,2025-09-28,59,True
ASS0004730,STU00232,MOD00115,CRS015,2,52,100,2025-09-25,21,True
ASS0004731,STU00232,MOD00115,CRS015,3,93,100,2025-09-26,58,True
ASS0004732,STU00232,MOD00116,CRS015,1,84,100,2025-10-28,22,True
ASS0004733,STU00232,MOD00146,CRS019,1,63,100,2026-01-07,50,True
ASS0004734,STU00232,MOD00146,CRS019,2,70,100,2026-01-06,39,False
ASS0004735,STU00232,MOD00146,CRS019,3,53,100,2026-01-05,55,True
ASS0004736,STU00232,MOD00148,CRS019,1,63,100,2026-01-12,34,False
ASS0004737,STU00232,MOD00148,CRS019,2,67,100,2026-01-10,57,False
ASS0004738,STU00232,MOD00148,CRS019,3,51,100,2026-01-08,39,True
ASS0004739,STU00232,MOD00149,CRS019,1,79,100,2025-11-20,59,True
ASS0004740,STU00232,MOD00151,CRS019,1,51,100,2025-12-09,20,False
ASS0004741,STU00232,MOD00151,CRS019,2,79,100,2025-12-06,10,True
ASS0004742,STU00232,MOD00152,CRS019,1,61,100,2025-11-28,29,True
ASS0004743,STU00232,MOD00152,CRS019,2,54,100,2025-11-27,47,True
ASS0004744,STU00232,MOD00133,CRS017,1,95,100,2025-10-20,14,True
ASS0004745,STU00232,MOD00135,CRS017,1,94,100,2025-09-01,60,True
ASS0004746,STU00232,MOD00035,CRS005,1,90,100,2026-02-04,18,True
ASS0004747,STU00232,MOD00035,CRS005,2,86,100,2026-02-05,23,True
ASS0004748,STU00232,MOD00035,CRS005,3,55,100,2026-02-02,47,False
ASS0004749,STU00232,MOD00038,CRS005,1,70,100,2026-03-02,48,True
ASS0004750,STU00233,MOD00124,CRS016,1,57,100,2025-10-18,39,True
ASS0004751,STU00233,MOD00124,CRS016,2,59,100,2025-10-19,45,True
ASS0004752,STU00233,MOD00124,CRS016,3,85,100,2025-10-20,52,True
ASS0004753,STU00233,MOD00126,CRS016,1,80,100,2025-12-08,53,False
ASS0004754,STU00233,MOD00126,CRS016,2,76,100,2025-12-08,39,True
ASS0004755,STU00233,MOD00126,CRS016,3,61,100,2025-12-05,25,True
ASS0004756,STU00233,MOD00127,CRS016,1,60,100,2025-12-19,58,True
ASS0004757,STU00233,MOD00129,CRS017,1,100,100,2026-04-08,28,True
ASS0004758,STU00233,MOD00131,CRS017,1,85,100,2026-06-06,39,True
ASS0004759,STU00233,MOD00132,CRS017,1,35,100,2026-06-06,36,True
ASS0004760,STU00233,MOD00132,CRS017,2,67,100,2026-06-11,43,False
ASS0004761,STU00233,MOD00134,CRS017,1,88,100,2026-05-24,13,True
ASS0004762,STU00233,MOD00134,CRS017,2,92,100,2026-05-22,46,True
ASS0004763,STU00233,MOD00135,CRS017,1,59,100,2026-05-28,52,True
ASS0004764,STU00233,MOD00136,CRS017,1,87,100,2026-05-01,59,False
ASS0004765,STU00233,MOD00136,CRS017,2,59,100,2026-04-28,11,True
ASS0004766,STU00233,MOD00041,CRS006,1,40,100,2025-09-25,38,True
ASS0004767,STU00233,MOD00041,CRS006,2,81,100,2025-09-25,10,True
ASS0004768,STU00233,MOD00041,CRS006,3,54,100,2025-09-28,58,True
ASS0004769,STU00233,MOD00043,CRS006,1,39,100,2025-10-23,12,True
ASS0004770,STU00233,MOD00043,CRS006,2,77,100,2025-10-25,25,True
ASS0004771,STU00233,MOD00044,CRS006,1,89,100,2025-09-06,34,True
ASS0004772,STU00233,MOD00044,CRS006,2,52,100,2025-09-09,49,True
ASS0004773,STU00233,MOD00044,CRS006,3,73,100,2025-09-08,38,True
ASS0004774,STU00233,MOD00045,CRS006,1,31,100,2025-09-02,49,True
ASS0004775,STU00233,MOD00045,CRS006,2,61,100,2025-08-31,29,True
ASS0004776,STU00233,MOD00046,CRS006,1,35,100,2025-10-31,24,True
ASS0004777,STU00233,MOD00046,CRS006,2,45,100,2025-10-29,38,True
ASS0004778,STU00233,MOD00046,CRS006,3,70,100,2025-11-02,31,True
ASS0004779,STU00233,MOD00047,CRS006,1,85,100,2025-09-01,22,True
ASS0004780,STU00233,MOD00140,CRS018,1,78,100,2025-09-30,16,True
ASS0004781,STU00233,MOD00140,CRS018,2,77,100,2025-09-27,17,True
ASS0004782,STU00233,MOD00037,CRS005,1,55,100,2026-02-25,44,True
ASS0004783,STU00234,MOD00160,CRS020,1,63,100,2026-03-10,55,True
ASS0004784,STU00234,MOD00160,CRS020,2,86,100,2026-03-11,13,True
ASS0004785,STU00234,MOD00160,CRS020,3,60,100,2026-03-09,20,True
ASS0004786,STU00234,MOD00066,CRS009,1,62,100,2026-02-10,14,True
ASS0004787,STU00234,MOD00066,CRS009,2,54,100,2026-02-14,29,True
ASS0004788,STU00234,MOD00066,CRS009,3,78,100,2026-02-12,32,True
ASS0004789,STU00234,MOD00068,CRS009,1,71,100,2026-01-05,37,True
ASS0004790,STU00234,MOD00068,CRS009,2,96,100,2026-01-07,46,True
ASS0004791,STU00234,MOD00069,CRS009,1,84,100,2025-12-24,46,False
ASS0004792,STU00234,MOD00097,CRS013,1,51,100,2025-08-23,60,True
ASS0004793,STU00234,MOD00097,CRS013,2,95,100,2025-08-23,20,True
ASS0004794,STU00234,MOD00099,CRS013,1,53,100,2025-06-24,29,True
ASS0004795,STU00234,MOD00099,CRS013,2,88,100,2025-06-27,20,True
ASS0004796,STU00234,MOD00102,CRS013,1,86,100,2025-07-02,15,True
ASS0004797,STU00234,MOD00102,CRS013,2,39,100,2025-06-30,51,True
ASS0004798,STU00234,MOD00102,CRS013,3,79,100,2025-06-30,49,True
ASS0004799,STU00235,MOD00155,CRS020,1,83,100,2026-05-10,50,True
ASS0004800,STU00235,MOD00155,CRS020,2,63,100,2026-05-13,40,False
ASS0004801,STU00235,MOD00156,CRS020,1,34,100,2026-03-27,22,True
ASS0004802,STU00235,MOD00156,CRS020,2,37,100,2026-03-28,11,True
ASS0004803,STU00235,MOD00156,CRS020,3,79,100,2026-03-31,36,True
ASS0004804,STU00235,MOD00157,CRS020,1,83,100,2026-04-20,39,False
ASS0004805,STU00235,MOD00158,CRS020,1,93,100,2026-03-07,35,False
ASS0004806,STU00235,MOD00160,CRS020,1,70,100,2026-03-08,28,False
ASS0004807,STU00235,MOD00130,CRS017,1,36,100,2025-06-20,47,True
ASS0004808,STU00235,MOD00130,CRS017,2,51,100,2025-06-22,54,True
ASS0004809,STU00235,MOD00130,CRS017,3,84,100,2025-06-21,30,True
ASS0004810,STU00235,MOD00134,CRS017,1,40,100,2025-06-26,50,True
ASS0004811,STU00235,MOD00134,CRS017,2,79,100,2025-06-30,27,True
ASS0004812,STU00235,MOD00073,CRS010,1,85,100,2026-01-10,32,True
ASS0004813,STU00235,MOD00073,CRS010,2,42,100,2026-01-09,50,True
ASS0004814,STU00235,MOD00073,CRS010,3,78,100,2026-01-08,51,True
ASS0004815,STU00235,MOD00074,CRS010,1,77,100,2026-02-05,52,False
ASS0004816,STU00235,MOD00074,CRS010,2,35,100,2026-02-04,43,False
ASS0004817,STU00235,MOD00074,CRS010,3,89,100,2026-02-05,22,True
ASS0004818,STU00235,MOD00076,CRS010,1,83,100,2026-03-12,33,True
ASS0004819,STU00235,MOD00076,CRS010,2,66,100,2026-03-08,53,True
ASS0004820,STU00235,MOD00076,CRS010,3,74,100,2026-03-09,36,True
ASS0004821,STU00235,MOD00078,CRS010,1,30,100,2026-02-14,36,False
ASS0004822,STU00235,MOD00078,CRS010,2,57,100,2026-02-17,35,True
ASS0004823,STU00235,MOD00079,CRS010,1,63,100,2026-02-02,32,False
ASS0004824,STU00235,MOD00079,CRS010,2,55,100,2026-02-03,11,True
ASS0004825,STU00235,MOD00080,CRS010,1,53,100,2026-03-13,45,False
ASS0004826,STU00235,MOD00080,CRS010,2,84,100,2026-03-10,13,True
ASS0004827,STU00235,MOD00081,CRS011,1,73,100,2025-09-17,36,True
ASS0004828,STU00235,MOD00081,CRS011,2,71,100,2025-09-17,32,True
ASS0004829,STU00235,MOD00081,CRS011,3,93,100,2025-09-14,40,True
ASS0004830,STU00235,MOD00083,CRS011,1,90,100,2025-10-04,22,True
ASS0004831,STU00235,MOD00086,CRS011,1,52,100,2025-09-27,60,True
ASS0004832,STU00235,MOD00087,CRS011,1,76,100,2025-11-12,44,False
ASS0004833,STU00235,MOD00087,CRS011,2,88,100,2025-11-13,56,True
ASS0004834,STU00235,MOD00087,CRS011,3,65,100,2025-11-08,48,True
ASS0004835,STU00235,MOD00088,CRS011,1,81,100,2025-12-04,18,True
ASS0004836,STU00236,MOD00074,CRS010,1,77,100,2026-03-25,54,False
ASS0004837,STU00236,MOD00078,CRS010,1,88,100,2026-04-28,49,True
ASS0004838,STU00236,MOD00079,CRS010,1,72,100,2026-02-11,38,True
ASS0004839,STU00236,MOD00079,CRS010,2,54,100,2026-02-11,16,True
ASS0004840,STU00236,MOD00080,CRS010,1,92,100,2026-03-18,54,True
ASS0004841,STU00236,MOD00089,CRS012,1,86,100,2026-04-14,37,True
ASS0004842,STU00236,MOD00089,CRS012,2,35,100,2026-04-11,44,False
ASS0004843,STU00236,MOD00089,CRS012,3,51,100,2026-04-12,40,True
ASS0004844,STU00236,MOD00093,CRS012,1,70,100,2026-02-23,31,True
ASS0004845,STU00236,MOD00094,CRS012,1,32,100,2026-04-19,49,True
ASS0004846,STU00236,MOD00094,CRS012,2,51,100,2026-04-15,38,False
ASS0004847,STU00236,MOD00094,CRS012,3,81,100,2026-04-19,21,False
ASS0004848,STU00236,MOD00095,CRS012,1,92,100,2026-04-28,32,True
ASS0004849,STU00236,MOD00096,CRS012,1,53,100,2026-05-01,51,False
ASS0004850,STU00236,MOD00096,CRS012,2,77,100,2026-04-27,38,True
ASS0004851,STU00236,MOD00096,CRS012,3,87,100,2026-05-01,13,True
ASS0004852,STU00236,MOD00034,CRS005,1,89,100,2026-03-20,47,True
ASS0004853,STU00236,MOD00034,CRS005,2,99,100,2026-03-19,19,True
ASS0004854,STU00236,MOD00036,CRS005,1,72,100,2026-03-13,52,True
ASS0004855,STU00236,MOD00037,CRS005,1,91,100,2026-02-13,26,True
ASS0004856,STU00236,MOD00040,CRS005,1,93,100,2026-02-26,21,True
ASS0004857,STU00236,MOD00041,CRS006,1,61,100,2026-03-21,29,True
ASS0004858,STU00236,MOD00042,CRS006,1,59,100,2026-04-13,42,True
ASS0004859,STU00236,MOD00043,CRS006,1,88,100,2026-03-13,25,True
ASS0004860,STU00236,MOD00043,CRS006,2,31,100,2026-03-13,35,True
ASS0004861,STU00236,MOD00043,CRS006,3,54,100,2026-03-13,18,False
ASS0004862,STU00236,MOD00044,CRS006,1,87,100,2026-05-02,56,True
ASS0004863,STU00236,MOD00044,CRS006,2,50,100,2026-05-03,51,True
ASS0004864,STU00236,MOD00045,CRS006,1,60,100,2026-03-10,26,True
ASS0004865,STU00236,MOD00045,CRS006,2,61,100,2026-03-10,24,False
ASS0004866,STU00236,MOD00045,CRS006,3,88,100,2026-03-10,56,True
ASS0004867,STU00236,MOD00046,CRS006,1,57,100,2026-03-22,57,True
ASS0004868,STU00236,MOD00048,CRS006,1,76,100,2026-04-08,10,True
ASS0004869,STU00236,MOD00048,CRS006,2,83,100,2026-04-08,41,True
ASS0004870,STU00236,MOD00048,CRS006,3,74,100,2026-04-09,43,True
ASS0004871,STU00236,MOD00081,CRS011,1,43,100,2026-04-04,28,True
ASS0004872,STU00236,MOD00081,CRS011,2,91,100,2026-04-04,56,True
ASS0004873,STU00236,MOD00082,CRS011,1,73,100,2026-04-29,42,True
ASS0004874,STU00236,MOD00082,CRS011,2,64,100,2026-04-29,12,True
ASS0004875,STU00236,MOD00084,CRS011,1,93,100,2026-04-05,42,True
ASS0004876,STU00237,MOD00141,CRS018,1,32,100,2025-06-10,22,True
ASS0004877,STU00237,MOD00141,CRS018,2,55,100,2025-06-11,23,True
ASS0004878,STU00237,MOD00141,CRS018,3,63,100,2025-06-08,55,True
ASS0004879,STU00237,MOD00142,CRS018,1,76,100,2025-06-06,30,False
ASS0004880,STU00237,MOD00144,CRS018,1,65,100,2025-07-24,33,False
ASS0004881,STU00237,MOD00078,CRS010,1,75,100,2025-09-09,56,True
ASS0004882,STU00237,MOD00106,CRS014,1,65,100,2025-12-15,32,True
ASS0004883,STU00237,MOD00106,CRS014,2,78,100,2025-12-12,25,True
ASS0004884,STU00237,MOD00109,CRS014,1,72,100,2026-02-19,10,True
ASS0004885,STU00237,MOD00110,CRS014,1,72,100,2026-02-01,18,True
ASS0004886,STU00237,MOD00110,CRS014,2,100,100,2026-02-06,20,True
ASS0004887,STU00237,MOD00111,CRS014,1,61,100,2025-12-27,35,True
ASS0004888,STU00237,MOD00001,CRS001,1,38,100,2025-08-31,18,True
ASS0004889,STU00237,MOD00001,CRS001,2,63,100,2025-08-31,11,False
ASS0004890,STU00237,MOD00001,CRS001,3,61,100,2025-08-30,29,True
ASS0004891,STU00237,MOD00002,CRS001,1,51,100,2025-10-02,55,True
ASS0004892,STU00237,MOD00005,CRS001,1,35,100,2025-08-18,10,True
ASS0004893,STU00237,MOD00005,CRS001,2,61,100,2025-08-14,25,True
ASS0004894,STU00237,MOD00006,CRS001,1,84,100,2025-09-06,26,False
ASS0004895,STU00237,MOD00006,CRS001,2,66,100,2025-09-07,36,True
ASS0004896,STU00237,MOD00006,CRS001,3,76,100,2025-09-08,45,True
ASS0004897,STU00237,MOD00007,CRS001,1,70,100,2025-08-23,27,True
ASS0004898,STU00237,MOD00007,CRS001,2,72,100,2025-08-22,53,True
ASS0004899,STU00238,MOD00070,CRS009,1,35,100,2025-10-18,14,True
ASS0004900,STU00238,MOD00070,CRS009,2,86,100,2025-10-21,24,True
ASS0004901,STU00238,MOD00070,CRS009,3,87,100,2025-10-20,60,True
ASS0004902,STU00238,MOD00047,CRS006,1,49,100,2026-04-13,56,True
ASS0004903,STU00238,MOD00047,CRS006,2,56,100,2026-04-13,44,True
ASS0004904,STU00238,MOD00048,CRS006,1,43,100,2026-05-17,18,False
ASS0004905,STU00238,MOD00048,CRS006,2,79,100,2026-05-17,24,True
ASS0004906,STU00238,MOD00048,CRS006,3,52,100,2026-05-18,51,False
ASS0004907,STU00239,MOD00014,CRS002,1,76,100,2025-11-08,49,True
ASS0004908,STU00239,MOD00014,CRS002,2,74,100,2025-11-09,22,False
ASS0004909,STU00239,MOD00016,CRS002,1,88,100,2025-11-17,53,False
ASS0004910,STU00239,MOD00073,CRS010,1,51,100,2025-06-29,41,True
ASS0004911,STU00239,MOD00073,CRS010,2,41,100,2025-07-03,20,False
ASS0004912,STU00239,MOD00073,CRS010,3,99,100,2025-06-30,32,False
ASS0004913,STU00239,MOD00074,CRS010,1,51,100,2025-06-26,21,True
ASS0004914,STU00239,MOD00075,CRS010,1,55,100,2025-05-14,23,False
ASS0004915,STU00239,MOD00075,CRS010,2,82,100,2025-05-15,10,True
ASS0004916,STU00239,MOD00078,CRS010,1,40,100,2025-04-29,50,True
ASS0004917,STU00239,MOD00078,CRS010,2,37,100,2025-04-28,25,True
ASS0004918,STU00239,MOD00078,CRS010,3,80,100,2025-04-28,29,True
ASS0004919,STU00240,MOD00025,CRS004,1,84,100,2025-07-24,10,True
ASS0004920,STU00240,MOD00025,CRS004,2,64,100,2025-07-23,49,True
ASS0004921,STU00240,MOD00026,CRS004,1,81,100,2025-08-09,25,False
ASS0004922,STU00240,MOD00027,CRS004,1,97,100,2025-09-06,41,True
ASS0004923,STU00240,MOD00030,CRS004,1,99,100,2025-08-20,21,True
ASS0004924,STU00240,MOD00032,CRS004,1,79,100,2025-08-25,25,True
ASS0004925,STU00240,MOD00137,CRS018,1,87,100,2025-12-21,41,True
ASS0004926,STU00240,MOD00137,CRS018,2,66,100,2025-12-20,45,False
ASS0004927,STU00240,MOD00142,CRS018,1,87,100,2025-11-25,27,False
ASS0004928,STU00240,MOD00143,CRS018,1,64,100,2025-11-14,33,True
ASS0004929,STU00240,MOD00144,CRS018,1,69,100,2026-02-05,14,True
ASS0004930,STU00240,MOD00144,CRS018,2,69,100,2026-02-06,14,True
ASS0004931,STU00241,MOD00129,CRS017,1,56,100,2026-03-17,47,True
ASS0004932,STU00241,MOD00130,CRS017,1,60,100,2026-01-02,45,True
ASS0004933,STU00241,MOD00130,CRS017,2,40,100,2026-01-03,33,True
ASS0004934,STU00241,MOD00130,CRS017,3,95,100,2026-01-06,56,True
ASS0004935,STU00241,MOD00132,CRS017,1,82,100,2026-03-14,26,True
ASS0004936,STU00241,MOD00134,CRS017,1,84,100,2026-03-01,10,True
ASS0004937,STU00241,MOD00135,CRS017,1,74,100,2026-03-11,44,True
ASS0004938,STU00241,MOD00135,CRS017,2,79,100,2026-03-12,33,True
ASS0004939,STU00241,MOD00135,CRS017,3,93,100,2026-03-15,42,False
ASS0004940,STU00241,MOD00136,CRS017,1,92,100,2026-03-21,59,True
ASS0004941,STU00241,MOD00075,CRS010,1,54,100,2026-01-25,58,False
ASS0004942,STU00241,MOD00079,CRS010,1,68,100,2026-01-03,15,True
ASS0004943,STU00241,MOD00080,CRS010,1,89,100,2026-03-22,54,True
ASS0004944,STU00241,MOD00080,CRS010,2,95,100,2026-03-26,33,True
ASS0004945,STU00242,MOD00097,CRS013,1,84,100,2025-06-02,26,True
ASS0004946,STU00242,MOD00097,CRS013,2,88,100,2025-06-02,12,True
ASS0004947,STU00242,MOD00097,CRS013,3,58,100,2025-06-05,43,True
ASS0004948,STU00242,MOD00098,CRS013,1,65,100,2025-05-27,33,True
ASS0004949,STU00242,MOD00103,CRS013,1,96,100,2025-07-19,45,True
ASS0004950,STU00242,MOD00104,CRS013,1,65,100,2025-05-25,27,True
ASS0004951,STU00242,MOD00104,CRS013,2,80,100,2025-05-28,52,True
ASS0004952,STU00242,MOD00104,CRS013,3,89,100,2025-05-27,10,False
ASS0004953,STU00242,MOD00106,CRS014,1,81,100,2025-12-29,36,True
ASS0004954,STU00242,MOD00106,CRS014,2,64,100,2025-12-24,12,True
ASS0004955,STU00242,MOD00106,CRS014,3,85,100,2025-12-29,24,True
ASS0004956,STU00242,MOD00107,CRS014,1,54,100,2025-12-21,53,True
ASS0004957,STU00242,MOD00107,CRS014,2,54,100,2025-12-21,19,True
ASS0004958,STU00242,MOD00107,CRS014,3,93,100,2025-12-20,37,True
ASS0004959,STU00242,MOD00108,CRS014,1,77,100,2026-01-31,33,True
ASS0004960,STU00242,MOD00109,CRS014,1,73,100,2025-12-27,41,True
ASS0004961,STU00242,MOD00110,CRS014,1,38,100,2026-01-10,31,True
ASS0004962,STU00242,MOD00110,CRS014,2,72,100,2026-01-11,40,False
ASS0004963,STU00242,MOD00112,CRS014,1,47,100,2026-01-29,45,True
ASS0004964,STU00242,MOD00112,CRS014,2,79,100,2026-01-30,53,True
ASS0004965,STU00242,MOD00082,CRS011,1,32,100,2025-09-02,47,True
ASS0004966,STU00242,MOD00082,CRS011,2,66,100,2025-09-02,34,False
ASS0004967,STU00242,MOD00085,CRS011,1,44,100,2025-09-19,24,True
ASS0004968,STU00242,MOD00085,CRS011,2,53,100,2025-09-18,55,True
ASS0004969,STU00242,MOD00088,CRS011,1,90,100,2025-08-05,41,True
ASS0004970,STU00242,MOD00088,CRS011,2,93,100,2025-08-07,37,True
ASS0004971,STU00242,MOD00010,CRS002,1,61,100,2025-11-22,10,True
ASS0004972,STU00242,MOD00010,CRS002,2,77,100,2025-11-24,53,True
ASS0004973,STU00242,MOD00010,CRS002,3,74,100,2025-11-24,19,True
ASS0004974,STU00242,MOD00011,CRS002,1,59,100,2025-11-01,13,False
ASS0004975,STU00242,MOD00011,CRS002,2,76,100,2025-11-03,58,False
ASS0004976,STU00242,MOD00011,CRS002,3,56,100,2025-11-06,37,True
ASS0004977,STU00242,MOD00012,CRS002,1,33,100,2025-11-30,59,True
ASS0004978,STU00242,MOD00012,CRS002,2,39,100,2025-11-29,53,True
ASS0004979,STU00242,MOD00012,CRS002,3,82,100,2025-11-28,46,True
ASS0004980,STU00242,MOD00013,CRS002,1,87,100,2025-12-31,11,False
ASS0004981,STU00242,MOD00013,CRS002,2,79,100,2025-12-31,44,False
ASS0004982,STU00242,MOD00013,CRS002,3,68,100,2025-12-31,29,True
ASS0004983,STU00242,MOD00014,CRS002,1,68,100,2025-12-24,34,True
ASS0004984,STU00242,MOD00014,CRS002,2,90,100,2025-12-24,26,False
ASS0004985,STU00242,MOD00014,CRS002,3,94,100,2025-12-26,21,True
ASS0004986,STU00243,MOD00057,CRS008,1,41,100,2025-12-01,48,True
ASS0004987,STU00243,MOD00057,CRS008,2,33,100,2025-11-29,59,True
ASS0004988,STU00243,MOD00057,CRS008,3,55,100,2025-12-01,60,True
ASS0004989,STU00243,MOD00058,CRS008,1,100,100,2026-01-17,17,True
ASS0004990,STU00243,MOD00060,CRS008,1,40,100,2026-01-03,59,True
ASS0004991,STU00243,MOD00060,CRS008,2,50,100,2026-01-07,54,False
ASS0004992,STU00243,MOD00060,CRS008,3,85,100,2026-01-05,37,True
ASS0004993,STU00243,MOD00061,CRS008,1,84,100,2026-02-21,23,True
ASS0004994,STU00243,MOD00061,CRS008,2,67,100,2026-02-19,40,True
ASS0004995,STU00243,MOD00061,CRS008,3,77,100,2026-02-17,39,True
ASS0004996,STU00243,MOD00064,CRS008,1,53,100,2025-12-18,28,True
ASS0004997,STU00243,MOD00064,CRS008,2,86,100,2025-12-18,35,True
ASS0004998,STU00243,MOD00064,CRS008,3,78,100,2025-12-18,40,True
ASS0004999,STU00243,MOD00089,CRS012,1,63,100,2025-11-28,31,True
ASS0005000,STU00243,MOD00089,CRS012,2,76,100,2025-11-27,17,False
ASS0005001,STU00243,MOD00089,CRS012,3,99,100,2025-11-26,49,True
ASS0005002,STU00243,MOD00092,CRS012,1,38,100,2026-01-05,55,True
ASS0005003,STU00243,MOD00092,CRS012,2,87,100,2026-01-07,43,True
ASS0005004,STU00243,MOD00092,CRS012,3,78,100,2026-01-07,37,True
ASS0005005,STU00243,MOD00138,CRS018,1,80,100,2026-03-05,44,True
ASS0005006,STU00243,MOD00140,CRS018,1,90,100,2026-02-26,19,True
ASS0005007,STU00243,MOD00140,CRS018,2,76,100,2026-02-26,56,True
ASS0005008,STU00243,MOD00141,CRS018,1,74,100,2026-03-28,43,False
ASS0005009,STU00243,MOD00143,CRS018,1,76,100,2026-04-24,31,True
ASS0005010,STU00243,MOD00144,CRS018,1,69,100,2026-04-29,35,True
ASS0005011,STU00243,MOD00144,CRS018,2,33,100,2026-04-27,54,True
ASS0005012,STU00243,MOD00144,CRS018,3,58,100,2026-04-30,54,True
ASS0005013,STU00243,MOD00049,CRS007,1,93,100,2025-06-02,19,True
ASS0005014,STU00243,MOD00050,CRS007,1,80,100,2025-06-08,50,True
ASS0005015,STU00245,MOD00026,CRS004,1,75,100,2026-03-04,36,True
ASS0005016,STU00245,MOD00026,CRS004,2,97,100,2026-03-06,15,True
ASS0005017,STU00245,MOD00029,CRS004,1,99,100,2025-12-09,27,True
ASS0005018,STU00245,MOD00030,CRS004,1,88,100,2025-12-29,16,True
ASS0005019,STU00245,MOD00030,CRS004,2,38,100,2026-01-02,53,False
ASS0005020,STU00245,MOD00030,CRS004,3,68,100,2025-12-29,53,False
ASS0005021,STU00245,MOD00031,CRS004,1,40,100,2026-01-03,32,True
ASS0005022,STU00245,MOD00031,CRS004,2,59,100,2026-01-01,26,True
ASS0005023,STU00245,MOD00101,CRS013,1,77,100,2025-09-29,17,True
ASS0005024,STU00245,MOD00101,CRS013,2,64,100,2025-10-02,23,True
ASS0005025,STU00245,MOD00104,CRS013,1,72,100,2025-10-03,13,True
ASS0005026,STU00245,MOD00009,CRS002,1,54,100,2026-03-19,48,True
ASS0005027,STU00245,MOD00009,CRS002,2,67,100,2026-03-23,12,True
ASS0005028,STU00245,MOD00009,CRS002,3,54,100,2026-03-24,22,True
ASS0005029,STU00245,MOD00012,CRS002,1,79,100,2026-02-25,33,True
ASS0005030,STU00245,MOD00012,CRS002,2,49,100,2026-02-21,59,True
ASS0005031,STU00245,MOD00012,CRS002,3,92,100,2026-02-24,55,True
ASS0005032,STU00245,MOD00013,CRS002,1,68,100,2026-03-28,28,False
ASS0005033,STU00245,MOD00106,CRS014,1,45,100,2026-03-03,18,True
ASS0005034,STU00245,MOD00106,CRS014,2,33,100,2026-03-02,10,True
ASS0005035,STU00245,MOD00106,CRS014,3,80,100,2026-02-28,56,True
ASS0005036,STU00245,MOD00107,CRS014,1,67,100,2026-01-25,40,True
ASS0005037,STU00245,MOD00108,CRS014,1,39,100,2026-01-26,35,True
ASS0005038,STU00245,MOD00108,CRS014,2,56,100,2026-01-24,51,False
ASS0005039,STU00245,MOD00109,CRS014,1,99,100,2026-02-06,29,True
ASS0005040,STU00245,MOD00110,CRS014,1,64,100,2026-03-09,14,True
ASS0005041,STU00245,MOD00070,CRS009,1,59,100,2026-05-09,55,True
ASS0005042,STU00245,MOD00070,CRS009,2,39,100,2026-05-08,57,False
ASS0005043,STU00245,MOD00070,CRS009,3,93,100,2026-05-13,39,False
ASS0005044,STU00245,MOD00071,CRS009,1,73,100,2026-05-11,28,True
ASS0005045,STU00246,MOD00012,CRS002,1,55,100,2025-10-27,49,False
ASS0005046,STU00246,MOD00012,CRS002,2,36,100,2025-10-26,58,True
ASS0005047,STU00246,MOD00012,CRS002,3,57,100,2025-10-24,20,False
ASS0005048,STU00246,MOD00014,CRS002,1,73,100,2025-10-15,28,False
ASS0005049,STU00246,MOD00014,CRS002,2,40,100,2025-10-16,59,False
ASS0005050,STU00246,MOD00014,CRS002,3,91,100,2025-10-15,27,True
ASS0005051,STU00246,MOD00033,CRS005,1,72,100,2026-03-25,17,False
ASS0005052,STU00246,MOD00034,CRS005,1,82,100,2026-04-11,41,False
ASS0005053,STU00246,MOD00034,CRS005,2,60,100,2026-04-11,36,True
ASS0005054,STU00246,MOD00034,CRS005,3,61,100,2026-04-13,51,True
ASS0005055,STU00246,MOD00036,CRS005,1,84,100,2026-04-29,33,True
ASS0005056,STU00246,MOD00036,CRS005,2,45,100,2026-04-26,45,True
ASS0005057,STU00246,MOD00036,CRS005,3,75,100,2026-04-27,52,True
ASS0005058,STU00246,MOD00039,CRS005,1,72,100,2026-03-21,51,False
ASS0005059,STU00246,MOD00039,CRS005,2,48,100,2026-03-21,34,True
ASS0005060,STU00246,MOD00039,CRS005,3,74,100,2026-03-23,59,True
ASS0005061,STU00247,MOD00073,CRS010,1,89,100,2025-10-09,43,True
ASS0005062,STU00247,MOD00073,CRS010,2,64,100,2025-10-07,58,True
ASS0005063,STU00247,MOD00075,CRS010,1,76,100,2025-10-26,29,True
ASS0005064,STU00247,MOD00075,CRS010,2,40,100,2025-10-25,50,False
ASS0005065,STU00247,MOD00075,CRS010,3,83,100,2025-10-26,14,True
ASS0005066,STU00247,MOD00076,CRS010,1,94,100,2025-10-22,55,True
ASS0005067,STU00247,MOD00077,CRS010,1,72,100,2025-10-29,22,False
ASS0005068,STU00247,MOD00078,CRS010,1,65,100,2025-09-22,15,True
ASS0005069,STU00247,MOD00079,CRS010,1,93,100,2025-09-08,57,False
ASS0005070,STU00247,MOD00080,CRS010,1,76,100,2025-10-17,30,True
ASS0005071,STU00247,MOD00080,CRS010,2,80,100,2025-10-15,60,True
ASS0005072,STU00247,MOD00124,CRS016,1,77,100,2025-09-20,46,False
ASS0005073,STU00247,MOD00124,CRS016,2,47,100,2025-09-21,40,True
ASS0005074,STU00247,MOD00124,CRS016,3,95,100,2025-09-25,11,True
ASS0005075,STU00247,MOD00127,CRS016,1,96,100,2025-10-02,24,True
ASS0005076,STU00247,MOD00138,CRS018,1,68,100,2025-08-23,35,False
ASS0005077,STU00247,MOD00138,CRS018,2,62,100,2025-08-21,55,False
ASS0005078,STU00247,MOD00138,CRS018,3,60,100,2025-08-19,39,True
ASS0005079,STU00247,MOD00139,CRS018,1,33,100,2025-10-10,26,True
ASS0005080,STU00247,MOD00139,CRS018,2,50,100,2025-10-09,23,True
ASS0005081,STU00247,MOD00142,CRS018,1,94,100,2025-10-16,40,True
ASS0005082,STU00247,MOD00089,CRS012,1,83,100,2026-01-26,51,False
ASS0005083,STU00247,MOD00089,CRS012,2,68,100,2026-01-31,34,True
ASS0005084,STU00247,MOD00092,CRS012,1,39,100,2026-03-12,11,False
ASS0005085,STU00247,MOD00092,CRS012,2,52,100,2026-03-13,19,True
ASS0005086,STU00247,MOD00092,CRS012,3,76,100,2026-03-14,32,True
ASS0005087,STU00247,MOD00093,CRS012,1,32,100,2026-02-01,42,True
ASS0005088,STU00247,MOD00093,CRS012,2,71,100,2026-02-05,38,True
ASS0005089,STU00247,MOD00095,CRS012,1,49,100,2025-12-21,14,True
ASS0005090,STU00247,MOD00095,CRS012,2,98,100,2025-12-19,44,False
ASS0005091,STU00247,MOD00096,CRS012,1,64,100,2026-02-05,21,True
ASS0005092,STU00247,MOD00096,CRS012,2,65,100,2026-02-05,32,True
ASS0005093,STU00247,MOD00017,CRS003,1,75,100,2026-02-16,39,True
ASS0005094,STU00247,MOD00019,CRS003,1,84,100,2026-01-26,34,True
ASS0005095,STU00247,MOD00020,CRS003,1,81,100,2025-11-27,49,True
ASS0005096,STU00247,MOD00021,CRS003,1,66,100,2026-02-12,28,True
ASS0005097,STU00247,MOD00021,CRS003,2,43,100,2026-02-08,54,False
ASS0005098,STU00247,MOD00021,CRS003,3,53,100,2026-02-12,35,True
ASS0005099,STU00247,MOD00022,CRS003,1,50,100,2026-02-16,48,True
ASS0005100,STU00247,MOD00023,CRS003,1,82,100,2026-02-07,11,True
ASS0005101,STU00247,MOD00023,CRS003,2,80,100,2026-02-06,17,True
ASS0005102,STU00247,MOD00023,CRS003,3,50,100,2026-02-04,26,True
ASS0005103,STU00248,MOD00042,CRS006,1,62,100,2026-05-27,17,True
ASS0005104,STU00248,MOD00042,CRS006,2,77,100,2026-05-26,13,True
ASS0005105,STU00248,MOD00045,CRS006,1,64,100,2026-04-01,19,False
ASS0005106,STU00248,MOD00047,CRS006,1,88,100,2026-03-28,13,False
ASS0005107,STU00248,MOD00137,CRS018,1,36,100,2026-05-11,27,True
ASS0005108,STU00248,MOD00137,CRS018,2,76,100,2026-05-07,48,False
ASS0005109,STU00248,MOD00137,CRS018,3,57,100,2026-05-06,34,True
ASS0005110,STU00248,MOD00139,CRS018,1,86,100,2026-05-12,46,True
ASS0005111,STU00248,MOD00139,CRS018,2,88,100,2026-05-10,39,True
ASS0005112,STU00248,MOD00140,CRS018,1,89,100,2026-04-30,51,True
ASS0005113,STU00248,MOD00141,CRS018,1,54,100,2026-05-17,35,True
ASS0005114,STU00248,MOD00141,CRS018,2,30,100,2026-05-14,36,True
ASS0005115,STU00248,MOD00141,CRS018,3,57,100,2026-05-19,49,True
ASS0005116,STU00248,MOD00143,CRS018,1,64,100,2026-03-17,43,True
ASS0005117,STU00248,MOD00097,CRS013,1,99,100,2026-03-28,53,True
ASS0005118,STU00248,MOD00100,CRS013,1,70,100,2026-03-31,20,True
ASS0005119,STU00248,MOD00100,CRS013,2,45,100,2026-04-03,23,True
ASS0005120,STU00248,MOD00100,CRS013,3,70,100,2026-04-03,53,True
ASS0005121,STU00248,MOD00101,CRS013,1,79,100,2026-06-03,12,True
ASS0005122,STU00248,MOD00102,CRS013,1,38,100,2026-06-01,30,False
ASS0005123,STU00248,MOD00102,CRS013,2,71,100,2026-06-06,44,True
ASS0005124,STU00248,MOD00102,CRS013,3,84,100,2026-06-03,19,False
ASS0005125,STU00249,MOD00129,CRS017,1,69,100,2025-12-18,33,True
ASS0005126,STU00249,MOD00129,CRS017,2,100,100,2025-12-18,41,True
ASS0005127,STU00249,MOD00130,CRS017,1,90,100,2025-11-20,59,True
ASS0005128,STU00249,MOD00130,CRS017,2,84,100,2025-11-21,40,False
ASS0005129,STU00249,MOD00131,CRS017,1,50,100,2025-12-01,50,True
ASS0005130,STU00249,MOD00132,CRS017,1,43,100,2026-01-15,41,False
ASS0005131,STU00249,MOD00132,CRS017,2,30,100,2026-01-19,35,True
ASS0005132,STU00249,MOD00132,CRS017,3,77,100,2026-01-18,18,True
ASS0005133,STU00249,MOD00133,CRS017,1,57,100,2025-12-01,46,True
ASS0005134,STU00249,MOD00133,CRS017,2,74,100,2025-12-03,38,True
ASS0005135,STU00249,MOD00135,CRS017,1,90,100,2026-01-07,58,True
ASS0005136,STU00249,MOD00135,CRS017,2,45,100,2026-01-08,39,True
ASS0005137,STU00249,MOD00135,CRS017,3,51,100,2026-01-08,57,False
ASS0005138,STU00249,MOD00126,CRS016,1,74,100,2026-04-16,41,True
ASS0005139,STU00249,MOD00126,CRS016,2,30,100,2026-04-21,23,True
ASS0005140,STU00249,MOD00126,CRS016,3,54,100,2026-04-16,29,True
ASS0005141,STU00249,MOD00001,CRS001,1,66,100,2025-10-08,45,True
ASS0005142,STU00249,MOD00002,CRS001,1,55,100,2025-09-14,23,False
ASS0005143,STU00249,MOD00003,CRS001,1,88,100,2025-08-28,10,True
ASS0005144,STU00249,MOD00003,CRS001,2,73,100,2025-08-23,44,True
ASS0005145,STU00249,MOD00004,CRS001,1,72,100,2025-10-02,29,True
ASS0005146,STU00249,MOD00004,CRS001,2,84,100,2025-10-01,51,True
ASS0005147,STU00249,MOD00006,CRS001,1,80,100,2025-09-18,31,True
ASS0005148,STU00249,MOD00006,CRS001,2,75,100,2025-09-19,27,False
ASS0005149,STU00249,MOD00008,CRS001,1,58,100,2025-09-10,29,True
ASS0005150,STU00249,MOD00008,CRS001,2,86,100,2025-09-11,34,False
ASS0005151,STU00249,MOD00008,CRS001,3,56,100,2025-09-10,57,True
ASS0005152,STU00249,MOD00025,CRS004,1,99,100,2025-10-12,40,True
ASS0005153,STU00249,MOD00026,CRS004,1,62,100,2025-09-30,54,True
ASS0005154,STU00249,MOD00026,CRS004,2,68,100,2025-09-28,54,True
ASS0005155,STU00249,MOD00026,CRS004,3,98,100,2025-09-29,51,True
ASS0005156,STU00249,MOD00027,CRS004,1,66,100,2025-09-13,56,True
ASS0005157,STU00249,MOD00030,CRS004,1,42,100,2025-10-19,37,False
ASS0005158,STU00249,MOD00030,CRS004,2,46,100,2025-10-19,21,True
ASS0005159,STU00249,MOD00030,CRS004,3,86,100,2025-10-20,11,True
ASS0005160,STU00249,MOD00031,CRS004,1,81,100,2025-08-24,53,True
ASS0005161,STU00249,MOD00031,CRS004,2,30,100,2025-08-29,49,True
ASS0005162,STU00249,MOD00031,CRS004,3,86,100,2025-08-27,56,True
ASS0005163,STU00250,MOD00085,CRS011,1,62,100,2025-11-07,55,True
ASS0005164,STU00250,MOD00085,CRS011,2,62,100,2025-11-02,28,True
ASS0005165,STU00250,MOD00085,CRS011,3,95,100,2025-11-06,27,True
ASS0005166,STU00251,MOD00097,CRS013,1,61,100,2025-07-04,29,True
ASS0005167,STU00251,MOD00097,CRS013,2,69,100,2025-07-04,21,True
ASS0005168,STU00251,MOD00099,CRS013,1,52,100,2025-05-08,14,True
ASS0005169,STU00251,MOD00099,CRS013,2,90,100,2025-05-12,45,True
ASS0005170,STU00251,MOD00099,CRS013,3,98,100,2025-05-09,31,False
ASS0005171,STU00251,MOD00100,CRS013,1,78,100,2025-07-17,24,True
ASS0005172,STU00251,MOD00100,CRS013,2,76,100,2025-07-17,42,True
ASS0005173,STU00251,MOD00100,CRS013,3,56,100,2025-07-22,37,False
ASS0005174,STU00251,MOD00104,CRS013,1,54,100,2025-06-26,60,True
ASS0005175,STU00251,MOD00104,CRS013,2,38,100,2025-06-30,53,False
ASS0005176,STU00251,MOD00104,CRS013,3,52,100,2025-06-25,39,True
ASS0005177,STU00252,MOD00002,CRS001,1,68,100,2025-10-01,14,True
ASS0005178,STU00252,MOD00002,CRS001,2,61,100,2025-09-26,50,True
ASS0005179,STU00252,MOD00004,CRS001,1,31,100,2025-12-04,58,True
ASS0005180,STU00252,MOD00004,CRS001,2,68,100,2025-12-09,60,True
ASS0005181,STU00252,MOD00008,CRS001,1,39,100,2025-12-03,27,True
ASS0005182,STU00252,MOD00008,CRS001,2,43,100,2025-12-04,21,True
ASS0005183,STU00252,MOD00008,CRS001,3,89,100,2025-12-02,42,True
ASS0005184,STU00252,MOD00130,CRS017,1,53,100,2025-12-10,38,True
ASS0005185,STU00252,MOD00130,CRS017,2,68,100,2025-12-11,48,True
ASS0005186,STU00252,MOD00130,CRS017,3,67,100,2025-12-11,50,True
ASS0005187,STU00252,MOD00131,CRS017,1,84,100,2025-12-05,32,False
ASS0005188,STU00252,MOD00132,CRS017,1,92,100,2025-11-25,20,True
ASS0005189,STU00252,MOD00133,CRS017,1,80,100,2025-11-29,49,False
ASS0005190,STU00252,MOD00133,CRS017,2,67,100,2025-11-28,58,True
ASS0005191,STU00252,MOD00134,CRS017,1,43,100,2026-01-01,33,True
ASS0005192,STU00252,MOD00134,CRS017,2,70,100,2026-01-02,48,False
ASS0005193,STU00252,MOD00135,CRS017,1,40,100,2025-12-03,40,False
ASS0005194,STU00252,MOD00135,CRS017,2,65,100,2025-11-30,54,True
ASS0005195,STU00252,MOD00089,CRS012,1,65,100,2025-08-10,48,True
ASS0005196,STU00252,MOD00089,CRS012,2,43,100,2025-08-11,22,True
ASS0005197,STU00252,MOD00089,CRS012,3,64,100,2025-08-14,16,True
ASS0005198,STU00252,MOD00090,CRS012,1,41,100,2025-08-22,40,True
ASS0005199,STU00252,MOD00090,CRS012,2,59,100,2025-08-23,55,True
ASS0005200,STU00252,MOD00090,CRS012,3,100,100,2025-08-25,17,True
ASS0005201,STU00252,MOD00091,CRS012,1,47,100,2025-09-27,41,True
ASS0005202,STU00252,MOD00091,CRS012,2,87,100,2025-10-01,32,False
ASS0005203,STU00252,MOD00092,CRS012,1,36,100,2025-09-13,28,True
ASS0005204,STU00252,MOD00092,CRS012,2,33,100,2025-09-13,11,False
ASS0005205,STU00252,MOD00092,CRS012,3,60,100,2025-09-15,30,True
ASS0005206,STU00252,MOD00094,CRS012,1,62,100,2025-10-16,30,True
ASS0005207,STU00252,MOD00094,CRS012,2,62,100,2025-10-17,23,False
ASS0005208,STU00252,MOD00095,CRS012,1,60,100,2025-10-22,24,True
ASS0005209,STU00252,MOD00096,CRS012,1,90,100,2025-08-08,29,False
ASS0005210,STU00253,MOD00050,CRS007,1,70,100,2025-08-12,22,True
ASS0005211,STU00253,MOD00050,CRS007,2,93,100,2025-08-11,59,True
ASS0005212,STU00253,MOD00054,CRS007,1,56,100,2025-08-03,27,True
ASS0005213,STU00253,MOD00056,CRS007,1,59,100,2025-07-16,56,True
ASS0005214,STU00253,MOD00056,CRS007,2,72,100,2025-07-20,55,True
ASS0005215,STU00253,MOD00056,CRS007,3,52,100,2025-07-16,56,True
ASS0005216,STU00253,MOD00082,CRS011,1,81,100,2026-03-20,49,True
ASS0005217,STU00253,MOD00084,CRS011,1,52,100,2025-12-24,30,False
ASS0005218,STU00253,MOD00084,CRS011,2,51,100,2025-12-27,55,True
ASS0005219,STU00253,MOD00088,CRS011,1,34,100,2026-03-19,28,True
ASS0005220,STU00253,MOD00088,CRS011,2,50,100,2026-03-22,44,False
ASS0005221,STU00253,MOD00088,CRS011,3,86,100,2026-03-19,23,True
ASS0005222,STU00254,MOD00139,CRS018,1,51,100,2026-01-12,14,True
ASS0005223,STU00254,MOD00141,CRS018,1,93,100,2026-01-06,11,False
ASS0005224,STU00254,MOD00142,CRS018,1,81,100,2025-11-22,38,True
ASS0005225,STU00254,MOD00142,CRS018,2,68,100,2025-11-18,55,True
ASS0005226,STU00254,MOD00142,CRS018,3,86,100,2025-11-20,11,True
ASS0005227,STU00254,MOD00001,CRS001,1,70,100,2025-10-30,12,False
ASS0005228,STU00254,MOD00001,CRS001,2,75,100,2025-11-03,18,True
ASS0005229,STU00254,MOD00002,CRS001,1,54,100,2025-11-09,41,True
ASS0005230,STU00254,MOD00003,CRS001,1,34,100,2025-11-16,53,True
ASS0005231,STU00254,MOD00003,CRS001,2,81,100,2025-11-15,51,True
ASS0005232,STU00254,MOD00003,CRS001,3,52,100,2025-11-15,21,True
ASS0005233,STU00254,MOD00004,CRS001,1,80,100,2025-12-01,36,False
ASS0005234,STU00254,MOD00004,CRS001,2,74,100,2025-11-30,51,True
ASS0005235,STU00254,MOD00004,CRS001,3,81,100,2025-12-02,39,True
ASS0005236,STU00254,MOD00005,CRS001,1,31,100,2025-12-31,37,False
ASS0005237,STU00254,MOD00005,CRS001,2,76,100,2026-01-01,41,True
ASS0005238,STU00254,MOD00005,CRS001,3,74,100,2026-01-01,18,True
ASS0005239,STU00254,MOD00006,CRS001,1,86,100,2025-12-11,25,False
ASS0005240,STU00254,MOD00008,CRS001,1,36,100,2026-01-16,56,True
ASS0005241,STU00254,MOD00008,CRS001,2,67,100,2026-01-13,20,False
ASS0005242,STU00254,MOD00008,CRS001,3,55,100,2026-01-13,55,True
ASS0005243,STU00254,MOD00023,CRS003,1,58,100,2026-03-18,17,True
ASS0005244,STU00254,MOD00023,CRS003,2,90,100,2026-03-17,53,True
ASS0005245,STU00254,MOD00023,CRS003,3,93,100,2026-03-16,27,True
ASS0005246,STU00254,MOD00049,CRS007,1,75,100,2025-11-24,36,False
ASS0005247,STU00254,MOD00050,CRS007,1,81,100,2025-12-26,25,True
ASS0005248,STU00254,MOD00051,CRS007,1,84,100,2026-01-22,28,True
ASS0005249,STU00254,MOD00055,CRS007,1,63,100,2026-02-15,24,False
ASS0005250,STU00254,MOD00055,CRS007,2,70,100,2026-02-12,12,False
ASS0005251,STU00254,MOD00130,CRS017,1,59,100,2025-08-06,28,True
ASS0005252,STU00254,MOD00130,CRS017,2,66,100,2025-08-10,48,True
ASS0005253,STU00254,MOD00130,CRS017,3,57,100,2025-08-07,16,True
ASS0005254,STU00254,MOD00131,CRS017,1,54,100,2025-07-21,27,True
ASS0005255,STU00254,MOD00131,CRS017,2,67,100,2025-07-21,44,False
ASS0005256,STU00254,MOD00131,CRS017,3,76,100,2025-07-22,13,True
ASS0005257,STU00254,MOD00134,CRS017,1,50,100,2025-07-26,57,True
ASS0005258,STU00254,MOD00134,CRS017,2,61,100,2025-07-23,31,True
ASS0005259,STU00254,MOD00134,CRS017,3,90,100,2025-07-24,13,True
ASS0005260,STU00254,MOD00135,CRS017,1,72,100,2025-05-28,48,True
ASS0005261,STU00254,MOD00136,CRS017,1,90,100,2025-07-30,55,True
ASS0005262,STU00255,MOD00019,CRS003,1,59,100,2026-03-31,36,True
ASS0005263,STU00255,MOD00020,CRS003,1,41,100,2026-03-20,10,True
ASS0005264,STU00255,MOD00020,CRS003,2,43,100,2026-03-17,28,True
ASS0005265,STU00255,MOD00020,CRS003,3,100,100,2026-03-20,45,False
ASS0005266,STU00255,MOD00021,CRS003,1,66,100,2026-04-01,39,True
ASS0005267,STU00255,MOD00034,CRS005,1,82,100,2025-12-25,30,False
ASS0005268,STU00255,MOD00034,CRS005,2,64,100,2025-12-27,34,True
ASS0005269,STU00255,MOD00035,CRS005,1,52,100,2026-01-01,45,False
ASS0005270,STU00255,MOD00036,CRS005,1,57,100,2026-01-24,36,True
ASS0005271,STU00255,MOD00039,CRS005,1,98,100,2025-12-12,60,True
ASS0005272,STU00255,MOD00040,CRS005,1,93,100,2025-12-23,33,True
ASS0005273,STU00255,MOD00001,CRS001,1,34,100,2026-04-10,13,True
ASS0005274,STU00255,MOD00001,CRS001,2,98,100,2026-04-06,47,True
ASS0005275,STU00255,MOD00002,CRS001,1,82,100,2026-04-20,48,True
ASS0005276,STU00255,MOD00002,CRS001,2,61,100,2026-04-16,36,True
ASS0005277,STU00255,MOD00007,CRS001,1,69,100,2026-05-26,58,True
ASS0005278,STU00255,MOD00007,CRS001,2,31,100,2026-05-26,11,True
ASS0005279,STU00255,MOD00007,CRS001,3,68,100,2026-05-27,34,True
ASS0005280,STU00255,MOD00113,CRS015,1,72,100,2026-02-16,31,False
ASS0005281,STU00255,MOD00117,CRS015,1,87,100,2025-12-30,19,False
ASS0005282,STU00255,MOD00117,CRS015,2,75,100,2025-12-28,16,True
ASS0005283,STU00255,MOD00120,CRS015,1,78,100,2025-12-01,32,True
ASS0005284,STU00255,MOD00120,CRS015,2,100,100,2025-12-02,17,True
ASS0005285,STU00256,MOD00017,CRS003,1,76,100,2026-06-17,26,True
ASS0005286,STU00256,MOD00017,CRS003,2,46,100,2026-06-13,13,True
ASS0005287,STU00256,MOD00017,CRS003,3,70,100,2026-06-15,56,True
ASS0005288,STU00256,MOD00018,CRS003,1,77,100,2026-04-16,48,False
ASS0005289,STU00256,MOD00018,CRS003,2,49,100,2026-04-17,51,True
ASS0005290,STU00256,MOD00018,CRS003,3,82,100,2026-04-13,34,True
ASS0005291,STU00256,MOD00020,CRS003,1,34,100,2026-05-30,16,True
ASS0005292,STU00256,MOD00020,CRS003,2,78,100,2026-06-04,10,True
ASS0005293,STU00256,MOD00022,CRS003,1,69,100,2026-04-11,48,False
ASS0005294,STU00256,MOD00022,CRS003,2,50,100,2026-04-12,15,True
ASS0005295,STU00256,MOD00023,CRS003,1,59,100,2026-03-24,22,False
ASS0005296,STU00256,MOD00057,CRS008,1,53,100,2026-05-30,39,True
ASS0005297,STU00256,MOD00057,CRS008,2,70,100,2026-06-01,17,True
ASS0005298,STU00256,MOD00058,CRS008,1,73,100,2026-06-18,20,True
ASS0005299,STU00256,MOD00059,CRS008,1,76,100,2026-05-23,29,True
ASS0005300,STU00256,MOD00059,CRS008,2,72,100,2026-05-25,38,True
ASS0005301,STU00256,MOD00060,CRS008,1,49,100,2026-05-14,43,True
ASS0005302,STU00256,MOD00060,CRS008,2,86,100,2026-05-17,30,True
ASS0005303,STU00256,MOD00062,CRS008,1,69,100,2026-04-30,49,True
ASS0005304,STU00256,MOD00062,CRS008,2,87,100,2026-04-28,41,True
ASS0005305,STU00257,MOD00106,CRS014,1,87,100,2025-08-13,17,True
ASS0005306,STU00257,MOD00106,CRS014,2,38,100,2025-08-16,55,True
ASS0005307,STU00257,MOD00106,CRS014,3,51,100,2025-08-15,57,True
ASS0005308,STU00257,MOD00108,CRS014,1,60,100,2025-07-30,20,False
ASS0005309,STU00257,MOD00109,CRS014,1,99,100,2025-10-13,57,True
ASS0005310,STU00257,MOD00110,CRS014,1,30,100,2025-08-28,16,True
ASS0005311,STU00257,MOD00110,CRS014,2,70,100,2025-08-27,25,True
ASS0005312,STU00257,MOD00111,CRS014,1,58,100,2025-09-01,16,True
ASS0005313,STU00257,MOD00082,CRS011,1,38,100,2026-01-18,12,True
ASS0005314,STU00257,MOD00082,CRS011,2,98,100,2026-01-23,41,True
ASS0005315,STU00257,MOD00002,CRS001,1,95,100,2025-09-05,30,True
ASS0005316,STU00257,MOD00003,CRS001,1,48,100,2025-10-10,10,True
ASS0005317,STU00257,MOD00003,CRS001,2,34,100,2025-10-06,42,True
ASS0005318,STU00257,MOD00003,CRS001,3,76,100,2025-10-08,10,True
ASS0005319,STU00257,MOD00005,CRS001,1,65,100,2025-10-27,31,False
ASS0005320,STU00257,MOD00006,CRS001,1,47,100,2025-08-27,13,True
ASS0005321,STU00257,MOD00006,CRS001,2,43,100,2025-08-30,24,False
ASS0005322,STU00257,MOD00006,CRS001,3,65,100,2025-08-27,22,True
ASS0005323,STU00257,MOD00008,CRS001,1,32,100,2025-10-05,54,True
ASS0005324,STU00257,MOD00008,CRS001,2,39,100,2025-10-02,58,False
ASS0005325,STU00257,MOD00008,CRS001,3,93,100,2025-10-04,22,False
ASS0005326,STU00257,MOD00097,CRS013,1,73,100,2025-11-10,58,True
ASS0005327,STU00257,MOD00099,CRS013,1,61,100,2025-12-21,53,True
ASS0005328,STU00257,MOD00099,CRS013,2,65,100,2025-12-20,37,True
ASS0005329,STU00257,MOD00101,CRS013,1,38,100,2025-11-16,24,False
ASS0005330,STU00257,MOD00101,CRS013,2,80,100,2025-11-19,55,True
ASS0005331,STU00257,MOD00101,CRS013,3,54,100,2025-11-15,13,True
ASS0005332,STU00257,MOD00102,CRS013,1,100,100,2025-12-16,23,True
ASS0005333,STU00258,MOD00010,CRS002,1,81,100,2026-05-11,58,True
ASS0005334,STU00258,MOD00010,CRS002,2,67,100,2026-05-14,35,True
ASS0005335,STU00258,MOD00015,CRS002,1,89,100,2026-06-16,10,True
ASS0005336,STU00258,MOD00015,CRS002,2,52,100,2026-06-16,58,True
ASS0005337,STU00258,MOD00015,CRS002,3,72,100,2026-06-16,14,True
ASS0005338,STU00258,MOD00016,CRS002,1,55,100,2026-07-07,43,True
ASS0005339,STU00258,MOD00016,CRS002,2,89,100,2026-07-10,21,True
ASS0005340,STU00258,MOD00016,CRS002,3,87,100,2026-07-11,54,True
ASS0005341,STU00258,MOD00017,CRS003,1,60,100,2025-11-13,50,False
ASS0005342,STU00258,MOD00019,CRS003,1,34,100,2025-09-04,15,True
ASS0005343,STU00258,MOD00019,CRS003,2,60,100,2025-09-03,11,False
ASS0005344,STU00258,MOD00019,CRS003,3,86,100,2025-09-03,43,True
ASS0005345,STU00258,MOD00020,CRS003,1,59,100,2025-11-01,60,False
ASS0005346,STU00258,MOD00020,CRS003,2,79,100,2025-11-02,31,True
ASS0005347,STU00258,MOD00021,CRS003,1,63,100,2025-10-22,50,True
ASS0005348,STU00258,MOD00021,CRS003,2,78,100,2025-10-21,37,False
ASS0005349,STU00258,MOD00093,CRS012,1,55,100,2025-06-11,38,True
ASS0005350,STU00258,MOD00094,CRS012,1,77,100,2025-08-08,28,True
ASS0005351,STU00258,MOD00094,CRS012,2,46,100,2025-08-11,16,True
ASS0005352,STU00258,MOD00094,CRS012,3,74,100,2025-08-11,38,True
ASS0005353,STU00258,MOD00095,CRS012,1,80,100,2025-06-25,48,True
ASS0005354,STU00258,MOD00096,CRS012,1,68,100,2025-06-21,14,True
ASS0005355,STU00258,MOD00131,CRS017,1,84,100,2025-11-29,42,False
ASS0005356,STU00258,MOD00133,CRS017,1,61,100,2025-11-08,53,True
ASS0005357,STU00258,MOD00135,CRS017,1,62,100,2025-11-29,52,True
ASS0005358,STU00258,MOD00135,CRS017,2,70,100,2025-11-28,22,True
ASS0005359,STU00258,MOD00136,CRS017,1,74,100,2026-01-23,12,True
ASS0005360,STU00258,MOD00029,CRS004,1,94,100,2025-12-12,29,True
ASS0005361,STU00259,MOD00097,CRS013,1,35,100,2026-01-23,16,False
ASS0005362,STU00259,MOD00097,CRS013,2,46,100,2026-01-21,56,True
ASS0005363,STU00259,MOD00097,CRS013,3,59,100,2026-01-21,29,False
ASS0005364,STU00259,MOD00098,CRS013,1,46,100,2026-02-18,37,True
ASS0005365,STU00259,MOD00098,CRS013,2,50,100,2026-02-18,60,True
ASS0005366,STU00259,MOD00098,CRS013,3,54,100,2026-02-15,21,True
ASS0005367,STU00259,MOD00099,CRS013,1,65,100,2026-02-24,21,True
ASS0005368,STU00259,MOD00100,CRS013,1,36,100,2025-12-29,58,True
ASS0005369,STU00259,MOD00100,CRS013,2,66,100,2025-12-27,21,True
ASS0005370,STU00259,MOD00102,CRS013,1,38,100,2026-02-14,59,True
ASS0005371,STU00259,MOD00102,CRS013,2,42,100,2026-02-14,12,True
ASS0005372,STU00259,MOD00102,CRS013,3,52,100,2026-02-13,32,False
ASS0005373,STU00259,MOD00103,CRS013,1,63,100,2025-12-13,48,False
ASS0005374,STU00259,MOD00005,CRS001,1,81,100,2025-10-13,19,False
ASS0005375,STU00259,MOD00005,CRS001,2,58,100,2025-10-09,37,False
ASS0005376,STU00259,MOD00005,CRS001,3,72,100,2025-10-10,26,True
ASS0005377,STU00259,MOD00006,CRS001,1,72,100,2026-01-01,15,False
ASS0005378,STU00259,MOD00121,CRS016,1,78,100,2025-08-05,54,True
ASS0005379,STU00259,MOD00121,CRS016,2,89,100,2025-08-07,20,True
ASS0005380,STU00259,MOD00121,CRS016,3,57,100,2025-08-04,31,True
ASS0005381,STU00259,MOD00123,CRS016,1,55,100,2025-08-16,58,True
ASS0005382,STU00259,MOD00125,CRS016,1,89,100,2025-08-09,32,True
ASS0005383,STU00259,MOD00126,CRS016,1,62,100,2025-06-17,11,True
ASS0005384,STU00259,MOD00127,CRS016,1,84,100,2025-08-06,56,True
ASS0005385,STU00259,MOD00127,CRS016,2,55,100,2025-08-04,44,True
ASS0005386,STU00259,MOD00041,CRS006,1,44,100,2025-12-20,19,True
ASS0005387,STU00259,MOD00041,CRS006,2,99,100,2025-12-20,51,True
ASS0005388,STU00259,MOD00042,CRS006,1,84,100,2025-11-19,16,True
ASS0005389,STU00259,MOD00042,CRS006,2,59,100,2025-11-23,17,True
ASS0005390,STU00259,MOD00042,CRS006,3,96,100,2025-11-20,59,True
ASS0005391,STU00259,MOD00043,CRS006,1,87,100,2026-01-13,37,True
ASS0005392,STU00259,MOD00044,CRS006,1,82,100,2026-01-21,51,True
ASS0005393,STU00259,MOD00045,CRS006,1,65,100,2025-12-03,17,True
ASS0005394,STU00259,MOD00045,CRS006,2,59,100,2025-12-02,14,True
ASS0005395,STU00259,MOD00046,CRS006,1,89,100,2026-02-12,59,True
ASS0005396,STU00259,MOD00046,CRS006,2,73,100,2026-02-13,35,True
ASS0005397,STU00259,MOD00046,CRS006,3,59,100,2026-02-14,54,True
ASS0005398,STU00259,MOD00048,CRS006,1,40,100,2025-12-15,49,False
ASS0005399,STU00259,MOD00048,CRS006,2,91,100,2025-12-20,24,True
ASS0005400,STU00260,MOD00073,CRS010,1,75,100,2026-01-07,12,False
ASS0005401,STU00260,MOD00074,CRS010,1,35,100,2026-03-17,16,False
ASS0005402,STU00260,MOD00074,CRS010,2,61,100,2026-03-17,29,False
ASS0005403,STU00260,MOD00074,CRS010,3,68,100,2026-03-12,41,True
ASS0005404,STU00260,MOD00033,CRS005,1,72,100,2026-06-15,24,True
ASS0005405,STU00260,MOD00033,CRS005,2,49,100,2026-06-14,13,True
ASS0005406,STU00260,MOD00033,CRS005,3,58,100,2026-06-18,56,True
ASS0005407,STU00260,MOD00034,CRS005,1,76,100,2026-05-12,18,False
ASS0005408,STU00260,MOD00034,CRS005,2,81,100,2026-05-11,46,True
ASS0005409,STU00260,MOD00037,CRS005,1,90,100,2026-06-20,36,True
ASS0005410,STU00260,MOD00038,CRS005,1,57,100,2026-06-14,18,True
ASS0005411,STU00260,MOD00039,CRS005,1,62,100,2026-04-19,13,True
ASS0005412,STU00260,MOD00039,CRS005,2,80,100,2026-04-19,47,True
ASS0005413,STU00260,MOD00040,CRS005,1,88,100,2026-05-10,37,True
ASS0005414,STU00260,MOD00040,CRS005,2,85,100,2026-05-08,26,False
ASS0005415,STU00260,MOD00040,CRS005,3,93,100,2026-05-10,34,False
ASS0005416,STU00260,MOD00153,CRS020,1,47,100,2025-06-29,31,True
ASS0005417,STU00260,MOD00153,CRS020,2,93,100,2025-06-28,58,True
ASS0005418,STU00260,MOD00155,CRS020,1,71,100,2025-04-18,60,True
ASS0005419,STU00260,MOD00155,CRS020,2,81,100,2025-04-18,27,True
ASS0005420,STU00260,MOD00155,CRS020,3,58,100,2025-04-18,31,False
ASS0005421,STU00260,MOD00158,CRS020,1,76,100,2025-05-10,57,True
ASS0005422,STU00260,MOD00158,CRS020,2,82,100,2025-05-11,28,True
ASS0005423,STU00260,MOD00160,CRS020,1,82,100,2025-06-15,45,True
ASS0005424,STU00260,MOD00090,CRS012,1,50,100,2025-05-30,21,True
ASS0005425,STU00260,MOD00090,CRS012,2,71,100,2025-05-29,41,True
ASS0005426,STU00260,MOD00092,CRS012,1,90,100,2025-06-10,25,False
ASS0005427,STU00260,MOD00092,CRS012,2,71,100,2025-06-11,21,True
ASS0005428,STU00260,MOD00001,CRS001,1,35,100,2025-12-16,39,True
ASS0005429,STU00260,MOD00001,CRS001,2,63,100,2025-12-20,15,False
ASS0005430,STU00260,MOD00002,CRS001,1,74,100,2026-02-20,16,True
ASS0005431,STU00260,MOD00004,CRS001,1,63,100,2025-12-02,11,True
ASS0005432,STU00260,MOD00004,CRS001,2,63,100,2025-12-02,30,True
ASS0005433,STU00260,MOD00005,CRS001,1,51,100,2025-12-24,57,True
ASS0005434,STU00260,MOD00005,CRS001,2,67,100,2025-12-24,41,False
ASS0005435,STU00260,MOD00005,CRS001,3,50,100,2025-12-25,33,True
ASS0005436,STU00260,MOD00006,CRS001,1,62,100,2026-02-16,45,True
ASS0005437,STU00260,MOD00006,CRS001,2,77,100,2026-02-16,25,True
ASS0005438,STU00260,MOD00008,CRS001,1,69,100,2026-01-28,23,True
ASS0005439,STU00261,MOD00139,CRS018,1,41,100,2025-06-04,43,True
ASS0005440,STU00261,MOD00139,CRS018,2,60,100,2025-06-08,11,True
ASS0005441,STU00261,MOD00139,CRS018,3,58,100,2025-06-06,15,True
ASS0005442,STU00261,MOD00141,CRS018,1,75,100,2025-06-11,40,True
ASS0005443,STU00261,MOD00142,CRS018,1,64,100,2025-08-06,17,True
ASS0005444,STU00261,MOD00142,CRS018,2,61,100,2025-08-09,14,True
ASS0005445,STU00261,MOD00143,CRS018,1,30,100,2025-07-25,45,True
ASS0005446,STU00261,MOD00143,CRS018,2,96,100,2025-07-26,39,True
ASS0005447,STU00261,MOD00144,CRS018,1,76,100,2025-06-15,32,True
ASS0005448,STU00261,MOD00023,CRS003,1,59,100,2026-05-19,20,False
ASS0005449,STU00261,MOD00023,CRS003,2,99,100,2026-05-14,34,False
ASS0005450,STU00261,MOD00074,CRS010,1,53,100,2026-03-05,50,True
ASS0005451,STU00261,MOD00074,CRS010,2,65,100,2026-03-03,21,False
ASS0005452,STU00261,MOD00075,CRS010,1,76,100,2026-03-06,17,True
ASS0005453,STU00261,MOD00049,CRS007,1,69,100,2026-06-10,37,True
ASS0005454,STU00261,MOD00049,CRS007,2,69,100,2026-06-09,19,True
ASS0005455,STU00261,MOD00049,CRS007,3,94,100,2026-06-06,40,True
ASS0005456,STU00261,MOD00051,CRS007,1,81,100,2026-07-03,10,True
ASS0005457,STU00261,MOD00051,CRS007,2,95,100,2026-07-06,24,True
ASS0005458,STU00261,MOD00054,CRS007,1,40,100,2026-06-23,30,True
ASS0005459,STU00261,MOD00054,CRS007,2,90,100,2026-06-22,53,True
ASS0005460,STU00261,MOD00090,CRS012,1,57,100,2025-10-10,45,True
ASS0005461,STU00261,MOD00090,CRS012,2,72,100,2025-10-06,43,True
ASS0005462,STU00261,MOD00090,CRS012,3,75,100,2025-10-11,38,True
ASS0005463,STU00261,MOD00092,CRS012,1,34,100,2025-09-29,57,True
ASS0005464,STU00261,MOD00092,CRS012,2,63,100,2025-10-02,30,True
ASS0005465,STU00261,MOD00092,CRS012,3,70,100,2025-09-29,16,True
ASS0005466,STU00262,MOD00027,CRS004,1,57,100,2025-11-30,13,True
ASS0005467,STU00262,MOD00027,CRS004,2,72,100,2025-12-03,40,True
ASS0005468,STU00262,MOD00027,CRS004,3,70,100,2025-12-05,50,False
ASS0005469,STU00262,MOD00032,CRS004,1,41,100,2026-01-29,60,False
ASS0005470,STU00262,MOD00032,CRS004,2,70,100,2026-01-27,26,True
ASS0005471,STU00262,MOD00042,CRS006,1,63,100,2025-07-31,47,True
ASS0005472,STU00262,MOD00042,CRS006,2,62,100,2025-08-03,60,True
ASS0005473,STU00262,MOD00044,CRS006,1,35,100,2025-08-22,37,True
ASS0005474,STU00262,MOD00044,CRS006,2,100,100,2025-08-20,33,True
ASS0005475,STU00262,MOD00045,CRS006,1,82,100,2025-08-20,47,True
ASS0005476,STU00262,MOD00045,CRS006,2,80,100,2025-08-20,11,True
ASS0005477,STU00262,MOD00045,CRS006,3,97,100,2025-08-20,57,True
ASS0005478,STU00262,MOD00047,CRS006,1,39,100,2025-07-06,49,True
ASS0005479,STU00262,MOD00047,CRS006,2,59,100,2025-07-05,11,True
ASS0005480,STU00262,MOD00009,CRS002,1,81,100,2025-06-25,57,False
ASS0005481,STU00262,MOD00011,CRS002,1,30,100,2025-09-04,53,True
ASS0005482,STU00262,MOD00011,CRS002,2,100,100,2025-09-01,26,False
ASS0005483,STU00262,MOD00012,CRS002,1,61,100,2025-07-09,44,False
ASS0005484,STU00262,MOD00012,CRS002,2,60,100,2025-07-12,37,False
ASS0005485,STU00262,MOD00012,CRS002,3,82,100,2025-07-09,31,True
ASS0005486,STU00262,MOD00013,CRS002,1,51,100,2025-09-20,27,True
ASS0005487,STU00262,MOD00013,CRS002,2,40,100,2025-09-21,34,True
ASS0005488,STU00262,MOD00013,CRS002,3,60,100,2025-09-16,12,True
ASS0005489,STU00263,MOD00068,CRS009,1,57,100,2026-02-24,43,False
ASS0005490,STU00263,MOD00071,CRS009,1,40,100,2026-02-02,51,True
ASS0005491,STU00263,MOD00071,CRS009,2,50,100,2026-02-05,50,True
ASS0005492,STU00263,MOD00071,CRS009,3,91,100,2026-02-05,18,False
ASS0005493,STU00263,MOD00072,CRS009,1,90,100,2026-04-04,51,False
ASS0005494,STU00263,MOD00072,CRS009,2,37,100,2026-03-30,33,True
ASS0005495,STU00263,MOD00072,CRS009,3,69,100,2026-04-01,25,True
ASS0005496,STU00263,MOD00029,CRS004,1,85,100,2026-02-03,58,True
ASS0005497,STU00264,MOD00034,CRS005,1,66,100,2025-11-20,44,True
ASS0005498,STU00264,MOD00034,CRS005,2,59,100,2025-11-22,36,True
ASS0005499,STU00264,MOD00037,CRS005,1,56,100,2026-01-11,39,False
ASS0005500,STU00264,MOD00057,CRS008,1,69,100,2025-09-07,13,True
ASS0005501,STU00264,MOD00057,CRS008,2,71,100,2025-09-11,22,True
ASS0005502,STU00264,MOD00061,CRS008,1,93,100,2025-10-06,48,True
ASS0005503,STU00264,MOD00026,CRS004,1,74,100,2025-07-05,48,True
ASS0005504,STU00264,MOD00027,CRS004,1,69,100,2025-06-01,60,True
ASS0005505,STU00264,MOD00027,CRS004,2,56,100,2025-05-31,31,False
ASS0005506,STU00264,MOD00027,CRS004,3,66,100,2025-05-31,23,True
ASS0005507,STU00264,MOD00028,CRS004,1,57,100,2025-05-03,46,True
ASS0005508,STU00264,MOD00028,CRS004,2,95,100,2025-04-29,46,False
ASS0005509,STU00264,MOD00030,CRS004,1,49,100,2025-05-10,31,True
ASS0005510,STU00264,MOD00030,CRS004,2,54,100,2025-05-11,12,True
ASS0005511,STU00265,MOD00113,CRS015,1,40,100,2026-04-20,40,False
ASS0005512,STU00265,MOD00113,CRS015,2,41,100,2026-04-21,44,True
ASS0005513,STU00265,MOD00113,CRS015,3,67,100,2026-04-23,28,True
ASS0005514,STU00265,MOD00116,CRS015,1,81,100,2026-06-14,42,True
ASS0005515,STU00265,MOD00116,CRS015,2,65,100,2026-06-09,11,True
ASS0005516,STU00265,MOD00117,CRS015,1,71,100,2026-06-15,36,False
ASS0005517,STU00265,MOD00119,CRS015,1,97,100,2026-05-31,47,True
ASS0005518,STU00265,MOD00120,CRS015,1,46,100,2026-04-13,50,True
ASS0005519,STU00265,MOD00120,CRS015,2,80,100,2026-04-10,43,True
ASS0005520,STU00265,MOD00120,CRS015,3,98,100,2026-04-10,27,True
ASS0005521,STU00265,MOD00083,CRS011,1,74,100,2026-04-17,30,True
ASS0005522,STU00265,MOD00083,CRS011,2,51,100,2026-04-14,24,True
ASS0005523,STU00265,MOD00083,CRS011,3,66,100,2026-04-14,42,True
ASS0005524,STU00265,MOD00084,CRS011,1,50,100,2026-05-21,36,True
ASS0005525,STU00265,MOD00084,CRS011,2,33,100,2026-05-23,18,True
ASS0005526,STU00265,MOD00084,CRS011,3,50,100,2026-05-18,49,True
ASS0005527,STU00265,MOD00085,CRS011,1,47,100,2026-05-31,33,True
ASS0005528,STU00265,MOD00085,CRS011,2,54,100,2026-05-29,56,True
ASS0005529,STU00265,MOD00086,CRS011,1,53,100,2026-05-25,49,True
ASS0005530,STU00265,MOD00086,CRS011,2,66,100,2026-05-27,18,True
ASS0005531,STU00265,MOD00086,CRS011,3,92,100,2026-05-25,40,True
ASS0005532,STU00265,MOD00087,CRS011,1,63,100,2026-05-11,29,True
ASS0005533,STU00265,MOD00088,CRS011,1,59,100,2026-04-10,54,True
ASS0005534,STU00265,MOD00033,CRS005,1,82,100,2026-05-21,50,True
ASS0005535,STU00265,MOD00033,CRS005,2,51,100,2026-05-21,39,True
ASS0005536,STU00265,MOD00035,CRS005,1,75,100,2026-04-05,36,True
ASS0005537,STU00265,MOD00038,CRS005,1,60,100,2026-04-28,24,True
ASS0005538,STU00265,MOD00038,CRS005,2,54,100,2026-04-27,51,True
ASS0005539,STU00267,MOD00105,CRS014,1,62,100,2025-11-07,26,True
ASS0005540,STU00267,MOD00107,CRS014,1,80,100,2025-10-11,24,True
ASS0005541,STU00267,MOD00107,CRS014,2,38,100,2025-10-12,35,True
ASS0005542,STU00267,MOD00107,CRS014,3,55,100,2025-10-12,23,True
ASS0005543,STU00267,MOD00109,CRS014,1,47,100,2025-10-18,16,True
ASS0005544,STU00267,MOD00109,CRS014,2,37,100,2025-10-19,19,True
ASS0005545,STU00267,MOD00109,CRS014,3,99,100,2025-10-21,31,False
ASS0005546,STU00267,MOD00111,CRS014,1,70,100,2025-10-31,29,True
ASS0005547,STU00268,MOD00121,CRS016,1,72,100,2025-09-19,21,True
ASS0005548,STU00268,MOD00123,CRS016,1,70,100,2025-09-17,50,True
ASS0005549,STU00268,MOD00123,CRS016,2,64,100,2025-09-13,42,False
ASS0005550,STU00268,MOD00113,CRS015,1,63,100,2026-03-04,43,True
ASS0005551,STU00268,MOD00113,CRS015,2,52,100,2026-03-02,21,False
ASS0005552,STU00268,MOD00113,CRS015,3,99,100,2026-03-01,10,True
ASS0005553,STU00268,MOD00114,CRS015,1,68,100,2025-12-23,25,True
ASS0005554,STU00268,MOD00114,CRS015,2,81,100,2025-12-23,35,False
ASS0005555,STU00268,MOD00114,CRS015,3,53,100,2025-12-23,41,True
ASS0005556,STU00268,MOD00115,CRS015,1,77,100,2025-12-18,46,True
ASS0005557,STU00268,MOD00115,CRS015,2,78,100,2025-12-19,31,True
ASS0005558,STU00268,MOD00115,CRS015,3,50,100,2025-12-17,16,True
ASS0005559,STU00268,MOD00116,CRS015,1,41,100,2026-01-14,42,False
ASS0005560,STU00268,MOD00116,CRS015,2,52,100,2026-01-12,32,False
ASS0005561,STU00268,MOD00117,CRS015,1,65,100,2025-12-30,45,True
ASS0005562,STU00268,MOD00118,CRS015,1,51,100,2026-01-22,47,True
ASS0005563,STU00268,MOD00118,CRS015,2,95,100,2026-01-21,17,False
ASS0005564,STU00268,MOD00119,CRS015,1,61,100,2026-02-27,18,True
ASS0005565,STU00268,MOD00149,CRS019,1,30,100,2026-05-07,41,True
ASS0005566,STU00268,MOD00149,CRS019,2,93,100,2026-05-06,45,False
ASS0005567,STU00268,MOD00150,CRS019,1,69,100,2026-05-15,50,True
ASS0005568,STU00268,MOD00150,CRS019,2,98,100,2026-05-15,29,True
ASS0005569,STU00268,MOD00151,CRS019,1,59,100,2026-03-22,50,True
ASS0005570,STU00269,MOD00156,CRS020,1,46,100,2026-04-04,54,False
ASS0005571,STU00269,MOD00156,CRS020,2,89,100,2026-04-02,10,True
ASS0005572,STU00270,MOD00137,CRS018,1,78,100,2025-11-03,16,True
ASS0005573,STU00270,MOD00142,CRS018,1,57,100,2025-10-07,33,True
ASS0005574,STU00270,MOD00144,CRS018,1,75,100,2025-11-03,36,False
ASS0005575,STU00270,MOD00144,CRS018,2,76,100,2025-10-30,24,True
ASS0005576,STU00270,MOD00049,CRS007,1,73,100,2025-12-15,22,False
ASS0005577,STU00270,MOD00053,CRS007,1,72,100,2025-11-30,21,True
ASS0005578,STU00270,MOD00056,CRS007,1,53,100,2026-01-17,21,True
ASS0005579,STU00270,MOD00056,CRS007,2,66,100,2026-01-18,42,True
ASS0005580,STU00270,MOD00056,CRS007,3,64,100,2026-01-17,17,True
ASS0005581,STU00271,MOD00023,CRS003,1,37,100,2026-04-23,18,True
ASS0005582,STU00271,MOD00023,CRS003,2,87,100,2026-04-23,57,True
ASS0005583,STU00272,MOD00003,CRS001,1,34,100,2025-11-25,39,True
ASS0005584,STU00272,MOD00003,CRS001,2,51,100,2025-11-28,45,False
ASS0005585,STU00272,MOD00003,CRS001,3,68,100,2025-11-28,18,True
ASS0005586,STU00272,MOD00004,CRS001,1,45,100,2026-01-08,32,False
ASS0005587,STU00272,MOD00004,CRS001,2,72,100,2026-01-09,30,True
ASS0005588,STU00272,MOD00004,CRS001,3,53,100,2026-01-08,23,True
ASS0005589,STU00272,MOD00007,CRS001,1,40,100,2025-11-28,60,True
ASS0005590,STU00272,MOD00007,CRS001,2,49,100,2025-11-27,43,True
ASS0005591,STU00272,MOD00007,CRS001,3,86,100,2025-11-29,41,False
ASS0005592,STU00272,MOD00008,CRS001,1,52,100,2025-12-31,57,False
ASS0005593,STU00272,MOD00008,CRS001,2,44,100,2025-12-30,13,True
ASS0005594,STU00272,MOD00008,CRS001,3,94,100,2025-12-31,55,True
ASS0005595,STU00272,MOD00145,CRS019,1,58,100,2025-09-12,39,True
ASS0005596,STU00272,MOD00145,CRS019,2,76,100,2025-09-16,45,True
ASS0005597,STU00272,MOD00145,CRS019,3,82,100,2025-09-11,28,False
ASS0005598,STU00272,MOD00146,CRS019,1,62,100,2025-10-11,40,True
ASS0005599,STU00272,MOD00146,CRS019,2,91,100,2025-10-13,49,True
ASS0005600,STU00272,MOD00149,CRS019,1,77,100,2025-09-22,24,True
ASS0005601,STU00272,MOD00150,CRS019,1,77,100,2025-11-07,48,True
ASS0005602,STU00272,MOD00150,CRS019,2,92,100,2025-11-10,41,True
ASS0005603,STU00272,MOD00152,CRS019,1,58,100,2025-10-16,23,True
ASS0005604,STU00272,MOD00049,CRS007,1,57,100,2025-11-06,29,True
ASS0005605,STU00272,MOD00052,CRS007,1,57,100,2025-11-09,36,True
ASS0005606,STU00272,MOD00053,CRS007,1,35,100,2025-12-07,44,True
ASS0005607,STU00272,MOD00053,CRS007,2,67,100,2025-12-03,24,True
ASS0005608,STU00272,MOD00053,CRS007,3,54,100,2025-12-07,43,True
ASS0005609,STU00272,MOD00054,CRS007,1,93,100,2025-10-01,28,True
ASS0005610,STU00272,MOD00056,CRS007,1,63,100,2025-10-13,54,True
ASS0005611,STU00272,MOD00010,CRS002,1,79,100,2026-01-15,57,True
ASS0005612,STU00272,MOD00010,CRS002,2,68,100,2026-01-15,41,True
ASS0005613,STU00272,MOD00010,CRS002,3,57,100,2026-01-16,27,False
ASS0005614,STU00272,MOD00011,CRS002,1,55,100,2026-02-06,45,True
ASS0005615,STU00272,MOD00011,CRS002,2,94,100,2026-02-07,10,True
ASS0005616,STU00272,MOD00012,CRS002,1,30,100,2026-02-27,36,True
ASS0005617,STU00272,MOD00012,CRS002,2,83,100,2026-02-27,57,True
ASS0005618,STU00272,MOD00012,CRS002,3,51,100,2026-02-26,49,True
ASS0005619,STU00272,MOD00014,CRS002,1,78,100,2026-03-30,35,False
ASS0005620,STU00272,MOD00014,CRS002,2,57,100,2026-04-04,43,True
ASS0005621,STU00272,MOD00015,CRS002,1,77,100,2026-02-24,12,True
ASS0005622,STU00272,MOD00016,CRS002,1,82,100,2026-02-07,15,False
ASS0005623,STU00273,MOD00097,CRS013,1,71,100,2026-02-13,19,False
ASS0005624,STU00273,MOD00097,CRS013,2,88,100,2026-02-13,17,True
ASS0005625,STU00273,MOD00103,CRS013,1,74,100,2026-03-22,26,True
ASS0005626,STU00273,MOD00057,CRS008,1,83,100,2025-09-07,58,False
ASS0005627,STU00273,MOD00062,CRS008,1,92,100,2025-08-12,59,True
ASS0005628,STU00273,MOD00063,CRS008,1,48,100,2025-10-22,15,True
ASS0005629,STU00273,MOD00063,CRS008,2,82,100,2025-10-27,48,True
ASS0005630,STU00273,MOD00063,CRS008,3,73,100,2025-10-24,57,True
ASS0005631,STU00273,MOD00064,CRS008,1,63,100,2025-08-18,14,True
ASS0005632,STU00273,MOD00064,CRS008,2,64,100,2025-08-16,24,False
ASS0005633,STU00273,MOD00080,CRS010,1,44,100,2026-03-03,48,True
ASS0005634,STU00273,MOD00080,CRS010,2,56,100,2026-03-02,47,True
ASS0005635,STU00274,MOD00057,CRS008,1,38,100,2025-07-21,43,True
ASS0005636,STU00274,MOD00057,CRS008,2,39,100,2025-07-25,23,True
ASS0005637,STU00274,MOD00057,CRS008,3,95,100,2025-07-22,35,True
ASS0005638,STU00274,MOD00059,CRS008,1,87,100,2025-08-06,40,True
ASS0005639,STU00274,MOD00059,CRS008,2,99,100,2025-08-08,20,True
ASS0005640,STU00274,MOD00060,CRS008,1,83,100,2025-08-29,16,True
ASS0005641,STU00274,MOD00060,CRS008,2,98,100,2025-08-27,24,True
ASS0005642,STU00274,MOD00061,CRS008,1,76,100,2025-07-13,20,True
ASS0005643,STU00274,MOD00063,CRS008,1,87,100,2025-06-29,57,True
ASS0005644,STU00274,MOD00063,CRS008,2,30,100,2025-06-28,40,True
ASS0005645,STU00274,MOD00063,CRS008,3,58,100,2025-06-27,26,False
ASS0005646,STU00274,MOD00064,CRS008,1,75,100,2025-08-03,43,True
ASS0005647,STU00275,MOD00131,CRS017,1,50,100,2026-03-31,20,True
ASS0005648,STU00275,MOD00133,CRS017,1,82,100,2026-03-18,28,False
ASS0005649,STU00275,MOD00133,CRS017,2,77,100,2026-03-18,27,True
ASS0005650,STU00275,MOD00134,CRS017,1,72,100,2026-05-19,52,True
ASS0005651,STU00275,MOD00134,CRS017,2,57,100,2026-05-20,14,True
ASS0005652,STU00275,MOD00134,CRS017,3,59,100,2026-05-19,57,True
ASS0005653,STU00275,MOD00136,CRS017,1,50,100,2026-04-02,20,True
ASS0005654,STU00275,MOD00136,CRS017,2,37,100,2026-04-02,23,True
ASS0005655,STU00275,MOD00136,CRS017,3,74,100,2026-04-01,57,True
ASS0005656,STU00275,MOD00033,CRS005,1,48,100,2026-05-01,16,True
ASS0005657,STU00275,MOD00033,CRS005,2,87,100,2026-05-02,10,False
ASS0005658,STU00275,MOD00040,CRS005,1,97,100,2026-06-11,49,False
ASS0005659,STU00276,MOD00033,CRS005,1,85,100,2026-03-11,26,False
ASS0005660,STU00276,MOD00034,CRS005,1,53,100,2026-05-15,20,False
ASS0005661,STU00276,MOD00035,CRS005,1,62,100,2026-03-30,60,True
ASS0005662,STU00276,MOD00035,CRS005,2,42,100,2026-03-28,27,True
ASS0005663,STU00276,MOD00035,CRS005,3,73,100,2026-03-28,37,True
ASS0005664,STU00276,MOD00037,CRS005,1,87,100,2026-03-30,12,True
ASS0005665,STU00276,MOD00039,CRS005,1,66,100,2026-05-10,45,False
ASS0005666,STU00276,MOD00039,CRS005,2,97,100,2026-05-10,59,True
ASS0005667,STU00276,MOD00123,CRS016,1,31,100,2025-08-30,36,True
ASS0005668,STU00276,MOD00123,CRS016,2,69,100,2025-08-30,33,False
ASS0005669,STU00276,MOD00124,CRS016,1,59,100,2025-09-27,41,True
ASS0005670,STU00276,MOD00124,CRS016,2,86,100,2025-09-26,54,True
ASS0005671,STU00276,MOD00090,CRS012,1,50,100,2026-05-30,43,True
ASS0005672,STU00276,MOD00091,CRS012,1,100,100,2026-04-29,46,True
ASS0005673,STU00276,MOD00095,CRS012,1,84,100,2026-04-25,28,True
ASS0005674,STU00276,MOD00096,CRS012,1,78,100,2026-05-09,40,True
ASS0005675,STU00276,MOD00096,CRS012,2,91,100,2026-05-08,49,True
ASS0005676,STU00276,MOD00009,CRS002,1,39,100,2025-10-12,11,True
ASS0005677,STU00276,MOD00009,CRS002,2,75,100,2025-10-13,47,True
ASS0005678,STU00276,MOD00009,CRS002,3,67,100,2025-10-14,11,False
ASS0005679,STU00276,MOD00016,CRS002,1,54,100,2025-09-02,31,True
ASS0005680,STU00276,MOD00057,CRS008,1,87,100,2025-07-15,40,True
ASS0005681,STU00276,MOD00057,CRS008,2,68,100,2025-07-19,24,True
ASS0005682,STU00276,MOD00057,CRS008,3,77,100,2025-07-17,48,True
ASS0005683,STU00276,MOD00059,CRS008,1,49,100,2025-06-05,52,False
ASS0005684,STU00276,MOD00059,CRS008,2,57,100,2025-06-03,47,True
ASS0005685,STU00276,MOD00060,CRS008,1,63,100,2025-07-09,60,True
ASS0005686,STU00276,MOD00060,CRS008,2,74,100,2025-07-09,37,True
ASS0005687,STU00276,MOD00060,CRS008,3,81,100,2025-07-09,39,True
ASS0005688,STU00276,MOD00062,CRS008,1,68,100,2025-07-06,30,True
ASS0005689,STU00276,MOD00064,CRS008,1,86,100,2025-05-13,33,True
ASS0005690,STU00276,MOD00064,CRS008,2,58,100,2025-05-13,52,True
ASS0005691,STU00277,MOD00089,CRS012,1,35,100,2026-05-27,18,True
ASS0005692,STU00277,MOD00089,CRS012,2,73,100,2026-05-26,12,True
ASS0005693,STU00277,MOD00089,CRS012,3,94,100,2026-05-26,47,True
ASS0005694,STU00277,MOD00090,CRS012,1,34,100,2026-05-07,39,True
ASS0005695,STU00277,MOD00090,CRS012,2,63,100,2026-05-09,11,False
ASS0005696,STU00277,MOD00090,CRS012,3,54,100,2026-05-04,33,True
ASS0005697,STU00277,MOD00093,CRS012,1,59,100,2026-05-20,14,True
ASS0005698,STU00277,MOD00093,CRS012,2,66,100,2026-05-20,41,True
ASS0005699,STU00277,MOD00094,CRS012,1,73,100,2026-06-29,54,True
ASS0005700,STU00277,MOD00094,CRS012,2,67,100,2026-06-29,12,True
ASS0005701,STU00277,MOD00095,CRS012,1,59,100,2026-06-13,53,True
ASS0005702,STU00277,MOD00098,CRS013,1,83,100,2026-02-16,51,True
ASS0005703,STU00277,MOD00099,CRS013,1,78,100,2025-12-24,59,True
ASS0005704,STU00277,MOD00100,CRS013,1,75,100,2026-01-24,40,True
ASS0005705,STU00277,MOD00100,CRS013,2,96,100,2026-01-23,19,True
ASS0005706,STU00277,MOD00101,CRS013,1,73,100,2026-01-01,13,True
ASS0005707,STU00277,MOD00104,CRS013,1,36,100,2026-02-20,56,True
ASS0005708,STU00277,MOD00104,CRS013,2,58,100,2026-02-21,20,True
ASS0005709,STU00277,MOD00104,CRS013,3,59,100,2026-02-21,25,True
ASS0005710,STU00277,MOD00121,CRS016,1,75,100,2026-04-28,15,True
ASS0005711,STU00277,MOD00126,CRS016,1,48,100,2026-04-08,35,True
ASS0005712,STU00277,MOD00126,CRS016,2,96,100,2026-04-04,43,True
ASS0005713,STU00277,MOD00127,CRS016,1,60,100,2026-04-20,49,True
ASS0005714,STU00277,MOD00128,CRS016,1,35,100,2026-03-22,27,False
ASS0005715,STU00277,MOD00128,CRS016,2,43,100,2026-03-21,45,True
ASS0005716,STU00277,MOD00128,CRS016,3,91,100,2026-03-19,51,True
ASS0005717,STU00277,MOD00116,CRS015,1,96,100,2025-11-08,15,True
ASS0005718,STU00277,MOD00118,CRS015,1,47,100,2025-12-31,35,True
ASS0005719,STU00277,MOD00118,CRS015,2,75,100,2025-12-30,19,True
ASS0005720,STU00277,MOD00118,CRS015,3,82,100,2025-12-31,40,True
ASS0005721,STU00277,MOD00009,CRS002,1,58,100,2025-10-15,55,True
ASS0005722,STU00277,MOD00011,CRS002,1,77,100,2025-10-28,28,True
ASS0005723,STU00277,MOD00011,CRS002,2,48,100,2025-10-29,54,True
ASS0005724,STU00277,MOD00011,CRS002,3,55,100,2025-10-30,35,True
ASS0005725,STU00277,MOD00014,CRS002,1,63,100,2025-10-21,47,True
ASS0005726,STU00277,MOD00015,CRS002,1,33,100,2025-10-21,19,False
ASS0005727,STU00277,MOD00015,CRS002,2,45,100,2025-10-20,38,False
ASS0005728,STU00277,MOD00015,CRS002,3,57,100,2025-10-21,23,True
ASS0005729,STU00278,MOD00065,CRS009,1,46,100,2026-02-16,22,False
ASS0005730,STU00278,MOD00065,CRS009,2,77,100,2026-02-12,28,True
ASS0005731,STU00278,MOD00067,CRS009,1,60,100,2026-01-06,25,True
ASS0005732,STU00278,MOD00067,CRS009,2,35,100,2026-01-04,43,False
ASS0005733,STU00278,MOD00067,CRS009,3,98,100,2026-01-06,50,True
ASS0005734,STU00278,MOD00069,CRS009,1,57,100,2026-01-29,58,True
ASS0005735,STU00278,MOD00069,CRS009,2,35,100,2026-02-01,13,False
ASS0005736,STU00278,MOD00069,CRS009,3,56,100,2026-01-30,35,True
ASS0005737,STU00278,MOD00070,CRS009,1,68,100,2026-03-20,18,False
ASS0005738,STU00278,MOD00070,CRS009,2,86,100,2026-03-22,17,True
ASS0005739,STU00278,MOD00152,CRS019,1,80,100,2026-05-20,58,True
ASS0005740,STU00278,MOD00138,CRS018,1,56,100,2026-03-29,45,True
ASS0005741,STU00278,MOD00138,CRS018,2,69,100,2026-03-29,45,True
ASS0005742,STU00278,MOD00138,CRS018,3,69,100,2026-03-29,50,True
ASS0005743,STU00278,MOD00141,CRS018,1,53,100,2026-01-26,19,True
ASS0005744,STU00278,MOD00142,CRS018,1,73,100,2026-02-13,31,True
ASS0005745,STU00278,MOD00144,CRS018,1,76,100,2026-01-19,22,True
ASS0005746,STU00278,MOD00144,CRS018,2,58,100,2026-01-20,10,True
ASS0005747,STU00278,MOD00144,CRS018,3,95,100,2026-01-16,30,True
ASS0005748,STU00279,MOD00017,CRS003,1,50,100,2026-01-26,36,True
ASS0005749,STU00279,MOD00022,CRS003,1,84,100,2026-03-07,10,True
ASS0005750,STU00279,MOD00022,CRS003,2,61,100,2026-03-07,33,True
ASS0005751,STU00279,MOD00023,CRS003,1,81,100,2026-02-13,49,True
ASS0005752,STU00279,MOD00023,CRS003,2,79,100,2026-02-14,38,False
ASS0005753,STU00279,MOD00131,CRS017,1,74,100,2025-10-12,11,False
ASS0005754,STU00279,MOD00132,CRS017,1,78,100,2025-09-25,55,True
ASS0005755,STU00279,MOD00132,CRS017,2,70,100,2025-09-25,24,False
ASS0005756,STU00279,MOD00132,CRS017,3,60,100,2025-09-24,52,True
ASS0005757,STU00279,MOD00134,CRS017,1,72,100,2025-10-22,29,True
ASS0005758,STU00279,MOD00065,CRS009,1,94,100,2025-06-09,56,True
ASS0005759,STU00279,MOD00067,CRS009,1,43,100,2025-06-12,54,True
ASS0005760,STU00279,MOD00067,CRS009,2,75,100,2025-06-15,60,False
ASS0005761,STU00279,MOD00070,CRS009,1,60,100,2025-05-14,29,False
ASS0005762,STU00279,MOD00070,CRS009,2,61,100,2025-05-19,35,True
ASS0005763,STU00279,MOD00099,CRS013,1,40,100,2025-10-09,30,True
ASS0005764,STU00279,MOD00099,CRS013,2,88,100,2025-10-08,21,True
ASS0005765,STU00279,MOD00099,CRS013,3,64,100,2025-10-07,50,True
ASS0005766,STU00279,MOD00100,CRS013,1,67,100,2025-11-20,44,True
ASS0005767,STU00279,MOD00102,CRS013,1,86,100,2025-09-13,56,True
ASS0005768,STU00279,MOD00103,CRS013,1,76,100,2025-11-11,48,True
ASS0005769,STU00279,MOD00103,CRS013,2,54,100,2025-11-06,13,True
ASS0005770,STU00279,MOD00103,CRS013,3,79,100,2025-11-07,22,True
ASS0005771,STU00279,MOD00057,CRS008,1,50,100,2025-10-23,16,True
ASS0005772,STU00279,MOD00064,CRS008,1,31,100,2025-12-01,39,False
ASS0005773,STU00279,MOD00064,CRS008,2,70,100,2025-12-06,43,False
ASS0005774,STU00279,MOD00064,CRS008,3,76,100,2025-12-04,22,True
ASS0005775,STU00280,MOD00002,CRS001,1,66,100,2026-02-08,52,True
ASS0005776,STU00280,MOD00002,CRS001,2,73,100,2026-02-08,52,False
ASS0005777,STU00280,MOD00004,CRS001,1,71,100,2026-03-05,50,False
ASS0005778,STU00280,MOD00004,CRS001,2,53,100,2026-03-01,49,True
ASS0005779,STU00280,MOD00007,CRS001,1,44,100,2026-02-23,33,True
ASS0005780,STU00280,MOD00007,CRS001,2,47,100,2026-02-27,51,True
ASS0005781,STU00280,MOD00007,CRS001,3,90,100,2026-02-24,31,False
ASS0005782,STU00280,MOD00008,CRS001,1,35,100,2026-02-18,20,True
ASS0005783,STU00280,MOD00008,CRS001,2,76,100,2026-02-15,44,False
ASS0005784,STU00280,MOD00008,CRS001,3,53,100,2026-02-15,36,True
ASS0005785,STU00280,MOD00129,CRS017,1,88,100,2026-04-25,17,True
ASS0005786,STU00280,MOD00129,CRS017,2,50,100,2026-04-25,52,True
ASS0005787,STU00280,MOD00129,CRS017,3,100,100,2026-04-24,47,True
ASS0005788,STU00280,MOD00131,CRS017,1,41,100,2026-04-11,35,True
ASS0005789,STU00280,MOD00131,CRS017,2,69,100,2026-04-08,35,True
ASS0005790,STU00280,MOD00131,CRS017,3,67,100,2026-04-09,20,True
ASS0005791,STU00280,MOD00132,CRS017,1,57,100,2026-04-18,59,True
ASS0005792,STU00280,MOD00132,CRS017,2,69,100,2026-04-14,46,True
ASS0005793,STU00280,MOD00132,CRS017,3,76,100,2026-04-15,10,False
ASS0005794,STU00280,MOD00134,CRS017,1,95,100,2026-03-28,34,True
ASS0005795,STU00280,MOD00135,CRS017,1,69,100,2026-02-18,13,False
ASS0005796,STU00280,MOD00135,CRS017,2,50,100,2026-02-17,38,True
ASS0005797,STU00280,MOD00135,CRS017,3,67,100,2026-02-18,57,True
ASS0005798,STU00280,MOD00136,CRS017,1,47,100,2026-03-30,19,True
ASS0005799,STU00280,MOD00136,CRS017,2,65,100,2026-03-31,44,False
ASS0005800,STU00280,MOD00136,CRS017,3,82,100,2026-03-31,19,True
ASS0005801,STU00280,MOD00033,CRS005,1,35,100,2026-06-20,34,True
ASS0005802,STU00280,MOD00033,CRS005,2,100,100,2026-06-16,48,False
ASS0005803,STU00280,MOD00036,CRS005,1,71,100,2026-05-21,21,True
ASS0005804,STU00280,MOD00036,CRS005,2,60,100,2026-05-21,39,True
ASS0005805,STU00280,MOD00039,CRS005,1,65,100,2026-05-20,49,True
ASS0005806,STU00280,MOD00113,CRS015,1,85,100,2026-03-05,37,False
ASS0005807,STU00280,MOD00114,CRS015,1,58,100,2026-04-17,35,True
ASS0005808,STU00280,MOD00116,CRS015,1,76,100,2026-03-10,13,False
ASS0005809,STU00280,MOD00117,CRS015,1,41,100,2026-03-26,13,True
ASS0005810,STU00280,MOD00117,CRS015,2,72,100,2026-03-28,57,True
ASS0005811,STU00280,MOD00117,CRS015,3,63,100,2026-03-26,16,True
ASS0005812,STU00280,MOD00118,CRS015,1,30,100,2026-02-17,53,True
ASS0005813,STU00280,MOD00118,CRS015,2,81,100,2026-02-22,22,True
ASS0005814,STU00280,MOD00119,CRS015,1,60,100,2026-03-19,23,True
ASS0005815,STU00280,MOD00119,CRS015,2,74,100,2026-03-21,11,True
ASS0005816,STU00280,MOD00120,CRS015,1,82,100,2026-03-22,27,False
ASS0005817,STU00280,MOD00120,CRS015,2,52,100,2026-03-17,44,True
ASS0005818,STU00280,MOD00041,CRS006,1,76,100,2026-03-08,41,True
ASS0005819,STU00280,MOD00041,CRS006,2,83,100,2026-03-07,22,True
ASS0005820,STU00280,MOD00043,CRS006,1,67,100,2026-02-01,27,True
ASS0005821,STU00280,MOD00043,CRS006,2,30,100,2026-02-01,54,False
ASS0005822,STU00280,MOD00043,CRS006,3,100,100,2026-02-05,18,True
ASS0005823,STU00280,MOD00044,CRS006,1,49,100,2026-03-30,30,True
ASS0005824,STU00280,MOD00044,CRS006,2,72,100,2026-03-28,26,True
ASS0005825,STU00280,MOD00044,CRS006,3,57,100,2026-03-26,40,False
ASS0005826,STU00281,MOD00026,CRS004,1,71,100,2025-08-13,58,False
ASS0005827,STU00281,MOD00026,CRS004,2,69,100,2025-08-11,20,False
ASS0005828,STU00281,MOD00026,CRS004,3,54,100,2025-08-12,18,True
ASS0005829,STU00281,MOD00027,CRS004,1,88,100,2025-06-15,24,True
ASS0005830,STU00281,MOD00027,CRS004,2,61,100,2025-06-17,10,True
ASS0005831,STU00281,MOD00028,CRS004,1,83,100,2025-07-15,50,False
ASS0005832,STU00281,MOD00028,CRS004,2,86,100,2025-07-12,41,True
ASS0005833,STU00281,MOD00028,CRS004,3,86,100,2025-07-16,43,True
ASS0005834,STU00281,MOD00032,CRS004,1,86,100,2025-07-01,36,False
ASS0005835,STU00281,MOD00032,CRS004,2,65,100,2025-06-30,30,True
ASS0005836,STU00281,MOD00057,CRS008,1,82,100,2026-04-19,27,True
ASS0005837,STU00281,MOD00059,CRS008,1,58,100,2026-04-17,17,True
ASS0005838,STU00281,MOD00060,CRS008,1,58,100,2026-02-04,40,True
ASS0005839,STU00281,MOD00061,CRS008,1,63,100,2026-02-16,21,True
ASS0005840,STU00281,MOD00062,CRS008,1,86,100,2026-02-18,36,True
ASS0005841,STU00281,MOD00063,CRS008,1,78,100,2026-03-11,34,True
ASS0005842,STU00281,MOD00063,CRS008,2,90,100,2026-03-10,50,True
ASS0005843,STU00281,MOD00063,CRS008,3,73,100,2026-03-09,57,False
ASS0005844,STU00281,MOD00064,CRS008,1,89,100,2026-03-19,42,True
ASS0005845,STU00281,MOD00107,CRS014,1,74,100,2026-02-09,17,True
ASS0005846,STU00281,MOD00107,CRS014,2,93,100,2026-02-10,30,True
ASS0005847,STU00281,MOD00110,CRS014,1,50,100,2026-04-08,38,True
ASS0005848,STU00281,MOD00081,CRS011,1,31,100,2026-05-22,28,True
ASS0005849,STU00281,MOD00081,CRS011,2,42,100,2026-05-25,11,True
ASS0005850,STU00281,MOD00081,CRS011,3,80,100,2026-05-26,57,False
ASS0005851,STU00281,MOD00082,CRS011,1,82,100,2026-04-16,31,True
ASS0005852,STU00281,MOD00082,CRS011,2,45,100,2026-04-17,39,True
ASS0005853,STU00281,MOD00082,CRS011,3,65,100,2026-04-19,32,True
ASS0005854,STU00281,MOD00084,CRS011,1,74,100,2026-05-25,50,False
ASS0005855,STU00281,MOD00084,CRS011,2,66,100,2026-05-25,51,True
ASS0005856,STU00281,MOD00084,CRS011,3,65,100,2026-05-26,20,True
ASS0005857,STU00282,MOD00057,CRS008,1,73,100,2025-07-04,57,True
ASS0005858,STU00282,MOD00057,CRS008,2,62,100,2025-07-04,30,False
ASS0005859,STU00282,MOD00063,CRS008,1,66,100,2025-05-02,59,True
ASS0005860,STU00282,MOD00063,CRS008,2,69,100,2025-05-05,23,True
ASS0005861,STU00283,MOD00148,CRS019,1,69,100,2025-11-07,20,True
ASS0005862,STU00283,MOD00148,CRS019,2,87,100,2025-11-05,41,True
ASS0005863,STU00283,MOD00148,CRS019,3,55,100,2025-11-02,21,True
ASS0005864,STU00283,MOD00151,CRS019,1,30,100,2025-11-06,34,True
ASS0005865,STU00283,MOD00151,CRS019,2,78,100,2025-11-07,45,True
ASS0005866,STU00283,MOD00151,CRS019,3,91,100,2025-11-06,40,True
ASS0005867,STU00283,MOD00042,CRS006,1,74,100,2025-11-21,42,True
ASS0005868,STU00283,MOD00042,CRS006,2,40,100,2025-11-21,57,True
ASS0005869,STU00283,MOD00042,CRS006,3,72,100,2025-11-19,30,False
ASS0005870,STU00283,MOD00044,CRS006,1,80,100,2025-12-08,57,False
ASS0005871,STU00283,MOD00033,CRS005,1,83,100,2025-11-18,23,True
ASS0005872,STU00283,MOD00037,CRS005,1,75,100,2025-09-17,56,True
ASS0005873,STU00283,MOD00039,CRS005,1,100,100,2025-11-10,51,True
ASS0005874,STU00283,MOD00040,CRS005,1,51,100,2025-09-28,32,True
ASS0005875,STU00283,MOD00040,CRS005,2,95,100,2025-09-28,16,True
ASS0005876,STU00283,MOD00131,CRS017,1,70,100,2026-05-23,27,True
ASS0005877,STU00283,MOD00131,CRS017,2,64,100,2026-05-18,44,True
ASS0005878,STU00283,MOD00134,CRS017,1,69,100,2026-05-14,11,True
ASS0005879,STU00283,MOD00010,CRS002,1,37,100,2026-01-17,50,True
ASS0005880,STU00283,MOD00010,CRS002,2,85,100,2026-01-17,19,True
ASS0005881,STU00283,MOD00012,CRS002,1,34,100,2026-03-30,55,False
ASS0005882,STU00283,MOD00012,CRS002,2,35,100,2026-03-27,10,False
ASS0005883,STU00283,MOD00012,CRS002,3,92,100,2026-04-01,46,False
ASS0005884,STU00283,MOD00013,CRS002,1,32,100,2026-02-16,29,True
ASS0005885,STU00283,MOD00013,CRS002,2,69,100,2026-02-16,20,True
ASS0005886,STU00283,MOD00014,CRS002,1,36,100,2026-02-21,29,True
ASS0005887,STU00283,MOD00014,CRS002,2,62,100,2026-02-19,56,False
ASS0005888,STU00283,MOD00014,CRS002,3,91,100,2026-02-19,43,False
ASS0005889,STU00283,MOD00016,CRS002,1,90,100,2026-03-02,35,True
ASS0005890,STU00284,MOD00154,CRS020,1,71,100,2025-11-22,16,True
ASS0005891,STU00284,MOD00160,CRS020,1,80,100,2025-11-03,35,True
ASS0005892,STU00284,MOD00160,CRS020,2,68,100,2025-10-30,27,True
ASS0005893,STU00284,MOD00148,CRS019,1,56,100,2026-03-25,45,True
ASS0005894,STU00284,MOD00148,CRS019,2,68,100,2026-03-24,36,True
ASS0005895,STU00284,MOD00001,CRS001,1,94,100,2025-07-01,30,True
ASS0005896,STU00284,MOD00002,CRS001,1,52,100,2025-06-19,41,False
ASS0005897,STU00284,MOD00002,CRS001,2,59,100,2025-06-23,33,False
ASS0005898,STU00284,MOD00004,CRS001,1,93,100,2025-08-14,34,False
ASS0005899,STU00284,MOD00007,CRS001,1,58,100,2025-06-18,43,True
ASS0005900,STU00284,MOD00008,CRS001,1,67,100,2025-07-27,40,True
ASS0005901,STU00284,MOD00008,CRS001,2,86,100,2025-07-27,37,True
ASS0005902,STU00284,MOD00008,CRS001,3,57,100,2025-07-26,21,False
ASS0005903,STU00284,MOD00074,CRS010,1,87,100,2026-04-30,35,True
ASS0005904,STU00284,MOD00076,CRS010,1,58,100,2026-03-01,32,True
ASS0005905,STU00284,MOD00076,CRS010,2,92,100,2026-02-28,49,True
ASS0005906,STU00284,MOD00079,CRS010,1,44,100,2026-04-01,53,True
ASS0005907,STU00284,MOD00079,CRS010,2,68,100,2026-03-31,34,True
ASS0005908,STU00284,MOD00079,CRS010,3,78,100,2026-04-01,15,True
ASS0005909,STU00284,MOD00080,CRS010,1,72,100,2026-04-22,31,True
ASS0005910,STU00285,MOD00041,CRS006,1,88,100,2026-04-29,58,True
ASS0005911,STU00285,MOD00043,CRS006,1,40,100,2026-02-07,51,False
ASS0005912,STU00285,MOD00043,CRS006,2,84,100,2026-02-08,50,True
ASS0005913,STU00285,MOD00044,CRS006,1,92,100,2026-03-02,51,True
ASS0005914,STU00285,MOD00046,CRS006,1,51,100,2026-04-26,59,True
ASS0005915,STU00285,MOD00046,CRS006,2,90,100,2026-04-27,50,False
ASS0005916,STU00285,MOD00047,CRS006,1,52,100,2026-04-08,23,False
ASS0005917,STU00285,MOD00047,CRS006,2,99,100,2026-04-06,43,True
ASS0005918,STU00285,MOD00057,CRS008,1,39,100,2026-06-20,40,False
ASS0005919,STU00285,MOD00057,CRS008,2,63,100,2026-06-16,46,True
ASS0005920,STU00285,MOD00106,CRS014,1,72,100,2026-03-09,52,True
ASS0005921,STU00285,MOD00106,CRS014,2,71,100,2026-03-10,50,True
ASS0005922,STU00285,MOD00107,CRS014,1,78,100,2026-02-25,26,True
ASS0005923,STU00285,MOD00109,CRS014,1,89,100,2026-02-15,27,False
ASS0005924,STU00285,MOD00111,CRS014,1,61,100,2026-02-19,36,True
ASS0005925,STU00285,MOD00033,CRS005,1,74,100,2025-06-29,51,True
ASS0005926,STU00285,MOD00033,CRS005,2,70,100,2025-06-30,34,True
ASS0005927,STU00285,MOD00037,CRS005,1,59,100,2025-08-17,19,True
ASS0005928,STU00285,MOD00037,CRS005,2,50,100,2025-08-19,58,True
ASS0005929,STU00285,MOD00039,CRS005,1,49,100,2025-07-29,55,True
ASS0005930,STU00285,MOD00039,CRS005,2,73,100,2025-07-24,11,True
ASS0005931,STU00285,MOD00040,CRS005,1,50,100,2025-07-01,17,True
ASS0005932,STU00285,MOD00040,CRS005,2,76,100,2025-07-01,30,True
ASS0005933,STU00286,MOD00042,CRS006,1,77,100,2026-03-30,27,True
ASS0005934,STU00286,MOD00042,CRS006,2,82,100,2026-03-27,52,False
ASS0005935,STU00286,MOD00044,CRS006,1,64,100,2026-01-06,56,True
ASS0005936,STU00286,MOD00045,CRS006,1,85,100,2026-02-23,55,True
ASS0005937,STU00286,MOD00082,CRS011,1,61,100,2025-11-22,43,True
ASS0005938,STU00286,MOD00082,CRS011,2,77,100,2025-11-23,19,True
ASS0005939,STU00286,MOD00083,CRS011,1,52,100,2025-11-03,58,True
ASS0005940,STU00286,MOD00083,CRS011,2,89,100,2025-10-31,51,True
ASS0005941,STU00286,MOD00085,CRS011,1,89,100,2025-11-28,28,True
ASS0005942,STU00286,MOD00087,CRS011,1,81,100,2025-12-06,38,True
ASS0005943,STU00286,MOD00113,CRS015,1,36,100,2025-12-30,43,True
ASS0005944,STU00286,MOD00113,CRS015,2,61,100,2025-12-31,54,True
ASS0005945,STU00286,MOD00113,CRS015,3,83,100,2025-12-29,49,True
ASS0005946,STU00286,MOD00115,CRS015,1,94,100,2026-01-16,16,True
ASS0005947,STU00286,MOD00117,CRS015,1,57,100,2026-03-28,11,True
ASS0005948,STU00286,MOD00117,CRS015,2,30,100,2026-03-26,28,True
ASS0005949,STU00286,MOD00117,CRS015,3,73,100,2026-03-23,44,True
ASS0005950,STU00286,MOD00118,CRS015,1,76,100,2026-01-30,10,False
ASS0005951,STU00286,MOD00118,CRS015,2,76,100,2026-01-25,40,False
ASS0005952,STU00286,MOD00120,CRS015,1,58,100,2026-01-16,37,False
ASS0005953,STU00286,MOD00120,CRS015,2,45,100,2026-01-16,53,True
ASS0005954,STU00286,MOD00120,CRS015,3,98,100,2026-01-19,24,False
ASS0005955,STU00287,MOD00029,CRS004,1,91,100,2025-11-02,39,True
ASS0005956,STU00287,MOD00005,CRS001,1,67,100,2025-05-03,33,False
ASS0005957,STU00288,MOD00035,CRS005,1,47,100,2026-01-04,19,True
ASS0005958,STU00288,MOD00035,CRS005,2,55,100,2026-01-08,44,False
ASS0005959,STU00288,MOD00036,CRS005,1,62,100,2026-02-02,48,True
ASS0005960,STU00288,MOD00038,CRS005,1,100,100,2026-02-03,13,False
ASS0005961,STU00288,MOD00039,CRS005,1,85,100,2026-03-16,44,True
ASS0005962,STU00288,MOD00039,CRS005,2,85,100,2026-03-11,32,True
ASS0005963,STU00288,MOD00039,CRS005,3,62,100,2026-03-13,29,False
ASS0005964,STU00288,MOD00040,CRS005,1,96,100,2026-02-28,11,False
ASS0005965,STU00288,MOD00030,CRS004,1,77,100,2025-11-16,56,True
ASS0005966,STU00288,MOD00041,CRS006,1,51,100,2025-05-22,58,True
ASS0005967,STU00288,MOD00041,CRS006,2,74,100,2025-05-27,43,True
ASS0005968,STU00288,MOD00042,CRS006,1,72,100,2025-06-10,18,True
ASS0005969,STU00288,MOD00042,CRS006,2,31,100,2025-06-09,19,True
ASS0005970,STU00288,MOD00042,CRS006,3,84,100,2025-06-08,39,True
ASS0005971,STU00288,MOD00043,CRS006,1,92,100,2025-06-08,20,True
ASS0005972,STU00288,MOD00045,CRS006,1,39,100,2025-06-14,22,True
ASS0005973,STU00288,MOD00045,CRS006,2,78,100,2025-06-13,32,True
ASS0005974,STU00288,MOD00045,CRS006,3,70,100,2025-06-15,19,False
ASS0005975,STU00288,MOD00046,CRS006,1,42,100,2025-06-30,28,True
ASS0005976,STU00288,MOD00046,CRS006,2,53,100,2025-07-03,10,True
ASS0005977,STU00288,MOD00047,CRS006,1,36,100,2025-07-08,39,True
ASS0005978,STU00288,MOD00047,CRS006,2,57,100,2025-07-07,60,False
ASS0005979,STU00288,MOD00048,CRS006,1,51,100,2025-06-06,29,True
ASS0005980,STU00288,MOD00048,CRS006,2,59,100,2025-06-10,22,True
ASS0005981,STU00288,MOD00048,CRS006,3,50,100,2025-06-06,28,True
ASS0005982,STU00288,MOD00122,CRS016,1,84,100,2025-12-13,53,False
ASS0005983,STU00288,MOD00123,CRS016,1,34,100,2025-11-17,23,True
ASS0005984,STU00288,MOD00123,CRS016,2,62,100,2025-11-12,52,True
ASS0005985,STU00288,MOD00124,CRS016,1,66,100,2025-10-04,25,True
ASS0005986,STU00288,MOD00125,CRS016,1,59,100,2025-10-27,33,True
ASS0005987,STU00288,MOD00125,CRS016,2,67,100,2025-10-26,54,True
ASS0005988,STU00288,MOD00126,CRS016,1,65,100,2025-12-11,29,True
ASS0005989,STU00288,MOD00126,CRS016,2,75,100,2025-12-08,39,True
ASS0005990,STU00288,MOD00126,CRS016,3,61,100,2025-12-13,37,True
ASS0005991,STU00288,MOD00128,CRS016,1,95,100,2025-10-04,28,True
ASS0005992,STU00289,MOD00122,CRS016,1,86,100,2025-07-13,41,True
ASS0005993,STU00289,MOD00122,CRS016,2,59,100,2025-07-16,53,True
ASS0005994,STU00289,MOD00122,CRS016,3,56,100,2025-07-11,48,True
ASS0005995,STU00289,MOD00123,CRS016,1,80,100,2025-07-11,40,True
ASS0005996,STU00289,MOD00123,CRS016,2,62,100,2025-07-10,60,True
ASS0005997,STU00289,MOD00124,CRS016,1,76,100,2025-07-03,40,True
ASS0005998,STU00289,MOD00124,CRS016,2,93,100,2025-07-02,33,True
ASS0005999,STU00289,MOD00127,CRS016,1,68,100,2025-05-12,45,True
ASS0006000,STU00289,MOD00128,CRS016,1,31,100,2025-05-19,44,True
ASS0006001,STU00289,MOD00128,CRS016,2,87,100,2025-05-15,46,False
ASS0006002,STU00290,MOD00141,CRS018,1,35,100,2025-11-04,16,False
ASS0006003,STU00290,MOD00141,CRS018,2,40,100,2025-11-01,25,True
ASS0006004,STU00290,MOD00141,CRS018,3,93,100,2025-11-04,10,True
ASS0006005,STU00290,MOD00001,CRS001,1,88,100,2026-01-25,11,True
ASS0006006,STU00290,MOD00005,CRS001,1,44,100,2026-03-01,27,True
ASS0006007,STU00290,MOD00005,CRS001,2,78,100,2026-03-01,25,True
ASS0006008,STU00290,MOD00005,CRS001,3,50,100,2026-03-04,48,False
ASS0006009,STU00290,MOD00105,CRS014,1,73,100,2025-09-10,38,True
ASS0006010,STU00290,MOD00105,CRS014,2,80,100,2025-09-10,44,True
ASS0006011,STU00290,MOD00108,CRS014,1,88,100,2025-10-17,13,True
ASS0006012,STU00290,MOD00109,CRS014,1,50,100,2025-08-24,53,True
ASS0006013,STU00290,MOD00109,CRS014,2,84,100,2025-08-19,42,True
ASS0006014,STU00290,MOD00112,CRS014,1,92,100,2025-08-15,20,True
ASS0006015,STU00290,MOD00129,CRS017,1,88,100,2025-11-09,52,True
ASS0006016,STU00290,MOD00129,CRS017,2,87,100,2025-11-10,50,True
ASS0006017,STU00290,MOD00132,CRS017,1,70,100,2026-01-07,28,True
ASS0006018,STU00290,MOD00132,CRS017,2,39,100,2026-01-08,41,True
ASS0006019,STU00290,MOD00132,CRS017,3,87,100,2026-01-05,42,True
ASS0006020,STU00290,MOD00133,CRS017,1,69,100,2026-01-24,18,False
ASS0006021,STU00291,MOD00089,CRS012,1,50,100,2026-03-08,42,True
ASS0006022,STU00291,MOD00089,CRS012,2,62,100,2026-03-08,20,False
ASS0006023,STU00291,MOD00092,CRS012,1,95,100,2026-04-11,14,True
ASS0006024,STU00291,MOD00094,CRS012,1,85,100,2026-03-08,50,True
ASS0006025,STU00291,MOD00146,CRS019,1,58,100,2025-08-10,39,True
ASS0006026,STU00291,MOD00148,CRS019,1,71,100,2025-09-19,16,False
ASS0006027,STU00291,MOD00151,CRS019,1,85,100,2025-11-03,22,True
ASS0006028,STU00291,MOD00151,CRS019,2,36,100,2025-11-03,41,True
ASS0006029,STU00291,MOD00151,CRS019,3,74,100,2025-11-04,47,True
ASS0006030,STU00291,MOD00152,CRS019,1,64,100,2025-08-21,25,True
ASS0006031,STU00291,MOD00152,CRS019,2,51,100,2025-08-21,14,True
ASS0006032,STU00291,MOD00152,CRS019,3,91,100,2025-08-17,50,True
ASS0006033,STU00291,MOD00025,CRS004,1,85,100,2025-07-23,55,True
ASS0006034,STU00291,MOD00025,CRS004,2,74,100,2025-07-21,12,True
ASS0006035,STU00291,MOD00026,CRS004,1,63,100,2025-07-15,31,True
ASS0006036,STU00291,MOD00026,CRS004,2,42,100,2025-07-14,41,False
ASS0006037,STU00291,MOD00026,CRS004,3,77,100,2025-07-12,51,True
ASS0006038,STU00291,MOD00030,CRS004,1,56,100,2025-08-09,39,False
ASS0006039,STU00291,MOD00106,CRS014,1,84,100,2025-07-24,37,True
ASS0006040,STU00292,MOD00153,CRS020,1,53,100,2025-10-03,12,True
ASS0006041,STU00292,MOD00153,CRS020,2,73,100,2025-10-05,13,False
ASS0006042,STU00292,MOD00156,CRS020,1,73,100,2025-10-02,56,True
ASS0006043,STU00292,MOD00159,CRS020,1,69,100,2025-09-12,40,True
ASS0006044,STU00292,MOD00137,CRS018,1,66,100,2025-11-17,15,True
ASS0006045,STU00292,MOD00138,CRS018,1,70,100,2025-12-10,25,True
ASS0006046,STU00292,MOD00139,CRS018,1,80,100,2025-11-19,22,True
ASS0006047,STU00292,MOD00139,CRS018,2,36,100,2025-11-15,24,True
ASS0006048,STU00292,MOD00139,CRS018,3,66,100,2025-11-15,50,True
ASS0006049,STU00292,MOD00106,CRS014,1,67,100,2025-07-06,19,True
ASS0006050,STU00292,MOD00106,CRS014,2,39,100,2025-07-06,16,False
ASS0006051,STU00292,MOD00106,CRS014,3,95,100,2025-07-06,12,True
ASS0006052,STU00292,MOD00107,CRS014,1,64,100,2025-06-09,52,True
ASS0006053,STU00292,MOD00107,CRS014,2,99,100,2025-06-09,49,True
ASS0006054,STU00292,MOD00108,CRS014,1,35,100,2025-07-11,49,True
ASS0006055,STU00292,MOD00108,CRS014,2,62,100,2025-07-12,53,True
ASS0006056,STU00292,MOD00108,CRS014,3,59,100,2025-07-16,59,True
ASS0006057,STU00292,MOD00111,CRS014,1,83,100,2025-06-27,37,False
ASS0006058,STU00292,MOD00111,CRS014,2,64,100,2025-06-27,25,True
ASS0006059,STU00293,MOD00145,CRS019,1,83,100,2025-08-11,37,False
ASS0006060,STU00293,MOD00145,CRS019,2,76,100,2025-08-13,37,True
ASS0006061,STU00293,MOD00147,CRS019,1,96,100,2025-06-10,17,True
ASS0006062,STU00293,MOD00148,CRS019,1,71,100,2025-07-08,14,True
ASS0006063,STU00293,MOD00148,CRS019,2,56,100,2025-07-08,31,False
ASS0006064,STU00293,MOD00148,CRS019,3,65,100,2025-07-06,12,True
ASS0006065,STU00293,MOD00149,CRS019,1,30,100,2025-08-17,41,True
ASS0006066,STU00293,MOD00149,CRS019,2,79,100,2025-08-19,14,False
ASS0006067,STU00293,MOD00149,CRS019,3,94,100,2025-08-20,11,True
ASS0006068,STU00293,MOD00150,CRS019,1,57,100,2025-07-11,11,True
ASS0006069,STU00293,MOD00150,CRS019,2,69,100,2025-07-09,39,False
ASS0006070,STU00293,MOD00151,CRS019,1,82,100,2025-07-25,35,True
ASS0006071,STU00294,MOD00001,CRS001,1,90,100,2025-09-01,53,True
ASS0006072,STU00294,MOD00001,CRS001,2,100,100,2025-09-01,34,False
ASS0006073,STU00294,MOD00002,CRS001,1,92,100,2025-09-27,12,True
ASS0006074,STU00294,MOD00003,CRS001,1,46,100,2025-08-25,37,True
ASS0006075,STU00294,MOD00003,CRS001,2,55,100,2025-08-24,45,True
ASS0006076,STU00294,MOD00005,CRS001,1,45,100,2025-10-04,44,True
ASS0006077,STU00294,MOD00005,CRS001,2,43,100,2025-10-04,53,True
ASS0006078,STU00294,MOD00005,CRS001,3,86,100,2025-10-08,10,False
ASS0006079,STU00294,MOD00006,CRS001,1,62,100,2025-10-17,46,True
ASS0006080,STU00294,MOD00006,CRS001,2,53,100,2025-10-16,14,True
ASS0006081,STU00294,MOD00007,CRS001,1,38,100,2025-08-19,40,True
ASS0006082,STU00294,MOD00007,CRS001,2,37,100,2025-08-21,39,False
ASS0006083,STU00294,MOD00007,CRS001,3,66,100,2025-08-19,54,False
ASS0006084,STU00294,MOD00101,CRS013,1,68,100,2025-06-02,44,True
ASS0006085,STU00294,MOD00102,CRS013,1,84,100,2025-07-09,35,True
ASS0006086,STU00294,MOD00102,CRS013,2,62,100,2025-07-09,17,True
ASS0006087,STU00294,MOD00103,CRS013,1,99,100,2025-06-08,17,True
ASS0006088,STU00294,MOD00104,CRS013,1,54,100,2025-07-02,21,True
ASS0006089,STU00294,MOD00104,CRS013,2,89,100,2025-07-02,53,False
ASS0006090,STU00294,MOD00049,CRS007,1,34,100,2026-01-12,27,False
ASS0006091,STU00294,MOD00049,CRS007,2,89,100,2026-01-10,52,True
ASS0006092,STU00294,MOD00051,CRS007,1,68,100,2026-01-22,10,True
ASS0006093,STU00294,MOD00051,CRS007,2,87,100,2026-01-21,29,True
ASS0006094,STU00294,MOD00052,CRS007,1,53,100,2026-02-07,25,True
ASS0006095,STU00294,MOD00053,CRS007,1,70,100,2026-02-16,23,True
ASS0006096,STU00294,MOD00053,CRS007,2,86,100,2026-02-17,17,True
ASS0006097,STU00294,MOD00054,CRS007,1,49,100,2025-12-16,18,False
ASS0006098,STU00294,MOD00054,CRS007,2,55,100,2025-12-18,33,True
ASS0006099,STU00294,MOD00055,CRS007,1,36,100,2026-02-02,33,True
ASS0006100,STU00294,MOD00055,CRS007,2,77,100,2026-01-30,59,True
ASS0006101,STU00294,MOD00055,CRS007,3,86,100,2026-02-02,22,True
ASS0006102,STU00294,MOD00056,CRS007,1,58,100,2026-01-21,43,True
ASS0006103,STU00294,MOD00056,CRS007,2,68,100,2026-01-24,25,True
ASS0006104,STU00294,MOD00056,CRS007,3,88,100,2026-01-25,44,False
ASS0006105,STU00294,MOD00106,CRS014,1,86,100,2025-07-15,49,True
ASS0006106,STU00294,MOD00106,CRS014,2,92,100,2025-07-12,18,True
ASS0006107,STU00294,MOD00107,CRS014,1,34,100,2025-07-27,58,True
ASS0006108,STU00294,MOD00107,CRS014,2,84,100,2025-07-29,49,True
ASS0006109,STU00294,MOD00107,CRS014,3,56,100,2025-07-29,14,False
ASS0006110,STU00294,MOD00108,CRS014,1,50,100,2025-07-05,42,True
ASS0006111,STU00294,MOD00108,CRS014,2,50,100,2025-07-10,44,True
ASS0006112,STU00294,MOD00108,CRS014,3,63,100,2025-07-08,52,True
ASS0006113,STU00295,MOD00145,CRS019,1,96,100,2025-12-07,20,False
ASS0006114,STU00295,MOD00146,CRS019,1,64,100,2025-12-04,21,True
ASS0006115,STU00295,MOD00146,CRS019,2,63,100,2025-12-04,60,True
ASS0006116,STU00295,MOD00146,CRS019,3,87,100,2025-12-09,26,True
ASS0006117,STU00295,MOD00147,CRS019,1,86,100,2025-12-02,12,True
ASS0006118,STU00295,MOD00147,CRS019,2,92,100,2025-12-03,28,True
ASS0006119,STU00295,MOD00148,CRS019,1,61,100,2025-12-06,19,True
ASS0006120,STU00295,MOD00151,CRS019,1,74,100,2026-01-08,51,True
ASS0006121,STU00295,MOD00151,CRS019,2,42,100,2026-01-09,54,True
ASS0006122,STU00295,MOD00151,CRS019,3,68,100,2026-01-05,23,True
ASS0006123,STU00295,MOD00092,CRS012,1,41,100,2025-12-16,13,True
ASS0006124,STU00295,MOD00092,CRS012,2,62,100,2025-12-12,51,False
ASS0006125,STU00295,MOD00092,CRS012,3,51,100,2025-12-15,56,False
ASS0006126,STU00295,MOD00095,CRS012,1,67,100,2025-11-02,54,True
ASS0006127,STU00295,MOD00095,CRS012,2,68,100,2025-11-01,27,True
ASS0006128,STU00295,MOD00095,CRS012,3,97,100,2025-11-06,57,True
ASS0006129,STU00295,MOD00069,CRS009,1,77,100,2025-12-10,35,True
ASS0006130,STU00295,MOD00069,CRS009,2,59,100,2025-12-09,25,True
ASS0006131,STU00295,MOD00069,CRS009,3,63,100,2025-12-07,47,True
ASS0006132,STU00295,MOD00070,CRS009,1,36,100,2025-11-10,12,True
ASS0006133,STU00295,MOD00070,CRS009,2,63,100,2025-11-11,33,False
ASS0006134,STU00295,MOD00072,CRS009,1,81,100,2025-11-10,28,True
ASS0006135,STU00295,MOD00072,CRS009,2,63,100,2025-11-09,37,True
ASS0006136,STU00295,MOD00097,CRS013,1,48,100,2026-03-24,32,True
ASS0006137,STU00295,MOD00097,CRS013,2,87,100,2026-03-19,10,True
ASS0006138,STU00295,MOD00097,CRS013,3,69,100,2026-03-21,16,True
ASS0006139,STU00295,MOD00098,CRS013,1,53,100,2026-02-27,36,True
ASS0006140,STU00295,MOD00098,CRS013,2,100,100,2026-02-26,45,True
ASS0006141,STU00295,MOD00099,CRS013,1,57,100,2026-01-29,41,False
ASS0006142,STU00295,MOD00100,CRS013,1,50,100,2026-02-02,24,False
ASS0006143,STU00295,MOD00100,CRS013,2,30,100,2026-01-30,22,True
ASS0006144,STU00295,MOD00100,CRS013,3,52,100,2026-01-29,36,False
ASS0006145,STU00295,MOD00101,CRS013,1,91,100,2026-02-09,46,True
ASS0006146,STU00296,MOD00139,CRS018,1,81,100,2025-08-23,53,True
ASS0006147,STU00296,MOD00139,CRS018,2,64,100,2025-08-21,17,True
ASS0006148,STU00296,MOD00140,CRS018,1,73,100,2025-09-18,47,True
ASS0006149,STU00296,MOD00142,CRS018,1,56,100,2025-09-15,18,True
ASS0006150,STU00296,MOD00142,CRS018,2,79,100,2025-09-13,55,True
ASS0006151,STU00296,MOD00160,CRS020,1,32,100,2025-09-20,46,True
ASS0006152,STU00296,MOD00160,CRS020,2,51,100,2025-09-18,50,True
ASS0006153,STU00296,MOD00124,CRS016,1,53,100,2025-08-03,20,True
ASS0006154,STU00296,MOD00124,CRS016,2,98,100,2025-08-05,59,True
ASS0006155,STU00296,MOD00125,CRS016,1,94,100,2025-07-31,30,True
ASS0006156,STU00296,MOD00126,CRS016,1,56,100,2025-06-11,24,True
ASS0006157,STU00296,MOD00127,CRS016,1,30,100,2025-06-12,60,False
ASS0006158,STU00296,MOD00127,CRS016,2,78,100,2025-06-12,55,True
ASS0006159,STU00296,MOD00127,CRS016,3,67,100,2025-06-08,25,True
ASS0006160,STU00296,MOD00128,CRS016,1,90,100,2025-07-01,53,True
ASS0006161,STU00297,MOD00034,CRS005,1,58,100,2026-06-03,20,False
ASS0006162,STU00297,MOD00036,CRS005,1,34,100,2026-07-02,12,True
ASS0006163,STU00297,MOD00036,CRS005,2,84,100,2026-07-02,54,True
ASS0006164,STU00297,MOD00037,CRS005,1,66,100,2026-05-23,13,True
ASS0006165,STU00297,MOD00037,CRS005,2,56,100,2026-05-23,48,True
ASS0006166,STU00297,MOD00037,CRS005,3,95,100,2026-05-24,31,True
ASS0006167,STU00297,MOD00038,CRS005,1,95,100,2026-06-30,13,False
ASS0006168,STU00297,MOD00040,CRS005,1,76,100,2026-05-29,29,True
ASS0006169,STU00297,MOD00040,CRS005,2,52,100,2026-05-28,51,True
ASS0006170,STU00297,MOD00040,CRS005,3,75,100,2026-05-29,35,True
ASS0006171,STU00297,MOD00057,CRS008,1,39,100,2026-07-02,40,True
ASS0006172,STU00297,MOD00057,CRS008,2,49,100,2026-06-30,41,True
ASS0006173,STU00297,MOD00057,CRS008,3,51,100,2026-06-29,26,True
ASS0006174,STU00297,MOD00062,CRS008,1,76,100,2026-06-08,21,False
ASS0006175,STU00297,MOD00062,CRS008,2,48,100,2026-06-06,49,True
ASS0006176,STU00297,MOD00062,CRS008,3,92,100,2026-06-06,51,True
ASS0006177,STU00297,MOD00116,CRS015,1,58,100,2026-06-16,24,True
ASS0006178,STU00297,MOD00116,CRS015,2,37,100,2026-06-16,11,False
ASS0006179,STU00297,MOD00116,CRS015,3,78,100,2026-06-16,46,True
ASS0006180,STU00297,MOD00117,CRS015,1,94,100,2026-05-08,30,True
ASS0006181,STU00297,MOD00118,CRS015,1,59,100,2026-05-03,57,False
ASS0006182,STU00297,MOD00118,CRS015,2,52,100,2026-05-02,49,True
ASS0006183,STU00297,MOD00118,CRS015,3,53,100,2026-04-30,25,True
ASS0006184,STU00297,MOD00119,CRS015,1,49,100,2026-05-12,50,True
ASS0006185,STU00297,MOD00119,CRS015,2,77,100,2026-05-09,43,True
ASS0006186,STU00298,MOD00138,CRS018,1,44,100,2026-03-17,27,True
ASS0006187,STU00298,MOD00138,CRS018,2,70,100,2026-03-14,39,True
ASS0006188,STU00298,MOD00139,CRS018,1,71,100,2026-01-20,42,True
ASS0006189,STU00298,MOD00139,CRS018,2,54,100,2026-01-20,50,True
ASS0006190,STU00298,MOD00141,CRS018,1,58,100,2026-02-16,29,True
ASS0006191,STU00298,MOD00009,CRS002,1,43,100,2026-02-06,30,False
ASS0006192,STU00298,MOD00009,CRS002,2,64,100,2026-02-02,32,False
ASS0006193,STU00298,MOD00009,CRS002,3,57,100,2026-02-06,39,True
ASS0006194,STU00298,MOD00010,CRS002,1,89,100,2026-02-11,55,False
ASS0006195,STU00298,MOD00010,CRS002,2,54,100,2026-02-15,36,True
ASS0006196,STU00298,MOD00010,CRS002,3,100,100,2026-02-12,43,True
ASS0006197,STU00298,MOD00013,CRS002,1,51,100,2026-02-10,37,True
ASS0006198,STU00298,MOD00014,CRS002,1,30,100,2026-03-15,54,True
ASS0006199,STU00298,MOD00014,CRS002,2,86,100,2026-03-13,56,True
ASS0006200,STU00298,MOD00015,CRS002,1,59,100,2026-03-22,14,True
ASS0006201,STU00298,MOD00041,CRS006,1,79,100,2026-03-25,35,True
ASS0006202,STU00298,MOD00041,CRS006,2,75,100,2026-03-26,50,True
ASS0006203,STU00298,MOD00045,CRS006,1,73,100,2026-01-20,48,False
ASS0006204,STU00299,MOD00122,CRS016,1,99,100,2026-02-28,38,True
ASS0006205,STU00299,MOD00124,CRS016,1,35,100,2026-02-13,49,True
ASS0006206,STU00299,MOD00124,CRS016,2,95,100,2026-02-15,60,True
ASS0006207,STU00299,MOD00125,CRS016,1,64,100,2026-01-11,46,True
ASS0006208,STU00299,MOD00126,CRS016,1,51,100,2026-03-14,51,False
ASS0006209,STU00299,MOD00107,CRS014,1,61,100,2026-02-02,29,False
ASS0006210,STU00299,MOD00107,CRS014,2,41,100,2026-02-03,47,True
ASS0006211,STU00299,MOD00107,CRS014,3,64,100,2026-02-04,31,True
ASS0006212,STU00300,MOD00017,CRS003,1,31,100,2025-07-16,57,True
ASS0006213,STU00300,MOD00017,CRS003,2,89,100,2025-07-15,14,True
ASS0006214,STU00300,MOD00017,CRS003,3,51,100,2025-07-12,30,True
ASS0006215,STU00300,MOD00018,CRS003,1,87,100,2025-07-04,20,True
ASS0006216,STU00300,MOD00018,CRS003,2,63,100,2025-07-06,19,True
ASS0006217,STU00300,MOD00018,CRS003,3,51,100,2025-07-04,50,True
ASS0006218,STU00300,MOD00019,CRS003,1,38,100,2025-07-13,39,True
ASS0006219,STU00300,MOD00019,CRS003,2,68,100,2025-07-09,34,False
ASS0006220,STU00300,MOD00022,CRS003,1,72,100,2025-06-21,24,True
ASS0006221,STU00300,MOD00010,CRS002,1,90,100,2026-01-16,15,True
ASS0006222,STU00300,MOD00010,CRS002,2,72,100,2026-01-11,34,True
ASS0006223,STU00300,MOD00010,CRS002,3,53,100,2026-01-11,48,True
ASS0006224,STU00300,MOD00014,CRS002,1,78,100,2025-12-18,21,True
ASS0006225,STU00300,MOD00015,CRS002,1,53,100,2025-12-01,59,True
ASS0006226,STU00300,MOD00015,CRS002,2,78,100,2025-11-30,47,True
ASS0006227,STU00300,MOD00015,CRS002,3,67,100,2025-11-29,26,True
ASS0006228,STU00300,MOD00097,CRS013,1,83,100,2026-02-11,20,True
ASS0006229,STU00300,MOD00100,CRS013,1,83,100,2025-12-09,15,True
ASS0006230,STU00300,MOD00101,CRS013,1,38,100,2025-12-10,19,True
ASS0006231,STU00300,MOD00101,CRS013,2,80,100,2025-12-13,34,True
ASS0006232,STU00300,MOD00101,CRS013,3,80,100,2025-12-10,42,True
ASS0006233,STU00300,MOD00103,CRS013,1,69,100,2025-12-12,59,True
ASS0006234,STU00300,MOD00103,CRS013,2,60,100,2025-12-15,43,True
ASS0006235,STU00300,MOD00103,CRS013,3,69,100,2025-12-16,56,True
ASS0006236,STU00300,MOD00104,CRS013,1,59,100,2026-01-01,56,True
ASS0006237,STU00300,MOD00104,CRS013,2,62,100,2026-01-05,26,True
ASS0006238,STU00300,MOD00104,CRS013,3,83,100,2026-01-01,41,True
ASS0006239,STU00301,MOD00153,CRS020,1,68,100,2026-03-14,30,True
ASS0006240,STU00301,MOD00153,CRS020,2,63,100,2026-03-12,38,True
ASS0006241,STU00301,MOD00153,CRS020,3,59,100,2026-03-10,28,False
ASS0006242,STU00301,MOD00154,CRS020,1,52,100,2026-03-06,17,True
ASS0006243,STU00301,MOD00154,CRS020,2,53,100,2026-03-05,14,True
ASS0006244,STU00301,MOD00154,CRS020,3,77,100,2026-03-07,35,True
ASS0006245,STU00301,MOD00156,CRS020,1,59,100,2026-04-19,44,True
ASS0006246,STU00301,MOD00156,CRS020,2,58,100,2026-04-18,41,True
ASS0006247,STU00301,MOD00157,CRS020,1,51,100,2026-04-22,14,True
ASS0006248,STU00301,MOD00157,CRS020,2,77,100,2026-04-22,48,True
ASS0006249,STU00301,MOD00158,CRS020,1,44,100,2026-02-27,27,True
ASS0006250,STU00301,MOD00158,CRS020,2,33,100,2026-02-23,48,True
ASS0006251,STU00301,MOD00158,CRS020,3,64,100,2026-02-26,16,True
ASS0006252,STU00301,MOD00159,CRS020,1,85,100,2026-04-11,16,True
ASS0006253,STU00301,MOD00159,CRS020,2,53,100,2026-04-07,25,False
ASS0006254,STU00301,MOD00159,CRS020,3,70,100,2026-04-07,42,True
ASS0006255,STU00301,MOD00160,CRS020,1,79,100,2026-03-23,26,True
ASS0006256,STU00301,MOD00160,CRS020,2,63,100,2026-03-24,52,True
ASS0006257,STU00301,MOD00009,CRS002,1,32,100,2025-12-25,41,False
ASS0006258,STU00301,MOD00009,CRS002,2,68,100,2025-12-28,41,True
ASS0006259,STU00301,MOD00009,CRS002,3,61,100,2025-12-26,15,True
ASS0006260,STU00301,MOD00010,CRS002,1,57,100,2026-03-09,39,True
ASS0006261,STU00301,MOD00010,CRS002,2,51,100,2026-03-08,36,True
ASS0006262,STU00301,MOD00010,CRS002,3,92,100,2026-03-10,16,True
ASS0006263,STU00301,MOD00011,CRS002,1,71,100,2026-02-19,56,False
ASS0006264,STU00301,MOD00011,CRS002,2,69,100,2026-02-16,12,True
ASS0006265,STU00301,MOD00012,CRS002,1,74,100,2026-01-13,43,True
ASS0006266,STU00301,MOD00012,CRS002,2,56,100,2026-01-14,51,True
ASS0006267,STU00301,MOD00013,CRS002,1,44,100,2026-02-25,40,True
ASS0006268,STU00301,MOD00013,CRS002,2,72,100,2026-02-22,47,True
ASS0006269,STU00301,MOD00013,CRS002,3,52,100,2026-02-27,29,True
ASS0006270,STU00301,MOD00014,CRS002,1,84,100,2025-12-24,50,False
ASS0006271,STU00301,MOD00016,CRS002,1,97,100,2026-02-02,12,True
ASS0006272,STU00301,MOD00043,CRS006,1,81,100,2026-02-01,55,True
ASS0006273,STU00301,MOD00045,CRS006,1,49,100,2025-12-08,58,True
ASS0006274,STU00301,MOD00045,CRS006,2,44,100,2025-12-07,43,True
ASS0006275,STU00301,MOD00045,CRS006,3,55,100,2025-12-07,56,True
ASS0006276,STU00301,MOD00048,CRS006,1,64,100,2025-11-25,40,True
ASS0006277,STU00301,MOD00048,CRS006,2,62,100,2025-11-27,11,True
ASS0006278,STU00302,MOD00074,CRS010,1,65,100,2025-09-25,48,True
ASS0006279,STU00302,MOD00074,CRS010,2,65,100,2025-09-24,55,True
ASS0006280,STU00302,MOD00075,CRS010,1,62,100,2025-11-09,11,True
ASS0006281,STU00302,MOD00077,CRS010,1,60,100,2025-09-24,24,True
ASS0006282,STU00302,MOD00077,CRS010,2,42,100,2025-09-24,58,False
ASS0006283,STU00302,MOD00077,CRS010,3,67,100,2025-09-24,17,True
ASS0006284,STU00302,MOD00079,CRS010,1,74,100,2025-09-27,13,True
ASS0006285,STU00302,MOD00049,CRS007,1,32,100,2026-03-28,43,True
ASS0006286,STU00302,MOD00049,CRS007,2,89,100,2026-03-26,56,False
ASS0006287,STU00302,MOD00049,CRS007,3,80,100,2026-03-27,38,True
ASS0006288,STU00302,MOD00050,CRS007,1,83,100,2026-02-19,35,True
ASS0006289,STU00302,MOD00050,CRS007,2,51,100,2026-02-22,41,True
ASS0006290,STU00302,MOD00051,CRS007,1,50,100,2026-04-19,12,True
ASS0006291,STU00302,MOD00053,CRS007,1,84,100,2026-05-04,10,False
ASS0006292,STU00302,MOD00054,CRS007,1,83,100,2026-03-04,19,True
ASS0006293,STU00302,MOD00055,CRS007,1,94,100,2026-02-22,21,False
ASS0006294,STU00302,MOD00012,CRS002,1,57,100,2026-01-28,48,False
ASS0006295,STU00302,MOD00013,CRS002,1,83,100,2026-03-22,45,True
ASS0006296,STU00302,MOD00013,CRS002,2,50,100,2026-03-21,56,True
ASS0006297,STU00302,MOD00014,CRS002,1,87,100,2026-02-05,29,True
ASS0006298,STU00302,MOD00015,CRS002,1,59,100,2026-03-09,57,True
ASS0006299,STU00302,MOD00130,CRS017,1,44,100,2026-01-31,27,True
ASS0006300,STU00302,MOD00130,CRS017,2,75,100,2026-02-03,31,False
ASS0006301,STU00302,MOD00132,CRS017,1,70,100,2026-01-03,59,False
ASS0006302,STU00302,MOD00132,CRS017,2,75,100,2026-01-02,47,True
ASS0006303,STU00302,MOD00132,CRS017,3,68,100,2026-01-04,51,True
ASS0006304,STU00302,MOD00133,CRS017,1,39,100,2025-12-22,10,True
ASS0006305,STU00302,MOD00133,CRS017,2,34,100,2025-12-22,49,True
ASS0006306,STU00302,MOD00133,CRS017,3,70,100,2025-12-22,11,True
ASS0006307,STU00302,MOD00134,CRS017,1,87,100,2026-03-12,53,True
ASS0006308,STU00302,MOD00134,CRS017,2,71,100,2026-03-10,23,False
ASS0006309,STU00302,MOD00135,CRS017,1,56,100,2026-02-07,51,True
ASS0006310,STU00302,MOD00135,CRS017,2,100,100,2026-02-06,54,True
ASS0006311,STU00302,MOD00136,CRS017,1,57,100,2026-01-10,39,True
ASS0006312,STU00302,MOD00061,CRS008,1,49,100,2025-12-25,50,True
ASS0006313,STU00302,MOD00061,CRS008,2,77,100,2025-12-24,17,True
ASS0006314,STU00303,MOD00066,CRS009,1,50,100,2026-05-09,46,True
ASS0006315,STU00303,MOD00066,CRS009,2,49,100,2026-05-09,51,True
ASS0006316,STU00303,MOD00066,CRS009,3,94,100,2026-05-09,27,True
ASS0006317,STU00303,MOD00067,CRS009,1,35,100,2026-04-17,50,True
ASS0006318,STU00303,MOD00067,CRS009,2,71,100,2026-04-16,54,True
ASS0006319,STU00303,MOD00067,CRS009,3,76,100,2026-04-15,16,True
ASS0006320,STU00303,MOD00068,CRS009,1,50,100,2026-06-20,45,True
ASS0006321,STU00303,MOD00068,CRS009,2,73,100,2026-06-18,35,True
ASS0006322,STU00303,MOD00068,CRS009,3,99,100,2026-06-23,59,True
ASS0006323,STU00303,MOD00070,CRS009,1,37,100,2026-04-30,31,True
ASS0006324,STU00303,MOD00070,CRS009,2,31,100,2026-05-02,50,True
ASS0006325,STU00303,MOD00070,CRS009,3,71,100,2026-04-29,10,False
ASS0006326,STU00303,MOD00071,CRS009,1,73,100,2026-06-08,16,True
ASS0006327,STU00303,MOD00071,CRS009,2,62,100,2026-06-03,24,True
ASS0006328,STU00303,MOD00072,CRS009,1,67,100,2026-04-06,16,True
ASS0006329,STU00303,MOD00072,CRS009,2,60,100,2026-04-02,50,True
ASS0006330,STU00304,MOD00097,CRS013,1,34,100,2026-04-08,17,True
ASS0006331,STU00304,MOD00097,CRS013,2,85,100,2026-04-05,43,True
ASS0006332,STU00304,MOD00097,CRS013,3,89,100,2026-04-07,31,True
ASS0006333,STU00304,MOD00099,CRS013,1,55,100,2026-03-25,11,False
ASS0006334,STU00304,MOD00100,CRS013,1,35,100,2026-03-16,49,True
ASS0006335,STU00304,MOD00100,CRS013,2,97,100,2026-03-16,56,True
ASS0006336,STU00304,MOD00101,CRS013,1,49,100,2026-03-17,32,True
ASS0006337,STU00304,MOD00101,CRS013,2,45,100,2026-03-16,58,False
ASS0006338,STU00304,MOD00101,CRS013,3,73,100,2026-03-17,38,False
ASS0006339,STU00304,MOD00103,CRS013,1,49,100,2026-04-05,11,True
ASS0006340,STU00304,MOD00103,CRS013,2,54,100,2026-04-04,49,True
ASS0006341,STU00304,MOD00103,CRS013,3,87,100,2026-04-04,51,True
ASS0006342,STU00304,MOD00154,CRS020,1,47,100,2026-01-24,45,False
ASS0006343,STU00304,MOD00154,CRS020,2,96,100,2026-01-20,47,True
ASS0006344,STU00304,MOD00155,CRS020,1,68,100,2026-02-27,51,True
ASS0006345,STU00304,MOD00155,CRS020,2,63,100,2026-02-27,17,True
ASS0006346,STU00304,MOD00155,CRS020,3,71,100,2026-02-26,47,True
ASS0006347,STU00304,MOD00156,CRS020,1,74,100,2026-02-24,37,True
ASS0006348,STU00304,MOD00156,CRS020,2,30,100,2026-02-25,25,True
ASS0006349,STU00304,MOD00156,CRS020,3,94,100,2026-02-24,40,True
ASS0006350,STU00304,MOD00157,CRS020,1,92,100,2026-02-07,17,True
ASS0006351,STU00304,MOD00158,CRS020,1,44,100,2026-03-17,45,True
ASS0006352,STU00304,MOD00158,CRS020,2,67,100,2026-03-16,25,True
ASS0006353,STU00304,MOD00158,CRS020,3,87,100,2026-03-18,12,True
ASS0006354,STU00304,MOD00160,CRS020,1,44,100,2026-03-23,44,True
ASS0006355,STU00304,MOD00160,CRS020,2,76,100,2026-03-25,47,True
ASS0006356,STU00304,MOD00049,CRS007,1,48,100,2026-03-02,47,True
ASS0006357,STU00304,MOD00049,CRS007,2,91,100,2026-03-01,10,True
ASS0006358,STU00305,MOD00138,CRS018,1,85,100,2026-04-29,28,True
ASS0006359,STU00305,MOD00138,CRS018,2,62,100,2026-04-27,44,True
ASS0006360,STU00305,MOD00141,CRS018,1,65,100,2026-04-17,56,True
ASS0006361,STU00305,MOD00143,CRS018,1,86,100,2026-02-08,38,False
ASS0006362,STU00306,MOD00147,CRS019,1,74,100,2026-06-01,30,True
ASS0006363,STU00306,MOD00147,CRS019,2,84,100,2026-06-03,23,True
ASS0006364,STU00306,MOD00147,CRS019,3,59,100,2026-06-02,41,True
ASS0006365,STU00306,MOD00148,CRS019,1,85,100,2026-06-03,38,True
ASS0006366,STU00306,MOD00149,CRS019,1,63,100,2026-05-03,34,True
ASS0006367,STU00306,MOD00149,CRS019,2,86,100,2026-05-06,39,True
ASS0006368,STU00306,MOD00149,CRS019,3,85,100,2026-05-06,12,True
ASS0006369,STU00306,MOD00150,CRS019,1,94,100,2026-03-23,16,True
ASS0006370,STU00306,MOD00151,CRS019,1,67,100,2026-05-03,47,True
ASS0006371,STU00306,MOD00151,CRS019,2,64,100,2026-05-03,50,True
ASS0006372,STU00306,MOD00092,CRS012,1,77,100,2026-01-05,23,True
ASS0006373,STU00306,MOD00092,CRS012,2,72,100,2026-01-06,41,True
ASS0006374,STU00306,MOD00159,CRS020,1,74,100,2025-12-31,51,True
ASS0006375,STU00306,MOD00071,CRS009,1,83,100,2025-12-19,57,True
ASS0006376,STU00306,MOD00057,CRS008,1,48,100,2026-02-03,60,True
ASS0006377,STU00306,MOD00057,CRS008,2,64,100,2026-02-08,16,True
ASS0006378,STU00306,MOD00057,CRS008,3,66,100,2026-02-06,41,True
ASS0006379,STU00306,MOD00060,CRS008,1,76,100,2026-02-01,24,True
ASS0006380,STU00306,MOD00060,CRS008,2,86,100,2026-02-01,44,True
ASS0006381,STU00306,MOD00060,CRS008,3,51,100,2026-02-02,13,True
ASS0006382,STU00306,MOD00061,CRS008,1,49,100,2025-12-30,16,False
ASS0006383,STU00306,MOD00061,CRS008,2,71,100,2025-12-31,28,True
ASS0006384,STU00306,MOD00062,CRS008,1,83,100,2026-01-25,38,True
ASS0006385,STU00306,MOD00063,CRS008,1,51,100,2026-02-26,12,False
ASS0006386,STU00307,MOD00129,CRS017,1,50,100,2025-12-05,25,True
ASS0006387,STU00307,MOD00130,CRS017,1,38,100,2025-11-15,40,True
ASS0006388,STU00307,MOD00130,CRS017,2,36,100,2025-11-17,50,True
ASS0006389,STU00307,MOD00130,CRS017,3,83,100,2025-11-17,24,False
ASS0006390,STU00307,MOD00131,CRS017,1,69,100,2025-10-07,45,True
ASS0006391,STU00307,MOD00131,CRS017,2,99,100,2025-10-04,42,True
ASS0006392,STU00307,MOD00132,CRS017,1,88,100,2025-11-09,55,True
ASS0006393,STU00307,MOD00132,CRS017,2,52,100,2025-11-08,48,True
ASS0006394,STU00307,MOD00133,CRS017,1,76,100,2025-12-22,54,True
ASS0006395,STU00307,MOD00133,CRS017,2,91,100,2025-12-25,56,True
ASS0006396,STU00307,MOD00134,CRS017,1,82,100,2025-12-11,28,True
ASS0006397,STU00307,MOD00135,CRS017,1,70,100,2025-12-15,39,True
ASS0006398,STU00307,MOD00135,CRS017,2,60,100,2025-12-12,11,False
ASS0006399,STU00307,MOD00136,CRS017,1,66,100,2025-11-23,23,True
ASS0006400,STU00307,MOD00136,CRS017,2,65,100,2025-11-20,59,False
ASS0006401,STU00307,MOD00136,CRS017,3,57,100,2025-11-20,53,False
ASS0006402,STU00307,MOD00026,CRS004,1,64,100,2025-09-03,35,False
ASS0006403,STU00307,MOD00026,CRS004,2,57,100,2025-08-31,34,True
ASS0006404,STU00307,MOD00026,CRS004,3,84,100,2025-08-31,58,True
ASS0006405,STU00307,MOD00027,CRS004,1,79,100,2025-07-13,44,True
ASS0006406,STU00307,MOD00027,CRS004,2,87,100,2025-07-13,49,True
ASS0006407,STU00307,MOD00028,CRS004,1,78,100,2025-10-04,22,False
ASS0006408,STU00307,MOD00030,CRS004,1,51,100,2025-07-22,21,True
ASS0006409,STU00307,MOD00031,CRS004,1,65,100,2025-07-14,39,True
ASS0006410,STU00307,MOD00031,CRS004,2,86,100,2025-07-11,28,True
ASS0006411,STU00307,MOD00031,CRS004,3,71,100,2025-07-10,53,True
ASS0006412,STU00307,MOD00138,CRS018,1,66,100,2025-09-08,60,True
ASS0006413,STU00307,MOD00138,CRS018,2,58,100,2025-09-05,41,True
ASS0006414,STU00307,MOD00139,CRS018,1,74,100,2025-08-21,59,True
ASS0006415,STU00307,MOD00139,CRS018,2,58,100,2025-08-22,31,False
ASS0006416,STU00307,MOD00142,CRS018,1,68,100,2025-09-07,47,False
ASS0006417,STU00307,MOD00017,CRS003,1,32,100,2026-05-15,50,True
ASS0006418,STU00307,MOD00017,CRS003,2,95,100,2026-05-14,28,True
ASS0006419,STU00307,MOD00018,CRS003,1,62,100,2026-03-15,24,True
ASS0006420,STU00307,MOD00019,CRS003,1,88,100,2026-03-16,51,True
ASS0006421,STU00307,MOD00020,CRS003,1,41,100,2026-04-09,54,True
ASS0006422,STU00307,MOD00020,CRS003,2,76,100,2026-04-06,20,True
ASS0006423,STU00307,MOD00020,CRS003,3,54,100,2026-04-08,33,False
ASS0006424,STU00307,MOD00021,CRS003,1,84,100,2026-04-10,15,True
ASS0006425,STU00307,MOD00021,CRS003,2,84,100,2026-04-07,18,True
ASS0006426,STU00308,MOD00140,CRS018,1,93,100,2026-06-14,38,False
ASS0006427,STU00308,MOD00142,CRS018,1,59,100,2026-07-08,23,True
ASS0006428,STU00308,MOD00148,CRS019,1,35,100,2026-06-13,48,True
ASS0006429,STU00308,MOD00148,CRS019,2,66,100,2026-06-13,23,False
ASS0006430,STU00308,MOD00148,CRS019,3,63,100,2026-06-10,53,True
ASS0006431,STU00308,MOD00149,CRS019,1,58,100,2026-04-20,27,True
ASS0006432,STU00308,MOD00149,CRS019,2,71,100,2026-04-23,31,False
ASS0006433,STU00308,MOD00149,CRS019,3,60,100,2026-04-24,39,True
ASS0006434,STU00308,MOD00151,CRS019,1,73,100,2026-05-11,10,True
ASS0006435,STU00308,MOD00151,CRS019,2,82,100,2026-05-12,36,True
ASS0006436,STU00308,MOD00151,CRS019,3,50,100,2026-05-13,54,True
ASS0006437,STU00308,MOD00068,CRS009,1,48,100,2026-04-15,52,False
ASS0006438,STU00308,MOD00068,CRS009,2,98,100,2026-04-20,39,False
ASS0006439,STU00308,MOD00071,CRS009,1,61,100,2026-05-31,24,True
ASS0006440,STU00308,MOD00071,CRS009,2,73,100,2026-05-26,46,True
ASS0006441,STU00308,MOD00072,CRS009,1,96,100,2026-05-21,25,False
ASS0006442,STU00309,MOD00081,CRS011,1,85,100,2026-02-03,47,True
ASS0006443,STU00309,MOD00082,CRS011,1,37,100,2026-01-05,42,True
ASS0006444,STU00309,MOD00082,CRS011,2,77,100,2025-12-31,53,False
ASS0006445,STU00309,MOD00083,CRS011,1,47,100,2026-01-11,22,False
ASS0006446,STU00309,MOD00083,CRS011,2,56,100,2026-01-07,20,True
ASS0006447,STU00309,MOD00085,CRS011,1,72,100,2026-02-11,27,True
ASS0006448,STU00309,MOD00115,CRS015,1,87,100,2025-12-29,35,True
ASS0006449,STU00309,MOD00115,CRS015,2,75,100,2025-12-28,29,True
ASS0006450,STU00309,MOD00115,CRS015,3,95,100,2025-12-29,31,False
ASS0006451,STU00310,MOD00121,CRS016,1,58,100,2026-02-26,52,False
ASS0006452,STU00310,MOD00121,CRS016,2,86,100,2026-02-26,24,True
ASS0006453,STU00310,MOD00124,CRS016,1,71,100,2026-01-27,42,False
ASS0006454,STU00310,MOD00125,CRS016,1,50,100,2026-03-09,10,True
ASS0006455,STU00310,MOD00125,CRS016,2,53,100,2026-03-09,58,False
ASS0006456,STU00310,MOD00125,CRS016,3,55,100,2026-03-12,29,True
ASS0006457,STU00310,MOD00127,CRS016,1,88,100,2026-04-02,38,True
ASS0006458,STU00310,MOD00127,CRS016,2,83,100,2026-04-02,57,False
ASS0006459,STU00310,MOD00127,CRS016,3,93,100,2026-04-02,37,True
ASS0006460,STU00311,MOD00097,CRS013,1,66,100,2026-03-06,31,True
ASS0006461,STU00311,MOD00098,CRS013,1,39,100,2026-03-18,58,True
ASS0006462,STU00311,MOD00098,CRS013,2,65,100,2026-03-19,51,True
ASS0006463,STU00311,MOD00098,CRS013,3,95,100,2026-03-18,36,False
ASS0006464,STU00311,MOD00103,CRS013,1,86,100,2026-04-11,51,True
ASS0006465,STU00311,MOD00104,CRS013,1,77,100,2026-04-12,59,True
ASS0006466,STU00311,MOD00104,CRS013,2,31,100,2026-04-12,39,True
ASS0006467,STU00311,MOD00104,CRS013,3,77,100,2026-04-09,50,True
ASS0006468,STU00312,MOD00057,CRS008,1,72,100,2025-10-09,23,True
ASS0006469,STU00312,MOD00057,CRS008,2,72,100,2025-10-09,12,False
ASS0006470,STU00312,MOD00059,CRS008,1,65,100,2025-11-11,39,True
ASS0006471,STU00312,MOD00059,CRS008,2,85,100,2025-11-15,15,False
ASS0006472,STU00312,MOD00059,CRS008,3,93,100,2025-11-11,38,True
ASS0006473,STU00312,MOD00060,CRS008,1,52,100,2025-11-26,43,True
ASS0006474,STU00312,MOD00061,CRS008,1,85,100,2025-11-02,51,True
ASS0006475,STU00312,MOD00061,CRS008,2,72,100,2025-11-06,33,True
ASS0006476,STU00312,MOD00082,CRS011,1,65,100,2025-05-08,45,True
ASS0006477,STU00312,MOD00082,CRS011,2,82,100,2025-05-04,32,True
ASS0006478,STU00312,MOD00082,CRS011,3,89,100,2025-05-08,52,True
ASS0006479,STU00312,MOD00084,CRS011,1,55,100,2025-06-27,43,True
ASS0006480,STU00312,MOD00085,CRS011,1,64,100,2025-06-14,50,True
ASS0006481,STU00312,MOD00085,CRS011,2,65,100,2025-06-10,60,True
ASS0006482,STU00312,MOD00085,CRS011,3,72,100,2025-06-15,52,True
ASS0006483,STU00312,MOD00086,CRS011,1,51,100,2025-07-07,47,True
ASS0006484,STU00313,MOD00004,CRS001,1,55,100,2025-11-06,38,True
ASS0006485,STU00313,MOD00004,CRS001,2,53,100,2025-11-05,44,False
ASS0006486,STU00313,MOD00005,CRS001,1,64,100,2025-10-31,10,True
ASS0006487,STU00313,MOD00005,CRS001,2,55,100,2025-11-04,56,True
ASS0006488,STU00313,MOD00006,CRS001,1,81,100,2025-11-13,27,True
ASS0006489,STU00313,MOD00067,CRS009,1,52,100,2025-09-23,58,False
ASS0006490,STU00313,MOD00069,CRS009,1,73,100,2025-10-07,36,True
ASS0006491,STU00313,MOD00073,CRS010,1,37,100,2025-06-25,14,False
ASS0006492,STU00313,MOD00073,CRS010,2,76,100,2025-06-26,27,True
ASS0006493,STU00313,MOD00073,CRS010,3,73,100,2025-06-28,39,True
ASS0006494,STU00313,MOD00074,CRS010,1,71,100,2025-08-07,48,True
ASS0006495,STU00313,MOD00074,CRS010,2,80,100,2025-08-07,43,False
ASS0006496,STU00313,MOD00074,CRS010,3,59,100,2025-08-06,11,False
ASS0006497,STU00313,MOD00076,CRS010,1,61,100,2025-06-30,34,True
ASS0006498,STU00313,MOD00076,CRS010,2,75,100,2025-07-01,45,True
ASS0006499,STU00313,MOD00077,CRS010,1,35,100,2025-07-11,49,False
ASS0006500,STU00313,MOD00077,CRS010,2,51,100,2025-07-13,29,True
ASS0006501,STU00313,MOD00079,CRS010,1,86,100,2025-08-08,51,False
ASS0006502,STU00313,MOD00080,CRS010,1,72,100,2025-07-17,57,False
ASS0006503,STU00313,MOD00080,CRS010,2,67,100,2025-07-17,53,False
ASS0006504,STU00313,MOD00017,CRS003,1,62,100,2026-04-08,38,True
ASS0006505,STU00313,MOD00018,CRS003,1,86,100,2026-03-02,14,True
ASS0006506,STU00313,MOD00020,CRS003,1,96,100,2026-02-27,55,False
ASS0006507,STU00313,MOD00022,CRS003,1,44,100,2026-04-05,54,True
ASS0006508,STU00313,MOD00022,CRS003,2,92,100,2026-04-03,49,True
ASS0006509,STU00314,MOD00092,CRS012,1,80,100,2025-12-09,38,True
ASS0006510,STU00314,MOD00050,CRS007,1,77,100,2025-10-31,28,False
ASS0006511,STU00314,MOD00052,CRS007,1,74,100,2025-09-02,30,True
ASS0006512,STU00314,MOD00053,CRS007,1,42,100,2025-08-31,33,True
ASS0006513,STU00314,MOD00053,CRS007,2,79,100,2025-08-29,58,True
ASS0006514,STU00314,MOD00055,CRS007,1,84,100,2025-11-05,53,False
ASS0006515,STU00314,MOD00056,CRS007,1,83,100,2025-09-07,58,True
ASS0006516,STU00314,MOD00056,CRS007,2,61,100,2025-09-10,30,True
ASS0006517,STU00314,MOD00056,CRS007,3,72,100,2025-09-08,16,True
ASS0006518,STU00314,MOD00065,CRS009,1,64,100,2025-10-31,45,True
ASS0006519,STU00314,MOD00065,CRS009,2,84,100,2025-11-01,52,True
ASS0006520,STU00314,MOD00065,CRS009,3,51,100,2025-11-04,29,True
ASS0006521,STU00314,MOD00066,CRS009,1,98,100,2025-11-16,12,True
ASS0006522,STU00314,MOD00067,CRS009,1,31,100,2025-09-01,25,True
ASS0006523,STU00314,MOD00067,CRS009,2,67,100,2025-09-01,35,True
ASS0006524,STU00314,MOD00069,CRS009,1,60,100,2025-11-10,14,True
ASS0006525,STU00314,MOD00069,CRS009,2,70,100,2025-11-13,33,False
ASS0006526,STU00314,MOD00069,CRS009,3,81,100,2025-11-12,22,True
ASS0006527,STU00314,MOD00070,CRS009,1,82,100,2025-11-08,29,True
ASS0006528,STU00314,MOD00070,CRS009,2,70,100,2025-11-08,40,True
ASS0006529,STU00315,MOD00121,CRS016,1,73,100,2026-05-06,17,True
ASS0006530,STU00315,MOD00121,CRS016,2,41,100,2026-05-03,52,False
ASS0006531,STU00315,MOD00121,CRS016,3,81,100,2026-05-04,44,True
ASS0006532,STU00315,MOD00127,CRS016,1,75,100,2026-03-12,23,True
ASS0006533,STU00315,MOD00127,CRS016,2,62,100,2026-03-12,22,True
ASS0006534,STU00315,MOD00127,CRS016,3,81,100,2026-03-11,45,True
ASS0006535,STU00315,MOD00128,CRS016,1,58,100,2026-04-10,17,True
ASS0006536,STU00315,MOD00128,CRS016,2,93,100,2026-04-11,35,True
ASS0006537,STU00315,MOD00050,CRS007,1,71,100,2026-03-20,28,True
ASS0006538,STU00315,MOD00050,CRS007,2,46,100,2026-03-18,11,True
ASS0006539,STU00315,MOD00050,CRS007,3,64,100,2026-03-19,55,True
ASS0006540,STU00315,MOD00051,CRS007,1,59,100,2026-03-09,50,True
ASS0006541,STU00315,MOD00052,CRS007,1,86,100,2026-02-08,46,False
ASS0006542,STU00315,MOD00052,CRS007,2,78,100,2026-02-11,20,True
ASS0006543,STU00315,MOD00052,CRS007,3,66,100,2026-02-12,53,True
ASS0006544,STU00315,MOD00053,CRS007,1,66,100,2026-03-29,33,True
ASS0006545,STU00315,MOD00053,CRS007,2,68,100,2026-03-26,30,True
ASS0006546,STU00315,MOD00053,CRS007,3,71,100,2026-03-24,44,False
ASS0006547,STU00315,MOD00054,CRS007,1,90,100,2026-04-25,39,True
ASS0006548,STU00315,MOD00054,CRS007,2,61,100,2026-04-26,26,False
ASS0006549,STU00315,MOD00056,CRS007,1,62,100,2026-03-02,22,True
ASS0006550,STU00315,MOD00056,CRS007,2,94,100,2026-03-04,20,True
ASS0006551,STU00316,MOD00049,CRS007,1,83,100,2025-08-11,11,True
ASS0006552,STU00316,MOD00055,CRS007,1,67,100,2025-10-10,10,True
ASS0006553,STU00316,MOD00055,CRS007,2,31,100,2025-10-07,41,False
ASS0006554,STU00316,MOD00055,CRS007,3,83,100,2025-10-05,41,True
ASS0006555,STU00316,MOD00059,CRS008,1,67,100,2026-01-16,42,False
ASS0006556,STU00316,MOD00158,CRS020,1,43,100,2026-02-07,50,False
ASS0006557,STU00316,MOD00158,CRS020,2,31,100,2026-02-03,46,True
ASS0006558,STU00316,MOD00158,CRS020,3,80,100,2026-02-07,24,True
ASS0006559,STU00316,MOD00159,CRS020,1,39,100,2026-04-19,48,True
ASS0006560,STU00316,MOD00159,CRS020,2,70,100,2026-04-20,11,False
ASS0006561,STU00317,MOD00025,CRS004,1,90,100,2025-12-31,53,True
ASS0006562,STU00317,MOD00025,CRS004,2,40,100,2026-01-03,44,True
ASS0006563,STU00317,MOD00025,CRS004,3,72,100,2025-12-31,14,True
ASS0006564,STU00317,MOD00028,CRS004,1,61,100,2025-12-18,56,False
ASS0006565,STU00317,MOD00028,CRS004,2,80,100,2025-12-17,25,True
ASS0006566,STU00318,MOD00155,CRS020,1,44,100,2025-11-11,38,True
ASS0006567,STU00318,MOD00155,CRS020,2,99,100,2025-11-12,51,True
ASS0006568,STU00318,MOD00008,CRS001,1,64,100,2025-10-15,17,True
ASS0006569,STU00318,MOD00137,CRS018,1,45,100,2025-12-06,56,True
ASS0006570,STU00318,MOD00137,CRS018,2,84,100,2025-12-09,20,True
ASS0006571,STU00318,MOD00141,CRS018,1,71,100,2026-02-22,23,True
ASS0006572,STU00318,MOD00141,CRS018,2,67,100,2026-02-23,47,True
ASS0006573,STU00318,MOD00141,CRS018,3,78,100,2026-02-23,40,True
ASS0006574,STU00318,MOD00143,CRS018,1,50,100,2026-01-14,54,True
ASS0006575,STU00318,MOD00009,CRS002,1,90,100,2025-11-28,34,True
ASS0006576,STU00318,MOD00011,CRS002,1,35,100,2025-12-24,45,True
ASS0006577,STU00318,MOD00011,CRS002,2,75,100,2025-12-22,47,True
ASS0006578,STU00318,MOD00015,CRS002,1,84,100,2026-01-02,43,False
ASS0006579,STU00318,MOD00015,CRS002,2,92,100,2025-12-31,39,True
ASS0006580,STU00318,MOD00016,CRS002,1,64,100,2025-12-12,23,True
ASS0006581,STU00318,MOD00016,CRS002,2,73,100,2025-12-16,58,False
ASS0006582,STU00318,MOD00016,CRS002,3,84,100,2025-12-12,25,True
ASS0006583,STU00319,MOD00066,CRS009,1,31,100,2026-06-27,57,False
ASS0006584,STU00319,MOD00066,CRS009,2,88,100,2026-07-02,30,True
ASS0006585,STU00319,MOD00066,CRS009,3,81,100,2026-07-01,50,False
ASS0006586,STU00319,MOD00067,CRS009,1,84,100,2026-06-17,54,True
ASS0006587,STU00319,MOD00069,CRS009,1,96,100,2026-04-12,54,True
ASS0006588,STU00319,MOD00070,CRS009,1,82,100,2026-04-16,47,True
ASS0006589,STU00319,MOD00123,CRS016,1,44,100,2026-05-17,14,False
ASS0006590,STU00319,MOD00123,CRS016,2,87,100,2026-05-13,18,False
ASS0006591,STU00319,MOD00124,CRS016,1,63,100,2026-03-08,36,False
ASS0006592,STU00319,MOD00124,CRS016,2,54,100,2026-03-07,25,True
ASS0006593,STU00319,MOD00125,CRS016,1,85,100,2026-02-14,53,True
ASS0006594,STU00319,MOD00126,CRS016,1,60,100,2026-04-02,13,False
ASS0006595,STU00319,MOD00126,CRS016,2,73,100,2026-04-03,57,True
ASS0006596,STU00319,MOD00043,CRS006,1,60,100,2026-04-15,46,True
ASS0006597,STU00319,MOD00043,CRS006,2,72,100,2026-04-14,51,True
ASS0006598,STU00319,MOD00047,CRS006,1,45,100,2026-02-16,10,True
ASS0006599,STU00319,MOD00047,CRS006,2,72,100,2026-02-18,36,True
ASS0006600,STU00319,MOD00047,CRS006,3,83,100,2026-02-21,60,True
ASS0006601,STU00319,MOD00131,CRS017,1,91,100,2026-03-09,38,True
ASS0006602,STU00319,MOD00133,CRS017,1,86,100,2026-04-20,56,True
ASS0006603,STU00319,MOD00135,CRS017,1,57,100,2026-03-19,21,True
ASS0006604,STU00319,MOD00135,CRS017,2,51,100,2026-03-18,14,True
ASS0006605,STU00319,MOD00136,CRS017,1,89,100,2026-03-03,14,True
ASS0006606,STU00319,MOD00136,CRS017,2,84,100,2026-03-04,56,True
ASS0006607,STU00319,MOD00153,CRS020,1,34,100,2026-03-30,38,True
ASS0006608,STU00319,MOD00153,CRS020,2,72,100,2026-04-01,41,True
ASS0006609,STU00319,MOD00153,CRS020,3,98,100,2026-04-02,12,True
ASS0006610,STU00319,MOD00157,CRS020,1,41,100,2026-04-03,54,False
ASS0006611,STU00319,MOD00157,CRS020,2,83,100,2026-03-30,27,True
ASS0006612,STU00319,MOD00157,CRS020,3,92,100,2026-03-30,54,True
ASS0006613,STU00319,MOD00158,CRS020,1,51,100,2026-03-10,47,False
ASS0006614,STU00320,MOD00009,CRS002,1,66,100,2026-02-21,11,True
ASS0006615,STU00320,MOD00009,CRS002,2,67,100,2026-02-22,43,True
ASS0006616,STU00320,MOD00012,CRS002,1,36,100,2026-03-01,23,True
ASS0006617,STU00320,MOD00012,CRS002,2,63,100,2026-03-03,36,True
ASS0006618,STU00320,MOD00013,CRS002,1,51,100,2026-04-16,53,True
ASS0006619,STU00320,MOD00015,CRS002,1,91,100,2026-02-16,11,False
ASS0006620,STU00320,MOD00016,CRS002,1,75,100,2026-02-05,24,True
ASS0006621,STU00320,MOD00016,CRS002,2,67,100,2026-02-03,18,True
ASS0006622,STU00320,MOD00129,CRS017,1,61,100,2025-11-25,43,True
ASS0006623,STU00320,MOD00130,CRS017,1,64,100,2025-12-10,10,True
ASS0006624,STU00320,MOD00130,CRS017,2,51,100,2025-12-10,16,True
ASS0006625,STU00320,MOD00131,CRS017,1,79,100,2025-10-29,52,True
ASS0006626,STU00320,MOD00132,CRS017,1,62,100,2025-10-01,18,False
ASS0006627,STU00320,MOD00132,CRS017,2,31,100,2025-10-01,44,True
ASS0006628,STU00320,MOD00132,CRS017,3,80,100,2025-10-03,36,True
ASS0006629,STU00320,MOD00135,CRS017,1,90,100,2025-10-19,48,True
ASS0006630,STU00320,MOD00136,CRS017,1,99,100,2025-11-25,20,True
ASS0006631,STU00320,MOD00090,CRS012,1,67,100,2026-03-21,59,True
ASS0006632,STU00320,MOD00090,CRS012,2,91,100,2026-03-25,18,True
ASS0006633,STU00320,MOD00091,CRS012,1,32,100,2026-03-29,35,True
ASS0006634,STU00320,MOD00091,CRS012,2,78,100,2026-03-26,33,False
ASS0006635,STU00320,MOD00091,CRS012,3,73,100,2026-03-29,39,True
ASS0006636,STU00320,MOD00092,CRS012,1,58,100,2026-02-20,25,True
ASS0006637,STU00320,MOD00092,CRS012,2,68,100,2026-02-20,53,True
ASS0006638,STU00320,MOD00094,CRS012,1,70,100,2026-03-05,28,True
ASS0006639,STU00320,MOD00094,CRS012,2,89,100,2026-03-04,52,True
ASS0006640,STU00320,MOD00095,CRS012,1,48,100,2026-02-09,37,True
ASS0006641,STU00320,MOD00095,CRS012,2,81,100,2026-02-09,10,True
ASS0006642,STU00320,MOD00095,CRS012,3,65,100,2026-02-12,11,True
ASS0006643,STU00320,MOD00096,CRS012,1,62,100,2026-03-11,13,True
ASS0006644,STU00320,MOD00096,CRS012,2,56,100,2026-03-14,54,False
ASS0006645,STU00320,MOD00099,CRS013,1,80,100,2025-11-09,32,False
ASS0006646,STU00320,MOD00099,CRS013,2,89,100,2025-11-09,12,True
ASS0006647,STU00320,MOD00100,CRS013,1,79,100,2025-11-17,54,True
ASS0006648,STU00320,MOD00101,CRS013,1,56,100,2025-12-28,52,True
ASS0006649,STU00320,MOD00101,CRS013,2,62,100,2025-12-27,49,True
ASS0006650,STU00320,MOD00104,CRS013,1,87,100,2025-11-27,18,True
ASS0006651,STU00320,MOD00104,CRS013,2,87,100,2025-11-24,17,True
ASS0006652,STU00320,MOD00046,CRS006,1,76,100,2025-07-09,31,True
ASS0006653,STU00320,MOD00046,CRS006,2,81,100,2025-07-11,25,True
ASS0006654,STU00320,MOD00047,CRS006,1,43,100,2025-09-05,48,True
ASS0006655,STU00320,MOD00047,CRS006,2,99,100,2025-09-03,14,True
ASS0006656,STU00320,MOD00048,CRS006,1,76,100,2025-08-21,12,True
ASS0006657,STU00321,MOD00099,CRS013,1,88,100,2025-12-18,38,True
ASS0006658,STU00321,MOD00102,CRS013,1,76,100,2026-01-19,51,False
ASS0006659,STU00321,MOD00102,CRS013,2,55,100,2026-01-22,49,True
ASS0006660,STU00321,MOD00102,CRS013,3,80,100,2026-01-18,56,False
ASS0006661,STU00321,MOD00146,CRS019,1,35,100,2025-08-01,39,True
ASS0006662,STU00321,MOD00146,CRS019,2,34,100,2025-08-02,34,True
ASS0006663,STU00321,MOD00146,CRS019,3,87,100,2025-08-01,22,True
ASS0006664,STU00321,MOD00147,CRS019,1,35,100,2025-06-25,31,True
ASS0006665,STU00321,MOD00147,CRS019,2,54,100,2025-06-22,58,True
ASS0006666,STU00321,MOD00147,CRS019,3,60,100,2025-06-23,18,True
ASS0006667,STU00321,MOD00148,CRS019,1,38,100,2025-08-09,50,True
ASS0006668,STU00321,MOD00148,CRS019,2,78,100,2025-08-05,28,True
ASS0006669,STU00321,MOD00152,CRS019,1,59,100,2025-08-24,58,True
ASS0006670,STU00321,MOD00152,CRS019,2,89,100,2025-08-19,14,True
ASS0006671,STU00321,MOD00152,CRS019,3,78,100,2025-08-22,35,True
ASS0006672,STU00322,MOD00044,CRS006,1,56,100,2026-05-24,57,True
ASS0006673,STU00322,MOD00044,CRS006,2,37,100,2026-05-25,24,True
ASS0006674,STU00322,MOD00044,CRS006,3,67,100,2026-05-23,46,True
ASS0006675,STU00322,MOD00047,CRS006,1,35,100,2026-04-11,30,True
ASS0006676,STU00322,MOD00047,CRS006,2,50,100,2026-04-10,42,True
ASS0006677,STU00322,MOD00137,CRS018,1,74,100,2026-04-13,13,False
ASS0006678,STU00322,MOD00137,CRS018,2,73,100,2026-04-13,43,True
ASS0006679,STU00322,MOD00138,CRS018,1,85,100,2026-02-21,35,False
ASS0006680,STU00322,MOD00139,CRS018,1,98,100,2026-03-21,25,True
ASS0006681,STU00322,MOD00140,CRS018,1,48,100,2026-02-19,59,False
ASS0006682,STU00322,MOD00140,CRS018,2,50,100,2026-02-18,21,False
ASS0006683,STU00322,MOD00141,CRS018,1,64,100,2026-04-03,18,False
ASS0006684,STU00322,MOD00143,CRS018,1,31,100,2026-05-02,46,False
ASS0006685,STU00322,MOD00143,CRS018,2,59,100,2026-05-03,49,True
ASS0006686,STU00322,MOD00144,CRS018,1,30,100,2026-04-26,48,True
ASS0006687,STU00322,MOD00144,CRS018,2,89,100,2026-04-28,21,True
ASS0006688,STU00322,MOD00066,CRS009,1,65,100,2026-04-21,46,True
ASS0006689,STU00322,MOD00068,CRS009,1,92,100,2026-04-12,10,False
ASS0006690,STU00322,MOD00069,CRS009,1,60,100,2026-04-02,54,True
ASS0006691,STU00323,MOD00041,CRS006,1,57,100,2026-01-26,27,False
ASS0006692,STU00323,MOD00044,CRS006,1,74,100,2025-11-23,18,True
ASS0006693,STU00323,MOD00045,CRS006,1,80,100,2026-01-17,57,True
ASS0006694,STU00323,MOD00047,CRS006,1,32,100,2026-01-13,35,True
ASS0006695,STU00323,MOD00047,CRS006,2,87,100,2026-01-08,42,True
ASS0006696,STU00323,MOD00048,CRS006,1,40,100,2026-01-09,39,True
ASS0006697,STU00323,MOD00048,CRS006,2,57,100,2026-01-07,11,True
ASS0006698,STU00323,MOD00048,CRS006,3,60,100,2026-01-07,10,True
ASS0006699,STU00323,MOD00121,CRS016,1,79,100,2025-11-04,47,True
ASS0006700,STU00323,MOD00123,CRS016,1,67,100,2025-11-22,60,True
ASS0006701,STU00323,MOD00123,CRS016,2,87,100,2025-11-20,12,True
ASS0006702,STU00323,MOD00123,CRS016,3,85,100,2025-11-21,11,True
ASS0006703,STU00323,MOD00124,CRS016,1,99,100,2025-10-02,56,True
ASS0006704,STU00323,MOD00126,CRS016,1,79,100,2025-11-19,20,True
ASS0006705,STU00323,MOD00127,CRS016,1,61,100,2025-11-05,57,True
ASS0006706,STU00323,MOD00127,CRS016,2,43,100,2025-11-02,43,True
ASS0006707,STU00323,MOD00127,CRS016,3,94,100,2025-11-03,28,True
ASS0006708,STU00323,MOD00106,CRS014,1,78,100,2026-01-30,13,False
ASS0006709,STU00323,MOD00107,CRS014,1,41,100,2025-12-01,44,True
ASS0006710,STU00323,MOD00107,CRS014,2,78,100,2025-11-30,12,True
ASS0006711,STU00323,MOD00107,CRS014,3,72,100,2025-12-01,28,True
ASS0006712,STU00323,MOD00108,CRS014,1,91,100,2025-11-21,36,True
ASS0006713,STU00323,MOD00112,CRS014,1,69,100,2026-01-23,17,False
ASS0006714,STU00323,MOD00112,CRS014,2,66,100,2026-01-20,25,True
ASS0006715,STU00324,MOD00113,CRS015,1,86,100,2025-09-10,38,True
ASS0006716,STU00324,MOD00113,CRS015,2,33,100,2025-09-08,50,True
ASS0006717,STU00324,MOD00113,CRS015,3,99,100,2025-09-09,31,True
ASS0006718,STU00324,MOD00114,CRS015,1,66,100,2025-08-18,45,True
ASS0006719,STU00324,MOD00116,CRS015,1,47,100,2025-09-09,23,False
ASS0006720,STU00324,MOD00116,CRS015,2,64,100,2025-09-06,34,False
ASS0006721,STU00324,MOD00117,CRS015,1,41,100,2025-08-07,21,True
ASS0006722,STU00324,MOD00117,CRS015,2,52,100,2025-08-04,59,True
ASS0006723,STU00324,MOD00120,CRS015,1,34,100,2025-07-18,52,True
ASS0006724,STU00324,MOD00120,CRS015,2,43,100,2025-07-17,57,True
ASS0006725,STU00324,MOD00120,CRS015,3,95,100,2025-07-17,26,True
ASS0006726,STU00324,MOD00033,CRS005,1,51,100,2025-06-29,59,False
ASS0006727,STU00324,MOD00033,CRS005,2,66,100,2025-06-28,59,False
ASS0006728,STU00324,MOD00036,CRS005,1,39,100,2025-05-30,13,True
ASS0006729,STU00324,MOD00036,CRS005,2,60,100,2025-06-01,53,True
ASS0006730,STU00324,MOD00037,CRS005,1,83,100,2025-05-27,59,True
ASS0006731,STU00324,MOD00038,CRS005,1,90,100,2025-06-21,51,True
ASS0006732,STU00324,MOD00038,CRS005,2,79,100,2025-06-18,56,False
ASS0006733,STU00324,MOD00038,CRS005,3,65,100,2025-06-21,50,True
ASS0006734,STU00324,MOD00040,CRS005,1,79,100,2025-06-26,54,True
ASS0006735,STU00324,MOD00040,CRS005,2,44,100,2025-06-24,60,True
ASS0006736,STU00324,MOD00040,CRS005,3,89,100,2025-06-27,28,True
ASS0006737,STU00325,MOD00106,CRS014,1,51,100,2026-04-17,18,False
ASS0006738,STU00325,MOD00107,CRS014,1,40,100,2026-04-26,37,True
ASS0006739,STU00325,MOD00107,CRS014,2,59,100,2026-04-27,45,True
ASS0006740,STU00325,MOD00107,CRS014,3,76,100,2026-04-27,33,False
ASS0006741,STU00325,MOD00109,CRS014,1,80,100,2026-03-24,10,True
ASS0006742,STU00325,MOD00110,CRS014,1,31,100,2026-02-02,20,True
ASS0006743,STU00325,MOD00110,CRS014,2,62,100,2026-02-02,11,True
ASS0006744,STU00326,MOD00121,CRS016,1,44,100,2026-01-20,21,False
ASS0006745,STU00326,MOD00121,CRS016,2,33,100,2026-01-24,52,False
ASS0006746,STU00326,MOD00121,CRS016,3,63,100,2026-01-20,10,False
ASS0006747,STU00326,MOD00124,CRS016,1,53,100,2026-02-15,13,False
ASS0006748,STU00326,MOD00126,CRS016,1,90,100,2026-04-06,45,True
ASS0006749,STU00326,MOD00126,CRS016,2,37,100,2026-04-07,22,True
ASS0006750,STU00326,MOD00126,CRS016,3,83,100,2026-04-04,42,False
ASS0006751,STU00326,MOD00001,CRS001,1,37,100,2025-10-21,16,True
ASS0006752,STU00326,MOD00001,CRS001,2,82,100,2025-10-19,20,True
ASS0006753,STU00326,MOD00004,CRS001,1,48,100,2025-10-14,15,True
ASS0006754,STU00326,MOD00004,CRS001,2,61,100,2025-10-09,28,False
ASS0006755,STU00326,MOD00006,CRS001,1,52,100,2025-09-28,33,True
ASS0006756,STU00326,MOD00006,CRS001,2,88,100,2025-10-02,42,True
ASS0006757,STU00326,MOD00006,CRS001,3,53,100,2025-09-29,40,True
ASS0006758,STU00326,MOD00007,CRS001,1,70,100,2025-09-17,29,True
ASS0006759,STU00327,MOD00137,CRS018,1,95,100,2026-01-02,13,True
ASS0006760,STU00327,MOD00138,CRS018,1,72,100,2025-11-25,18,True
ASS0006761,STU00327,MOD00138,CRS018,2,63,100,2025-11-25,40,False
ASS0006762,STU00327,MOD00138,CRS018,3,94,100,2025-11-24,43,True
ASS0006763,STU00327,MOD00139,CRS018,1,49,100,2025-10-12,60,True
ASS0006764,STU00327,MOD00139,CRS018,2,75,100,2025-10-13,21,True
ASS0006765,STU00327,MOD00141,CRS018,1,68,100,2025-10-21,35,False
ASS0006766,STU00327,MOD00143,CRS018,1,61,100,2025-11-08,48,True
ASS0006767,STU00327,MOD00143,CRS018,2,82,100,2025-11-07,19,True
ASS0006768,STU00327,MOD00144,CRS018,1,89,100,2025-12-13,10,False
ASS0006769,STU00327,MOD00082,CRS011,1,48,100,2026-01-21,60,False
ASS0006770,STU00327,MOD00082,CRS011,2,32,100,2026-01-22,37,True
ASS0006771,STU00327,MOD00082,CRS011,3,53,100,2026-01-18,38,True
ASS0006772,STU00327,MOD00083,CRS011,1,97,100,2026-02-11,39,True
ASS0006773,STU00327,MOD00085,CRS011,1,66,100,2026-02-10,25,False
ASS0006774,STU00327,MOD00086,CRS011,1,67,100,2025-12-13,49,True
ASS0006775,STU00327,MOD00088,CRS011,1,32,100,2026-03-06,55,False
ASS0006776,STU00327,MOD00088,CRS011,2,73,100,2026-03-08,21,True
ASS0006777,STU00327,MOD00123,CRS016,1,99,100,2025-05-31,41,True
ASS0006778,STU00327,MOD00073,CRS010,1,72,100,2026-02-12,45,True
ASS0006779,STU00327,MOD00075,CRS010,1,98,100,2026-02-23,26,True
ASS0006780,STU00327,MOD00077,CRS010,1,64,100,2026-04-29,42,False
ASS0006781,STU00327,MOD00077,CRS010,2,53,100,2026-05-04,52,True
ASS0006782,STU00327,MOD00077,CRS010,3,78,100,2026-04-29,25,True
ASS0006783,STU00327,MOD00078,CRS010,1,86,100,2026-04-24,10,True
ASS0006784,STU00327,MOD00078,CRS010,2,44,100,2026-04-25,47,True
ASS0006785,STU00327,MOD00078,CRS010,3,95,100,2026-04-23,47,True
ASS0006786,STU00327,MOD00079,CRS010,1,95,100,2026-05-06,52,True
ASS0006787,STU00327,MOD00065,CRS009,1,39,100,2026-04-02,55,True
ASS0006788,STU00327,MOD00065,CRS009,2,74,100,2026-04-02,29,True
ASS0006789,STU00327,MOD00068,CRS009,1,83,100,2026-03-12,37,False
ASS0006790,STU00328,MOD00121,CRS016,1,65,100,2026-04-15,34,False
ASS0006791,STU00328,MOD00121,CRS016,2,81,100,2026-04-11,22,True
ASS0006792,STU00328,MOD00121,CRS016,3,59,100,2026-04-14,24,True
ASS0006793,STU00328,MOD00122,CRS016,1,72,100,2026-03-27,46,False
ASS0006794,STU00328,MOD00122,CRS016,2,79,100,2026-03-22,50,True
ASS0006795,STU00328,MOD00123,CRS016,1,78,100,2026-03-30,30,True
ASS0006796,STU00328,MOD00123,CRS016,2,44,100,2026-04-02,47,True
ASS0006797,STU00328,MOD00123,CRS016,3,69,100,2026-04-01,56,True
ASS0006798,STU00328,MOD00125,CRS016,1,71,100,2026-03-29,30,True
ASS0006799,STU00328,MOD00126,CRS016,1,54,100,2026-03-14,53,False
ASS0006800,STU00328,MOD00126,CRS016,2,35,100,2026-03-11,21,True
ASS0006801,STU00328,MOD00126,CRS016,3,51,100,2026-03-15,58,True
ASS0006802,STU00328,MOD00128,CRS016,1,79,100,2026-04-13,18,True
ASS0006803,STU00328,MOD00128,CRS016,2,85,100,2026-04-15,16,False
ASS0006804,STU00328,MOD00028,CRS004,1,89,100,2026-01-19,29,True
ASS0006805,STU00328,MOD00028,CRS004,2,56,100,2026-01-21,50,True
ASS0006806,STU00328,MOD00028,CRS004,3,81,100,2026-01-17,42,True
ASS0006807,STU00328,MOD00029,CRS004,1,66,100,2026-02-05,53,True
ASS0006808,STU00328,MOD00029,CRS004,2,63,100,2026-02-05,41,True
ASS0006809,STU00328,MOD00029,CRS004,3,63,100,2026-02-07,22,True
ASS0006810,STU00328,MOD00030,CRS004,1,71,100,2026-01-08,57,True
ASS0006811,STU00328,MOD00030,CRS004,2,87,100,2026-01-08,31,True
ASS0006812,STU00328,MOD00030,CRS004,3,99,100,2026-01-11,30,True
ASS0006813,STU00328,MOD00031,CRS004,1,62,100,2026-02-23,29,True
ASS0006814,STU00328,MOD00031,CRS004,2,71,100,2026-02-20,54,True
ASS0006815,STU00328,MOD00031,CRS004,3,72,100,2026-02-22,32,True
ASS0006816,STU00328,MOD00032,CRS004,1,86,100,2026-02-19,11,True
ASS0006817,STU00328,MOD00032,CRS004,2,95,100,2026-02-23,60,True
ASS0006818,STU00328,MOD00118,CRS015,1,88,100,2025-04-18,31,True
ASS0006819,STU00328,MOD00119,CRS015,1,96,100,2025-07-03,14,True
ASS0006820,STU00329,MOD00065,CRS009,1,84,100,2025-10-12,14,True
ASS0006821,STU00329,MOD00065,CRS009,2,96,100,2025-10-09,31,True
ASS0006822,STU00329,MOD00070,CRS009,1,51,100,2025-10-20,38,True
ASS0006823,STU00329,MOD00070,CRS009,2,65,100,2025-10-20,48,True
ASS0006824,STU00329,MOD00071,CRS009,1,56,100,2025-11-09,15,True
ASS0006825,STU00329,MOD00071,CRS009,2,90,100,2025-11-07,59,True
ASS0006826,STU00329,MOD00071,CRS009,3,65,100,2025-11-10,29,True
ASS0006827,STU00329,MOD00090,CRS012,1,41,100,2025-09-27,51,True
ASS0006828,STU00329,MOD00090,CRS012,2,69,100,2025-09-29,30,True
ASS0006829,STU00329,MOD00091,CRS012,1,57,100,2025-08-20,35,False
ASS0006830,STU00329,MOD00091,CRS012,2,82,100,2025-08-25,46,True
ASS0006831,STU00329,MOD00091,CRS012,3,96,100,2025-08-23,35,True
ASS0006832,STU00329,MOD00094,CRS012,1,57,100,2025-09-20,10,True
ASS0006833,STU00329,MOD00095,CRS012,1,51,100,2025-11-13,29,True
ASS0006834,STU00329,MOD00096,CRS012,1,88,100,2025-11-06,32,True
ASS0006835,STU00329,MOD00096,CRS012,2,90,100,2025-11-03,35,False
ASS0006836,STU00329,MOD00001,CRS001,1,84,100,2025-11-04,60,True
ASS0006837,STU00329,MOD00001,CRS001,2,32,100,2025-11-05,33,True
ASS0006838,STU00329,MOD00001,CRS001,3,57,100,2025-11-09,13,True
ASS0006839,STU00329,MOD00003,CRS001,1,88,100,2025-11-25,22,False
ASS0006840,STU00329,MOD00003,CRS001,2,55,100,2025-11-20,17,True
ASS0006841,STU00329,MOD00003,CRS001,3,68,100,2025-11-22,15,False
ASS0006842,STU00329,MOD00004,CRS001,1,59,100,2026-01-17,39,False
ASS0006843,STU00329,MOD00004,CRS001,2,65,100,2026-01-16,39,False
ASS0006844,STU00329,MOD00005,CRS001,1,98,100,2025-11-11,15,True
ASS0006845,STU00329,MOD00006,CRS001,1,49,100,2025-12-01,18,True
ASS0006846,STU00329,MOD00006,CRS001,2,59,100,2025-12-06,12,False
ASS0006847,STU00329,MOD00006,CRS001,3,62,100,2025-12-03,34,True
ASS0006848,STU00329,MOD00007,CRS001,1,77,100,2026-01-08,19,True
ASS0006849,STU00329,MOD00105,CRS014,1,77,100,2025-10-23,49,True
ASS0006850,STU00329,MOD00105,CRS014,2,65,100,2025-10-26,58,True
ASS0006851,STU00329,MOD00105,CRS014,3,87,100,2025-10-24,55,True
ASS0006852,STU00329,MOD00108,CRS014,1,57,100,2025-09-10,13,True
ASS0006853,STU00329,MOD00108,CRS014,2,86,100,2025-09-10,31,True
ASS0006854,STU00329,MOD00109,CRS014,1,75,100,2025-10-17,46,False
ASS0006855,STU00329,MOD00109,CRS014,2,51,100,2025-10-20,58,True
ASS0006856,STU00329,MOD00109,CRS014,3,61,100,2025-10-18,54,True
ASS0006857,STU00329,MOD00110,CRS014,1,33,100,2025-09-06,11,False
ASS0006858,STU00329,MOD00110,CRS014,2,54,100,2025-09-05,16,True
ASS0006859,STU00329,MOD00110,CRS014,3,62,100,2025-09-05,53,True
ASS0006860,STU00329,MOD00111,CRS014,1,47,100,2025-11-15,58,False
ASS0006861,STU00329,MOD00111,CRS014,2,74,100,2025-11-15,24,False
ASS0006862,STU00329,MOD00112,CRS014,1,65,100,2025-10-22,11,True
ASS0006863,STU00329,MOD00026,CRS004,1,52,100,2026-01-29,20,False
ASS0006864,STU00329,MOD00026,CRS004,2,63,100,2026-02-02,22,True
ASS0006865,STU00329,MOD00026,CRS004,3,50,100,2026-01-30,34,True
ASS0006866,STU00329,MOD00028,CRS004,1,77,100,2025-11-19,53,True
ASS0006867,STU00329,MOD00028,CRS004,2,76,100,2025-11-22,14,False
ASS0006868,STU00329,MOD00028,CRS004,3,68,100,2025-11-19,35,True
ASS0006869,STU00329,MOD00030,CRS004,1,62,100,2026-01-04,41,True
ASS0006870,STU00329,MOD00030,CRS004,2,64,100,2026-01-05,26,True
ASS0006871,STU00329,MOD00030,CRS004,3,54,100,2026-01-02,59,False
ASS0006872,STU00329,MOD00031,CRS004,1,88,100,2025-11-16,40,True
ASS0006873,STU00329,MOD00032,CRS004,1,74,100,2026-01-01,19,True
ASS0006874,STU00330,MOD00042,CRS006,1,81,100,2025-08-09,47,True
ASS0006875,STU00330,MOD00043,CRS006,1,98,100,2025-09-12,56,False
ASS0006876,STU00330,MOD00044,CRS006,1,59,100,2025-09-16,10,True
ASS0006877,STU00330,MOD00046,CRS006,1,87,100,2025-08-16,52,True
ASS0006878,STU00330,MOD00046,CRS006,2,31,100,2025-08-16,49,False
ASS0006879,STU00330,MOD00046,CRS006,3,71,100,2025-08-15,18,True
ASS0006880,STU00330,MOD00047,CRS006,1,49,100,2025-09-04,19,True
ASS0006881,STU00330,MOD00047,CRS006,2,45,100,2025-09-05,54,True
ASS0006882,STU00330,MOD00047,CRS006,3,56,100,2025-09-09,19,False
ASS0006883,STU00330,MOD00048,CRS006,1,71,100,2025-09-18,41,False
ASS0006884,STU00330,MOD00073,CRS010,1,61,100,2025-12-19,26,True
ASS0006885,STU00330,MOD00075,CRS010,1,87,100,2026-02-27,54,True
ASS0006886,STU00330,MOD00075,CRS010,2,75,100,2026-02-28,54,False
ASS0006887,STU00330,MOD00076,CRS010,1,56,100,2026-01-02,25,True
ASS0006888,STU00330,MOD00076,CRS010,2,94,100,2026-01-04,48,False
ASS0006889,STU00330,MOD00077,CRS010,1,36,100,2026-01-04,25,True
ASS0006890,STU00330,MOD00077,CRS010,2,61,100,2026-01-05,48,True
ASS0006891,STU00330,MOD00078,CRS010,1,82,100,2025-12-20,29,False
ASS0006892,STU00330,MOD00078,CRS010,2,89,100,2025-12-21,27,True
ASS0006893,STU00330,MOD00079,CRS010,1,75,100,2026-01-21,50,True
ASS0006894,STU00330,MOD00079,CRS010,2,84,100,2026-01-22,46,False
ASS0006895,STU00330,MOD00089,CRS012,1,65,100,2025-10-22,23,False
ASS0006896,STU00330,MOD00089,CRS012,2,75,100,2025-10-19,33,True
ASS0006897,STU00330,MOD00090,CRS012,1,66,100,2025-09-22,11,True
ASS0006898,STU00330,MOD00090,CRS012,2,31,100,2025-09-18,50,True
ASS0006899,STU00330,MOD00090,CRS012,3,52,100,2025-09-22,42,True
ASS0006900,STU00330,MOD00083,CRS011,1,50,100,2025-12-15,31,True
ASS0006901,STU00330,MOD00083,CRS011,2,78,100,2025-12-17,15,True
ASS0006902,STU00330,MOD00085,CRS011,1,41,100,2026-01-31,18,True
ASS0006903,STU00330,MOD00085,CRS011,2,62,100,2026-02-02,27,True
ASS0006904,STU00330,MOD00087,CRS011,1,94,100,2025-12-20,40,False
ASS0006905,STU00330,MOD00088,CRS011,1,41,100,2025-11-06,18,True
ASS0006906,STU00330,MOD00088,CRS011,2,50,100,2025-11-07,15,True
ASS0006907,STU00330,MOD00121,CRS016,1,88,100,2026-05-28,28,True
ASS0006908,STU00330,MOD00122,CRS016,1,68,100,2026-05-25,17,True
ASS0006909,STU00330,MOD00123,CRS016,1,37,100,2026-05-03,56,False
ASS0006910,STU00330,MOD00123,CRS016,2,55,100,2026-05-07,43,True
ASS0006911,STU00330,MOD00124,CRS016,1,70,100,2026-04-23,51,False
ASS0006912,STU00330,MOD00127,CRS016,1,55,100,2026-04-04,25,True
ASS0006913,STU00330,MOD00127,CRS016,2,38,100,2026-03-31,35,True
ASS0006914,STU00330,MOD00127,CRS016,3,84,100,2026-04-02,19,True
ASS0006915,STU00330,MOD00128,CRS016,1,62,100,2026-04-08,40,False
ASS0006916,STU00331,MOD00041,CRS006,1,55,100,2025-09-08,48,False
ASS0006917,STU00331,MOD00041,CRS006,2,72,100,2025-09-11,32,True
ASS0006918,STU00331,MOD00044,CRS006,1,82,100,2025-10-17,52,True
ASS0006919,STU00331,MOD00045,CRS006,1,56,100,2025-09-25,23,True
ASS0006920,STU00331,MOD00046,CRS006,1,56,100,2025-10-13,27,True
ASS0006921,STU00331,MOD00046,CRS006,2,53,100,2025-10-14,28,True
ASS0006922,STU00331,MOD00047,CRS006,1,83,100,2025-08-28,54,True
ASS0006923,STU00331,MOD00047,CRS006,2,33,100,2025-08-29,40,True
ASS0006924,STU00331,MOD00047,CRS006,3,91,100,2025-08-30,42,False
ASS0006925,STU00331,MOD00048,CRS006,1,79,100,2025-10-06,42,True
ASS0006926,STU00331,MOD00084,CRS011,1,69,100,2026-05-05,58,False
ASS0006927,STU00331,MOD00084,CRS011,2,71,100,2026-05-04,19,True
ASS0006928,STU00331,MOD00084,CRS011,3,89,100,2026-05-01,32,False
ASS0006929,STU00331,MOD00085,CRS011,1,33,100,2026-04-22,20,True
ASS0006930,STU00331,MOD00085,CRS011,2,78,100,2026-04-23,29,False
ASS0006931,STU00331,MOD00085,CRS011,3,51,100,2026-04-23,21,False
ASS0006932,STU00331,MOD00086,CRS011,1,52,100,2026-05-27,57,True
ASS0006933,STU00331,MOD00087,CRS011,1,86,100,2026-06-13,60,False
ASS0006934,STU00331,MOD00087,CRS011,2,85,100,2026-06-10,32,True
ASS0006935,STU00331,MOD00088,CRS011,1,63,100,2026-05-02,28,True
ASS0006936,STU00332,MOD00018,CRS003,1,91,100,2025-12-02,59,False
ASS0006937,STU00332,MOD00019,CRS003,1,62,100,2025-10-28,13,True
ASS0006938,STU00332,MOD00020,CRS003,1,48,100,2025-11-27,26,True
ASS0006939,STU00332,MOD00020,CRS003,2,80,100,2025-11-29,17,True
ASS0006940,STU00332,MOD00020,CRS003,3,61,100,2025-11-28,26,True
ASS0006941,STU00332,MOD00021,CRS003,1,82,100,2025-10-14,44,True
ASS0006942,STU00332,MOD00021,CRS003,2,59,100,2025-10-19,45,True
ASS0006943,STU00332,MOD00021,CRS003,3,87,100,2025-10-15,11,True
ASS0006944,STU00332,MOD00156,CRS020,1,59,100,2026-04-21,47,True
ASS0006945,STU00332,MOD00156,CRS020,2,60,100,2026-04-20,37,True
ASS0006946,STU00332,MOD00157,CRS020,1,85,100,2026-06-24,54,True
ASS0006947,STU00332,MOD00157,CRS020,2,98,100,2026-06-25,50,False
ASS0006948,STU00332,MOD00160,CRS020,1,73,100,2026-06-07,17,True
ASS0006949,STU00332,MOD00160,CRS020,2,77,100,2026-06-04,50,True
ASS0006950,STU00332,MOD00081,CRS011,1,74,100,2025-08-05,33,True
ASS0006951,STU00332,MOD00081,CRS011,2,33,100,2025-08-07,24,False
ASS0006952,STU00332,MOD00081,CRS011,3,66,100,2025-08-07,60,True
ASS0006953,STU00332,MOD00086,CRS011,1,91,100,2025-07-09,39,True
ASS0006954,STU00332,MOD00087,CRS011,1,75,100,2025-08-03,60,True
ASS0006955,STU00332,MOD00088,CRS011,1,53,100,2025-05-21,13,True
ASS0006956,STU00332,MOD00088,CRS011,2,30,100,2025-05-25,49,True
ASS0006957,STU00332,MOD00088,CRS011,3,68,100,2025-05-25,39,True
ASS0006958,STU00333,MOD00068,CRS009,1,86,100,2026-03-14,23,True
ASS0006959,STU00333,MOD00072,CRS009,1,99,100,2026-03-21,59,True
ASS0006960,STU00333,MOD00116,CRS015,1,87,100,2026-05-24,52,True
ASS0006961,STU00333,MOD00117,CRS015,1,83,100,2026-06-04,54,True
ASS0006962,STU00333,MOD00118,CRS015,1,92,100,2026-06-16,43,True
ASS0006963,STU00333,MOD00089,CRS012,1,66,100,2026-02-24,26,True
ASS0006964,STU00333,MOD00089,CRS012,2,74,100,2026-02-20,25,True
ASS0006965,STU00333,MOD00091,CRS012,1,76,100,2026-02-26,34,True
ASS0006966,STU00333,MOD00091,CRS012,2,87,100,2026-03-03,53,True
ASS0006967,STU00333,MOD00092,CRS012,1,33,100,2026-02-28,47,False
ASS0006968,STU00333,MOD00092,CRS012,2,62,100,2026-02-23,10,True
ASS0006969,STU00333,MOD00092,CRS012,3,64,100,2026-02-23,20,True
ASS0006970,STU00333,MOD00094,CRS012,1,83,100,2026-02-14,59,True
ASS0006971,STU00333,MOD00095,CRS012,1,37,100,2026-02-14,51,False
ASS0006972,STU00333,MOD00095,CRS012,2,89,100,2026-02-13,54,True
ASS0006973,STU00333,MOD00096,CRS012,1,87,100,2026-02-04,35,False
ASS0006974,STU00333,MOD00096,CRS012,2,78,100,2026-02-03,15,True
ASS0006975,STU00333,MOD00130,CRS017,1,61,100,2025-12-24,28,True
ASS0006976,STU00333,MOD00130,CRS017,2,79,100,2025-12-26,41,True
ASS0006977,STU00333,MOD00130,CRS017,3,96,100,2025-12-24,55,True
ASS0006978,STU00333,MOD00133,CRS017,1,72,100,2026-02-25,45,False
ASS0006979,STU00333,MOD00133,CRS017,2,48,100,2026-02-25,41,True
ASS0006980,STU00333,MOD00133,CRS017,3,86,100,2026-02-28,59,True
ASS0006981,STU00333,MOD00136,CRS017,1,55,100,2026-01-17,22,True
ASS0006982,STU00334,MOD00065,CRS009,1,64,100,2025-08-03,46,True
ASS0006983,STU00334,MOD00065,CRS009,2,73,100,2025-08-01,39,False
ASS0006984,STU00334,MOD00065,CRS009,3,87,100,2025-08-05,25,True
ASS0006985,STU00334,MOD00066,CRS009,1,54,100,2025-08-10,41,False
ASS0006986,STU00334,MOD00070,CRS009,1,50,100,2025-07-28,28,True
ASS0006987,STU00334,MOD00070,CRS009,2,54,100,2025-07-28,34,False
ASS0006988,STU00334,MOD00070,CRS009,3,66,100,2025-07-27,40,True
ASS0006989,STU00334,MOD00072,CRS009,1,72,100,2025-10-16,22,True
ASS0006990,STU00334,MOD00072,CRS009,2,87,100,2025-10-19,35,True
ASS0006991,STU00334,MOD00019,CRS003,1,63,100,2025-10-06,24,True
ASS0006992,STU00334,MOD00019,CRS003,2,65,100,2025-10-01,33,False
ASS0006993,STU00334,MOD00021,CRS003,1,72,100,2025-10-26,57,True
ASS0006994,STU00334,MOD00021,CRS003,2,70,100,2025-10-28,50,True
ASS0006995,STU00334,MOD00021,CRS003,3,51,100,2025-10-26,57,True
ASS0006996,STU00334,MOD00023,CRS003,1,44,100,2025-10-16,29,False
ASS0006997,STU00334,MOD00023,CRS003,2,56,100,2025-10-14,56,True
ASS0006998,STU00334,MOD00024,CRS003,1,55,100,2025-11-14,36,True
ASS0006999,STU00335,MOD00019,CRS003,1,52,100,2025-12-21,45,True
ASS0007000,STU00335,MOD00019,CRS003,2,87,100,2025-12-17,26,False
ASS0007001,STU00336,MOD00138,CRS018,1,75,100,2025-06-20,56,True
ASS0007002,STU00336,MOD00139,CRS018,1,58,100,2025-05-04,44,False
ASS0007003,STU00336,MOD00141,CRS018,1,62,100,2025-06-23,45,True
ASS0007004,STU00336,MOD00141,CRS018,2,63,100,2025-06-25,21,True
ASS0007005,STU00336,MOD00142,CRS018,1,57,100,2025-07-30,11,True
ASS0007006,STU00336,MOD00144,CRS018,1,84,100,2025-07-14,31,True
ASS0007007,STU00336,MOD00144,CRS018,2,69,100,2025-07-16,40,False
ASS0007008,STU00336,MOD00144,CRS018,3,86,100,2025-07-18,31,True
ASS0007009,STU00336,MOD00011,CRS002,1,70,100,2025-12-25,21,False
ASS0007010,STU00336,MOD00012,CRS002,1,63,100,2026-03-23,36,True
ASS0007011,STU00336,MOD00012,CRS002,2,39,100,2026-03-23,55,False
ASS0007012,STU00336,MOD00012,CRS002,3,84,100,2026-03-24,59,True
ASS0007013,STU00336,MOD00013,CRS002,1,39,100,2026-02-02,35,False
ASS0007014,STU00336,MOD00013,CRS002,2,80,100,2026-02-04,15,False
ASS0007015,STU00336,MOD00014,CRS002,1,38,100,2026-01-11,29,True
ASS0007016,STU00336,MOD00014,CRS002,2,54,100,2026-01-09,35,True
ASS0007017,STU00336,MOD00015,CRS002,1,38,100,2026-02-12,51,False
ASS0007018,STU00336,MOD00015,CRS002,2,81,100,2026-02-14,19,True
ASS0007019,STU00336,MOD00015,CRS002,3,93,100,2026-02-13,46,True
ASS0007020,STU00336,MOD00003,CRS001,1,66,100,2026-04-29,46,True
ASS0007021,STU00336,MOD00003,CRS001,2,69,100,2026-04-29,60,True
ASS0007022,STU00336,MOD00003,CRS001,3,53,100,2026-05-01,55,True
ASS0007023,STU00336,MOD00097,CRS013,1,82,100,2025-09-21,46,True
ASS0007024,STU00336,MOD00097,CRS013,2,54,100,2025-09-22,21,True
ASS0007025,STU00336,MOD00097,CRS013,3,86,100,2025-09-24,58,True
ASS0007026,STU00336,MOD00102,CRS013,1,71,100,2025-10-19,38,True
ASS0007027,STU00336,MOD00102,CRS013,2,33,100,2025-10-18,51,True
ASS0007028,STU00336,MOD00102,CRS013,3,73,100,2025-10-19,56,False
ASS0007029,STU00336,MOD00103,CRS013,1,100,100,2025-09-09,57,True
ASS0007030,STU00336,MOD00104,CRS013,1,51,100,2025-09-19,41,False
ASS0007031,STU00336,MOD00104,CRS013,2,44,100,2025-09-22,47,True
ASS0007032,STU00336,MOD00104,CRS013,3,72,100,2025-09-19,33,True
ASS0007033,STU00337,MOD00100,CRS013,1,37,100,2026-04-24,34,False
ASS0007034,STU00337,MOD00100,CRS013,2,80,100,2026-04-23,54,True
ASS0007035,STU00338,MOD00073,CRS010,1,55,100,2026-04-08,48,True
ASS0007036,STU00338,MOD00073,CRS010,2,65,100,2026-04-08,56,True
ASS0007037,STU00338,MOD00076,CRS010,1,37,100,2026-05-17,32,True
ASS0007038,STU00338,MOD00076,CRS010,2,32,100,2026-05-17,43,True
ASS0007039,STU00338,MOD00076,CRS010,3,74,100,2026-05-16,25,True
ASS0007040,STU00338,MOD00077,CRS010,1,58,100,2026-04-24,26,False
ASS0007041,STU00338,MOD00077,CRS010,2,72,100,2026-04-25,58,True
ASS0007042,STU00338,MOD00079,CRS010,1,85,100,2026-02-25,50,True
ASS0007043,STU00338,MOD00079,CRS010,2,69,100,2026-02-21,29,True
ASS0007044,STU00338,MOD00080,CRS010,1,89,100,2026-04-05,15,True
ASS0007045,STU00338,MOD00114,CRS015,1,31,100,2025-08-09,47,False
ASS0007046,STU00338,MOD00114,CRS015,2,49,100,2025-08-09,46,True
ASS0007047,STU00338,MOD00114,CRS015,3,59,100,2025-08-10,38,True
ASS0007048,STU00338,MOD00115,CRS015,1,33,100,2025-09-02,31,True
ASS0007049,STU00338,MOD00115,CRS015,2,68,100,2025-08-30,20,False
ASS0007050,STU00338,MOD00115,CRS015,3,72,100,2025-08-30,30,False
ASS0007051,STU00339,MOD00001,CRS001,1,79,100,2026-03-16,48,False
ASS0007052,STU00339,MOD00002,CRS001,1,56,100,2026-02-24,45,False
ASS0007053,STU00339,MOD00002,CRS001,2,59,100,2026-02-27,12,True
ASS0007054,STU00339,MOD00002,CRS001,3,53,100,2026-02-25,34,True
ASS0007055,STU00339,MOD00003,CRS001,1,82,100,2026-02-17,23,True
ASS0007056,STU00339,MOD00004,CRS001,1,90,100,2026-03-20,43,False
ASS0007057,STU00339,MOD00004,CRS001,2,57,100,2026-03-21,39,True
ASS0007058,STU00339,MOD00004,CRS001,3,99,100,2026-03-24,43,False
ASS0007059,STU00339,MOD00005,CRS001,1,60,100,2026-02-26,53,True
ASS0007060,STU00339,MOD00005,CRS001,2,70,100,2026-02-25,49,True
ASS0007061,STU00339,MOD00005,CRS001,3,55,100,2026-02-25,38,False
ASS0007062,STU00339,MOD00007,CRS001,1,71,100,2026-02-03,45,True
ASS0007063,STU00339,MOD00008,CRS001,1,36,100,2026-01-20,16,True
ASS0007064,STU00339,MOD00008,CRS001,2,57,100,2026-01-18,59,True
ASS0007065,STU00339,MOD00008,CRS001,3,60,100,2026-01-18,41,False
ASS0007066,STU00339,MOD00011,CRS002,1,31,100,2025-10-17,21,True
ASS0007067,STU00339,MOD00011,CRS002,2,84,100,2025-10-13,60,True
ASS0007068,STU00339,MOD00011,CRS002,3,78,100,2025-10-17,27,True
ASS0007069,STU00340,MOD00125,CRS016,1,63,100,2025-09-07,32,True
ASS0007070,STU00340,MOD00113,CRS015,1,53,100,2025-10-17,36,True
ASS0007071,STU00340,MOD00113,CRS015,2,63,100,2025-10-13,42,True
ASS0007072,STU00340,MOD00113,CRS015,3,65,100,2025-10-16,42,True
ASS0007073,STU00340,MOD00115,CRS015,1,58,100,2025-09-13,60,True
ASS0007074,STU00340,MOD00115,CRS015,2,37,100,2025-09-18,33,True
ASS0007075,STU00340,MOD00115,CRS015,3,70,100,2025-09-16,54,True
ASS0007076,STU00340,MOD00117,CRS015,1,81,100,2025-10-03,17,False
ASS0007077,STU00340,MOD00117,CRS015,2,78,100,2025-09-29,10,True
ASS0007078,STU00340,MOD00117,CRS015,3,85,100,2025-10-03,36,True
ASS0007079,STU00340,MOD00118,CRS015,1,86,100,2025-10-09,56,True
ASS0007080,STU00340,MOD00118,CRS015,2,64,100,2025-10-05,45,True
ASS0007081,STU00340,MOD00118,CRS015,3,88,100,2025-10-09,55,False
ASS0007082,STU00340,MOD00119,CRS015,1,82,100,2025-11-15,29,True
ASS0007083,STU00340,MOD00120,CRS015,1,67,100,2025-11-07,45,True
ASS0007084,STU00340,MOD00137,CRS018,1,32,100,2025-10-25,60,False
ASS0007085,STU00340,MOD00137,CRS018,2,71,100,2025-10-20,28,False
ASS0007086,STU00340,MOD00138,CRS018,1,88,100,2025-09-27,22,True
ASS0007087,STU00340,MOD00138,CRS018,2,69,100,2025-09-25,47,False
ASS0007088,STU00340,MOD00138,CRS018,3,53,100,2025-09-25,12,True
ASS0007089,STU00340,MOD00142,CRS018,1,43,100,2025-09-26,49,True
ASS0007090,STU00340,MOD00142,CRS018,2,58,100,2025-09-21,41,True
ASS0007091,STU00341,MOD00041,CRS006,1,85,100,2026-01-21,47,True
ASS0007092,STU00341,MOD00146,CRS019,1,64,100,2026-01-02,13,False
ASS0007093,STU00341,MOD00146,CRS019,2,78,100,2025-12-31,37,True
ASS0007094,STU00341,MOD00148,CRS019,1,33,100,2026-03-05,53,True
ASS0007095,STU00341,MOD00148,CRS019,2,96,100,2026-03-05,19,True
ASS0007096,STU00341,MOD00150,CRS019,1,73,100,2026-01-17,33,True
ASS0007097,STU00341,MOD00150,CRS019,2,80,100,2026-01-15,33,True
ASS0007098,STU00341,MOD00151,CRS019,1,55,100,2026-02-11,36,True
ASS0007099,STU00341,MOD00151,CRS019,2,40,100,2026-02-12,54,False
ASS0007100,STU00341,MOD00151,CRS019,3,95,100,2026-02-12,48,False
ASS0007101,STU00341,MOD00152,CRS019,1,82,100,2026-02-20,29,False
ASS0007102,STU00341,MOD00152,CRS019,2,58,100,2026-02-16,50,True
ASS0007103,STU00341,MOD00152,CRS019,3,85,100,2026-02-16,53,True
ASS0007104,STU00341,MOD00116,CRS015,1,52,100,2025-11-17,24,True
ASS0007105,STU00341,MOD00117,CRS015,1,51,100,2025-11-16,38,True
ASS0007106,STU00341,MOD00119,CRS015,1,32,100,2025-10-29,21,True
ASS0007107,STU00341,MOD00119,CRS015,2,70,100,2025-10-27,13,True
ASS0007108,STU00341,MOD00105,CRS014,1,85,100,2025-07-20,53,True
ASS0007109,STU00341,MOD00105,CRS014,2,79,100,2025-07-22,10,True
ASS0007110,STU00341,MOD00105,CRS014,3,83,100,2025-07-17,49,True
ASS0007111,STU00341,MOD00106,CRS014,1,99,100,2025-07-25,39,True
ASS0007112,STU00341,MOD00108,CRS014,1,58,100,2025-08-15,25,True
ASS0007113,STU00341,MOD00108,CRS014,2,55,100,2025-08-16,53,False
ASS0007114,STU00341,MOD00109,CRS014,1,31,100,2025-07-14,28,True
ASS0007115,STU00341,MOD00109,CRS014,2,83,100,2025-07-14,39,True
ASS0007116,STU00341,MOD00109,CRS014,3,92,100,2025-07-18,25,False
ASS0007117,STU00341,MOD00112,CRS014,1,60,100,2025-08-21,41,True
ASS0007118,STU00341,MOD00073,CRS010,1,84,100,2025-10-04,34,True
ASS0007119,STU00341,MOD00074,CRS010,1,62,100,2025-10-18,15,False
ASS0007120,STU00341,MOD00074,CRS010,2,98,100,2025-10-16,11,False
ASS0007121,STU00341,MOD00075,CRS010,1,78,100,2025-10-13,31,True
ASS0007122,STU00341,MOD00075,CRS010,2,78,100,2025-10-11,59,True
ASS0007123,STU00341,MOD00077,CRS010,1,35,100,2025-10-23,30,True
ASS0007124,STU00341,MOD00077,CRS010,2,95,100,2025-10-25,59,True
ASS0007125,STU00341,MOD00078,CRS010,1,37,100,2025-08-31,20,True
ASS0007126,STU00341,MOD00078,CRS010,2,62,100,2025-09-03,45,True
ASS0007127,STU00341,MOD00080,CRS010,1,72,100,2025-09-07,28,True
ASS0007128,STU00341,MOD00080,CRS010,2,49,100,2025-09-04,19,False
ASS0007129,STU00341,MOD00080,CRS010,3,83,100,2025-09-08,60,True
ASS0007130,STU00342,MOD00065,CRS009,1,58,100,2026-04-09,20,True
ASS0007131,STU00342,MOD00065,CRS009,2,63,100,2026-04-09,20,True
ASS0007132,STU00342,MOD00066,CRS009,1,35,100,2026-04-23,55,False
ASS0007133,STU00342,MOD00066,CRS009,2,80,100,2026-04-25,57,True
ASS0007134,STU00342,MOD00066,CRS009,3,50,100,2026-04-25,29,True
ASS0007135,STU00342,MOD00077,CRS010,1,76,100,2025-07-11,30,True
ASS0007136,STU00342,MOD00077,CRS010,2,78,100,2025-07-12,31,True
ASS0007137,STU00342,MOD00077,CRS010,3,82,100,2025-07-10,54,True
ASS0007138,STU00342,MOD00002,CRS001,1,83,100,2026-05-14,12,True
ASS0007139,STU00342,MOD00005,CRS001,1,83,100,2026-04-14,32,True
ASS0007140,STU00342,MOD00005,CRS001,2,80,100,2026-04-14,60,True
ASS0007141,STU00342,MOD00005,CRS001,3,82,100,2026-04-10,48,True
ASS0007142,STU00343,MOD00138,CRS018,1,52,100,2026-04-24,29,False
ASS0007143,STU00343,MOD00139,CRS018,1,79,100,2026-06-04,21,True
ASS0007144,STU00343,MOD00141,CRS018,1,89,100,2026-07-05,21,True
ASS0007145,STU00343,MOD00003,CRS001,1,75,100,2026-05-16,24,False
ASS0007146,STU00343,MOD00005,CRS001,1,55,100,2026-07-02,31,True
ASS0007147,STU00343,MOD00005,CRS001,2,65,100,2026-07-06,13,True
ASS0007148,STU00343,MOD00005,CRS001,3,76,100,2026-07-02,26,False
ASS0007149,STU00343,MOD00006,CRS001,1,34,100,2026-04-28,12,True
ASS0007150,STU00343,MOD00006,CRS001,2,70,100,2026-05-01,57,False
ASS0007151,STU00343,MOD00006,CRS001,3,60,100,2026-04-30,16,True
ASS0007152,STU00343,MOD00007,CRS001,1,72,100,2026-05-16,60,True
ASS0007153,STU00343,MOD00008,CRS001,1,79,100,2026-05-15,25,True
ASS0007154,STU00343,MOD00008,CRS001,2,79,100,2026-05-14,42,True
ASS0007155,STU00343,MOD00122,CRS016,1,66,100,2026-06-01,24,True
ASS0007156,STU00343,MOD00122,CRS016,2,71,100,2026-06-03,46,True
ASS0007157,STU00343,MOD00122,CRS016,3,50,100,2026-06-01,18,True
ASS0007158,STU00343,MOD00123,CRS016,1,32,100,2026-05-11,16,True
ASS0007159,STU00343,MOD00123,CRS016,2,73,100,2026-05-10,56,True
ASS0007160,STU00343,MOD00124,CRS016,1,72,100,2026-05-13,59,False
ASS0007161,STU00343,MOD00124,CRS016,2,43,100,2026-05-14,54,True
ASS0007162,STU00343,MOD00124,CRS016,3,61,100,2026-05-17,29,True
ASS0007163,STU00343,MOD00126,CRS016,1,70,100,2026-07-02,11,True
ASS0007164,STU00343,MOD00154,CRS020,1,53,100,2026-06-18,17,False
ASS0007165,STU00343,MOD00154,CRS020,2,78,100,2026-06-17,35,False
ASS0007166,STU00343,MOD00154,CRS020,3,71,100,2026-06-15,44,True
ASS0007167,STU00343,MOD00156,CRS020,1,40,100,2026-06-12,17,False
ASS0007168,STU00343,MOD00156,CRS020,2,31,100,2026-06-10,29,True
ASS0007169,STU00343,MOD00156,CRS020,3,96,100,2026-06-12,57,True
ASS0007170,STU00343,MOD00158,CRS020,1,72,100,2026-04-12,16,True
ASS0007171,STU00343,MOD00158,CRS020,2,68,100,2026-04-13,59,True
ASS0007172,STU00343,MOD00160,CRS020,1,68,100,2026-05-23,32,False
ASS0007173,STU00344,MOD00137,CRS018,1,64,100,2026-01-15,42,False
ASS0007174,STU00344,MOD00142,CRS018,1,49,100,2026-01-01,59,True
ASS0007175,STU00344,MOD00142,CRS018,2,53,100,2026-01-03,30,True
ASS0007176,STU00344,MOD00142,CRS018,3,94,100,2026-01-01,33,True
ASS0007177,STU00345,MOD00137,CRS018,1,70,100,2025-12-11,58,True
ASS0007178,STU00345,MOD00141,CRS018,1,59,100,2025-12-29,47,True
ASS0007179,STU00345,MOD00141,CRS018,2,53,100,2025-12-30,32,True
ASS0007180,STU00345,MOD00141,CRS018,3,59,100,2025-12-28,14,False
ASS0007181,STU00345,MOD00144,CRS018,1,83,100,2025-12-24,51,False
ASS0007182,STU00345,MOD00105,CRS014,1,49,100,2025-11-10,60,True
ASS0007183,STU00345,MOD00105,CRS014,2,86,100,2025-11-09,21,True
ASS0007184,STU00345,MOD00107,CRS014,1,73,100,2025-11-29,28,True
ASS0007185,STU00345,MOD00107,CRS014,2,55,100,2025-11-29,48,True
ASS0007186,STU00345,MOD00107,CRS014,3,60,100,2025-11-28,56,True
ASS0007187,STU00345,MOD00108,CRS014,1,44,100,2025-09-29,27,True
ASS0007188,STU00345,MOD00108,CRS014,2,53,100,2025-09-26,48,True
ASS0007189,STU00345,MOD00108,CRS014,3,70,100,2025-09-28,21,True
ASS0007190,STU00345,MOD00110,CRS014,1,69,100,2025-11-10,57,True
ASS0007191,STU00345,MOD00111,CRS014,1,72,100,2025-10-24,13,False
ASS0007192,STU00345,MOD00111,CRS014,2,65,100,2025-10-19,60,False
ASS0007193,STU00345,MOD00112,CRS014,1,76,100,2025-11-18,39,True
ASS0007194,STU00345,MOD00112,CRS014,2,68,100,2025-11-20,53,True
ASS0007195,STU00345,MOD00112,CRS014,3,99,100,2025-11-19,20,True
ASS0007196,STU00345,MOD00100,CRS013,1,54,100,2026-05-05,46,True
ASS0007197,STU00345,MOD00100,CRS013,2,58,100,2026-05-01,30,True
ASS0007198,STU00345,MOD00101,CRS013,1,67,100,2026-07-04,36,False
ASS0007199,STU00345,MOD00103,CRS013,1,86,100,2026-06-30,29,True
ASS0007200,STU00345,MOD00059,CRS008,1,37,100,2025-07-31,19,True
ASS0007201,STU00345,MOD00059,CRS008,2,95,100,2025-07-31,16,True
ASS0007202,STU00345,MOD00060,CRS008,1,42,100,2025-07-12,57,False
ASS0007203,STU00345,MOD00060,CRS008,2,80,100,2025-07-12,25,False
ASS0007204,STU00345,MOD00060,CRS008,3,74,100,2025-07-11,25,True
ASS0007205,STU00345,MOD00061,CRS008,1,65,100,2025-05-24,42,True
ASS0007206,STU00345,MOD00061,CRS008,2,67,100,2025-05-24,37,True
ASS0007207,STU00345,MOD00061,CRS008,3,83,100,2025-05-24,40,True
ASS0007208,STU00345,MOD00062,CRS008,1,77,100,2025-05-21,17,True
ASS0007209,STU00345,MOD00062,CRS008,2,93,100,2025-05-24,46,False
ASS0007210,STU00345,MOD00064,CRS008,1,60,100,2025-06-10,48,False
ASS0007211,STU00346,MOD00017,CRS003,1,42,100,2026-02-25,59,True
ASS0007212,STU00346,MOD00017,CRS003,2,75,100,2026-03-02,30,True
ASS0007213,STU00346,MOD00019,CRS003,1,33,100,2025-12-25,58,True
ASS0007214,STU00346,MOD00019,CRS003,2,56,100,2025-12-22,29,True
ASS0007215,STU00346,MOD00019,CRS003,3,96,100,2025-12-25,26,True
ASS0007216,STU00346,MOD00022,CRS003,1,81,100,2026-02-14,58,True
ASS0007217,STU00346,MOD00022,CRS003,2,46,100,2026-02-15,18,True
ASS0007218,STU00346,MOD00022,CRS003,3,54,100,2026-02-12,14,False
ASS0007219,STU00346,MOD00105,CRS014,1,58,100,2025-11-23,49,True
ASS0007220,STU00346,MOD00105,CRS014,2,90,100,2025-11-23,33,True
ASS0007221,STU00346,MOD00106,CRS014,1,85,100,2025-11-29,24,True
ASS0007222,STU00346,MOD00106,CRS014,2,56,100,2025-11-24,15,True
ASS0007223,STU00346,MOD00106,CRS014,3,56,100,2025-11-24,45,True
ASS0007224,STU00346,MOD00108,CRS014,1,52,100,2025-10-13,11,True
ASS0007225,STU00346,MOD00110,CRS014,1,47,100,2025-10-07,26,True
ASS0007226,STU00346,MOD00110,CRS014,2,98,100,2025-10-07,24,True
ASS0007227,STU00346,MOD00112,CRS014,1,65,100,2025-09-11,19,False
ASS0007228,STU00346,MOD00112,CRS014,2,63,100,2025-09-13,12,False
ASS0007229,STU00346,MOD00112,CRS014,3,69,100,2025-09-10,26,True
ASS0007230,STU00346,MOD00057,CRS008,1,69,100,2025-11-28,46,False
ASS0007231,STU00346,MOD00057,CRS008,2,74,100,2025-11-26,52,True
ASS0007232,STU00346,MOD00057,CRS008,3,90,100,2025-11-28,51,True
ASS0007233,STU00346,MOD00058,CRS008,1,62,100,2025-12-22,31,True
ASS0007234,STU00346,MOD00058,CRS008,2,57,100,2025-12-19,25,False
ASS0007235,STU00346,MOD00063,CRS008,1,68,100,2025-10-23,20,True
ASS0007236,STU00346,MOD00063,CRS008,2,89,100,2025-10-26,12,True
ASS0007237,STU00346,MOD00063,CRS008,3,50,100,2025-10-25,52,True
ASS0007238,STU00347,MOD00073,CRS010,1,83,100,2026-03-19,16,True
ASS0007239,STU00347,MOD00073,CRS010,2,42,100,2026-03-16,51,False
ASS0007240,STU00347,MOD00073,CRS010,3,93,100,2026-03-20,30,False
ASS0007241,STU00347,MOD00075,CRS010,1,56,100,2026-03-06,40,True
ASS0007242,STU00347,MOD00075,CRS010,2,75,100,2026-03-09,59,True
ASS0007243,STU00347,MOD00075,CRS010,3,90,100,2026-03-11,59,True
ASS0007244,STU00347,MOD00077,CRS010,1,83,100,2026-04-13,55,True
ASS0007245,STU00347,MOD00077,CRS010,2,33,100,2026-04-16,53,True
ASS0007246,STU00347,MOD00077,CRS010,3,64,100,2026-04-17,25,True
ASS0007247,STU00347,MOD00079,CRS010,1,80,100,2026-04-10,59,True
ASS0007248,STU00347,MOD00080,CRS010,1,83,100,2026-03-11,42,False
ASS0007249,STU00347,MOD00080,CRS010,2,79,100,2026-03-15,54,False
ASS0007250,STU00347,MOD00080,CRS010,3,94,100,2026-03-16,18,False
ASS0007251,STU00347,MOD00137,CRS018,1,31,100,2025-12-22,47,True
ASS0007252,STU00347,MOD00137,CRS018,2,68,100,2025-12-24,47,True
ASS0007253,STU00347,MOD00142,CRS018,1,34,100,2025-12-16,14,True
ASS0007254,STU00347,MOD00142,CRS018,2,66,100,2025-12-20,13,True
ASS0007255,STU00347,MOD00067,CRS009,1,31,100,2025-12-26,17,True
ASS0007256,STU00347,MOD00067,CRS009,2,66,100,2025-12-29,55,True
ASS0007257,STU00347,MOD00067,CRS009,3,98,100,2025-12-27,23,True
ASS0007258,STU00347,MOD00068,CRS009,1,53,100,2026-01-07,41,False
ASS0007259,STU00347,MOD00069,CRS009,1,55,100,2026-01-08,34,True
ASS0007260,STU00347,MOD00069,CRS009,2,50,100,2026-01-11,30,True
ASS0007261,STU00347,MOD00072,CRS009,1,69,100,2025-12-21,18,True
ASS0007262,STU00347,MOD00072,CRS009,2,81,100,2025-12-21,40,True
ASS0007263,STU00347,MOD00072,CRS009,3,65,100,2025-12-20,35,True
ASS0007264,STU00348,MOD00030,CRS004,1,50,100,2025-09-08,51,True
ASS0007265,STU00348,MOD00030,CRS004,2,64,100,2025-09-13,13,True
ASS0007266,STU00348,MOD00030,CRS004,3,72,100,2025-09-08,18,True
ASS0007267,STU00348,MOD00032,CRS004,1,48,100,2025-08-26,36,True
ASS0007268,STU00348,MOD00032,CRS004,2,74,100,2025-08-22,37,True
ASS0007269,STU00348,MOD00032,CRS004,3,54,100,2025-08-22,32,True
ASS0007270,STU00348,MOD00114,CRS015,1,92,100,2025-11-17,36,True
ASS0007271,STU00348,MOD00115,CRS015,1,75,100,2025-10-17,44,True
ASS0007272,STU00348,MOD00115,CRS015,2,89,100,2025-10-15,10,True
ASS0007273,STU00348,MOD00116,CRS015,1,49,100,2025-12-06,15,True
ASS0007274,STU00348,MOD00116,CRS015,2,72,100,2025-12-01,34,True
ASS0007275,STU00348,MOD00116,CRS015,3,55,100,2025-12-06,32,True
ASS0007276,STU00348,MOD00117,CRS015,1,31,100,2025-12-08,30,False
ASS0007277,STU00348,MOD00117,CRS015,2,99,100,2025-12-11,18,True
ASS0007278,STU00348,MOD00118,CRS015,1,79,100,2025-12-23,36,True
ASS0007279,STU00348,MOD00118,CRS015,2,90,100,2025-12-23,60,True
ASS0007280,STU00348,MOD00118,CRS015,3,86,100,2025-12-24,36,True
ASS0007281,STU00348,MOD00119,CRS015,1,69,100,2025-11-23,10,False
ASS0007282,STU00348,MOD00119,CRS015,2,79,100,2025-11-23,21,True
ASS0007283,STU00348,MOD00146,CRS019,1,75,100,2025-11-10,26,False
ASS0007284,STU00348,MOD00147,CRS019,1,81,100,2025-12-08,55,True
ASS0007285,STU00349,MOD00035,CRS005,1,47,100,2026-01-10,12,True
ASS0007286,STU00349,MOD00035,CRS005,2,86,100,2026-01-12,12,True
ASS0007287,STU00349,MOD00036,CRS005,1,45,100,2026-01-18,16,False
ASS0007288,STU00349,MOD00036,CRS005,2,45,100,2026-01-20,16,False
ASS0007289,STU00349,MOD00036,CRS005,3,73,100,2026-01-18,41,True
ASS0007290,STU00349,MOD00039,CRS005,1,85,100,2026-01-03,13,False
ASS0007291,STU00349,MOD00039,CRS005,2,64,100,2026-01-05,10,True
ASS0007292,STU00349,MOD00039,CRS005,3,92,100,2026-01-03,42,True
ASS0007293,STU00350,MOD00007,CRS001,1,88,100,2025-10-31,42,True
ASS0007294,STU00350,MOD00007,CRS001,2,78,100,2025-10-29,32,True
ASS0007295,STU00350,MOD00007,CRS001,3,50,100,2025-10-26,55,True
ASS0007296,STU00350,MOD00008,CRS001,1,88,100,2025-09-28,19,False
ASS0007297,STU00350,MOD00008,CRS001,2,57,100,2025-09-28,12,False
ASS0007298,STU00350,MOD00043,CRS006,1,62,100,2025-08-30,59,True
ASS0007299,STU00350,MOD00044,CRS006,1,91,100,2025-09-19,27,False
ASS0007300,STU00350,MOD00046,CRS006,1,73,100,2025-10-02,15,True
ASS0007301,STU00350,MOD00047,CRS006,1,98,100,2025-10-21,26,True
ASS0007302,STU00350,MOD00025,CRS004,1,40,100,2026-01-13,39,True
ASS0007303,STU00350,MOD00025,CRS004,2,54,100,2026-01-17,60,False
ASS0007304,STU00350,MOD00077,CRS010,1,54,100,2025-12-13,55,True
ASS0007305,STU00350,MOD00077,CRS010,2,70,100,2025-12-13,40,True
ASS0007306,STU00350,MOD00077,CRS010,3,73,100,2025-12-18,30,True
ASS0007307,STU00350,MOD00065,CRS009,1,66,100,2026-03-03,13,True
ASS0007308,STU00350,MOD00065,CRS009,2,74,100,2026-03-03,13,True
ASS0007309,STU00351,MOD00081,CRS011,1,57,100,2026-05-30,27,True
ASS0007310,STU00351,MOD00081,CRS011,2,35,100,2026-06-01,27,True
ASS0007311,STU00351,MOD00081,CRS011,3,68,100,2026-05-28,57,True
ASS0007312,STU00351,MOD00084,CRS011,1,82,100,2026-06-09,24,True
ASS0007313,STU00351,MOD00084,CRS011,2,63,100,2026-06-11,28,True
ASS0007314,STU00351,MOD00084,CRS011,3,79,100,2026-06-11,16,True
ASS0007315,STU00351,MOD00087,CRS011,1,83,100,2026-04-02,48,True
ASS0007316,STU00351,MOD00087,CRS011,2,52,100,2026-04-05,30,True
ASS0007317,STU00351,MOD00088,CRS011,1,59,100,2026-06-20,51,True
ASS0007318,STU00351,MOD00105,CRS014,1,70,100,2026-06-10,35,False
ASS0007319,STU00351,MOD00105,CRS014,2,77,100,2026-06-10,57,False
ASS0007320,STU00351,MOD00106,CRS014,1,78,100,2026-05-05,43,True
ASS0007321,STU00351,MOD00109,CRS014,1,95,100,2026-05-09,57,False
ASS0007322,STU00351,MOD00110,CRS014,1,51,100,2026-06-25,21,True
ASS0007323,STU00351,MOD00110,CRS014,2,65,100,2026-06-28,55,True
ASS0007324,STU00351,MOD00110,CRS014,3,64,100,2026-06-28,44,True
ASS0007325,STU00351,MOD00112,CRS014,1,76,100,2026-05-12,34,True
ASS0007326,STU00351,MOD00112,CRS014,2,44,100,2026-05-15,30,False
ASS0007327,STU00351,MOD00112,CRS014,3,54,100,2026-05-14,54,False
ASS0007328,STU00352,MOD00113,CRS015,1,33,100,2025-09-15,32,False
ASS0007329,STU00352,MOD00113,CRS015,2,50,100,2025-09-13,16,True
ASS0007330,STU00352,MOD00113,CRS015,3,82,100,2025-09-17,58,True
ASS0007331,STU00352,MOD00115,CRS015,1,76,100,2025-11-11,49,True
ASS0007332,STU00352,MOD00118,CRS015,1,74,100,2025-11-27,42,True
ASS0007333,STU00352,MOD00010,CRS002,1,67,100,2026-01-09,49,True
ASS0007334,STU00352,MOD00013,CRS002,1,84,100,2025-12-02,31,False
ASS0007335,STU00352,MOD00013,CRS002,2,52,100,2025-11-27,29,True
ASS0007336,STU00352,MOD00014,CRS002,1,39,100,2026-01-23,19,True
ASS0007337,STU00352,MOD00014,CRS002,2,82,100,2026-01-20,39,True
ASS0007338,STU00352,MOD00014,CRS002,3,88,100,2026-01-25,57,True
ASS0007339,STU00352,MOD00015,CRS002,1,62,100,2025-11-18,15,True
ASS0007340,STU00352,MOD00015,CRS002,2,62,100,2025-11-17,46,True
ASS0007341,STU00352,MOD00015,CRS002,3,52,100,2025-11-16,29,True
ASS0007342,STU00352,MOD00016,CRS002,1,86,100,2025-11-30,43,True
ASS0007343,STU00352,MOD00016,CRS002,2,58,100,2025-11-26,49,False
ASS0007344,STU00352,MOD00084,CRS011,1,59,100,2025-11-04,10,True
ASS0007345,STU00352,MOD00084,CRS011,2,61,100,2025-11-05,36,False
ASS0007346,STU00352,MOD00084,CRS011,3,73,100,2025-11-06,32,True
ASS0007347,STU00352,MOD00085,CRS011,1,77,100,2025-10-08,52,True
ASS0007348,STU00352,MOD00085,CRS011,2,57,100,2025-10-08,43,True
ASS0007349,STU00352,MOD00085,CRS011,3,53,100,2025-10-08,15,True
ASS0007350,STU00353,MOD00099,CRS013,1,50,100,2026-06-23,19,True
ASS0007351,STU00353,MOD00099,CRS013,2,50,100,2026-06-23,36,True
ASS0007352,STU00353,MOD00100,CRS013,1,58,100,2026-04-26,48,False
ASS0007353,STU00353,MOD00100,CRS013,2,65,100,2026-04-26,29,True
ASS0007354,STU00353,MOD00101,CRS013,1,41,100,2026-06-20,31,True
ASS0007355,STU00353,MOD00101,CRS013,2,85,100,2026-06-23,34,True
ASS0007356,STU00353,MOD00102,CRS013,1,41,100,2026-04-29,55,True
ASS0007357,STU00353,MOD00102,CRS013,2,58,100,2026-04-25,48,True
ASS0007358,STU00353,MOD00103,CRS013,1,43,100,2026-05-12,26,False
ASS0007359,STU00353,MOD00103,CRS013,2,66,100,2026-05-13,12,False
ASS0007360,STU00353,MOD00104,CRS013,1,88,100,2026-04-10,26,True
ASS0007361,STU00353,MOD00104,CRS013,2,55,100,2026-04-11,24,True
ASS0007362,STU00353,MOD00104,CRS013,3,62,100,2026-04-13,30,False
ASS0007363,STU00353,MOD00019,CRS003,1,45,100,2025-11-25,12,True
ASS0007364,STU00353,MOD00019,CRS003,2,66,100,2025-11-20,24,False
ASS0007365,STU00353,MOD00021,CRS003,1,31,100,2025-11-29,30,True
ASS0007366,STU00353,MOD00021,CRS003,2,35,100,2025-12-01,59,False
ASS0007367,STU00353,MOD00021,CRS003,3,60,100,2025-11-29,49,False
ASS0007368,STU00353,MOD00138,CRS018,1,58,100,2026-02-05,28,True
ASS0007369,STU00353,MOD00138,CRS018,2,100,100,2026-02-04,37,True
ASS0007370,STU00353,MOD00141,CRS018,1,79,100,2026-02-27,24,True
ASS0007371,STU00354,MOD00003,CRS001,1,50,100,2025-07-21,51,True
ASS0007372,STU00354,MOD00003,CRS001,2,47,100,2025-07-18,47,True
ASS0007373,STU00354,MOD00003,CRS001,3,56,100,2025-07-18,19,True
ASS0007374,STU00354,MOD00004,CRS001,1,60,100,2025-08-18,19,True
ASS0007375,STU00354,MOD00004,CRS001,2,57,100,2025-08-14,48,False
ASS0007376,STU00354,MOD00005,CRS001,1,40,100,2025-06-30,15,True
ASS0007377,STU00354,MOD00005,CRS001,2,84,100,2025-06-27,41,True
ASS0007378,STU00354,MOD00007,CRS001,1,65,100,2025-06-27,23,False
ASS0007379,STU00354,MOD00008,CRS001,1,53,100,2025-07-05,52,True
ASS0007380,STU00354,MOD00008,CRS001,2,78,100,2025-07-04,14,True
ASS0007381,STU00354,MOD00026,CRS004,1,51,100,2025-11-07,55,False
ASS0007382,STU00354,MOD00026,CRS004,2,50,100,2025-11-03,19,False
ASS0007383,STU00354,MOD00028,CRS004,1,69,100,2025-11-12,16,True
ASS0007384,STU00354,MOD00028,CRS004,2,81,100,2025-11-12,52,False
ASS0007385,STU00354,MOD00030,CRS004,1,55,100,2025-12-26,44,False
ASS0007386,STU00354,MOD00058,CRS008,1,52,100,2026-02-16,31,True
ASS0007387,STU00354,MOD00058,CRS008,2,34,100,2026-02-18,21,True
ASS0007388,STU00354,MOD00058,CRS008,3,87,100,2026-02-19,44,True
ASS0007389,STU00354,MOD00060,CRS008,1,68,100,2026-02-21,25,True
ASS0007390,STU00354,MOD00060,CRS008,2,75,100,2026-02-20,17,False
ASS0007391,STU00354,MOD00060,CRS008,3,86,100,2026-02-21,46,True
ASS0007392,STU00354,MOD00063,CRS008,1,45,100,2026-02-07,29,False
ASS0007393,STU00354,MOD00063,CRS008,2,53,100,2026-02-08,53,True
ASS0007394,STU00354,MOD00063,CRS008,3,91,100,2026-02-06,60,True
ASS0007395,STU00354,MOD00097,CRS013,1,97,100,2025-07-24,11,True
ASS0007396,STU00354,MOD00099,CRS013,1,55,100,2025-07-11,23,False
ASS0007397,STU00354,MOD00099,CRS013,2,88,100,2025-07-13,13,True
ASS0007398,STU00354,MOD00101,CRS013,1,69,100,2025-08-10,10,True
ASS0007399,STU00354,MOD00101,CRS013,2,34,100,2025-08-10,41,True
ASS0007400,STU00354,MOD00101,CRS013,3,61,100,2025-08-09,30,False
ASS0007401,STU00354,MOD00102,CRS013,1,74,100,2025-06-20,52,True
ASS0007402,STU00354,MOD00102,CRS013,2,60,100,2025-06-20,48,True
ASS0007403,STU00354,MOD00103,CRS013,1,99,100,2025-06-27,31,False
ASS0007404,STU00355,MOD00025,CRS004,1,45,100,2026-01-11,35,True
ASS0007405,STU00355,MOD00025,CRS004,2,62,100,2026-01-15,18,True
ASS0007406,STU00355,MOD00026,CRS004,1,65,100,2026-01-05,43,True
ASS0007407,STU00355,MOD00026,CRS004,2,66,100,2026-01-06,13,True
ASS0007408,STU00355,MOD00027,CRS004,1,35,100,2026-01-04,27,True
ASS0007409,STU00355,MOD00027,CRS004,2,67,100,2026-01-05,55,True
ASS0007410,STU00355,MOD00028,CRS004,1,99,100,2026-03-21,27,True
ASS0007411,STU00355,MOD00129,CRS017,1,51,100,2026-06-06,41,True
ASS0007412,STU00355,MOD00129,CRS017,2,87,100,2026-06-08,21,True
ASS0007413,STU00355,MOD00131,CRS017,1,99,100,2026-06-08,25,True
ASS0007414,STU00355,MOD00133,CRS017,1,90,100,2026-04-21,55,False
ASS0007415,STU00355,MOD00133,CRS017,2,36,100,2026-04-17,42,False
ASS0007416,STU00355,MOD00133,CRS017,3,82,100,2026-04-17,58,True
ASS0007417,STU00355,MOD00135,CRS017,1,67,100,2026-06-09,44,False
ASS0007418,STU00355,MOD00135,CRS017,2,59,100,2026-06-08,23,True
ASS0007419,STU00355,MOD00135,CRS017,3,71,100,2026-06-05,39,True
ASS0007420,STU00355,MOD00136,CRS017,1,32,100,2026-04-30,18,False
ASS0007421,STU00355,MOD00136,CRS017,2,72,100,2026-04-28,31,False
ASS0007422,STU00355,MOD00136,CRS017,3,70,100,2026-04-29,37,True
ASS0007423,STU00355,MOD00049,CRS007,1,45,100,2026-06-25,22,True
ASS0007424,STU00355,MOD00049,CRS007,2,74,100,2026-06-30,13,True
ASS0007425,STU00355,MOD00052,CRS007,1,100,100,2026-07-02,39,True
ASS0007426,STU00355,MOD00122,CRS016,1,65,100,2026-02-05,54,True
ASS0007427,STU00355,MOD00122,CRS016,2,76,100,2026-02-07,50,True
ASS0007428,STU00355,MOD00122,CRS016,3,91,100,2026-02-05,48,True
ASS0007429,STU00355,MOD00126,CRS016,1,59,100,2026-04-17,36,False
ASS0007430,STU00355,MOD00128,CRS016,1,72,100,2026-04-15,58,True
ASS0007431,STU00355,MOD00128,CRS016,2,52,100,2026-04-16,11,False
ASS0007432,STU00356,MOD00138,CRS018,1,35,100,2025-11-21,48,False
ASS0007433,STU00356,MOD00138,CRS018,2,51,100,2025-11-21,56,True
ASS0007434,STU00356,MOD00138,CRS018,3,73,100,2025-11-17,52,True
ASS0007435,STU00356,MOD00140,CRS018,1,75,100,2025-10-21,43,True
ASS0007436,STU00356,MOD00141,CRS018,1,79,100,2025-11-19,39,True
ASS0007437,STU00356,MOD00141,CRS018,2,53,100,2025-11-14,19,True
ASS0007438,STU00356,MOD00142,CRS018,1,89,100,2025-10-18,51,True
ASS0007439,STU00356,MOD00142,CRS018,2,53,100,2025-10-15,60,False
ASS0007440,STU00356,MOD00142,CRS018,3,74,100,2025-10-17,26,True
ASS0007441,STU00356,MOD00143,CRS018,1,73,100,2025-10-03,28,True
ASS0007442,STU00356,MOD00143,CRS018,2,42,100,2025-10-03,58,False
ASS0007443,STU00356,MOD00143,CRS018,3,60,100,2025-09-30,22,True
ASS0007444,STU00357,MOD00123,CRS016,1,54,100,2025-08-01,10,True
ASS0007445,STU00357,MOD00125,CRS016,1,61,100,2025-05-12,21,False
ASS0007446,STU00357,MOD00125,CRS016,2,80,100,2025-05-13,29,True
ASS0007447,STU00357,MOD00125,CRS016,3,85,100,2025-05-11,10,True
ASS0007448,STU00357,MOD00127,CRS016,1,50,100,2025-07-30,32,True
ASS0007449,STU00357,MOD00128,CRS016,1,48,100,2025-08-06,35,True
ASS0007450,STU00357,MOD00128,CRS016,2,60,100,2025-08-05,56,True
ASS0007451,STU00357,MOD00075,CRS010,1,82,100,2026-05-05,41,False
ASS0007452,STU00357,MOD00077,CRS010,1,41,100,2026-04-27,59,True
ASS0007453,STU00357,MOD00077,CRS010,2,62,100,2026-04-27,39,True
ASS0007454,STU00357,MOD00078,CRS010,1,93,100,2026-03-12,26,True
ASS0007455,STU00357,MOD00050,CRS007,1,46,100,2025-07-16,25,True
ASS0007456,STU00357,MOD00050,CRS007,2,54,100,2025-07-17,50,True
ASS0007457,STU00357,MOD00050,CRS007,3,59,100,2025-07-16,53,True
ASS0007458,STU00357,MOD00051,CRS007,1,68,100,2025-05-15,45,True
ASS0007459,STU00357,MOD00051,CRS007,2,65,100,2025-05-16,57,True
ASS0007460,STU00357,MOD00051,CRS007,3,81,100,2025-05-15,46,True
ASS0007461,STU00357,MOD00052,CRS007,1,53,100,2025-08-09,45,True
ASS0007462,STU00357,MOD00052,CRS007,2,77,100,2025-08-08,57,True
ASS0007463,STU00357,MOD00053,CRS007,1,78,100,2025-05-20,26,False
ASS0007464,STU00357,MOD00053,CRS007,2,45,100,2025-05-24,10,True
ASS0007465,STU00357,MOD00053,CRS007,3,98,100,2025-05-19,60,True
ASS0007466,STU00357,MOD00054,CRS007,1,53,100,2025-07-09,19,True
ASS0007467,STU00358,MOD00057,CRS008,1,79,100,2025-11-06,51,False
ASS0007468,STU00358,MOD00057,CRS008,2,75,100,2025-11-06,23,True
ASS0007469,STU00358,MOD00058,CRS008,1,82,100,2025-12-05,52,True
ASS0007470,STU00358,MOD00059,CRS008,1,84,100,2025-10-10,58,True
ASS0007471,STU00358,MOD00059,CRS008,2,73,100,2025-10-10,47,True
ASS0007472,STU00358,MOD00059,CRS008,3,75,100,2025-10-07,34,True
ASS0007473,STU00358,MOD00060,CRS008,1,51,100,2025-10-20,54,True
ASS0007474,STU00358,MOD00060,CRS008,2,30,100,2025-10-22,52,False
ASS0007475,STU00358,MOD00060,CRS008,3,81,100,2025-10-20,51,False
ASS0007476,STU00358,MOD00061,CRS008,1,81,100,2025-12-09,30,False
ASS0007477,STU00358,MOD00061,CRS008,2,65,100,2025-12-09,13,True
ASS0007478,STU00358,MOD00063,CRS008,1,37,100,2025-11-19,39,True
ASS0007479,STU00358,MOD00063,CRS008,2,64,100,2025-11-18,55,True
ASS0007480,STU00358,MOD00064,CRS008,1,82,100,2025-11-16,48,True
ASS0007481,STU00358,MOD00064,CRS008,2,92,100,2025-11-17,49,True
ASS0007482,STU00359,MOD00003,CRS001,1,99,100,2026-01-15,28,True
ASS0007483,STU00359,MOD00004,CRS001,1,40,100,2026-02-01,30,True
ASS0007484,STU00359,MOD00004,CRS001,2,67,100,2026-01-31,50,True
ASS0007485,STU00359,MOD00005,CRS001,1,78,100,2026-02-04,33,True
ASS0007486,STU00359,MOD00007,CRS001,1,47,100,2026-02-23,28,False
ASS0007487,STU00359,MOD00007,CRS001,2,71,100,2026-02-23,39,True
ASS0007488,STU00359,MOD00008,CRS001,1,68,100,2026-02-17,31,True
ASS0007489,STU00359,MOD00008,CRS001,2,50,100,2026-02-16,19,True
ASS0007490,STU00359,MOD00041,CRS006,1,68,100,2026-06-17,14,True
ASS0007491,STU00359,MOD00041,CRS006,2,64,100,2026-06-14,33,True
ASS0007492,STU00359,MOD00041,CRS006,3,85,100,2026-06-15,38,True
ASS0007493,STU00359,MOD00043,CRS006,1,35,100,2026-04-27,34,True
ASS0007494,STU00359,MOD00043,CRS006,2,50,100,2026-04-25,10,True
ASS0007495,STU00359,MOD00043,CRS006,3,83,100,2026-04-23,17,True
ASS0007496,STU00359,MOD00044,CRS006,1,33,100,2026-04-27,38,True
ASS0007497,STU00359,MOD00044,CRS006,2,68,100,2026-04-27,17,True
ASS0007498,STU00359,MOD00044,CRS006,3,79,100,2026-04-29,45,True
ASS0007499,STU00359,MOD00046,CRS006,1,53,100,2026-03-30,56,True
ASS0007500,STU00359,MOD00067,CRS009,1,57,100,2025-07-10,12,True
ASS0007501,STU00359,MOD00067,CRS009,2,72,100,2025-07-14,55,False
ASS0007502,STU00359,MOD00067,CRS009,3,74,100,2025-07-11,56,True
ASS0007503,STU00359,MOD00070,CRS009,1,60,100,2025-05-16,46,False
ASS0007504,STU00360,MOD00145,CRS019,1,80,100,2026-01-30,59,True
ASS0007505,STU00360,MOD00145,CRS019,2,49,100,2026-02-02,59,True
ASS0007506,STU00360,MOD00145,CRS019,3,67,100,2026-01-30,38,True
ASS0007507,STU00360,MOD00146,CRS019,1,59,100,2026-01-19,20,True
ASS0007508,STU00360,MOD00146,CRS019,2,82,100,2026-01-21,33,True
ASS0007509,STU00360,MOD00148,CRS019,1,70,100,2026-02-24,21,True
ASS0007510,STU00360,MOD00149,CRS019,1,69,100,2026-02-09,24,True
ASS0007511,STU00360,MOD00149,CRS019,2,81,100,2026-02-12,47,True
ASS0007512,STU00360,MOD00152,CRS019,1,81,100,2026-01-14,54,True
ASS0007513,STU00360,MOD00152,CRS019,2,58,100,2026-01-19,27,True
ASS0007514,STU00361,MOD00153,CRS020,1,56,100,2026-04-15,13,True
ASS0007515,STU00361,MOD00155,CRS020,1,76,100,2026-04-18,57,True
ASS0007516,STU00361,MOD00156,CRS020,1,69,100,2026-02-24,50,True
ASS0007517,STU00361,MOD00156,CRS020,2,97,100,2026-02-25,54,True
ASS0007518,STU00361,MOD00160,CRS020,1,86,100,2026-03-09,29,True
ASS0007519,STU00361,MOD00033,CRS005,1,63,100,2025-08-22,42,True
ASS0007520,STU00361,MOD00033,CRS005,2,59,100,2025-08-21,11,True
ASS0007521,STU00361,MOD00033,CRS005,3,51,100,2025-08-19,60,True
ASS0007522,STU00361,MOD00034,CRS005,1,53,100,2025-10-30,58,True
ASS0007523,STU00361,MOD00034,CRS005,2,80,100,2025-11-01,55,True
ASS0007524,STU00361,MOD00035,CRS005,1,69,100,2025-08-13,46,True
ASS0007525,STU00361,MOD00035,CRS005,2,35,100,2025-08-10,43,True
ASS0007526,STU00361,MOD00035,CRS005,3,90,100,2025-08-09,52,False
ASS0007527,STU00361,MOD00036,CRS005,1,46,100,2025-09-14,32,True
ASS0007528,STU00361,MOD00036,CRS005,2,62,100,2025-09-12,36,True
ASS0007529,STU00361,MOD00036,CRS005,3,72,100,2025-09-13,47,False
ASS0007530,STU00361,MOD00037,CRS005,1,83,100,2025-10-31,47,True
ASS0007531,STU00361,MOD00037,CRS005,2,53,100,2025-10-31,13,True
ASS0007532,STU00361,MOD00037,CRS005,3,84,100,2025-11-03,13,True
ASS0007533,STU00361,MOD00038,CRS005,1,82,100,2025-09-02,18,True
ASS0007534,STU00361,MOD00038,CRS005,2,50,100,2025-09-04,26,False
ASS0007535,STU00361,MOD00039,CRS005,1,31,100,2025-10-12,58,True
ASS0007536,STU00361,MOD00039,CRS005,2,67,100,2025-10-12,55,False
ASS0007537,STU00361,MOD00040,CRS005,1,80,100,2025-09-11,24,True
ASS0007538,STU00361,MOD00089,CRS012,1,48,100,2025-06-25,34,False
ASS0007539,STU00361,MOD00089,CRS012,2,76,100,2025-06-26,26,True
ASS0007540,STU00361,MOD00089,CRS012,3,95,100,2025-06-24,36,True
ASS0007541,STU00361,MOD00091,CRS012,1,49,100,2025-07-16,33,False
ASS0007542,STU00361,MOD00091,CRS012,2,58,100,2025-07-20,14,True
ASS0007543,STU00361,MOD00091,CRS012,3,94,100,2025-07-18,18,True
ASS0007544,STU00361,MOD00094,CRS012,1,70,100,2025-07-05,30,True
ASS0007545,STU00361,MOD00095,CRS012,1,67,100,2025-06-22,54,True
ASS0007546,STU00361,MOD00096,CRS012,1,73,100,2025-06-07,56,True
ASS0007547,STU00361,MOD00018,CRS003,1,53,100,2025-10-06,37,False
ASS0007548,STU00361,MOD00020,CRS003,1,82,100,2025-09-24,12,False
ASS0007549,STU00361,MOD00022,CRS003,1,57,100,2025-10-05,16,False
ASS0007550,STU00361,MOD00024,CRS003,1,35,100,2025-09-19,33,True
ASS0007551,STU00361,MOD00024,CRS003,2,82,100,2025-09-17,54,False
ASS0007552,STU00362,MOD00010,CRS002,1,68,100,2026-03-28,35,False
ASS0007553,STU00362,MOD00010,CRS002,2,58,100,2026-03-28,20,True
ASS0007554,STU00363,MOD00137,CRS018,1,89,100,2025-12-21,53,False
ASS0007555,STU00363,MOD00141,CRS018,1,56,100,2025-11-23,44,True
ASS0007556,STU00363,MOD00144,CRS018,1,51,100,2025-10-15,35,False
ASS0007557,STU00363,MOD00144,CRS018,2,81,100,2025-10-15,43,True
ASS0007558,STU00363,MOD00030,CRS004,1,38,100,2025-11-25,12,False
ASS0007559,STU00363,MOD00030,CRS004,2,75,100,2025-11-25,17,False
ASS0007560,STU00363,MOD00030,CRS004,3,73,100,2025-11-24,18,True
ASS0007561,STU00364,MOD00090,CRS012,1,67,100,2025-11-19,35,False
ASS0007562,STU00364,MOD00090,CRS012,2,66,100,2025-11-22,21,True
ASS0007563,STU00364,MOD00094,CRS012,1,84,100,2025-10-30,23,True
ASS0007564,STU00364,MOD00113,CRS015,1,100,100,2026-03-31,10,False
ASS0007565,STU00364,MOD00051,CRS007,1,72,100,2025-11-24,47,True
ASS0007566,STU00364,MOD00051,CRS007,2,39,100,2025-11-24,26,False
ASS0007567,STU00364,MOD00051,CRS007,3,50,100,2025-11-21,57,True
ASS0007568,STU00364,MOD00002,CRS001,1,72,100,2026-06-24,59,True
ASS0007569,STU00364,MOD00002,CRS001,2,96,100,2026-06-20,42,True
ASS0007570,STU00364,MOD00004,CRS001,1,43,100,2026-04-17,57,True
ASS0007571,STU00364,MOD00004,CRS001,2,61,100,2026-04-16,28,True
ASS0007572,STU00364,MOD00004,CRS001,3,69,100,2026-04-16,42,True
ASS0007573,STU00364,MOD00008,CRS001,1,88,100,2026-06-02,49,False
ASS0007574,STU00364,MOD00008,CRS001,2,54,100,2026-05-31,58,True
ASS0007575,STU00364,MOD00008,CRS001,3,96,100,2026-06-01,50,False
ASS0007576,STU00364,MOD00097,CRS013,1,75,100,2026-03-20,59,True
ASS0007577,STU00364,MOD00098,CRS013,1,35,100,2026-02-02,54,True
ASS0007578,STU00364,MOD00098,CRS013,2,46,100,2026-02-02,34,True
ASS0007579,STU00364,MOD00098,CRS013,3,92,100,2026-01-31,23,True
ASS0007580,STU00364,MOD00099,CRS013,1,57,100,2026-04-19,52,True
ASS0007581,STU00364,MOD00099,CRS013,2,97,100,2026-04-20,42,True
ASS0007582,STU00364,MOD00100,CRS013,1,88,100,2026-03-03,42,True
ASS0007583,STU00364,MOD00102,CRS013,1,54,100,2026-02-20,54,False
ASS0007584,STU00364,MOD00102,CRS013,2,68,100,2026-02-22,43,True
ASS0007585,STU00364,MOD00103,CRS013,1,62,100,2026-03-31,15,True
ASS0007586,STU00364,MOD00103,CRS013,2,77,100,2026-04-01,37,True
ASS0007587,STU00365,MOD00137,CRS018,1,58,100,2025-09-13,28,True
ASS0007588,STU00365,MOD00137,CRS018,2,82,100,2025-09-13,31,True
ASS0007589,STU00365,MOD00138,CRS018,1,31,100,2025-09-01,27,True
ASS0007590,STU00365,MOD00138,CRS018,2,57,100,2025-08-31,44,True
ASS0007591,STU00365,MOD00139,CRS018,1,57,100,2025-10-23,21,False
ASS0007592,STU00365,MOD00141,CRS018,1,75,100,2025-08-26,39,True
ASS0007593,STU00365,MOD00141,CRS018,2,71,100,2025-08-27,43,False
ASS0007594,STU00365,MOD00141,CRS018,3,62,100,2025-08-27,38,False
ASS0007595,STU00365,MOD00143,CRS018,1,51,100,2025-08-11,27,False
ASS0007596,STU00365,MOD00143,CRS018,2,60,100,2025-08-10,28,False
ASS0007597,STU00365,MOD00144,CRS018,1,66,100,2025-08-20,19,False
ASS0007598,STU00365,MOD00121,CRS016,1,51,100,2025-05-03,47,True
ASS0007599,STU00365,MOD00121,CRS016,2,40,100,2025-05-07,56,True
ASS0007600,STU00365,MOD00121,CRS016,3,80,100,2025-05-03,10,True
ASS0007601,STU00365,MOD00122,CRS016,1,71,100,2025-07-09,34,True
ASS0007602,STU00365,MOD00122,CRS016,2,77,100,2025-07-10,53,True
ASS0007603,STU00365,MOD00125,CRS016,1,74,100,2025-06-17,39,True
ASS0007604,STU00365,MOD00126,CRS016,1,69,100,2025-05-17,43,True
ASS0007605,STU00365,MOD00052,CRS007,1,84,100,2026-06-07,53,False
ASS0007606,STU00366,MOD00065,CRS009,1,50,100,2026-03-23,10,True
ASS0007607,STU00366,MOD00065,CRS009,2,74,100,2026-03-22,16,False
ASS0007608,STU00366,MOD00065,CRS009,3,51,100,2026-03-27,24,True
ASS0007609,STU00366,MOD00066,CRS009,1,97,100,2026-01-23,57,True
ASS0007610,STU00366,MOD00067,CRS009,1,62,100,2026-03-26,33,True
ASS0007611,STU00366,MOD00067,CRS009,2,86,100,2026-03-25,30,True
ASS0007612,STU00366,MOD00069,CRS009,1,54,100,2026-02-06,15,True
ASS0007613,STU00366,MOD00070,CRS009,1,85,100,2026-02-07,45,False
ASS0007614,STU00366,MOD00070,CRS009,2,50,100,2026-02-11,42,False
ASS0007615,STU00366,MOD00140,CRS018,1,70,100,2026-02-15,23,True
ASS0007616,STU00366,MOD00141,CRS018,1,65,100,2026-03-30,34,True
ASS0007617,STU00366,MOD00142,CRS018,1,37,100,2026-04-02,41,True
ASS0007618,STU00366,MOD00142,CRS018,2,81,100,2026-04-05,20,True
ASS0007619,STU00366,MOD00142,CRS018,3,55,100,2026-04-03,46,True
ASS0007620,STU00366,MOD00143,CRS018,1,78,100,2026-03-19,13,True
ASS0007621,STU00366,MOD00143,CRS018,2,59,100,2026-03-19,22,True
ASS0007622,STU00366,MOD00143,CRS018,3,50,100,2026-03-23,11,True
ASS0007623,STU00366,MOD00144,CRS018,1,72,100,2026-04-02,32,True
ASS0007624,STU00366,MOD00144,CRS018,2,50,100,2026-04-02,17,False
ASS0007625,STU00366,MOD00044,CRS006,1,64,100,2025-12-19,47,True
ASS0007626,STU00366,MOD00044,CRS006,2,33,100,2025-12-16,37,True
ASS0007627,STU00366,MOD00044,CRS006,3,50,100,2025-12-17,27,True
ASS0007628,STU00366,MOD00046,CRS006,1,70,100,2025-11-09,49,False
ASS0007629,STU00366,MOD00046,CRS006,2,45,100,2025-11-08,22,True
ASS0007630,STU00366,MOD00046,CRS006,3,87,100,2025-11-08,15,True
ASS0007631,STU00366,MOD00019,CRS003,1,87,100,2025-11-28,42,True
ASS0007632,STU00366,MOD00019,CRS003,2,60,100,2025-11-27,39,True
ASS0007633,STU00366,MOD00019,CRS003,3,61,100,2025-11-24,22,True
ASS0007634,STU00366,MOD00021,CRS003,1,79,100,2025-11-06,37,False
ASS0007635,STU00366,MOD00023,CRS003,1,77,100,2025-09-12,17,False
ASS0007636,STU00367,MOD00132,CRS017,1,67,100,2025-09-03,51,True
ASS0007637,STU00367,MOD00132,CRS017,2,72,100,2025-09-01,33,True
ASS0007638,STU00367,MOD00098,CRS013,1,73,100,2025-08-18,57,True
ASS0007639,STU00367,MOD00098,CRS013,2,65,100,2025-08-18,44,True
ASS0007640,STU00367,MOD00098,CRS013,3,71,100,2025-08-16,41,True
ASS0007641,STU00367,MOD00102,CRS013,1,66,100,2025-07-19,57,True
ASS0007642,STU00367,MOD00103,CRS013,1,41,100,2025-06-25,24,False
ASS0007643,STU00367,MOD00103,CRS013,2,77,100,2025-06-25,11,True
ASS0007644,STU00367,MOD00041,CRS006,1,94,100,2026-06-03,38,True
ASS0007645,STU00367,MOD00042,CRS006,1,43,100,2026-04-26,56,True
ASS0007646,STU00367,MOD00042,CRS006,2,53,100,2026-04-21,54,True
ASS0007647,STU00367,MOD00042,CRS006,3,67,100,2026-04-26,53,False
ASS0007648,STU00367,MOD00043,CRS006,1,90,100,2026-06-02,37,False
ASS0007649,STU00367,MOD00043,CRS006,2,76,100,2026-06-01,55,True
ASS0007650,STU00367,MOD00043,CRS006,3,80,100,2026-06-03,46,True
ASS0007651,STU00367,MOD00044,CRS006,1,71,100,2026-06-07,19,True
ASS0007652,STU00367,MOD00047,CRS006,1,55,100,2026-06-04,50,False
ASS0007653,STU00367,MOD00048,CRS006,1,81,100,2026-06-07,41,True
ASS0007654,STU00368,MOD00017,CRS003,1,90,100,2026-04-06,59,True
ASS0007655,STU00368,MOD00019,CRS003,1,72,100,2026-04-06,45,True
ASS0007656,STU00368,MOD00019,CRS003,2,81,100,2026-04-05,19,True
ASS0007657,STU00368,MOD00022,CRS003,1,62,100,2026-04-09,59,True
ASS0007658,STU00368,MOD00022,CRS003,2,71,100,2026-04-10,13,True
ASS0007659,STU00368,MOD00138,CRS018,1,55,100,2025-11-26,20,True
ASS0007660,STU00368,MOD00139,CRS018,1,85,100,2026-01-15,42,True
ASS0007661,STU00368,MOD00139,CRS018,2,64,100,2026-01-14,36,True
ASS0007662,STU00368,MOD00140,CRS018,1,44,100,2026-01-05,34,True
ASS0007663,STU00368,MOD00140,CRS018,2,57,100,2026-01-05,23,False
ASS0007664,STU00368,MOD00141,CRS018,1,87,100,2025-11-29,22,False
ASS0007665,STU00368,MOD00142,CRS018,1,54,100,2026-01-17,31,True
ASS0007666,STU00368,MOD00143,CRS018,1,41,100,2025-12-08,23,True
ASS0007667,STU00368,MOD00143,CRS018,2,87,100,2025-12-04,24,False
ASS0007668,STU00368,MOD00097,CRS013,1,68,100,2025-10-03,52,True
ASS0007669,STU00368,MOD00097,CRS013,2,55,100,2025-10-08,32,True
ASS0007670,STU00368,MOD00101,CRS013,1,84,100,2025-08-28,31,False
ASS0007671,STU00368,MOD00102,CRS013,1,60,100,2025-08-01,40,True
ASS0007672,STU00368,MOD00102,CRS013,2,38,100,2025-08-04,42,False
ASS0007673,STU00368,MOD00102,CRS013,3,53,100,2025-07-31,45,True
ASS0007674,STU00368,MOD00103,CRS013,1,85,100,2025-08-11,42,True
ASS0007675,STU00369,MOD00156,CRS020,1,83,100,2025-09-28,45,True
ASS0007676,STU00369,MOD00073,CRS010,1,52,100,2025-11-30,24,True
ASS0007677,STU00369,MOD00074,CRS010,1,83,100,2026-01-02,49,False
ASS0007678,STU00369,MOD00074,CRS010,2,36,100,2026-01-02,24,False
ASS0007679,STU00369,MOD00074,CRS010,3,52,100,2026-01-06,35,False
ASS0007680,STU00369,MOD00075,CRS010,1,55,100,2026-01-14,22,True
ASS0007681,STU00369,MOD00075,CRS010,2,61,100,2026-01-12,46,True
ASS0007682,STU00369,MOD00075,CRS010,3,54,100,2026-01-13,35,True
ASS0007683,STU00369,MOD00076,CRS010,1,78,100,2025-11-10,60,True
ASS0007684,STU00369,MOD00077,CRS010,1,33,100,2025-10-25,48,True
ASS0007685,STU00369,MOD00077,CRS010,2,74,100,2025-10-26,28,True
ASS0007686,STU00369,MOD00077,CRS010,3,77,100,2025-10-24,34,True
ASS0007687,STU00370,MOD00025,CRS004,1,90,100,2026-05-03,17,False
ASS0007688,STU00370,MOD00026,CRS004,1,63,100,2026-04-12,46,True
ASS0007689,STU00370,MOD00028,CRS004,1,78,100,2026-03-29,56,True
ASS0007690,STU00370,MOD00030,CRS004,1,76,100,2026-05-14,42,False
ASS0007691,STU00370,MOD00030,CRS004,2,47,100,2026-05-17,35,False
ASS0007692,STU00370,MOD00030,CRS004,3,50,100,2026-05-16,46,False
ASS0007693,STU00370,MOD00031,CRS004,1,88,100,2026-05-10,47,True
ASS0007694,STU00370,MOD00031,CRS004,2,43,100,2026-05-10,49,True
ASS0007695,STU00370,MOD00031,CRS004,3,95,100,2026-05-07,20,False
ASS0007696,STU00371,MOD00012,CRS002,1,81,100,2026-04-19,52,True
ASS0007697,STU00371,MOD00013,CRS002,1,100,100,2026-04-23,46,True
ASS0007698,STU00371,MOD00015,CRS002,1,61,100,2026-04-18,12,True
ASS0007699,STU00371,MOD00015,CRS002,2,50,100,2026-04-22,16,True
ASS0007700,STU00371,MOD00015,CRS002,3,67,100,2026-04-21,10,False
ASS0007701,STU00371,MOD00016,CRS002,1,54,100,2026-04-15,37,True
ASS0007702,STU00372,MOD00042,CRS006,1,100,100,2026-02-07,16,False
ASS0007703,STU00372,MOD00044,CRS006,1,34,100,2026-03-26,40,True
ASS0007704,STU00372,MOD00044,CRS006,2,45,100,2026-03-24,22,True
ASS0007705,STU00372,MOD00044,CRS006,3,98,100,2026-03-21,28,True
ASS0007706,STU00372,MOD00045,CRS006,1,97,100,2026-02-24,37,True
ASS0007707,STU00372,MOD00046,CRS006,1,43,100,2026-02-08,32,True
ASS0007708,STU00372,MOD00046,CRS006,2,64,100,2026-02-09,48,False
ASS0007709,STU00372,MOD00046,CRS006,3,58,100,2026-02-06,45,True
ASS0007710,STU00372,MOD00009,CRS002,1,80,100,2026-02-13,21,True
ASS0007711,STU00372,MOD00009,CRS002,2,86,100,2026-02-15,27,True
ASS0007712,STU00372,MOD00010,CRS002,1,51,100,2026-04-11,35,False
ASS0007713,STU00372,MOD00010,CRS002,2,62,100,2026-04-11,28,True
ASS0007714,STU00372,MOD00010,CRS002,3,70,100,2026-04-10,60,True
ASS0007715,STU00372,MOD00012,CRS002,1,46,100,2026-01-24,38,True
ASS0007716,STU00372,MOD00012,CRS002,2,89,100,2026-01-25,46,True
ASS0007717,STU00372,MOD00015,CRS002,1,30,100,2026-04-18,37,False
ASS0007718,STU00372,MOD00015,CRS002,2,41,100,2026-04-15,48,False
ASS0007719,STU00372,MOD00015,CRS002,3,69,100,2026-04-17,34,False
ASS0007720,STU00372,MOD00016,CRS002,1,84,100,2026-01-30,14,True
ASS0007721,STU00372,MOD00016,CRS002,2,83,100,2026-01-30,38,False
ASS0007722,STU00372,MOD00016,CRS002,3,76,100,2026-01-26,46,False
ASS0007723,STU00373,MOD00009,CRS002,1,59,100,2026-04-04,41,False
ASS0007724,STU00373,MOD00010,CRS002,1,67,100,2026-05-01,39,True
ASS0007725,STU00373,MOD00012,CRS002,1,52,100,2026-06-20,30,True
ASS0007726,STU00373,MOD00014,CRS002,1,33,100,2026-05-07,32,True
ASS0007727,STU00373,MOD00014,CRS002,2,97,100,2026-05-09,16,True
ASS0007728,STU00373,MOD00015,CRS002,1,92,100,2026-04-24,19,True
ASS0007729,STU00374,MOD00122,CRS016,1,83,100,2025-06-20,35,True
ASS0007730,STU00374,MOD00122,CRS016,2,91,100,2025-06-21,52,True
ASS0007731,STU00374,MOD00124,CRS016,1,92,100,2025-06-10,18,True
ASS0007732,STU00374,MOD00125,CRS016,1,30,100,2025-05-31,19,True
ASS0007733,STU00374,MOD00125,CRS016,2,84,100,2025-06-01,18,True
ASS0007734,STU00374,MOD00129,CRS017,1,51,100,2025-07-12,48,True
ASS0007735,STU00374,MOD00133,CRS017,1,35,100,2025-08-07,42,True
ASS0007736,STU00374,MOD00133,CRS017,2,58,100,2025-08-03,39,True
ASS0007737,STU00374,MOD00134,CRS017,1,56,100,2025-07-31,35,True
ASS0007738,STU00374,MOD00134,CRS017,2,38,100,2025-07-31,25,True
ASS0007739,STU00374,MOD00134,CRS017,3,64,100,2025-07-29,23,False
ASS0007740,STU00374,MOD00065,CRS009,1,60,100,2025-07-21,36,True
ASS0007741,STU00374,MOD00068,CRS009,1,61,100,2025-08-13,39,True
ASS0007742,STU00374,MOD00072,CRS009,1,96,100,2025-07-11,29,False
ASS0007743,STU00375,MOD00121,CRS016,1,51,100,2025-06-11,16,True
ASS0007744,STU00375,MOD00121,CRS016,2,88,100,2025-06-08,59,False
ASS0007745,STU00375,MOD00121,CRS016,3,97,100,2025-06-09,39,True
ASS0007746,STU00375,MOD00122,CRS016,1,89,100,2025-06-30,35,False
ASS0007747,STU00375,MOD00123,CRS016,1,78,100,2025-06-21,47,True
ASS0007748,STU00375,MOD00123,CRS016,2,89,100,2025-06-22,46,True
ASS0007749,STU00375,MOD00123,CRS016,3,55,100,2025-06-21,29,True
ASS0007750,STU00375,MOD00124,CRS016,1,65,100,2025-07-25,50,True
ASS0007751,STU00375,MOD00124,CRS016,2,82,100,2025-07-27,13,True
ASS0007752,STU00375,MOD00125,CRS016,1,67,100,2025-06-16,56,True
ASS0007753,STU00375,MOD00125,CRS016,2,84,100,2025-06-17,13,True
ASS0007754,STU00375,MOD00125,CRS016,3,71,100,2025-06-15,11,True
ASS0007755,STU00375,MOD00127,CRS016,1,79,100,2025-08-14,27,True
ASS0007756,STU00375,MOD00127,CRS016,2,73,100,2025-08-16,52,True
ASS0007757,STU00375,MOD00127,CRS016,3,55,100,2025-08-15,23,True
ASS0007758,STU00375,MOD00128,CRS016,1,62,100,2025-06-27,36,True
ASS0007759,STU00375,MOD00018,CRS003,1,37,100,2025-12-03,27,True
ASS0007760,STU00375,MOD00018,CRS003,2,36,100,2025-12-01,36,True
ASS0007761,STU00375,MOD00018,CRS003,3,66,100,2025-12-05,16,True
ASS0007762,STU00375,MOD00021,CRS003,1,57,100,2025-10-09,44,True
ASS0007763,STU00375,MOD00022,CRS003,1,39,100,2025-09-27,46,True
ASS0007764,STU00375,MOD00022,CRS003,2,79,100,2025-09-28,28,True
ASS0007765,STU00375,MOD00024,CRS003,1,50,100,2025-10-29,51,False
ASS0007766,STU00375,MOD00024,CRS003,2,80,100,2025-10-26,28,True
ASS0007767,STU00376,MOD00138,CRS018,1,77,100,2026-03-07,26,True
ASS0007768,STU00376,MOD00140,CRS018,1,51,100,2026-03-15,34,False
ASS0007769,STU00376,MOD00140,CRS018,2,83,100,2026-03-16,16,True
ASS0007770,STU00376,MOD00140,CRS018,3,79,100,2026-03-15,54,True
ASS0007771,STU00376,MOD00143,CRS018,1,36,100,2026-03-05,39,True
ASS0007772,STU00376,MOD00143,CRS018,2,77,100,2026-03-07,52,True
ASS0007773,STU00376,MOD00144,CRS018,1,85,100,2026-03-18,24,True
ASS0007774,STU00376,MOD00107,CRS014,1,94,100,2025-09-14,20,False
ASS0007775,STU00376,MOD00089,CRS012,1,58,100,2026-02-22,42,True
ASS0007776,STU00376,MOD00089,CRS012,2,38,100,2026-02-25,25,True
ASS0007777,STU00376,MOD00089,CRS012,3,70,100,2026-02-25,27,True
ASS0007778,STU00376,MOD00090,CRS012,1,59,100,2026-03-01,24,True
ASS0007779,STU00376,MOD00092,CRS012,1,95,100,2026-02-16,36,True
ASS0007780,STU00376,MOD00093,CRS012,1,74,100,2025-12-25,52,True
ASS0007781,STU00376,MOD00093,CRS012,2,63,100,2025-12-28,30,True
ASS0007782,STU00376,MOD00094,CRS012,1,70,100,2026-02-07,34,False
ASS0007783,STU00376,MOD00094,CRS012,2,69,100,2026-02-07,60,True
ASS0007784,STU00376,MOD00094,CRS012,3,65,100,2026-02-07,28,True
ASS0007785,STU00376,MOD00096,CRS012,1,64,100,2026-03-11,49,True
ASS0007786,STU00376,MOD00096,CRS012,2,88,100,2026-03-12,29,True
ASS0007787,STU00377,MOD00018,CRS003,1,59,100,2026-01-29,42,False
ASS0007788,STU00377,MOD00073,CRS010,1,88,100,2026-05-14,53,False
ASS0007789,STU00377,MOD00074,CRS010,1,48,100,2026-02-23,14,True
ASS0007790,STU00377,MOD00074,CRS010,2,59,100,2026-02-21,11,True
ASS0007791,STU00377,MOD00074,CRS010,3,56,100,2026-02-22,14,True
ASS0007792,STU00377,MOD00076,CRS010,1,82,100,2026-04-23,47,True
ASS0007793,STU00377,MOD00076,CRS010,2,86,100,2026-04-22,30,False
ASS0007794,STU00377,MOD00077,CRS010,1,45,100,2026-04-20,34,False
ASS0007795,STU00377,MOD00077,CRS010,2,65,100,2026-04-22,52,False
ASS0007796,STU00377,MOD00078,CRS010,1,82,100,2026-03-20,45,True
ASS0007797,STU00377,MOD00078,CRS010,2,77,100,2026-03-22,38,True
ASS0007798,STU00377,MOD00146,CRS019,1,31,100,2025-09-16,42,True
ASS0007799,STU00377,MOD00146,CRS019,2,84,100,2025-09-17,46,True
ASS0007800,STU00377,MOD00146,CRS019,3,66,100,2025-09-16,33,False
ASS0007801,STU00377,MOD00147,CRS019,1,71,100,2025-08-18,19,True
ASS0007802,STU00377,MOD00148,CRS019,1,69,100,2025-10-21,34,True
ASS0007803,STU00377,MOD00148,CRS019,2,55,100,2025-10-21,27,True
ASS0007804,STU00377,MOD00148,CRS019,3,68,100,2025-10-22,48,True
ASS0007805,STU00377,MOD00152,CRS019,1,67,100,2025-08-26,53,True
ASS0007806,STU00377,MOD00152,CRS019,2,43,100,2025-08-29,57,True
ASS0007807,STU00377,MOD00152,CRS019,3,50,100,2025-08-29,27,True
ASS0007808,STU00377,MOD00050,CRS007,1,56,100,2025-05-23,56,True
ASS0007809,STU00377,MOD00050,CRS007,2,94,100,2025-05-21,53,True
ASS0007810,STU00377,MOD00052,CRS007,1,94,100,2025-07-21,57,False
ASS0007811,STU00377,MOD00054,CRS007,1,69,100,2025-07-20,17,True
ASS0007812,STU00377,MOD00056,CRS007,1,71,100,2025-05-27,10,True
ASS0007813,STU00378,MOD00058,CRS008,1,75,100,2025-07-22,56,True
ASS0007814,STU00378,MOD00058,CRS008,2,54,100,2025-07-18,51,False
ASS0007815,STU00378,MOD00059,CRS008,1,78,100,2025-07-19,57,False
ASS0007816,STU00378,MOD00059,CRS008,2,55,100,2025-07-19,46,True
ASS0007817,STU00378,MOD00059,CRS008,3,70,100,2025-07-20,42,True
ASS0007818,STU00378,MOD00060,CRS008,1,95,100,2025-07-11,11,True
ASS0007819,STU00378,MOD00061,CRS008,1,35,100,2025-07-22,26,True
ASS0007820,STU00378,MOD00061,CRS008,2,31,100,2025-07-18,15,True
ASS0007821,STU00378,MOD00061,CRS008,3,70,100,2025-07-18,16,True
ASS0007822,STU00378,MOD00062,CRS008,1,87,100,2025-08-10,43,True
ASS0007823,STU00378,MOD00062,CRS008,2,64,100,2025-08-07,54,True
ASS0007824,STU00378,MOD00063,CRS008,1,30,100,2025-06-18,49,True
ASS0007825,STU00378,MOD00063,CRS008,2,62,100,2025-06-18,36,True
ASS0007826,STU00378,MOD00064,CRS008,1,80,100,2025-06-22,13,True
ASS0007827,STU00378,MOD00145,CRS019,1,34,100,2026-05-09,24,False
ASS0007828,STU00378,MOD00145,CRS019,2,82,100,2026-05-09,51,True
ASS0007829,STU00378,MOD00148,CRS019,1,51,100,2026-04-14,30,True
ASS0007830,STU00378,MOD00148,CRS019,2,77,100,2026-04-11,40,True
ASS0007831,STU00378,MOD00149,CRS019,1,41,100,2026-06-12,27,True
ASS0007832,STU00378,MOD00149,CRS019,2,58,100,2026-06-11,53,True
ASS0007833,STU00378,MOD00149,CRS019,3,95,100,2026-06-11,41,True
ASS0007834,STU00378,MOD00150,CRS019,1,38,100,2026-04-26,29,False
ASS0007835,STU00378,MOD00150,CRS019,2,56,100,2026-04-25,15,True
ASS0007836,STU00378,MOD00151,CRS019,1,83,100,2026-05-12,36,True
ASS0007837,STU00378,MOD00151,CRS019,2,47,100,2026-05-07,48,True
ASS0007838,STU00378,MOD00151,CRS019,3,71,100,2026-05-08,45,True
ASS0007839,STU00378,MOD00041,CRS006,1,54,100,2025-08-06,59,True
ASS0007840,STU00378,MOD00041,CRS006,2,74,100,2025-08-03,28,True
ASS0007841,STU00378,MOD00041,CRS006,3,70,100,2025-08-03,12,True
ASS0007842,STU00378,MOD00042,CRS006,1,43,100,2025-07-16,33,True
ASS0007843,STU00378,MOD00042,CRS006,2,79,100,2025-07-14,53,True
ASS0007844,STU00378,MOD00042,CRS006,3,67,100,2025-07-15,48,False
ASS0007845,STU00378,MOD00044,CRS006,1,68,100,2025-07-01,31,True
ASS0007846,STU00378,MOD00044,CRS006,2,57,100,2025-07-06,55,True
ASS0007847,STU00378,MOD00045,CRS006,1,50,100,2025-08-30,10,True
ASS0007848,STU00378,MOD00046,CRS006,1,76,100,2025-07-16,39,True
ASS0007849,STU00378,MOD00046,CRS006,2,40,100,2025-07-17,46,True
ASS0007850,STU00378,MOD00046,CRS006,3,51,100,2025-07-18,49,True
ASS0007851,STU00378,MOD00047,CRS006,1,58,100,2025-08-01,22,True
ASS0007852,STU00378,MOD00047,CRS006,2,62,100,2025-07-28,18,True
ASS0007853,STU00378,MOD00048,CRS006,1,54,100,2025-07-06,47,True
ASS0007854,STU00378,MOD00048,CRS006,2,79,100,2025-07-04,56,True
ASS0007855,STU00378,MOD00048,CRS006,3,82,100,2025-07-09,51,True
ASS0007856,STU00378,MOD00105,CRS014,1,99,100,2025-10-20,55,False
ASS0007857,STU00378,MOD00107,CRS014,1,87,100,2025-11-19,41,True
ASS0007858,STU00378,MOD00108,CRS014,1,95,100,2025-11-11,59,True
ASS0007859,STU00378,MOD00109,CRS014,1,51,100,2026-01-07,49,True
ASS0007860,STU00378,MOD00109,CRS014,2,32,100,2026-01-06,32,False
ASS0007861,STU00378,MOD00109,CRS014,3,68,100,2026-01-05,50,True
ASS0007862,STU00378,MOD00111,CRS014,1,61,100,2025-10-11,13,False
ASS0007863,STU00378,MOD00111,CRS014,2,59,100,2025-10-09,35,True
ASS0007864,STU00378,MOD00112,CRS014,1,76,100,2025-12-08,36,True
ASS0007865,STU00378,MOD00112,CRS014,2,51,100,2025-12-05,25,True
ASS0007866,STU00378,MOD00025,CRS004,1,87,100,2026-04-17,33,False
ASS0007867,STU00378,MOD00026,CRS004,1,87,100,2026-05-04,44,True
ASS0007868,STU00378,MOD00026,CRS004,2,58,100,2026-05-05,33,True
ASS0007869,STU00378,MOD00027,CRS004,1,56,100,2026-06-23,21,True
ASS0007870,STU00378,MOD00027,CRS004,2,70,100,2026-06-22,58,True
ASS0007871,STU00378,MOD00027,CRS004,3,53,100,2026-06-19,19,True
ASS0007872,STU00378,MOD00028,CRS004,1,58,100,2026-06-06,58,False
ASS0007873,STU00378,MOD00028,CRS004,2,58,100,2026-06-06,58,True
ASS0007874,STU00378,MOD00028,CRS004,3,52,100,2026-06-08,29,True
ASS0007875,STU00378,MOD00029,CRS004,1,84,100,2026-06-07,38,False
ASS0007876,STU00378,MOD00030,CRS004,1,48,100,2026-05-18,15,True
ASS0007877,STU00378,MOD00030,CRS004,2,76,100,2026-05-17,11,True
ASS0007878,STU00378,MOD00032,CRS004,1,42,100,2026-06-02,19,True
ASS0007879,STU00378,MOD00032,CRS004,2,74,100,2026-05-31,51,True
ASS0007880,STU00378,MOD00032,CRS004,3,81,100,2026-05-29,26,True
ASS0007881,STU00379,MOD00042,CRS006,1,97,100,2026-04-08,32,False
ASS0007882,STU00379,MOD00043,CRS006,1,52,100,2026-04-12,60,True
ASS0007883,STU00379,MOD00044,CRS006,1,72,100,2026-03-16,34,True
ASS0007884,STU00379,MOD00044,CRS006,2,88,100,2026-03-14,57,False
ASS0007885,STU00379,MOD00046,CRS006,1,51,100,2026-04-14,60,True
ASS0007886,STU00379,MOD00046,CRS006,2,72,100,2026-04-14,55,True
ASS0007887,STU00379,MOD00047,CRS006,1,61,100,2026-04-01,23,True
ASS0007888,STU00379,MOD00048,CRS006,1,76,100,2026-04-14,47,True
ASS0007889,STU00380,MOD00099,CRS013,1,99,100,2025-09-19,38,False
ASS0007890,STU00380,MOD00129,CRS017,1,73,100,2025-12-12,47,True
ASS0007891,STU00380,MOD00129,CRS017,2,72,100,2025-12-14,20,False
ASS0007892,STU00380,MOD00129,CRS017,3,71,100,2025-12-14,46,True
ASS0007893,STU00380,MOD00130,CRS017,1,53,100,2025-11-19,35,False
ASS0007894,STU00380,MOD00130,CRS017,2,77,100,2025-11-20,50,False
ASS0007895,STU00380,MOD00130,CRS017,3,82,100,2025-11-19,32,True
ASS0007896,STU00380,MOD00081,CRS011,1,77,100,2025-12-21,17,True
ASS0007897,STU00380,MOD00081,CRS011,2,62,100,2025-12-25,37,True
ASS0007898,STU00380,MOD00081,CRS011,3,88,100,2025-12-21,56,True
ASS0007899,STU00380,MOD00082,CRS011,1,93,100,2025-12-30,26,False
ASS0007900,STU00380,MOD00083,CRS011,1,41,100,2026-01-29,29,True
ASS0007901,STU00380,MOD00083,CRS011,2,38,100,2026-01-29,37,True
ASS0007902,STU00380,MOD00083,CRS011,3,63,100,2026-01-31,58,True
ASS0007903,STU00380,MOD00084,CRS011,1,51,100,2026-01-29,54,True
ASS0007904,STU00380,MOD00084,CRS011,2,68,100,2026-02-02,47,True
ASS0007905,STU00380,MOD00085,CRS011,1,89,100,2025-12-11,22,False
ASS0007906,STU00380,MOD00085,CRS011,2,62,100,2025-12-09,28,True
ASS0007907,STU00380,MOD00085,CRS011,3,90,100,2025-12-08,37,True
ASS0007908,STU00380,MOD00086,CRS011,1,75,100,2026-02-01,41,True
ASS0007909,STU00380,MOD00086,CRS011,2,52,100,2026-02-01,29,True
ASS0007910,STU00380,MOD00088,CRS011,1,36,100,2026-02-10,46,True
ASS0007911,STU00380,MOD00088,CRS011,2,57,100,2026-02-13,58,True
ASS0007912,STU00380,MOD00047,CRS006,1,73,100,2025-08-14,37,True
ASS0007913,STU00380,MOD00047,CRS006,2,53,100,2025-08-11,54,False
ASS0007914,STU00380,MOD00047,CRS006,3,80,100,2025-08-14,24,False
ASS0007915,STU00380,MOD00113,CRS015,1,62,100,2026-01-30,19,True
ASS0007916,STU00380,MOD00113,CRS015,2,71,100,2026-01-26,40,True
ASS0007917,STU00380,MOD00113,CRS015,3,70,100,2026-01-29,41,True
ASS0007918,STU00380,MOD00118,CRS015,1,96,100,2026-04-04,29,False
ASS0007919,STU00381,MOD00105,CRS014,1,66,100,2025-10-29,22,True
ASS0007920,STU00381,MOD00105,CRS014,2,95,100,2025-10-31,41,False
ASS0007921,STU00381,MOD00107,CRS014,1,37,100,2025-11-10,45,True
ASS0007922,STU00381,MOD00107,CRS014,2,58,100,2025-11-09,14,True
ASS0007923,STU00381,MOD00109,CRS014,1,78,100,2025-11-24,24,True
ASS0007924,STU00381,MOD00111,CRS014,1,34,100,2025-10-28,18,True
ASS0007925,STU00381,MOD00111,CRS014,2,79,100,2025-10-25,12,False
ASS0007926,STU00381,MOD00111,CRS014,3,52,100,2025-10-29,48,True
ASS0007927,STU00381,MOD00112,CRS014,1,86,100,2025-11-26,10,True
ASS0007928,STU00381,MOD00112,CRS014,2,70,100,2025-11-23,40,True
ASS0007929,STU00381,MOD00112,CRS014,3,89,100,2025-11-26,11,True
ASS0007930,STU00381,MOD00083,CRS011,1,66,100,2026-02-05,38,False
ASS0007931,STU00381,MOD00085,CRS011,1,59,100,2026-01-15,22,True
ASS0007932,STU00381,MOD00085,CRS011,2,92,100,2026-01-16,17,True
ASS0007933,STU00381,MOD00088,CRS011,1,61,100,2025-12-09,34,True
ASS0007934,STU00381,MOD00057,CRS008,1,57,100,2026-03-05,57,False
ASS0007935,STU00381,MOD00057,CRS008,2,89,100,2026-03-04,42,True
ASS0007936,STU00381,MOD00058,CRS008,1,71,100,2026-03-20,15,True
ASS0007937,STU00381,MOD00058,CRS008,2,76,100,2026-03-19,13,False
ASS0007938,STU00381,MOD00058,CRS008,3,83,100,2026-03-19,19,True
ASS0007939,STU00381,MOD00062,CRS008,1,62,100,2026-02-08,58,True
ASS0007940,STU00381,MOD00062,CRS008,2,42,100,2026-02-09,40,False
ASS0007941,STU00381,MOD00062,CRS008,3,56,100,2026-02-12,42,True
ASS0007942,STU00381,MOD00064,CRS008,1,88,100,2026-01-26,14,True
ASS0007943,STU00381,MOD00064,CRS008,2,74,100,2026-01-29,15,True
ASS0007944,STU00381,MOD00064,CRS008,3,80,100,2026-01-29,51,True
ASS0007945,STU00381,MOD00051,CRS007,1,89,100,2025-12-19,40,True
ASS0007946,STU00381,MOD00052,CRS007,1,31,100,2025-10-02,42,True
ASS0007947,STU00381,MOD00052,CRS007,2,82,100,2025-10-01,60,True
ASS0007948,STU00381,MOD00052,CRS007,3,56,100,2025-09-30,19,False
ASS0007949,STU00381,MOD00053,CRS007,1,88,100,2025-11-08,18,True
ASS0007950,STU00381,MOD00053,CRS007,2,88,100,2025-11-03,18,True
ASS0007951,STU00382,MOD00116,CRS015,1,76,100,2025-08-23,45,True
ASS0007952,STU00382,MOD00098,CRS013,1,61,100,2025-11-22,26,True
ASS0007953,STU00382,MOD00100,CRS013,1,74,100,2025-10-17,33,True
ASS0007954,STU00382,MOD00100,CRS013,2,70,100,2025-10-16,50,True
ASS0007955,STU00382,MOD00100,CRS013,3,91,100,2025-10-16,23,False
ASS0007956,STU00382,MOD00101,CRS013,1,56,100,2025-09-05,41,True
ASS0007957,STU00382,MOD00101,CRS013,2,50,100,2025-09-07,57,False
ASS0007958,STU00382,MOD00102,CRS013,1,73,100,2025-09-09,36,True
ASS0007959,STU00382,MOD00103,CRS013,1,67,100,2025-11-24,30,True
ASS0007960,STU00382,MOD00103,CRS013,2,89,100,2025-11-25,59,False
ASS0007961,STU00382,MOD00104,CRS013,1,36,100,2025-09-08,16,True
ASS0007962,STU00382,MOD00104,CRS013,2,38,100,2025-09-11,35,True
ASS0007963,STU00382,MOD00104,CRS013,3,92,100,2025-09-09,52,True
ASS0007964,STU00382,MOD00001,CRS001,1,78,100,2025-10-03,44,True
ASS0007965,STU00382,MOD00003,CRS001,1,33,100,2025-09-25,13,True
ASS0007966,STU00382,MOD00003,CRS001,2,59,100,2025-09-25,25,False
ASS0007967,STU00382,MOD00003,CRS001,3,86,100,2025-09-24,25,True
ASS0007968,STU00382,MOD00007,CRS001,1,61,100,2025-08-27,43,False
ASS0007969,STU00383,MOD00001,CRS001,1,90,100,2026-03-03,18,False
ASS0007970,STU00383,MOD00002,CRS001,1,89,100,2026-03-17,22,True
ASS0007971,STU00383,MOD00002,CRS001,2,93,100,2026-03-14,29,False
ASS0007972,STU00383,MOD00075,CRS010,1,75,100,2026-01-04,16,True
ASS0007973,STU00383,MOD00075,CRS010,2,65,100,2026-01-08,20,True
ASS0007974,STU00383,MOD00079,CRS010,1,35,100,2025-12-01,38,True
ASS0007975,STU00383,MOD00079,CRS010,2,55,100,2025-11-30,32,False
ASS0007976,STU00383,MOD00058,CRS008,1,49,100,2025-11-15,48,True
ASS0007977,STU00383,MOD00058,CRS008,2,94,100,2025-11-12,24,False
ASS0007978,STU00383,MOD00059,CRS008,1,63,100,2025-10-17,10,True
ASS0007979,STU00383,MOD00061,CRS008,1,68,100,2025-11-02,55,True
ASS0007980,STU00383,MOD00062,CRS008,1,32,100,2025-09-15,38,True
ASS0007981,STU00383,MOD00062,CRS008,2,95,100,2025-09-14,59,True
ASS0007982,STU00383,MOD00063,CRS008,1,60,100,2025-11-14,56,True
ASS0007983,STU00383,MOD00063,CRS008,2,92,100,2025-11-16,37,True
ASS0007984,STU00383,MOD00064,CRS008,1,57,100,2025-10-25,28,False
ASS0007985,STU00384,MOD00137,CRS018,1,43,100,2026-01-27,16,True
ASS0007986,STU00384,MOD00137,CRS018,2,69,100,2026-01-31,49,True
ASS0007987,STU00384,MOD00137,CRS018,3,100,100,2026-01-31,21,True
ASS0007988,STU00384,MOD00138,CRS018,1,44,100,2026-03-12,29,True
ASS0007989,STU00384,MOD00138,CRS018,2,61,100,2026-03-11,44,False
ASS0007990,STU00384,MOD00138,CRS018,3,100,100,2026-03-16,13,True
ASS0007991,STU00384,MOD00140,CRS018,1,99,100,2026-03-14,38,False
ASS0007992,STU00384,MOD00144,CRS018,1,83,100,2026-02-24,52,True
ASS0007993,STU00384,MOD00144,CRS018,2,63,100,2026-02-24,44,True
ASS0007994,STU00384,MOD00132,CRS017,1,57,100,2025-12-01,43,True
ASS0007995,STU00384,MOD00132,CRS017,2,53,100,2025-12-05,12,True
ASS0007996,STU00384,MOD00133,CRS017,1,84,100,2025-12-07,48,True
ASS0007997,STU00384,MOD00133,CRS017,2,79,100,2025-12-10,26,True
ASS0007998,STU00384,MOD00133,CRS017,3,93,100,2025-12-10,49,False
ASS0007999,STU00384,MOD00134,CRS017,1,53,100,2025-12-15,33,True
ASS0008000,STU00384,MOD00134,CRS017,2,63,100,2025-12-14,57,True
ASS0008001,STU00384,MOD00135,CRS017,1,55,100,2025-10-29,13,True
ASS0008002,STU00384,MOD00135,CRS017,2,56,100,2025-10-29,53,True
ASS0008003,STU00384,MOD00135,CRS017,3,97,100,2025-10-26,38,False
ASS0008004,STU00384,MOD00136,CRS017,1,63,100,2025-12-19,11,True
ASS0008005,STU00384,MOD00153,CRS020,1,67,100,2025-07-10,20,True
ASS0008006,STU00384,MOD00154,CRS020,1,64,100,2025-07-11,26,True
ASS0008007,STU00384,MOD00154,CRS020,2,82,100,2025-07-11,23,False
ASS0008008,STU00384,MOD00154,CRS020,3,93,100,2025-07-12,10,True
ASS0008009,STU00385,MOD00091,CRS012,1,54,100,2026-04-12,58,False
ASS0008010,STU00385,MOD00091,CRS012,2,69,100,2026-04-17,22,True
ASS0008011,STU00385,MOD00091,CRS012,3,50,100,2026-04-14,39,True
ASS0008012,STU00385,MOD00092,CRS012,1,77,100,2026-05-16,48,False
ASS0008013,STU00385,MOD00092,CRS012,2,82,100,2026-05-14,32,False
ASS0008014,STU00385,MOD00093,CRS012,1,52,100,2026-03-25,60,True
ASS0008015,STU00385,MOD00093,CRS012,2,95,100,2026-03-21,19,True
ASS0008016,STU00385,MOD00035,CRS005,1,38,100,2025-05-29,44,True
ASS0008017,STU00385,MOD00035,CRS005,2,81,100,2025-05-26,55,True
ASS0008018,STU00385,MOD00035,CRS005,3,53,100,2025-05-30,55,True
ASS0008019,STU00385,MOD00036,CRS005,1,55,100,2025-04-26,47,True
ASS0008020,STU00385,MOD00036,CRS005,2,85,100,2025-04-28,42,True
ASS0008021,STU00385,MOD00037,CRS005,1,88,100,2025-06-03,19,True
ASS0008022,STU00385,MOD00039,CRS005,1,98,100,2025-06-11,44,True
ASS0008023,STU00385,MOD00145,CRS019,1,57,100,2026-05-09,15,True
ASS0008024,STU00385,MOD00145,CRS019,2,60,100,2026-05-07,54,True
ASS0008025,STU00385,MOD00152,CRS019,1,73,100,2026-06-12,15,True
ASS0008026,STU00385,MOD00152,CRS019,2,86,100,2026-06-12,51,True
ASS0008027,STU00385,MOD00067,CRS009,1,88,100,2025-11-18,32,True
ASS0008028,STU00387,MOD00018,CRS003,1,52,100,2026-04-10,23,True
ASS0008029,STU00387,MOD00018,CRS003,2,97,100,2026-04-09,20,False
ASS0008030,STU00387,MOD00019,CRS003,1,56,100,2026-05-27,14,True
ASS0008031,STU00387,MOD00019,CRS003,2,55,100,2026-05-27,56,True
ASS0008032,STU00387,MOD00020,CRS003,1,68,100,2026-06-11,39,True
ASS0008033,STU00387,MOD00020,CRS003,2,86,100,2026-06-11,55,True
ASS0008034,STU00387,MOD00021,CRS003,1,60,100,2026-03-28,25,True
ASS0008035,STU00387,MOD00023,CRS003,1,36,100,2026-06-28,19,True
ASS0008036,STU00387,MOD00023,CRS003,2,60,100,2026-06-26,54,True
ASS0008037,STU00387,MOD00024,CRS003,1,69,100,2026-04-23,44,True
ASS0008038,STU00387,MOD00024,CRS003,2,77,100,2026-04-27,34,True
ASS0008039,STU00387,MOD00024,CRS003,3,57,100,2026-04-24,32,True
ASS0008040,STU00387,MOD00082,CRS011,1,75,100,2025-12-22,32,True
ASS0008041,STU00387,MOD00082,CRS011,2,98,100,2025-12-21,10,True
ASS0008042,STU00387,MOD00087,CRS011,1,55,100,2026-01-15,17,True
ASS0008043,STU00387,MOD00087,CRS011,2,81,100,2026-01-17,46,True
ASS0008044,STU00387,MOD00088,CRS011,1,54,100,2025-12-21,14,True
ASS0008045,STU00387,MOD00088,CRS011,2,89,100,2025-12-20,52,True
ASS0008046,STU00387,MOD00088,CRS011,3,96,100,2025-12-18,31,True
ASS0008047,STU00388,MOD00025,CRS004,1,80,100,2026-01-13,48,True
ASS0008048,STU00388,MOD00027,CRS004,1,36,100,2026-01-24,10,False
ASS0008049,STU00388,MOD00027,CRS004,2,42,100,2026-01-24,33,True
ASS0008050,STU00388,MOD00027,CRS004,3,91,100,2026-01-22,34,True
ASS0008051,STU00388,MOD00028,CRS004,1,31,100,2025-11-29,15,True
ASS0008052,STU00388,MOD00028,CRS004,2,99,100,2025-11-26,55,True
ASS0008053,STU00388,MOD00029,CRS004,1,31,100,2026-02-12,14,False
ASS0008054,STU00388,MOD00029,CRS004,2,95,100,2026-02-13,36,True
ASS0008055,STU00388,MOD00032,CRS004,1,37,100,2025-12-08,23,True
ASS0008056,STU00388,MOD00032,CRS004,2,58,100,2025-12-10,23,True
ASS0008057,STU00388,MOD00078,CRS010,1,61,100,2026-03-20,23,False
ASS0008058,STU00388,MOD00078,CRS010,2,80,100,2026-03-19,50,True
ASS0008059,STU00388,MOD00078,CRS010,3,54,100,2026-03-15,32,False
ASS0008060,STU00388,MOD00010,CRS002,1,63,100,2025-12-08,37,True
ASS0008061,STU00388,MOD00102,CRS013,1,55,100,2026-05-15,41,True
ASS0008062,STU00388,MOD00018,CRS003,1,100,100,2025-12-12,25,True
ASS0008063,STU00388,MOD00019,CRS003,1,83,100,2026-01-26,40,True
ASS0008064,STU00388,MOD00019,CRS003,2,69,100,2026-01-26,13,True
ASS0008065,STU00388,MOD00020,CRS003,1,55,100,2025-11-26,12,True
ASS0008066,STU00388,MOD00020,CRS003,2,36,100,2025-11-22,17,False
ASS0008067,STU00388,MOD00020,CRS003,3,93,100,2025-11-24,14,True
ASS0008068,STU00388,MOD00022,CRS003,1,48,100,2026-01-28,51,True
ASS0008069,STU00388,MOD00022,CRS003,2,69,100,2026-01-27,43,True
ASS0008070,STU00388,MOD00022,CRS003,3,60,100,2026-01-28,44,True
ASS0008071,STU00388,MOD00023,CRS003,1,58,100,2025-12-20,50,False
ASS0008072,STU00389,MOD00057,CRS008,1,70,100,2026-05-02,44,True
ASS0008073,STU00389,MOD00057,CRS008,2,69,100,2026-04-29,42,True
ASS0008074,STU00389,MOD00058,CRS008,1,46,100,2026-04-16,33,False
ASS0008075,STU00389,MOD00058,CRS008,2,81,100,2026-04-16,59,True
ASS0008076,STU00389,MOD00058,CRS008,3,56,100,2026-04-14,39,True
ASS0008077,STU00389,MOD00059,CRS008,1,73,100,2026-03-22,57,True
ASS0008078,STU00389,MOD00059,CRS008,2,51,100,2026-03-23,15,True
ASS0008079,STU00389,MOD00060,CRS008,1,61,100,2026-06-01,42,True
ASS0008080,STU00389,MOD00060,CRS008,2,97,100,2026-05-30,60,True
ASS0008081,STU00389,MOD00063,CRS008,1,48,100,2026-04-25,17,True
ASS0008082,STU00389,MOD00063,CRS008,2,81,100,2026-04-27,28,True
ASS0008083,STU00389,MOD00063,CRS008,3,89,100,2026-04-24,43,True
ASS0008084,STU00390,MOD00007,CRS001,1,86,100,2026-04-23,39,False
ASS0008085,STU00390,MOD00007,CRS001,2,72,100,2026-04-23,25,True
ASS0008086,STU00390,MOD00008,CRS001,1,50,100,2026-02-23,55,True
ASS0008087,STU00390,MOD00008,CRS001,2,73,100,2026-02-26,35,False
ASS0008088,STU00390,MOD00097,CRS013,1,67,100,2025-09-10,22,True
ASS0008089,STU00390,MOD00097,CRS013,2,83,100,2025-09-07,57,False
ASS0008090,STU00390,MOD00099,CRS013,1,36,100,2025-10-10,58,True
ASS0008091,STU00390,MOD00099,CRS013,2,57,100,2025-10-12,55,True
ASS0008092,STU00390,MOD00100,CRS013,1,76,100,2025-10-28,24,False
ASS0008093,STU00390,MOD00101,CRS013,1,82,100,2025-09-05,21,True
ASS0008094,STU00390,MOD00101,CRS013,2,38,100,2025-09-06,31,False
ASS0008095,STU00390,MOD00101,CRS013,3,65,100,2025-09-08,15,True
ASS0008096,STU00390,MOD00103,CRS013,1,69,100,2025-09-28,41,True
ASS0008097,STU00390,MOD00103,CRS013,2,52,100,2025-09-25,39,False
ASS0008098,STU00390,MOD00009,CRS002,1,35,100,2025-09-01,20,True
ASS0008099,STU00390,MOD00009,CRS002,2,100,100,2025-08-29,55,True
ASS0008100,STU00390,MOD00011,CRS002,1,76,100,2025-10-25,21,False
ASS0008101,STU00390,MOD00011,CRS002,2,85,100,2025-10-25,12,False
ASS0008102,STU00390,MOD00011,CRS002,3,82,100,2025-10-25,59,True
ASS0008103,STU00390,MOD00012,CRS002,1,62,100,2025-09-12,21,True
ASS0008104,STU00390,MOD00015,CRS002,1,87,100,2025-08-18,16,False
ASS0008105,STU00390,MOD00015,CRS002,2,83,100,2025-08-18,59,True
ASS0008106,STU00390,MOD00015,CRS002,3,94,100,2025-08-17,51,True
ASS0008107,STU00390,MOD00074,CRS010,1,68,100,2025-09-19,55,True
ASS0008108,STU00390,MOD00074,CRS010,2,53,100,2025-09-21,51,True
ASS0008109,STU00390,MOD00076,CRS010,1,81,100,2025-09-24,27,True
ASS0008110,STU00390,MOD00077,CRS010,1,68,100,2025-08-27,43,True
ASS0008111,STU00390,MOD00077,CRS010,2,72,100,2025-08-26,49,True
ASS0008112,STU00390,MOD00078,CRS010,1,64,100,2025-09-07,56,True
ASS0008113,STU00390,MOD00078,CRS010,2,67,100,2025-09-11,53,False
ASS0008114,STU00390,MOD00078,CRS010,3,85,100,2025-09-10,43,True
ASS0008115,STU00390,MOD00079,CRS010,1,67,100,2025-09-26,31,True
ASS0008116,STU00390,MOD00080,CRS010,1,62,100,2025-10-23,16,True
ASS0008117,STU00390,MOD00139,CRS018,1,52,100,2026-02-28,56,True
ASS0008118,STU00391,MOD00115,CRS015,1,72,100,2025-11-23,57,True
ASS0008119,STU00391,MOD00116,CRS015,1,50,100,2025-10-25,50,True
ASS0008120,STU00391,MOD00116,CRS015,2,34,100,2025-10-27,55,True
ASS0008121,STU00391,MOD00116,CRS015,3,61,100,2025-10-23,32,True
ASS0008122,STU00391,MOD00152,CRS019,1,56,100,2026-03-23,47,True
ASS0008123,STU00391,MOD00152,CRS019,2,69,100,2026-03-24,19,True
ASS0008124,STU00391,MOD00129,CRS017,1,39,100,2026-02-02,26,False
ASS0008125,STU00391,MOD00129,CRS017,2,83,100,2026-02-07,54,True
ASS0008126,STU00391,MOD00129,CRS017,3,58,100,2026-02-07,52,True
ASS0008127,STU00391,MOD00131,CRS017,1,91,100,2026-02-09,15,True
ASS0008128,STU00391,MOD00132,CRS017,1,52,100,2026-03-18,24,True
ASS0008129,STU00391,MOD00132,CRS017,2,67,100,2026-03-21,43,True
ASS0008130,STU00391,MOD00132,CRS017,3,52,100,2026-03-16,59,True
ASS0008131,STU00391,MOD00134,CRS017,1,74,100,2026-01-27,41,True
ASS0008132,STU00391,MOD00134,CRS017,2,91,100,2026-01-30,28,True
ASS0008133,STU00391,MOD00022,CRS003,1,92,100,2026-03-29,19,True
ASS0008134,STU00391,MOD00024,CRS003,1,62,100,2026-01-27,52,True
ASS0008135,STU00392,MOD00121,CRS016,1,40,100,2026-01-23,19,True
ASS0008136,STU00392,MOD00121,CRS016,2,88,100,2026-01-23,15,True
ASS0008137,STU00392,MOD00124,CRS016,1,32,100,2026-02-27,46,True
ASS0008138,STU00392,MOD00124,CRS016,2,89,100,2026-02-25,44,False
ASS0008139,STU00392,MOD00124,CRS016,3,76,100,2026-02-25,29,True
ASS0008140,STU00392,MOD00125,CRS016,1,76,100,2026-03-19,39,False
ASS0008141,STU00392,MOD00126,CRS016,1,92,100,2026-01-22,37,True
ASS0008142,STU00392,MOD00128,CRS016,1,76,100,2026-02-23,17,True
ASS0008143,STU00392,MOD00128,CRS016,2,53,100,2026-02-24,21,True
ASS0008144,STU00392,MOD00128,CRS016,3,85,100,2026-02-27,21,True
ASS0008145,STU00393,MOD00137,CRS018,1,57,100,2026-04-02,43,True
ASS0008146,STU00393,MOD00137,CRS018,2,53,100,2026-03-31,48,True
ASS0008147,STU00393,MOD00137,CRS018,3,56,100,2026-03-31,48,True
ASS0008148,STU00393,MOD00143,CRS018,1,79,100,2026-04-30,33,True
ASS0008149,STU00393,MOD00144,CRS018,1,82,100,2026-03-08,25,True
ASS0008150,STU00393,MOD00144,CRS018,2,52,100,2026-03-04,16,True
ASS0008151,STU00394,MOD00098,CRS013,1,34,100,2025-10-24,51,True
ASS0008152,STU00394,MOD00098,CRS013,2,31,100,2025-10-24,15,False
ASS0008153,STU00394,MOD00098,CRS013,3,97,100,2025-10-22,45,True
ASS0008154,STU00394,MOD00100,CRS013,1,76,100,2025-09-26,57,False
ASS0008155,STU00394,MOD00100,CRS013,2,36,100,2025-09-28,26,True
ASS0008156,STU00394,MOD00100,CRS013,3,64,100,2025-09-28,58,True
ASS0008157,STU00394,MOD00103,CRS013,1,76,100,2025-11-03,26,True
ASS0008158,STU00394,MOD00103,CRS013,2,72,100,2025-11-02,14,True
ASS0008159,STU00394,MOD00103,CRS013,3,97,100,2025-11-01,17,True
ASS0008160,STU00394,MOD00104,CRS013,1,85,100,2025-09-23,34,True
ASS0008161,STU00394,MOD00104,CRS013,2,62,100,2025-09-21,11,True
ASS0008162,STU00395,MOD00033,CRS005,1,82,100,2026-01-06,31,True
ASS0008163,STU00395,MOD00035,CRS005,1,73,100,2026-03-07,17,True
ASS0008164,STU00395,MOD00035,CRS005,2,54,100,2026-03-10,60,True
ASS0008165,STU00395,MOD00036,CRS005,1,48,100,2026-02-18,50,True
ASS0008166,STU00395,MOD00036,CRS005,2,66,100,2026-02-23,28,True
ASS0008167,STU00395,MOD00036,CRS005,3,52,100,2026-02-23,19,True
ASS0008168,STU00395,MOD00037,CRS005,1,69,100,2026-03-12,17,True
ASS0008169,STU00395,MOD00038,CRS005,1,52,100,2026-01-12,19,True
ASS0008170,STU00395,MOD00038,CRS005,2,85,100,2026-01-07,39,True
ASS0008171,STU00395,MOD00122,CRS016,1,85,100,2025-07-10,38,True
ASS0008172,STU00395,MOD00126,CRS016,1,49,100,2025-08-22,44,True
ASS0008173,STU00395,MOD00126,CRS016,2,72,100,2025-08-23,21,True
ASS0008174,STU00395,MOD00128,CRS016,1,58,100,2025-07-10,38,True
ASS0008175,STU00395,MOD00128,CRS016,2,79,100,2025-07-09,58,True
ASS0008176,STU00396,MOD00054,CRS007,1,54,100,2025-11-04,57,True
ASS0008177,STU00396,MOD00138,CRS018,1,54,100,2026-03-12,23,True
ASS0008178,STU00396,MOD00138,CRS018,2,75,100,2026-03-12,19,True
ASS0008179,STU00396,MOD00138,CRS018,3,70,100,2026-03-12,53,True
ASS0008180,STU00396,MOD00139,CRS018,1,78,100,2026-01-12,13,False
ASS0008181,STU00396,MOD00140,CRS018,1,50,100,2026-02-04,35,True
ASS0008182,STU00396,MOD00140,CRS018,2,73,100,2026-02-02,49,False
ASS0008183,STU00396,MOD00142,CRS018,1,34,100,2026-03-02,53,True
ASS0008184,STU00396,MOD00142,CRS018,2,98,100,2026-02-28,19,True
ASS0008185,STU00396,MOD00132,CRS017,1,64,100,2026-02-11,31,False
ASS0008186,STU00396,MOD00134,CRS017,1,57,100,2026-05-03,20,False
ASS0008187,STU00396,MOD00061,CRS008,1,38,100,2025-06-17,49,True
ASS0008188,STU00396,MOD00061,CRS008,2,83,100,2025-06-13,43,False
ASS0008189,STU00396,MOD00147,CRS019,1,94,100,2025-07-17,18,False
ASS0008190,STU00396,MOD00148,CRS019,1,38,100,2025-07-08,19,True
ASS0008191,STU00396,MOD00148,CRS019,2,68,100,2025-07-10,57,False
ASS0008192,STU00397,MOD00106,CRS014,1,73,100,2025-05-25,38,False
ASS0008193,STU00397,MOD00106,CRS014,2,41,100,2025-05-24,56,True
ASS0008194,STU00397,MOD00106,CRS014,3,51,100,2025-05-24,59,True
ASS0008195,STU00397,MOD00089,CRS012,1,92,100,2025-12-22,10,True
ASS0008196,STU00397,MOD00090,CRS012,1,64,100,2025-10-07,28,True
ASS0008197,STU00397,MOD00092,CRS012,1,47,100,2025-12-19,26,True
ASS0008198,STU00397,MOD00092,CRS012,2,33,100,2025-12-19,16,True
ASS0008199,STU00397,MOD00092,CRS012,3,92,100,2025-12-18,28,True
ASS0008200,STU00397,MOD00093,CRS012,1,64,100,2025-11-05,13,True
ASS0008201,STU00397,MOD00093,CRS012,2,51,100,2025-11-06,60,True
ASS0008202,STU00397,MOD00093,CRS012,3,50,100,2025-11-08,32,True
ASS0008203,STU00397,MOD00094,CRS012,1,41,100,2025-10-10,58,False
ASS0008204,STU00397,MOD00094,CRS012,2,82,100,2025-10-08,51,True
ASS0008205,STU00397,MOD00094,CRS012,3,69,100,2025-10-08,24,False
ASS0008206,STU00397,MOD00096,CRS012,1,74,100,2025-10-27,43,True
ASS0008207,STU00397,MOD00096,CRS012,2,40,100,2025-10-30,22,True
ASS0008208,STU00397,MOD00096,CRS012,3,96,100,2025-10-30,15,True
ASS0008209,STU00397,MOD00148,CRS019,1,92,100,2025-08-28,43,True
ASS0008210,STU00397,MOD00150,CRS019,1,65,100,2025-09-27,60,False
ASS0008211,STU00397,MOD00151,CRS019,1,82,100,2025-08-28,55,False
ASS0008212,STU00397,MOD00049,CRS007,1,40,100,2025-10-04,50,True
ASS0008213,STU00397,MOD00049,CRS007,2,72,100,2025-10-04,13,True
ASS0008214,STU00397,MOD00051,CRS007,1,32,100,2025-09-23,43,True
ASS0008215,STU00397,MOD00051,CRS007,2,38,100,2025-09-21,15,False
ASS0008216,STU00397,MOD00051,CRS007,3,64,100,2025-09-21,60,True
ASS0008217,STU00397,MOD00053,CRS007,1,49,100,2025-09-27,50,False
ASS0008218,STU00397,MOD00053,CRS007,2,49,100,2025-09-30,21,True
ASS0008219,STU00397,MOD00053,CRS007,3,81,100,2025-09-28,49,True
ASS0008220,STU00398,MOD00154,CRS020,1,93,100,2025-08-31,57,True
ASS0008221,STU00398,MOD00155,CRS020,1,82,100,2025-09-20,20,True
ASS0008222,STU00398,MOD00036,CRS005,1,76,100,2025-10-20,33,True
ASS0008223,STU00398,MOD00036,CRS005,2,54,100,2025-10-17,24,False
ASS0008224,STU00398,MOD00036,CRS005,3,72,100,2025-10-17,60,True
ASS0008225,STU00398,MOD00038,CRS005,1,87,100,2025-09-12,39,False
ASS0008226,STU00398,MOD00038,CRS005,2,90,100,2025-09-12,45,True
ASS0008227,STU00398,MOD00038,CRS005,3,84,100,2025-09-11,38,True
ASS0008228,STU00398,MOD00040,CRS005,1,91,100,2025-10-21,10,True
ASS0008229,STU00399,MOD00034,CRS005,1,63,100,2026-05-15,34,True
ASS0008230,STU00399,MOD00035,CRS005,1,77,100,2026-06-16,32,True
ASS0008231,STU00399,MOD00039,CRS005,1,70,100,2026-06-12,48,False
ASS0008232,STU00399,MOD00039,CRS005,2,80,100,2026-06-13,38,True
ASS0008233,STU00399,MOD00039,CRS005,3,50,100,2026-06-15,24,True
ASS0008234,STU00399,MOD00040,CRS005,1,79,100,2026-05-23,12,True
ASS0008235,STU00399,MOD00018,CRS003,1,51,100,2026-03-22,25,True
ASS0008236,STU00399,MOD00019,CRS003,1,56,100,2026-04-15,21,False
ASS0008237,STU00399,MOD00020,CRS003,1,56,100,2026-02-24,18,True
ASS0008238,STU00399,MOD00020,CRS003,2,36,100,2026-02-26,46,True
ASS0008239,STU00399,MOD00020,CRS003,3,96,100,2026-02-23,29,True
ASS0008240,STU00399,MOD00021,CRS003,1,60,100,2026-02-26,22,True
ASS0008241,STU00399,MOD00021,CRS003,2,67,100,2026-02-26,43,False
ASS0008242,STU00399,MOD00022,CRS003,1,88,100,2026-03-01,54,True
ASS0008243,STU00399,MOD00023,CRS003,1,54,100,2026-04-21,35,False
ASS0008244,STU00399,MOD00023,CRS003,2,54,100,2026-04-24,30,True
ASS0008245,STU00399,MOD00023,CRS003,3,76,100,2026-04-20,14,True
ASS0008246,STU00399,MOD00024,CRS003,1,63,100,2026-03-31,43,True
ASS0008247,STU00399,MOD00024,CRS003,2,62,100,2026-03-28,43,True
ASS0008248,STU00399,MOD00024,CRS003,3,81,100,2026-03-28,39,False
ASS0008249,STU00399,MOD00025,CRS004,1,51,100,2026-05-10,12,True
ASS0008250,STU00399,MOD00026,CRS004,1,45,100,2026-03-21,51,True
ASS0008251,STU00399,MOD00026,CRS004,2,78,100,2026-03-21,10,True
ASS0008252,STU00399,MOD00026,CRS004,3,90,100,2026-03-19,21,True
ASS0008253,STU00399,MOD00027,CRS004,1,43,100,2026-05-14,34,True
ASS0008254,STU00399,MOD00027,CRS004,2,73,100,2026-05-11,19,True
ASS0008255,STU00399,MOD00028,CRS004,1,66,100,2026-02-13,54,False
ASS0008256,STU00399,MOD00028,CRS004,2,75,100,2026-02-14,14,True
ASS0008257,STU00400,MOD00074,CRS010,1,71,100,2026-04-07,60,False
ASS0008258,STU00400,MOD00074,CRS010,2,69,100,2026-04-08,11,False
ASS0008259,STU00400,MOD00074,CRS010,3,65,100,2026-04-05,37,True
ASS0008260,STU00400,MOD00075,CRS010,1,90,100,2026-04-05,12,True
ASS0008261,STU00400,MOD00075,CRS010,2,84,100,2026-04-08,40,True
ASS0008262,STU00400,MOD00076,CRS010,1,81,100,2026-05-10,48,True
ASS0008263,STU00400,MOD00077,CRS010,1,79,100,2026-04-13,50,True
ASS0008264,STU00400,MOD00077,CRS010,2,99,100,2026-04-13,23,False
ASS0008265,STU00400,MOD00078,CRS010,1,52,100,2026-04-24,49,True
ASS0008266,STU00400,MOD00078,CRS010,2,42,100,2026-04-25,30,True
ASS0008267,STU00400,MOD00078,CRS010,3,68,100,2026-04-23,43,True
ASS0008268,STU00401,MOD00119,CRS015,1,55,100,2026-02-09,31,True
ASS0008269,STU00401,MOD00119,CRS015,2,86,100,2026-02-10,54,True
ASS0008270,STU00401,MOD00119,CRS015,3,91,100,2026-02-12,33,True
ASS0008271,STU00401,MOD00121,CRS016,1,86,100,2025-09-15,24,True
ASS0008272,STU00401,MOD00121,CRS016,2,84,100,2025-09-14,54,False
ASS0008273,STU00401,MOD00123,CRS016,1,66,100,2025-08-23,58,True
ASS0008274,STU00401,MOD00125,CRS016,1,87,100,2025-07-07,46,True
ASS0008275,STU00401,MOD00126,CRS016,1,89,100,2025-08-24,15,True
ASS0008276,STU00401,MOD00126,CRS016,2,75,100,2025-08-21,56,True
ASS0008277,STU00401,MOD00126,CRS016,3,82,100,2025-08-19,36,True
ASS0008278,STU00401,MOD00001,CRS001,1,56,100,2026-05-07,41,True
ASS0008279,STU00401,MOD00003,CRS001,1,57,100,2026-03-29,42,True
ASS0008280,STU00401,MOD00003,CRS001,2,58,100,2026-03-26,21,False
ASS0008281,STU00401,MOD00003,CRS001,3,74,100,2026-03-28,48,True
ASS0008282,STU00401,MOD00004,CRS001,1,40,100,2026-05-20,45,True
ASS0008283,STU00401,MOD00004,CRS001,2,39,100,2026-05-17,59,False
ASS0008284,STU00401,MOD00004,CRS001,3,82,100,2026-05-20,35,True
ASS0008285,STU00402,MOD00131,CRS017,1,71,100,2025-06-14,53,True
ASS0008286,STU00402,MOD00131,CRS017,2,67,100,2025-06-16,13,False
ASS0008287,STU00402,MOD00131,CRS017,3,97,100,2025-06-16,24,True
ASS0008288,STU00402,MOD00132,CRS017,1,56,100,2025-07-12,16,True
ASS0008289,STU00402,MOD00133,CRS017,1,66,100,2025-07-02,28,True
ASS0008290,STU00402,MOD00134,CRS017,1,43,100,2025-06-07,13,True
ASS0008291,STU00402,MOD00134,CRS017,2,66,100,2025-06-05,24,True
ASS0008292,STU00402,MOD00134,CRS017,3,100,100,2025-06-04,31,True
ASS0008293,STU00402,MOD00135,CRS017,1,70,100,2025-08-12,19,True
ASS0008294,STU00402,MOD00135,CRS017,2,61,100,2025-08-12,29,False
ASS0008295,STU00402,MOD00135,CRS017,3,62,100,2025-08-16,48,True
ASS0008296,STU00402,MOD00136,CRS017,1,64,100,2025-07-12,43,True
ASS0008297,STU00402,MOD00065,CRS009,1,85,100,2026-01-04,59,False
ASS0008298,STU00402,MOD00065,CRS009,2,56,100,2026-01-04,57,True
ASS0008299,STU00402,MOD00065,CRS009,3,84,100,2026-01-07,12,False
ASS0008300,STU00402,MOD00067,CRS009,1,35,100,2026-03-08,34,True
ASS0008301,STU00402,MOD00067,CRS009,2,86,100,2026-03-09,33,False
ASS0008302,STU00402,MOD00070,CRS009,1,50,100,2026-02-18,48,True
ASS0008303,STU00402,MOD00139,CRS018,1,82,100,2026-03-24,18,True
ASS0008304,STU00402,MOD00139,CRS018,2,52,100,2026-03-23,14,True
ASS0008305,STU00402,MOD00143,CRS018,1,91,100,2026-03-29,23,True
ASS0008306,STU00402,MOD00122,CRS016,1,39,100,2025-12-18,44,True
ASS0008307,STU00402,MOD00122,CRS016,2,86,100,2025-12-17,54,False
ASS0008308,STU00402,MOD00126,CRS016,1,72,100,2025-12-12,20,True
ASS0008309,STU00402,MOD00126,CRS016,2,44,100,2025-12-16,33,True
ASS0008310,STU00402,MOD00126,CRS016,3,71,100,2025-12-17,55,True
ASS0008311,STU00402,MOD00128,CRS016,1,74,100,2025-12-23,28,True
ASS0008312,STU00402,MOD00128,CRS016,2,94,100,2025-12-22,28,True
ASS0008313,STU00402,MOD00033,CRS005,1,53,100,2026-04-28,47,True
ASS0008314,STU00402,MOD00033,CRS005,2,95,100,2026-05-01,23,True
ASS0008315,STU00402,MOD00034,CRS005,1,84,100,2026-05-06,27,True
ASS0008316,STU00402,MOD00034,CRS005,2,65,100,2026-05-08,50,True
ASS0008317,STU00402,MOD00036,CRS005,1,49,100,2026-05-15,29,True
ASS0008318,STU00402,MOD00036,CRS005,2,87,100,2026-05-13,33,True
ASS0008319,STU00402,MOD00037,CRS005,1,70,100,2026-05-29,19,True
ASS0008320,STU00402,MOD00037,CRS005,2,63,100,2026-05-29,19,True
ASS0008321,STU00402,MOD00038,CRS005,1,68,100,2026-06-17,13,True
ASS0008322,STU00402,MOD00038,CRS005,2,84,100,2026-06-19,21,False
ASS0008323,STU00402,MOD00038,CRS005,3,91,100,2026-06-17,17,True
ASS0008324,STU00402,MOD00039,CRS005,1,59,100,2026-05-07,60,True
ASS0008325,STU00403,MOD00041,CRS006,1,30,100,2026-06-01,58,True
ASS0008326,STU00403,MOD00041,CRS006,2,60,100,2026-05-30,36,True
ASS0008327,STU00403,MOD00041,CRS006,3,72,100,2026-06-03,45,True
ASS0008328,STU00403,MOD00009,CRS002,1,62,100,2026-03-11,18,True
ASS0008329,STU00403,MOD00014,CRS002,1,91,100,2026-03-17,29,True
ASS0008330,STU00403,MOD00016,CRS002,1,89,100,2026-02-17,45,True
ASS0008331,STU00403,MOD00076,CRS010,1,56,100,2025-09-01,44,False
ASS0008332,STU00403,MOD00076,CRS010,2,80,100,2025-08-31,17,True
ASS0008333,STU00403,MOD00078,CRS010,1,48,100,2025-08-03,13,True
ASS0008334,STU00403,MOD00078,CRS010,2,96,100,2025-07-30,41,True
ASS0008335,STU00404,MOD00001,CRS001,1,79,100,2025-11-30,53,False
ASS0008336,STU00404,MOD00002,CRS001,1,59,100,2025-10-14,41,True
ASS0008337,STU00404,MOD00002,CRS001,2,49,100,2025-10-16,33,False
ASS0008338,STU00404,MOD00002,CRS001,3,52,100,2025-10-12,45,False
ASS0008339,STU00404,MOD00003,CRS001,1,51,100,2025-12-04,42,True
ASS0008340,STU00404,MOD00003,CRS001,2,80,100,2025-12-05,38,False
ASS0008341,STU00404,MOD00004,CRS001,1,86,100,2025-11-14,40,True
ASS0008342,STU00404,MOD00006,CRS001,1,61,100,2025-11-24,31,True
ASS0008343,STU00404,MOD00006,CRS001,2,86,100,2025-11-27,34,False
ASS0008344,STU00404,MOD00006,CRS001,3,92,100,2025-11-24,49,True
ASS0008345,STU00404,MOD00008,CRS001,1,77,100,2025-10-26,34,True
ASS0008346,STU00404,MOD00021,CRS003,1,68,100,2026-04-24,33,True
ASS0008347,STU00404,MOD00021,CRS003,2,35,100,2026-04-27,60,True
ASS0008348,STU00404,MOD00021,CRS003,3,53,100,2026-04-28,60,False
ASS0008349,STU00404,MOD00098,CRS013,1,69,100,2026-02-24,37,False
ASS0008350,STU00404,MOD00098,CRS013,2,48,100,2026-02-22,31,True
ASS0008351,STU00404,MOD00098,CRS013,3,100,100,2026-02-22,36,True
ASS0008352,STU00404,MOD00100,CRS013,1,73,100,2026-03-02,20,True
ASS0008353,STU00404,MOD00100,CRS013,2,90,100,2026-02-26,29,True
ASS0008354,STU00404,MOD00100,CRS013,3,56,100,2026-02-25,28,True
ASS0008355,STU00404,MOD00102,CRS013,1,47,100,2026-01-07,14,False
ASS0008356,STU00404,MOD00102,CRS013,2,96,100,2026-01-06,59,True
ASS0008357,STU00404,MOD00104,CRS013,1,79,100,2026-01-02,33,True
ASS0008358,STU00404,MOD00104,CRS013,2,63,100,2026-01-02,52,True
ASS0008359,STU00404,MOD00067,CRS009,1,55,100,2026-04-29,38,False
ASS0008360,STU00404,MOD00071,CRS009,1,87,100,2026-05-08,50,True
ASS0008361,STU00404,MOD00071,CRS009,2,49,100,2026-05-07,18,True
ASS0008362,STU00404,MOD00071,CRS009,3,88,100,2026-05-08,35,True
ASS0008363,STU00405,MOD00097,CRS013,1,63,100,2025-09-29,42,True
ASS0008364,STU00405,MOD00098,CRS013,1,47,100,2025-09-02,28,True
ASS0008365,STU00405,MOD00098,CRS013,2,96,100,2025-09-04,59,True
ASS0008366,STU00405,MOD00099,CRS013,1,47,100,2025-08-09,24,True
ASS0008367,STU00405,MOD00099,CRS013,2,69,100,2025-08-10,47,False
ASS0008368,STU00405,MOD00100,CRS013,1,65,100,2025-09-01,40,True
ASS0008369,STU00405,MOD00100,CRS013,2,88,100,2025-08-31,37,True
ASS0008370,STU00405,MOD00100,CRS013,3,85,100,2025-09-04,42,True
ASS0008371,STU00405,MOD00102,CRS013,1,90,100,2025-08-22,27,True
ASS0008372,STU00405,MOD00102,CRS013,2,36,100,2025-08-24,47,True
ASS0008373,STU00405,MOD00102,CRS013,3,57,100,2025-08-22,33,True
ASS0008374,STU00405,MOD00103,CRS013,1,84,100,2025-09-01,57,True
ASS0008375,STU00405,MOD00103,CRS013,2,83,100,2025-09-03,45,True
ASS0008376,STU00405,MOD00103,CRS013,3,69,100,2025-08-31,11,True
ASS0008377,STU00405,MOD00104,CRS013,1,95,100,2025-09-02,31,True
ASS0008378,STU00405,MOD00058,CRS008,1,35,100,2025-09-18,36,False
ASS0008379,STU00405,MOD00058,CRS008,2,75,100,2025-09-19,60,True
ASS0008380,STU00405,MOD00058,CRS008,3,79,100,2025-09-19,45,True
ASS0008381,STU00405,MOD00059,CRS008,1,86,100,2025-10-09,55,True
ASS0008382,STU00405,MOD00064,CRS008,1,54,100,2025-09-22,16,True
ASS0008383,STU00405,MOD00064,CRS008,2,79,100,2025-09-24,13,True
ASS0008384,STU00405,MOD00153,CRS020,1,31,100,2026-05-28,24,True
ASS0008385,STU00405,MOD00153,CRS020,2,84,100,2026-05-29,49,True
ASS0008386,STU00405,MOD00153,CRS020,3,88,100,2026-05-29,20,False
ASS0008387,STU00405,MOD00154,CRS020,1,55,100,2026-05-30,30,False
ASS0008388,STU00406,MOD00154,CRS020,1,98,100,2026-03-20,18,True
ASS0008389,STU00406,MOD00137,CRS018,1,84,100,2025-08-30,10,False
ASS0008390,STU00406,MOD00137,CRS018,2,89,100,2025-09-01,24,True
ASS0008391,STU00406,MOD00141,CRS018,1,58,100,2025-10-11,39,True
ASS0008392,STU00406,MOD00020,CRS003,1,39,100,2025-06-18,24,False
ASS0008393,STU00406,MOD00020,CRS003,2,72,100,2025-06-17,47,True
ASS0008394,STU00406,MOD00022,CRS003,1,72,100,2025-07-02,30,True
ASS0008395,STU00406,MOD00022,CRS003,2,64,100,2025-07-02,45,False
ASS0008396,STU00406,MOD00022,CRS003,3,62,100,2025-07-02,11,True
ASS0008397,STU00406,MOD00041,CRS006,1,66,100,2025-05-10,21,True
ASS0008398,STU00406,MOD00041,CRS006,2,82,100,2025-05-12,35,True
ASS0008399,STU00406,MOD00042,CRS006,1,87,100,2025-07-21,31,True
ASS0008400,STU00406,MOD00042,CRS006,2,54,100,2025-07-21,21,False
ASS0008401,STU00406,MOD00042,CRS006,3,75,100,2025-07-23,52,True
ASS0008402,STU00406,MOD00044,CRS006,1,78,100,2025-06-05,48,True
ASS0008403,STU00406,MOD00045,CRS006,1,30,100,2025-07-01,52,False
ASS0008404,STU00406,MOD00045,CRS006,2,90,100,2025-06-27,10,True
ASS0008405,STU00406,MOD00045,CRS006,3,52,100,2025-06-29,39,True
ASS0008406,STU00406,MOD00046,CRS006,1,88,100,2025-06-22,47,True
ASS0008407,STU00406,MOD00046,CRS006,2,71,100,2025-06-24,32,False
ASS0008408,STU00406,MOD00046,CRS006,3,73,100,2025-06-20,28,True
ASS0008409,STU00406,MOD00048,CRS006,1,62,100,2025-07-29,33,True
ASS0008410,STU00406,MOD00048,CRS006,2,84,100,2025-07-25,14,True
ASS0008411,STU00406,MOD00048,CRS006,3,99,100,2025-07-25,13,True
ASS0008412,STU00407,MOD00064,CRS008,1,72,100,2026-01-27,21,True
ASS0008413,STU00407,MOD00064,CRS008,2,40,100,2026-01-30,58,True
ASS0008414,STU00407,MOD00064,CRS008,3,57,100,2026-01-27,14,True
ASS0008415,STU00408,MOD00082,CRS011,1,77,100,2025-11-17,46,True
ASS0008416,STU00408,MOD00083,CRS011,1,99,100,2025-09-25,32,True
ASS0008417,STU00408,MOD00084,CRS011,1,56,100,2025-09-12,21,True
ASS0008418,STU00408,MOD00085,CRS011,1,35,100,2025-10-31,33,False
ASS0008419,STU00408,MOD00085,CRS011,2,86,100,2025-10-30,26,True
ASS0008420,STU00408,MOD00086,CRS011,1,83,100,2025-09-04,36,True
ASS0008421,STU00408,MOD00087,CRS011,1,37,100,2025-09-10,48,False
ASS0008422,STU00408,MOD00087,CRS011,2,61,100,2025-09-14,22,True
ASS0008423,STU00408,MOD00121,CRS016,1,65,100,2025-10-02,45,True
ASS0008424,STU00408,MOD00121,CRS016,2,94,100,2025-09-30,43,True
ASS0008425,STU00408,MOD00122,CRS016,1,85,100,2025-10-11,60,True
ASS0008426,STU00408,MOD00127,CRS016,1,31,100,2025-10-13,50,True
ASS0008427,STU00408,MOD00127,CRS016,2,69,100,2025-10-13,20,False
ASS0008428,STU00408,MOD00128,CRS016,1,87,100,2025-08-16,47,False
ASS0008429,STU00408,MOD00128,CRS016,2,96,100,2025-08-14,39,True
ASS0008430,STU00408,MOD00097,CRS013,1,32,100,2025-07-22,34,True
ASS0008431,STU00408,MOD00097,CRS013,2,82,100,2025-07-22,19,True
ASS0008432,STU00408,MOD00097,CRS013,3,79,100,2025-07-21,35,True
ASS0008433,STU00408,MOD00099,CRS013,1,65,100,2025-07-21,60,True
ASS0008434,STU00408,MOD00099,CRS013,2,42,100,2025-07-23,16,True
ASS0008435,STU00408,MOD00099,CRS013,3,68,100,2025-07-18,12,True
ASS0008436,STU00408,MOD00100,CRS013,1,75,100,2025-06-16,57,True
ASS0008437,STU00408,MOD00100,CRS013,2,81,100,2025-06-15,10,True
ASS0008438,STU00408,MOD00100,CRS013,3,66,100,2025-06-19,35,True
ASS0008439,STU00408,MOD00101,CRS013,1,68,100,2025-06-21,30,True
ASS0008440,STU00408,MOD00101,CRS013,2,31,100,2025-06-23,17,False
ASS0008441,STU00408,MOD00101,CRS013,3,83,100,2025-06-23,24,True
ASS0008442,STU00408,MOD00102,CRS013,1,46,100,2025-07-19,24,False
ASS0008443,STU00408,MOD00102,CRS013,2,75,100,2025-07-18,21,True
ASS0008444,STU00408,MOD00103,CRS013,1,89,100,2025-07-24,25,True
ASS0008445,STU00408,MOD00104,CRS013,1,55,100,2025-06-26,57,False
ASS0008446,STU00408,MOD00104,CRS013,2,98,100,2025-07-01,53,True
ASS0008447,STU00409,MOD00075,CRS010,1,83,100,2026-05-14,30,True
ASS0008448,STU00409,MOD00075,CRS010,2,66,100,2026-05-13,35,False
ASS0008449,STU00409,MOD00075,CRS010,3,78,100,2026-05-13,60,True
ASS0008450,STU00409,MOD00078,CRS010,1,84,100,2026-05-11,20,True
ASS0008451,STU00409,MOD00057,CRS008,1,70,100,2025-10-10,55,True
ASS0008452,STU00409,MOD00058,CRS008,1,88,100,2025-07-24,19,True
ASS0008453,STU00409,MOD00058,CRS008,2,65,100,2025-07-27,54,True
ASS0008454,STU00409,MOD00058,CRS008,3,92,100,2025-07-23,27,True
ASS0008455,STU00409,MOD00059,CRS008,1,80,100,2025-09-08,15,True
ASS0008456,STU00409,MOD00061,CRS008,1,75,100,2025-10-05,14,True
ASS0008457,STU00409,MOD00062,CRS008,1,48,100,2025-09-01,52,True
ASS0008458,STU00409,MOD00062,CRS008,2,85,100,2025-08-30,15,True
ASS0008459,STU00409,MOD00062,CRS008,3,93,100,2025-08-30,38,True
ASS0008460,STU00409,MOD00063,CRS008,1,50,100,2025-08-12,40,True
ASS0008461,STU00409,MOD00064,CRS008,1,80,100,2025-09-29,18,True
ASS0008462,STU00409,MOD00064,CRS008,2,83,100,2025-09-30,29,True
ASS0008463,STU00409,MOD00131,CRS017,1,92,100,2025-10-18,15,True
ASS0008464,STU00409,MOD00132,CRS017,1,31,100,2025-10-10,29,True
ASS0008465,STU00409,MOD00132,CRS017,2,64,100,2025-10-12,29,True
ASS0008466,STU00409,MOD00134,CRS017,1,76,100,2025-12-07,36,True
ASS0008467,STU00409,MOD00134,CRS017,2,39,100,2025-12-07,10,False
ASS0008468,STU00409,MOD00134,CRS017,3,64,100,2025-12-05,54,True
ASS0008469,STU00410,MOD00004,CRS001,1,83,100,2025-12-19,37,True
ASS0008470,STU00410,MOD00004,CRS001,2,56,100,2025-12-19,28,True
ASS0008471,STU00410,MOD00004,CRS001,3,100,100,2025-12-23,54,True
ASS0008472,STU00410,MOD00008,CRS001,1,75,100,2025-12-28,52,False
ASS0008473,STU00410,MOD00008,CRS001,2,89,100,2025-12-29,44,True
ASS0008474,STU00410,MOD00008,CRS001,3,69,100,2025-12-26,40,True
ASS0008475,STU00410,MOD00139,CRS018,1,80,100,2026-04-20,19,True
ASS0008476,STU00410,MOD00139,CRS018,2,56,100,2026-04-20,51,True
ASS0008477,STU00410,MOD00139,CRS018,3,82,100,2026-04-16,20,True
ASS0008478,STU00410,MOD00070,CRS009,1,69,100,2025-12-31,51,True
ASS0008479,STU00410,MOD00070,CRS009,2,35,100,2026-01-02,58,True
ASS0008480,STU00410,MOD00070,CRS009,3,95,100,2026-01-02,34,True
ASS0008481,STU00410,MOD00071,CRS009,1,90,100,2025-12-20,58,False
ASS0008482,STU00410,MOD00071,CRS009,2,30,100,2025-12-17,10,True
ASS0008483,STU00410,MOD00071,CRS009,3,80,100,2025-12-18,28,True
ASS0008484,STU00410,MOD00072,CRS009,1,89,100,2026-02-18,46,True
ASS0008485,STU00410,MOD00072,CRS009,2,34,100,2026-02-17,12,True
ASS0008486,STU00410,MOD00072,CRS009,3,56,100,2026-02-18,58,False
ASS0008487,STU00410,MOD00057,CRS008,1,73,100,2025-08-10,19,True
ASS0008488,STU00410,MOD00057,CRS008,2,61,100,2025-08-10,13,True
ASS0008489,STU00410,MOD00058,CRS008,1,53,100,2025-08-08,35,True
ASS0008490,STU00410,MOD00058,CRS008,2,57,100,2025-08-09,55,True
ASS0008491,STU00410,MOD00063,CRS008,1,30,100,2025-07-25,54,True
ASS0008492,STU00410,MOD00063,CRS008,2,44,100,2025-07-26,51,True
ASS0008493,STU00410,MOD00063,CRS008,3,93,100,2025-07-27,10,True
ASS0008494,STU00410,MOD00064,CRS008,1,90,100,2025-08-29,40,True
ASS0008495,STU00410,MOD00064,CRS008,2,84,100,2025-09-02,29,True
ASS0008496,STU00410,MOD00064,CRS008,3,59,100,2025-09-01,16,False
ASS0008497,STU00411,MOD00132,CRS017,1,56,100,2025-11-24,52,True
ASS0008498,STU00411,MOD00132,CRS017,2,56,100,2025-11-20,52,True
ASS0008499,STU00411,MOD00133,CRS017,1,67,100,2025-12-11,54,True
ASS0008500,STU00411,MOD00133,CRS017,2,88,100,2025-12-13,33,True
ASS0008501,STU00411,MOD00133,CRS017,3,81,100,2025-12-09,13,True
ASS0008502,STU00411,MOD00134,CRS017,1,64,100,2025-11-30,33,True
ASS0008503,STU00411,MOD00134,CRS017,2,87,100,2025-11-27,28,True
ASS0008504,STU00411,MOD00134,CRS017,3,79,100,2025-11-30,52,True
ASS0008505,STU00411,MOD00135,CRS017,1,58,100,2025-11-24,17,False
ASS0008506,STU00411,MOD00136,CRS017,1,85,100,2025-12-23,50,True
ASS0008507,STU00411,MOD00057,CRS008,1,74,100,2025-08-29,10,True
ASS0008508,STU00411,MOD00057,CRS008,2,86,100,2025-08-31,40,False
ASS0008509,STU00411,MOD00058,CRS008,1,89,100,2025-08-09,23,False
ASS0008510,STU00411,MOD00059,CRS008,1,70,100,2025-07-20,29,True
ASS0008511,STU00411,MOD00059,CRS008,2,55,100,2025-07-21,23,True
ASS0008512,STU00411,MOD00060,CRS008,1,37,100,2025-06-19,16,True
ASS0008513,STU00411,MOD00060,CRS008,2,74,100,2025-06-21,54,False
ASS0008514,STU00411,MOD00063,CRS008,1,49,100,2025-08-17,22,True
ASS0008515,STU00411,MOD00063,CRS008,2,89,100,2025-08-17,17,True
ASS0008516,STU00411,MOD00063,CRS008,3,80,100,2025-08-12,43,True
ASS0008517,STU00411,MOD00064,CRS008,1,30,100,2025-07-30,16,True
ASS0008518,STU00411,MOD00064,CRS008,2,77,100,2025-08-03,20,True
ASS0008519,STU00411,MOD00105,CRS014,1,30,100,2026-02-28,54,True
ASS0008520,STU00411,MOD00105,CRS014,2,65,100,2026-02-24,30,True
ASS0008521,STU00411,MOD00107,CRS014,1,65,100,2026-03-15,39,True
ASS0008522,STU00411,MOD00107,CRS014,2,100,100,2026-03-17,31,True
ASS0008523,STU00411,MOD00110,CRS014,1,67,100,2026-03-04,12,False
ASS0008524,STU00411,MOD00110,CRS014,2,82,100,2026-03-01,18,True
ASS0008525,STU00411,MOD00110,CRS014,3,88,100,2026-03-04,37,True
ASS0008526,STU00411,MOD00111,CRS014,1,60,100,2026-04-20,44,True
ASS0008527,STU00411,MOD00111,CRS014,2,59,100,2026-04-19,44,True
ASS0008528,STU00411,MOD00112,CRS014,1,90,100,2026-01-21,32,False
ASS0008529,STU00411,MOD00112,CRS014,2,65,100,2026-01-21,53,True
ASS0008530,STU00411,MOD00112,CRS014,3,52,100,2026-01-22,15,True
ASS0008531,STU00411,MOD00146,CRS019,1,69,100,2025-07-30,35,True
ASS0008532,STU00411,MOD00147,CRS019,1,50,100,2025-09-06,51,True
ASS0008533,STU00411,MOD00148,CRS019,1,74,100,2025-08-01,34,False
ASS0008534,STU00411,MOD00150,CRS019,1,59,100,2025-07-30,15,True
ASS0008535,STU00411,MOD00152,CRS019,1,46,100,2025-07-02,24,True
ASS0008536,STU00411,MOD00152,CRS019,2,69,100,2025-06-29,32,True
ASS0008537,STU00412,MOD00138,CRS018,1,62,100,2026-01-28,37,True
ASS0008538,STU00412,MOD00138,CRS018,2,40,100,2026-01-29,24,True
ASS0008539,STU00412,MOD00138,CRS018,3,80,100,2026-02-01,38,False
ASS0008540,STU00412,MOD00139,CRS018,1,57,100,2026-02-05,31,True
ASS0008541,STU00412,MOD00139,CRS018,2,88,100,2026-02-02,41,True
ASS0008542,STU00412,MOD00140,CRS018,1,66,100,2026-01-29,43,True
ASS0008543,STU00412,MOD00140,CRS018,2,56,100,2026-01-31,13,True
ASS0008544,STU00412,MOD00140,CRS018,3,92,100,2026-01-30,11,True
ASS0008545,STU00412,MOD00142,CRS018,1,38,100,2026-02-02,18,True
ASS0008546,STU00412,MOD00142,CRS018,2,74,100,2026-02-06,43,True
ASS0008547,STU00412,MOD00143,CRS018,1,40,100,2026-02-06,23,True
ASS0008548,STU00412,MOD00143,CRS018,2,55,100,2026-02-03,48,True
ASS0008549,STU00412,MOD00144,CRS018,1,38,100,2025-12-10,53,True
ASS0008550,STU00412,MOD00144,CRS018,2,95,100,2025-12-12,59,True
ASS0008551,STU00412,MOD00033,CRS005,1,58,100,2026-03-26,41,True
ASS0008552,STU00412,MOD00034,CRS005,1,79,100,2026-05-19,58,True
ASS0008553,STU00412,MOD00034,CRS005,2,41,100,2026-05-19,55,True
ASS0008554,STU00412,MOD00034,CRS005,3,65,100,2026-05-23,60,True
ASS0008555,STU00412,MOD00035,CRS005,1,93,100,2026-04-30,39,True
ASS0008556,STU00412,MOD00036,CRS005,1,74,100,2026-05-13,18,True
ASS0008557,STU00412,MOD00036,CRS005,2,33,100,2026-05-10,50,True
ASS0008558,STU00412,MOD00036,CRS005,3,95,100,2026-05-11,22,True
ASS0008559,STU00412,MOD00038,CRS005,1,36,100,2026-06-07,29,True
ASS0008560,STU00412,MOD00038,CRS005,2,74,100,2026-06-05,28,True
ASS0008561,STU00412,MOD00040,CRS005,1,49,100,2026-05-17,37,True
ASS0008562,STU00412,MOD00040,CRS005,2,36,100,2026-05-17,48,True
ASS0008563,STU00412,MOD00040,CRS005,3,79,100,2026-05-22,29,True
ASS0008564,STU00412,MOD00050,CRS007,1,72,100,2026-02-22,33,False
ASS0008565,STU00412,MOD00050,CRS007,2,72,100,2026-02-23,17,True
ASS0008566,STU00412,MOD00050,CRS007,3,81,100,2026-02-25,27,True
ASS0008567,STU00412,MOD00055,CRS007,1,70,100,2026-02-27,46,True
ASS0008568,STU00412,MOD00056,CRS007,1,58,100,2026-01-14,50,True
ASS0008569,STU00412,MOD00056,CRS007,2,54,100,2026-01-14,24,True
ASS0008570,STU00412,MOD00145,CRS019,1,74,100,2025-08-17,28,True
ASS0008571,STU00412,MOD00151,CRS019,1,71,100,2025-08-02,37,True
ASS0008572,STU00412,MOD00151,CRS019,2,84,100,2025-07-30,34,True
ASS0008573,STU00412,MOD00152,CRS019,1,91,100,2025-07-24,31,True
ASS0008574,STU00413,MOD00035,CRS005,1,53,100,2025-07-23,40,True
ASS0008575,STU00413,MOD00035,CRS005,2,74,100,2025-07-28,23,True
ASS0008576,STU00413,MOD00035,CRS005,3,66,100,2025-07-28,34,False
ASS0008577,STU00413,MOD00036,CRS005,1,84,100,2025-06-07,20,True
ASS0008578,STU00413,MOD00036,CRS005,2,53,100,2025-06-05,40,False
ASS0008579,STU00413,MOD00038,CRS005,1,51,100,2025-07-24,14,True
ASS0008580,STU00413,MOD00038,CRS005,2,47,100,2025-07-23,40,True
ASS0008581,STU00413,MOD00038,CRS005,3,73,100,2025-07-19,56,True
ASS0008582,STU00413,MOD00105,CRS014,1,45,100,2025-11-11,26,False
ASS0008583,STU00413,MOD00105,CRS014,2,99,100,2025-11-11,41,False
ASS0008584,STU00413,MOD00106,CRS014,1,96,100,2026-01-18,58,True
ASS0008585,STU00413,MOD00108,CRS014,1,76,100,2026-01-28,20,True
ASS0008586,STU00413,MOD00109,CRS014,1,44,100,2025-11-27,50,True
ASS0008587,STU00413,MOD00109,CRS014,2,77,100,2025-11-29,54,True
ASS0008588,STU00413,MOD00109,CRS014,3,79,100,2025-12-01,33,True
ASS0008589,STU00413,MOD00110,CRS014,1,78,100,2025-11-22,54,True
ASS0008590,STU00413,MOD00110,CRS014,2,88,100,2025-11-25,28,True
ASS0008591,STU00413,MOD00112,CRS014,1,38,100,2025-11-13,13,True
ASS0008592,STU00413,MOD00112,CRS014,2,56,100,2025-11-15,35,False
ASS0008593,STU00413,MOD00112,CRS014,3,80,100,2025-11-15,23,True
ASS0008594,STU00413,MOD00154,CRS020,1,85,100,2025-07-25,27,True
ASS0008595,STU00413,MOD00154,CRS020,2,81,100,2025-07-25,15,True
ASS0008596,STU00413,MOD00155,CRS020,1,54,100,2025-09-17,56,False
ASS0008597,STU00413,MOD00155,CRS020,2,76,100,2025-09-14,13,True
ASS0008598,STU00413,MOD00156,CRS020,1,83,100,2025-07-13,37,True
ASS0008599,STU00413,MOD00156,CRS020,2,35,100,2025-07-17,16,True
ASS0008600,STU00413,MOD00156,CRS020,3,57,100,2025-07-17,47,True
ASS0008601,STU00413,MOD00157,CRS020,1,59,100,2025-09-04,36,True
ASS0008602,STU00413,MOD00157,CRS020,2,54,100,2025-09-02,25,True
ASS0008603,STU00413,MOD00157,CRS020,3,56,100,2025-09-01,34,False
ASS0008604,STU00413,MOD00158,CRS020,1,96,100,2025-08-18,28,True
ASS0008605,STU00413,MOD00159,CRS020,1,37,100,2025-08-17,46,False
ASS0008606,STU00413,MOD00159,CRS020,2,55,100,2025-08-16,23,True
ASS0008607,STU00413,MOD00159,CRS020,3,98,100,2025-08-16,12,True
ASS0008608,STU00413,MOD00160,CRS020,1,77,100,2025-08-13,32,True
ASS0008609,STU00413,MOD00044,CRS006,1,39,100,2025-10-02,45,True
ASS0008610,STU00413,MOD00044,CRS006,2,84,100,2025-10-03,10,True
ASS0008611,STU00413,MOD00044,CRS006,3,67,100,2025-09-30,24,True
ASS0008612,STU00413,MOD00047,CRS006,1,35,100,2025-09-22,36,True
ASS0008613,STU00413,MOD00047,CRS006,2,52,100,2025-09-24,47,True
ASS0008614,STU00413,MOD00047,CRS006,3,92,100,2025-09-23,15,True
ASS0008615,STU00413,MOD00048,CRS006,1,83,100,2025-11-13,53,True
ASS0008616,STU00413,MOD00048,CRS006,2,70,100,2025-11-17,27,True
ASS0008617,STU00413,MOD00048,CRS006,3,98,100,2025-11-13,12,True
ASS0008618,STU00413,MOD00083,CRS011,1,65,100,2026-05-21,49,True
ASS0008619,STU00413,MOD00083,CRS011,2,38,100,2026-05-25,20,False
ASS0008620,STU00413,MOD00083,CRS011,3,62,100,2026-05-20,50,False
ASS0008621,STU00414,MOD00082,CRS011,1,75,100,2026-03-03,53,True
ASS0008622,STU00414,MOD00082,CRS011,2,43,100,2026-02-27,37,True
ASS0008623,STU00414,MOD00082,CRS011,3,91,100,2026-03-01,31,True
ASS0008624,STU00414,MOD00083,CRS011,1,70,100,2025-12-29,35,True
ASS0008625,STU00414,MOD00083,CRS011,2,74,100,2025-12-29,59,True
ASS0008626,STU00414,MOD00085,CRS011,1,52,100,2026-02-20,30,True
ASS0008627,STU00414,MOD00086,CRS011,1,60,100,2026-01-01,51,True
ASS0008628,STU00414,MOD00087,CRS011,1,91,100,2026-01-23,28,True
ASS0008629,STU00414,MOD00088,CRS011,1,80,100,2025-12-19,34,True
ASS0008630,STU00414,MOD00088,CRS011,2,52,100,2025-12-24,54,True
ASS0008631,STU00415,MOD00073,CRS010,1,92,100,2026-05-05,49,True
ASS0008632,STU00415,MOD00074,CRS010,1,75,100,2026-06-02,59,True
ASS0008633,STU00415,MOD00074,CRS010,2,86,100,2026-06-03,29,True
ASS0008634,STU00415,MOD00074,CRS010,3,92,100,2026-06-07,35,True
ASS0008635,STU00415,MOD00077,CRS010,1,63,100,2026-05-28,47,False
ASS0008636,STU00415,MOD00077,CRS010,2,67,100,2026-05-28,17,True
ASS0008637,STU00415,MOD00078,CRS010,1,83,100,2026-03-29,11,True
ASS0008638,STU00415,MOD00078,CRS010,2,41,100,2026-03-30,38,True
ASS0008639,STU00415,MOD00078,CRS010,3,91,100,2026-03-27,27,True
ASS0008640,STU00415,MOD00080,CRS010,1,77,100,2026-05-15,59,True
ASS0008641,STU00415,MOD00080,CRS010,2,30,100,2026-05-18,12,True
ASS0008642,STU00415,MOD00080,CRS010,3,63,100,2026-05-15,49,False
ASS0008643,STU00415,MOD00113,CRS015,1,47,100,2026-03-28,47,True
ASS0008644,STU00415,MOD00113,CRS015,2,53,100,2026-04-02,48,False
ASS0008645,STU00415,MOD00114,CRS015,1,85,100,2026-01-21,26,True
ASS0008646,STU00415,MOD00114,CRS015,2,60,100,2026-01-26,45,True
ASS0008647,STU00415,MOD00117,CRS015,1,94,100,2026-02-20,23,True
ASS0008648,STU00415,MOD00065,CRS009,1,80,100,2026-02-16,42,True
ASS0008649,STU00415,MOD00066,CRS009,1,84,100,2026-02-22,60,True
ASS0008650,STU00415,MOD00066,CRS009,2,62,100,2026-02-25,60,True
ASS0008651,STU00415,MOD00067,CRS009,1,30,100,2026-02-04,13,True
ASS0008652,STU00415,MOD00067,CRS009,2,59,100,2026-01-30,28,True
ASS0008653,STU00415,MOD00067,CRS009,3,90,100,2026-02-04,19,True
ASS0008654,STU00415,MOD00072,CRS009,1,53,100,2026-02-25,22,True
ASS0008655,STU00415,MOD00072,CRS009,2,72,100,2026-02-26,47,True
ASS0008656,STU00415,MOD00072,CRS009,3,90,100,2026-02-27,44,False
ASS0008657,STU00415,MOD00033,CRS005,1,87,100,2026-01-28,36,True
ASS0008658,STU00415,MOD00033,CRS005,2,68,100,2026-01-28,28,True
ASS0008659,STU00415,MOD00037,CRS005,1,58,100,2026-04-06,16,True
ASS0008660,STU00415,MOD00038,CRS005,1,81,100,2026-04-12,49,True
ASS0008661,STU00415,MOD00038,CRS005,2,80,100,2026-04-14,21,True
ASS0008662,STU00415,MOD00040,CRS005,1,89,100,2026-02-14,14,True
ASS0008663,STU00415,MOD00040,CRS005,2,62,100,2026-02-10,39,True
ASS0008664,STU00415,MOD00040,CRS005,3,60,100,2026-02-13,48,True
ASS0008665,STU00416,MOD00153,CRS020,1,51,100,2026-03-20,39,True
ASS0008666,STU00416,MOD00153,CRS020,2,87,100,2026-03-20,13,True
ASS0008667,STU00416,MOD00153,CRS020,3,77,100,2026-03-21,32,True
ASS0008668,STU00416,MOD00154,CRS020,1,66,100,2026-05-11,45,True
ASS0008669,STU00416,MOD00156,CRS020,1,52,100,2026-03-12,28,True
ASS0008670,STU00416,MOD00157,CRS020,1,84,100,2026-04-12,54,True
ASS0008671,STU00416,MOD00157,CRS020,2,43,100,2026-04-15,26,False
ASS0008672,STU00416,MOD00157,CRS020,3,92,100,2026-04-15,13,True
ASS0008673,STU00416,MOD00158,CRS020,1,43,100,2026-03-28,32,True
ASS0008674,STU00416,MOD00158,CRS020,2,77,100,2026-03-28,22,True
ASS0008675,STU00416,MOD00159,CRS020,1,88,100,2026-05-14,36,True
ASS0008676,STU00416,MOD00160,CRS020,1,54,100,2026-04-28,55,False
ASS0008677,STU00416,MOD00160,CRS020,2,99,100,2026-04-24,59,True
ASS0008678,STU00416,MOD00066,CRS009,1,47,100,2025-11-21,29,False
ASS0008679,STU00416,MOD00066,CRS009,2,73,100,2025-11-20,51,True
ASS0008680,STU00416,MOD00067,CRS009,1,31,100,2025-12-27,45,True
ASS0008681,STU00416,MOD00067,CRS009,2,88,100,2025-12-28,55,True
ASS0008682,STU00416,MOD00068,CRS009,1,61,100,2025-11-25,30,True
ASS0008683,STU00416,MOD00068,CRS009,2,64,100,2025-11-25,22,True
ASS0008684,STU00416,MOD00068,CRS009,3,87,100,2025-11-26,60,True
ASS0008685,STU00416,MOD00069,CRS009,1,82,100,2026-01-16,27,True
ASS0008686,STU00416,MOD00069,CRS009,2,82,100,2026-01-12,33,True
ASS0008687,STU00416,MOD00070,CRS009,1,60,100,2026-02-01,60,True
ASS0008688,STU00416,MOD00070,CRS009,2,77,100,2026-02-02,13,True
ASS0008689,STU00416,MOD00057,CRS008,1,51,100,2025-12-20,41,True
ASS0008690,STU00416,MOD00057,CRS008,2,71,100,2025-12-16,48,True
ASS0008691,STU00416,MOD00058,CRS008,1,50,100,2025-12-05,19,True
ASS0008692,STU00416,MOD00058,CRS008,2,86,100,2025-12-03,12,True
ASS0008693,STU00416,MOD00059,CRS008,1,55,100,2025-11-03,55,True
ASS0008694,STU00416,MOD00060,CRS008,1,81,100,2025-11-12,35,True
ASS0008695,STU00416,MOD00060,CRS008,2,70,100,2025-11-12,55,False
ASS0008696,STU00416,MOD00060,CRS008,3,70,100,2025-11-12,52,True
ASS0008697,STU00416,MOD00061,CRS008,1,51,100,2025-11-15,57,True
ASS0008698,STU00416,MOD00062,CRS008,1,53,100,2025-12-02,18,True
ASS0008699,STU00416,MOD00062,CRS008,2,81,100,2025-12-03,49,True
ASS0008700,STU00416,MOD00062,CRS008,3,79,100,2025-12-01,34,True
ASS0008701,STU00416,MOD00064,CRS008,1,33,100,2025-11-28,60,True
ASS0008702,STU00416,MOD00064,CRS008,2,87,100,2025-11-28,20,True
ASS0008703,STU00416,MOD00064,CRS008,3,63,100,2025-11-28,25,True
ASS0008704,STU00416,MOD00141,CRS018,1,98,100,2026-05-25,58,True
ASS0008705,STU00416,MOD00142,CRS018,1,58,100,2026-04-28,30,True
ASS0008706,STU00416,MOD00143,CRS018,1,60,100,2026-04-06,47,False
ASS0008707,STU00416,MOD00143,CRS018,2,73,100,2026-04-09,25,True
ASS0008708,STU00416,MOD00129,CRS017,1,33,100,2025-11-07,54,False
ASS0008709,STU00416,MOD00129,CRS017,2,37,100,2025-11-04,49,False
ASS0008710,STU00416,MOD00129,CRS017,3,75,100,2025-11-06,23,True
ASS0008711,STU00416,MOD00131,CRS017,1,80,100,2025-10-17,39,True
ASS0008712,STU00416,MOD00131,CRS017,2,66,100,2025-10-18,26,True
ASS0008713,STU00416,MOD00131,CRS017,3,92,100,2025-10-17,28,True
ASS0008714,STU00416,MOD00133,CRS017,1,92,100,2025-12-12,32,False
ASS0008715,STU00416,MOD00135,CRS017,1,56,100,2025-12-04,58,True
ASS0008716,STU00416,MOD00136,CRS017,1,85,100,2025-12-31,34,True
ASS0008717,STU00416,MOD00136,CRS017,2,98,100,2025-12-27,52,True
ASS0008718,STU00417,MOD00121,CRS016,1,88,100,2026-01-25,16,True
ASS0008719,STU00417,MOD00124,CRS016,1,76,100,2026-02-21,55,True
ASS0008720,STU00417,MOD00124,CRS016,2,79,100,2026-02-24,60,False
ASS0008721,STU00417,MOD00125,CRS016,1,55,100,2026-03-18,46,True
ASS0008722,STU00417,MOD00125,CRS016,2,85,100,2026-03-19,38,True
ASS0008723,STU00417,MOD00125,CRS016,3,65,100,2026-03-17,55,True
ASS0008724,STU00417,MOD00126,CRS016,1,58,100,2026-01-27,22,True
ASS0008725,STU00417,MOD00090,CRS012,1,79,100,2026-02-22,16,True
ASS0008726,STU00417,MOD00091,CRS012,1,63,100,2026-05-06,32,True
ASS0008727,STU00417,MOD00091,CRS012,2,61,100,2026-05-07,58,True
ASS0008728,STU00417,MOD00043,CRS006,1,87,100,2026-02-16,10,True
ASS0008729,STU00417,MOD00043,CRS006,2,62,100,2026-02-20,50,False
ASS0008730,STU00417,MOD00044,CRS006,1,52,100,2026-02-27,20,True
ASS0008731,STU00417,MOD00044,CRS006,2,78,100,2026-02-23,53,True
ASS0008732,STU00417,MOD00045,CRS006,1,97,100,2026-04-13,57,True
ASS0008733,STU00417,MOD00046,CRS006,1,74,100,2026-02-10,25,True
ASS0008734,STU00417,MOD00097,CRS013,1,56,100,2026-02-05,53,False
ASS0008735,STU00417,MOD00099,CRS013,1,51,100,2026-02-25,38,True
ASS0008736,STU00417,MOD00100,CRS013,1,52,100,2026-02-14,41,True
ASS0008737,STU00417,MOD00100,CRS013,2,66,100,2026-02-13,55,False
ASS0008738,STU00417,MOD00103,CRS013,1,78,100,2026-03-28,55,False
ASS0008739,STU00417,MOD00104,CRS013,1,73,100,2026-03-19,54,True
ASS0008740,STU00417,MOD00153,CRS020,1,62,100,2026-03-01,44,True
ASS0008741,STU00417,MOD00153,CRS020,2,49,100,2026-03-02,53,True
ASS0008742,STU00417,MOD00153,CRS020,3,78,100,2026-03-01,39,True
ASS0008743,STU00417,MOD00154,CRS020,1,84,100,2025-12-26,57,True
ASS0008744,STU00417,MOD00154,CRS020,2,36,100,2025-12-28,58,True
ASS0008745,STU00417,MOD00154,CRS020,3,80,100,2025-12-26,38,True
ASS0008746,STU00418,MOD00105,CRS014,1,73,100,2025-05-14,11,True
ASS0008747,STU00418,MOD00105,CRS014,2,57,100,2025-05-14,29,True
ASS0008748,STU00418,MOD00105,CRS014,3,76,100,2025-05-17,31,True
ASS0008749,STU00418,MOD00107,CRS014,1,66,100,2025-06-13,35,True
ASS0008750,STU00418,MOD00107,CRS014,2,40,100,2025-06-16,22,True
ASS0008751,STU00418,MOD00107,CRS014,3,74,100,2025-06-12,14,True
ASS0008752,STU00418,MOD00108,CRS014,1,62,100,2025-04-30,16,True
ASS0008753,STU00418,MOD00108,CRS014,2,80,100,2025-05-04,13,True
ASS0008754,STU00418,MOD00109,CRS014,1,40,100,2025-06-14,23,True
ASS0008755,STU00418,MOD00109,CRS014,2,64,100,2025-06-11,26,False
ASS0008756,STU00418,MOD00109,CRS014,3,57,100,2025-06-10,49,True
ASS0008757,STU00418,MOD00110,CRS014,1,58,100,2025-06-26,40,False
ASS0008758,STU00418,MOD00110,CRS014,2,79,100,2025-06-24,46,True
ASS0008759,STU00418,MOD00058,CRS008,1,63,100,2026-06-06,42,True
ASS0008760,STU00418,MOD00058,CRS008,2,64,100,2026-06-06,44,True
ASS0008761,STU00418,MOD00058,CRS008,3,98,100,2026-06-08,45,True
ASS0008762,STU00418,MOD00064,CRS008,1,54,100,2026-05-15,44,True
ASS0008763,STU00418,MOD00064,CRS008,2,55,100,2026-05-14,36,True
ASS0008764,STU00418,MOD00050,CRS007,1,78,100,2026-04-14,14,True
ASS0008765,STU00418,MOD00050,CRS007,2,55,100,2026-04-15,41,True
ASS0008766,STU00418,MOD00053,CRS007,1,60,100,2026-03-05,15,True
ASS0008767,STU00418,MOD00053,CRS007,2,83,100,2026-03-05,60,True
ASS0008768,STU00418,MOD00053,CRS007,3,55,100,2026-03-04,48,False
ASS0008769,STU00418,MOD00055,CRS007,1,83,100,2026-04-15,35,True
ASS0008770,STU00418,MOD00055,CRS007,2,56,100,2026-04-11,18,True
ASS0008771,STU00418,MOD00056,CRS007,1,95,100,2026-04-10,54,False
ASS0008772,STU00419,MOD00153,CRS020,1,54,100,2025-12-26,48,True
ASS0008773,STU00419,MOD00153,CRS020,2,48,100,2025-12-25,15,True
ASS0008774,STU00419,MOD00153,CRS020,3,60,100,2025-12-23,31,True
ASS0008775,STU00419,MOD00157,CRS020,1,66,100,2025-11-23,22,True
ASS0008776,STU00419,MOD00157,CRS020,2,30,100,2025-11-19,48,True
ASS0008777,STU00419,MOD00157,CRS020,3,55,100,2025-11-18,41,True
ASS0008778,STU00419,MOD00159,CRS020,1,100,100,2025-12-20,54,True
ASS0008779,STU00419,MOD00122,CRS016,1,72,100,2025-11-13,38,False
ASS0008780,STU00419,MOD00122,CRS016,2,81,100,2025-11-15,43,True
ASS0008781,STU00419,MOD00122,CRS016,3,63,100,2025-11-15,25,False
ASS0008782,STU00419,MOD00124,CRS016,1,70,100,2025-12-08,40,True
ASS0008783,STU00419,MOD00124,CRS016,2,34,100,2025-12-08,41,False
ASS0008784,STU00419,MOD00124,CRS016,3,58,100,2025-12-10,47,True
ASS0008785,STU00419,MOD00125,CRS016,1,69,100,2025-12-31,23,True
ASS0008786,STU00419,MOD00125,CRS016,2,88,100,2025-12-27,50,True
ASS0008787,STU00419,MOD00125,CRS016,3,81,100,2025-12-27,34,True
ASS0008788,STU00419,MOD00128,CRS016,1,60,100,2025-12-24,49,True
ASS0008789,STU00419,MOD00128,CRS016,2,61,100,2025-12-27,60,True
ASS0008790,STU00419,MOD00128,CRS016,3,62,100,2025-12-25,18,True
ASS0008791,STU00419,MOD00081,CRS011,1,70,100,2026-05-31,23,True
ASS0008792,STU00419,MOD00081,CRS011,2,77,100,2026-06-02,31,False
ASS0008793,STU00419,MOD00081,CRS011,3,62,100,2026-05-31,56,True
ASS0008794,STU00419,MOD00082,CRS011,1,45,100,2026-04-19,16,False
ASS0008795,STU00419,MOD00082,CRS011,2,92,100,2026-04-17,54,True
ASS0008796,STU00419,MOD00083,CRS011,1,66,100,2026-04-03,22,True
ASS0008797,STU00419,MOD00083,CRS011,2,82,100,2026-04-04,57,True
ASS0008798,STU00419,MOD00083,CRS011,3,54,100,2026-04-05,50,True
ASS0008799,STU00419,MOD00085,CRS011,1,84,100,2026-03-30,19,True
ASS0008800,STU00419,MOD00086,CRS011,1,34,100,2026-06-04,33,True
ASS0008801,STU00419,MOD00086,CRS011,2,72,100,2026-06-07,12,True
ASS0008802,STU00419,MOD00087,CRS011,1,58,100,2026-05-17,17,True
ASS0008803,STU00419,MOD00087,CRS011,2,79,100,2026-05-18,34,True
ASS0008804,STU00419,MOD00114,CRS015,1,68,100,2025-09-21,51,True
ASS0008805,STU00419,MOD00115,CRS015,1,82,100,2025-11-12,26,True
ASS0008806,STU00419,MOD00115,CRS015,2,64,100,2025-11-12,46,True
ASS0008807,STU00419,MOD00116,CRS015,1,48,100,2025-10-23,23,True
ASS0008808,STU00419,MOD00116,CRS015,2,64,100,2025-10-23,55,False
ASS0008809,STU00419,MOD00117,CRS015,1,93,100,2025-11-11,36,True
ASS0008810,STU00419,MOD00118,CRS015,1,40,100,2025-11-09,46,True
ASS0008811,STU00419,MOD00118,CRS015,2,85,100,2025-11-10,24,True
ASS0008812,STU00419,MOD00118,CRS015,3,99,100,2025-11-14,14,False
ASS0008813,STU00419,MOD00119,CRS015,1,61,100,2025-10-16,13,False
ASS0008814,STU00419,MOD00119,CRS015,2,53,100,2025-10-15,42,True
ASS0008815,STU00420,MOD00081,CRS011,1,82,100,2025-12-21,24,False
ASS0008816,STU00420,MOD00081,CRS011,2,35,100,2025-12-21,47,True
ASS0008817,STU00420,MOD00081,CRS011,3,88,100,2025-12-19,51,True
ASS0008818,STU00420,MOD00083,CRS011,1,51,100,2026-01-02,41,True
ASS0008819,STU00420,MOD00083,CRS011,2,77,100,2025-12-29,48,True
ASS0008820,STU00420,MOD00084,CRS011,1,73,100,2026-03-01,51,True
ASS0008821,STU00420,MOD00084,CRS011,2,59,100,2026-02-26,21,True
ASS0008822,STU00420,MOD00088,CRS011,1,57,100,2026-01-25,24,True
ASS0008823,STU00420,MOD00088,CRS011,2,82,100,2026-01-24,57,True
ASS0008824,STU00420,MOD00098,CRS013,1,64,100,2025-12-02,37,True
ASS0008825,STU00420,MOD00099,CRS013,1,36,100,2025-11-22,50,True
ASS0008826,STU00420,MOD00099,CRS013,2,94,100,2025-11-20,44,True
ASS0008827,STU00420,MOD00100,CRS013,1,66,100,2025-10-05,24,True
ASS0008828,STU00420,MOD00100,CRS013,2,65,100,2025-10-06,58,True
ASS0008829,STU00420,MOD00100,CRS013,3,77,100,2025-10-02,55,True
ASS0008830,STU00420,MOD00101,CRS013,1,83,100,2025-10-11,32,True
ASS0008831,STU00420,MOD00101,CRS013,2,69,100,2025-10-11,44,False
ASS0008832,STU00420,MOD00102,CRS013,1,45,100,2025-09-20,48,True
ASS0008833,STU00420,MOD00102,CRS013,2,66,100,2025-09-21,52,True
ASS0008834,STU00420,MOD00103,CRS013,1,76,100,2025-11-05,16,True
ASS0008835,STU00420,MOD00104,CRS013,1,63,100,2025-10-05,54,False
ASS0008836,STU00420,MOD00104,CRS013,2,31,100,2025-10-04,57,True
ASS0008837,STU00420,MOD00104,CRS013,3,99,100,2025-10-07,56,True
ASS0008838,STU00420,MOD00138,CRS018,1,62,100,2025-12-20,19,True
ASS0008839,STU00420,MOD00138,CRS018,2,58,100,2025-12-23,51,True
ASS0008840,STU00420,MOD00139,CRS018,1,33,100,2026-02-21,27,True
ASS0008841,STU00420,MOD00139,CRS018,2,39,100,2026-02-25,31,True
ASS0008842,STU00420,MOD00139,CRS018,3,72,100,2026-02-22,25,False
ASS0008843,STU00420,MOD00141,CRS018,1,51,100,2026-01-21,33,True
ASS0008844,STU00420,MOD00141,CRS018,2,75,100,2026-01-17,42,True
ASS0008845,STU00420,MOD00141,CRS018,3,73,100,2026-01-17,42,False
ASS0008846,STU00420,MOD00144,CRS018,1,59,100,2026-01-20,28,False
ASS0008847,STU00420,MOD00130,CRS017,1,63,100,2026-05-27,17,True
ASS0008848,STU00420,MOD00134,CRS017,1,100,100,2026-05-30,26,True
ASS0008849,STU00421,MOD00010,CRS002,1,33,100,2025-07-29,44,True
ASS0008850,STU00421,MOD00010,CRS002,2,45,100,2025-08-02,24,True
ASS0008851,STU00421,MOD00010,CRS002,3,56,100,2025-07-28,60,False
ASS0008852,STU00421,MOD00012,CRS002,1,51,100,2025-06-01,59,True
ASS0008853,STU00421,MOD00012,CRS002,2,65,100,2025-06-04,47,True
ASS0008854,STU00421,MOD00012,CRS002,3,65,100,2025-05-30,60,True
ASS0008855,STU00421,MOD00059,CRS008,1,68,100,2025-12-28,36,True
ASS0008856,STU00421,MOD00059,CRS008,2,66,100,2025-12-27,33,True
ASS0008857,STU00421,MOD00059,CRS008,3,94,100,2025-12-24,32,True
ASS0008858,STU00421,MOD00064,CRS008,1,55,100,2026-01-17,59,True
ASS0008859,STU00421,MOD00129,CRS017,1,40,100,2026-04-10,42,True
ASS0008860,STU00421,MOD00129,CRS017,2,63,100,2026-04-09,56,True
ASS0008861,STU00421,MOD00130,CRS017,1,76,100,2026-06-08,26,True
ASS0008862,STU00421,MOD00130,CRS017,2,80,100,2026-06-09,54,True
ASS0008863,STU00421,MOD00130,CRS017,3,63,100,2026-06-08,27,False
ASS0008864,STU00421,MOD00131,CRS017,1,68,100,2026-04-12,44,True
ASS0008865,STU00421,MOD00131,CRS017,2,68,100,2026-04-08,10,False
ASS0008866,STU00421,MOD00099,CRS013,1,86,100,2025-08-03,11,False
ASS0008867,STU00421,MOD00099,CRS013,2,72,100,2025-08-02,47,False
ASS0008868,STU00421,MOD00099,CRS013,3,53,100,2025-08-02,56,True
ASS0008869,STU00421,MOD00100,CRS013,1,35,100,2025-07-05,38,True
ASS0008870,STU00421,MOD00100,CRS013,2,56,100,2025-06-30,25,True
ASS0008871,STU00421,MOD00100,CRS013,3,75,100,2025-07-01,10,False
ASS0008872,STU00421,MOD00102,CRS013,1,71,100,2025-06-15,10,True
ASS0008873,STU00421,MOD00103,CRS013,1,42,100,2025-06-20,56,True
ASS0008874,STU00421,MOD00103,CRS013,2,81,100,2025-06-20,16,True
ASS0008875,STU00421,MOD00103,CRS013,3,95,100,2025-06-19,18,True
ASS0008876,STU00422,MOD00051,CRS007,1,52,100,2025-11-09,57,False
ASS0008877,STU00422,MOD00051,CRS007,2,98,100,2025-11-09,59,True
ASS0008878,STU00422,MOD00054,CRS007,1,34,100,2025-11-08,31,False
ASS0008879,STU00422,MOD00054,CRS007,2,65,100,2025-11-04,25,True
ASS0008880,STU00422,MOD00054,CRS007,3,83,100,2025-11-05,18,True
ASS0008881,STU00423,MOD00076,CRS010,1,51,100,2026-01-24,53,True
ASS0008882,STU00423,MOD00076,CRS010,2,80,100,2026-01-21,41,True
ASS0008883,STU00423,MOD00076,CRS010,3,76,100,2026-01-23,49,True
ASS0008884,STU00423,MOD00078,CRS010,1,42,100,2026-04-05,13,True
ASS0008885,STU00423,MOD00078,CRS010,2,90,100,2026-04-09,32,True
ASS0008886,STU00423,MOD00078,CRS010,3,83,100,2026-04-06,53,True
ASS0008887,STU00423,MOD00154,CRS020,1,53,100,2026-01-06,10,False
ASS0008888,STU00423,MOD00155,CRS020,1,72,100,2026-02-02,43,True
ASS0008889,STU00423,MOD00155,CRS020,2,72,100,2026-02-04,55,True
ASS0008890,STU00423,MOD00157,CRS020,1,91,100,2025-12-22,13,True
ASS0008891,STU00423,MOD00158,CRS020,1,52,100,2026-01-01,54,True
ASS0008892,STU00423,MOD00158,CRS020,2,96,100,2026-01-01,57,True
ASS0008893,STU00423,MOD00159,CRS020,1,60,100,2026-01-18,56,False
ASS0008894,STU00423,MOD00159,CRS020,2,87,100,2026-01-18,36,True
ASS0008895,STU00423,MOD00160,CRS020,1,86,100,2026-01-02,48,True
ASS0008896,STU00423,MOD00113,CRS015,1,33,100,2025-09-03,54,True
ASS0008897,STU00423,MOD00113,CRS015,2,89,100,2025-09-06,32,False
ASS0008898,STU00423,MOD00113,CRS015,3,78,100,2025-09-06,16,True
ASS0008899,STU00423,MOD00116,CRS015,1,94,100,2025-09-29,27,False
ASS0008900,STU00423,MOD00119,CRS015,1,37,100,2025-09-18,48,True
ASS0008901,STU00423,MOD00119,CRS015,2,57,100,2025-09-14,59,True
ASS0008902,STU00423,MOD00119,CRS015,3,76,100,2025-09-17,18,True
ASS0008903,STU00423,MOD00041,CRS006,1,75,100,2025-10-13,30,True
ASS0008904,STU00423,MOD00041,CRS006,2,87,100,2025-10-15,36,True
ASS0008905,STU00423,MOD00041,CRS006,3,55,100,2025-10-14,19,False
ASS0008906,STU00423,MOD00043,CRS006,1,59,100,2025-10-11,59,False
ASS0008907,STU00423,MOD00043,CRS006,2,60,100,2025-10-15,56,True
ASS0008908,STU00423,MOD00044,CRS006,1,93,100,2025-09-18,32,True
ASS0008909,STU00423,MOD00045,CRS006,1,79,100,2025-08-17,41,True
ASS0008910,STU00423,MOD00045,CRS006,2,36,100,2025-08-12,18,True
ASS0008911,STU00423,MOD00045,CRS006,3,97,100,2025-08-16,40,False
ASS0008912,STU00423,MOD00046,CRS006,1,72,100,2025-10-09,59,True
ASS0008913,STU00423,MOD00046,CRS006,2,91,100,2025-10-08,35,False
ASS0008914,STU00423,MOD00047,CRS006,1,98,100,2025-08-03,15,False
ASS0008915,STU00423,MOD00048,CRS006,1,63,100,2025-08-04,48,False
ASS0008916,STU00424,MOD00113,CRS015,1,82,100,2025-09-20,26,True
ASS0008917,STU00424,MOD00113,CRS015,2,83,100,2025-09-16,13,False
ASS0008918,STU00424,MOD00113,CRS015,3,60,100,2025-09-16,42,True
ASS0008919,STU00424,MOD00114,CRS015,1,77,100,2025-10-09,57,True
ASS0008920,STU00424,MOD00114,CRS015,2,59,100,2025-10-09,39,True
ASS0008921,STU00424,MOD00114,CRS015,3,98,100,2025-10-09,17,True
ASS0008922,STU00424,MOD00117,CRS015,1,68,100,2025-09-04,27,True
ASS0008923,STU00424,MOD00118,CRS015,1,46,100,2025-09-30,55,True
ASS0008924,STU00424,MOD00118,CRS015,2,77,100,2025-09-27,25,True
ASS0008925,STU00424,MOD00118,CRS015,3,72,100,2025-09-26,56,True
ASS0008926,STU00424,MOD00120,CRS015,1,55,100,2025-11-01,44,True
ASS0008927,STU00424,MOD00153,CRS020,1,80,100,2025-09-09,10,True
ASS0008928,STU00424,MOD00154,CRS020,1,70,100,2025-06-20,57,True
ASS0008929,STU00424,MOD00154,CRS020,2,60,100,2025-06-21,33,True
ASS0008930,STU00424,MOD00155,CRS020,1,64,100,2025-08-12,28,True
ASS0008931,STU00424,MOD00156,CRS020,1,95,100,2025-06-30,20,False
ASS0008932,STU00424,MOD00157,CRS020,1,54,100,2025-09-02,58,True
ASS0008933,STU00424,MOD00158,CRS020,1,32,100,2025-06-26,14,True
ASS0008934,STU00424,MOD00158,CRS020,2,59,100,2025-06-21,25,True
ASS0008935,STU00424,MOD00159,CRS020,1,44,100,2025-06-29,15,True
ASS0008936,STU00424,MOD00159,CRS020,2,87,100,2025-06-29,11,True
ASS0008937,STU00425,MOD00145,CRS019,1,36,100,2026-02-19,54,True
ASS0008938,STU00425,MOD00145,CRS019,2,32,100,2026-02-21,50,True
ASS0008939,STU00425,MOD00145,CRS019,3,59,100,2026-02-23,41,True
ASS0008940,STU00425,MOD00146,CRS019,1,52,100,2026-02-23,39,False
ASS0008941,STU00425,MOD00146,CRS019,2,60,100,2026-02-25,51,True
ASS0008942,STU00425,MOD00147,CRS019,1,54,100,2026-03-01,41,True
ASS0008943,STU00425,MOD00149,CRS019,1,52,100,2026-02-15,16,True
ASS0008944,STU00425,MOD00150,CRS019,1,51,100,2026-03-03,35,True
ASS0008945,STU00425,MOD00151,CRS019,1,97,100,2025-12-27,38,True
ASS0008946,STU00425,MOD00140,CRS018,1,53,100,2026-05-02,49,True
ASS0008947,STU00425,MOD00140,CRS018,2,62,100,2026-05-05,19,True
ASS0008948,STU00425,MOD00140,CRS018,3,94,100,2026-05-03,29,True
ASS0008949,STU00425,MOD00143,CRS018,1,47,100,2026-04-26,18,True
ASS0008950,STU00425,MOD00143,CRS018,2,76,100,2026-04-25,11,True
ASS0008951,STU00426,MOD00045,CRS006,1,56,100,2025-10-13,51,True
ASS0008952,STU00426,MOD00045,CRS006,2,79,100,2025-10-16,43,False
ASS0008953,STU00426,MOD00045,CRS006,3,64,100,2025-10-16,14,True
ASS0008954,STU00426,MOD00113,CRS015,1,61,100,2025-06-17,37,True
ASS0008955,STU00426,MOD00113,CRS015,2,68,100,2025-06-14,51,True
ASS0008956,STU00426,MOD00116,CRS015,1,70,100,2025-08-14,26,True
ASS0008957,STU00426,MOD00117,CRS015,1,35,100,2025-06-12,51,True
ASS0008958,STU00426,MOD00117,CRS015,2,51,100,2025-06-10,31,True
ASS0008959,STU00426,MOD00117,CRS015,3,89,100,2025-06-13,45,True
ASS0008960,STU00426,MOD00119,CRS015,1,65,100,2025-07-29,34,True
ASS0008961,STU00426,MOD00119,CRS015,2,62,100,2025-07-24,34,True
ASS0008962,STU00426,MOD00119,CRS015,3,98,100,2025-07-29,48,True
ASS0008963,STU00426,MOD00050,CRS007,1,90,100,2025-12-19,56,True
ASS0008964,STU00426,MOD00050,CRS007,2,86,100,2025-12-23,40,True
ASS0008965,STU00426,MOD00050,CRS007,3,74,100,2025-12-20,23,True
ASS0008966,STU00426,MOD00051,CRS007,1,76,100,2025-12-24,24,True
ASS0008967,STU00426,MOD00051,CRS007,2,84,100,2025-12-21,27,False
ASS0008968,STU00426,MOD00053,CRS007,1,92,100,2026-01-10,39,True
ASS0008969,STU00426,MOD00054,CRS007,1,64,100,2026-01-05,54,True
ASS0008970,STU00426,MOD00054,CRS007,2,88,100,2026-01-03,36,True
ASS0008971,STU00426,MOD00055,CRS007,1,33,100,2026-01-29,30,True
ASS0008972,STU00426,MOD00055,CRS007,2,94,100,2026-01-29,22,True
ASS0008973,STU00426,MOD00056,CRS007,1,31,100,2026-02-22,31,True
ASS0008974,STU00426,MOD00056,CRS007,2,50,100,2026-02-21,40,True
ASS0008975,STU00426,MOD00056,CRS007,3,55,100,2026-02-20,47,True
ASS0008976,STU00427,MOD00026,CRS004,1,42,100,2026-03-29,52,True
ASS0008977,STU00427,MOD00026,CRS004,2,72,100,2026-03-30,27,True
ASS0008978,STU00427,MOD00028,CRS004,1,59,100,2026-01-29,39,False
ASS0008979,STU00427,MOD00028,CRS004,2,91,100,2026-01-30,23,True
ASS0008980,STU00427,MOD00029,CRS004,1,90,100,2026-03-09,53,False
ASS0008981,STU00427,MOD00029,CRS004,2,89,100,2026-03-12,26,True
ASS0008982,STU00427,MOD00018,CRS003,1,46,100,2025-06-19,51,True
ASS0008983,STU00427,MOD00018,CRS003,2,58,100,2025-06-19,58,True
ASS0008984,STU00427,MOD00019,CRS003,1,85,100,2025-08-21,37,True
ASS0008985,STU00427,MOD00019,CRS003,2,71,100,2025-08-18,27,True
ASS0008986,STU00427,MOD00019,CRS003,3,79,100,2025-08-19,43,True
ASS0008987,STU00427,MOD00020,CRS003,1,69,100,2025-08-31,60,True
ASS0008988,STU00427,MOD00020,CRS003,2,65,100,2025-09-01,46,True
ASS0008989,STU00427,MOD00020,CRS003,3,52,100,2025-08-31,42,True
ASS0008990,STU00427,MOD00021,CRS003,1,37,100,2025-07-25,18,True
ASS0008991,STU00427,MOD00021,CRS003,2,82,100,2025-07-29,16,True
ASS0008992,STU00427,MOD00021,CRS003,3,57,100,2025-07-27,43,True
ASS0008993,STU00427,MOD00022,CRS003,1,77,100,2025-06-26,45,True
ASS0008994,STU00427,MOD00023,CRS003,1,67,100,2025-07-10,25,True
ASS0008995,STU00427,MOD00023,CRS003,2,72,100,2025-07-11,11,True
ASS0008996,STU00427,MOD00023,CRS003,3,95,100,2025-07-13,57,True
ASS0008997,STU00428,MOD00018,CRS003,1,41,100,2025-12-08,40,True
ASS0008998,STU00428,MOD00018,CRS003,2,67,100,2025-12-09,51,False
ASS0008999,STU00428,MOD00018,CRS003,3,60,100,2025-12-06,41,True
ASS0009000,STU00428,MOD00019,CRS003,1,99,100,2026-01-13,50,True
ASS0009001,STU00428,MOD00023,CRS003,1,67,100,2026-02-24,15,True
ASS0009002,STU00428,MOD00023,CRS003,2,90,100,2026-02-24,21,True
ASS0009003,STU00428,MOD00023,CRS003,3,61,100,2026-02-23,49,True
ASS0009004,STU00428,MOD00024,CRS003,1,78,100,2026-02-10,47,True
ASS0009005,STU00428,MOD00024,CRS003,2,68,100,2026-02-10,60,False
ASS0009006,STU00428,MOD00024,CRS003,3,97,100,2026-02-11,32,True
ASS0009007,STU00428,MOD00134,CRS017,1,84,100,2026-03-25,20,True
ASS0009008,STU00428,MOD00134,CRS017,2,81,100,2026-03-21,39,True
ASS0009009,STU00428,MOD00097,CRS013,1,72,100,2026-01-27,52,False
ASS0009010,STU00428,MOD00098,CRS013,1,79,100,2026-02-13,44,False
ASS0009011,STU00428,MOD00100,CRS013,1,70,100,2025-12-25,34,False
ASS0009012,STU00428,MOD00100,CRS013,2,49,100,2025-12-24,40,True
ASS0009013,STU00428,MOD00100,CRS013,3,76,100,2025-12-24,30,True
ASS0009014,STU00428,MOD00101,CRS013,1,30,100,2026-02-01,22,True
ASS0009015,STU00428,MOD00101,CRS013,2,78,100,2026-01-30,51,True
ASS0009016,STU00428,MOD00101,CRS013,3,72,100,2026-01-31,26,True
ASS0009017,STU00428,MOD00103,CRS013,1,34,100,2026-01-03,16,True
ASS0009018,STU00428,MOD00103,CRS013,2,93,100,2026-01-01,46,True
ASS0009019,STU00429,MOD00099,CRS013,1,51,100,2025-11-20,32,True
ASS0009020,STU00429,MOD00099,CRS013,2,71,100,2025-11-19,18,True
ASS0009021,STU00429,MOD00100,CRS013,1,54,100,2025-12-16,46,False
ASS0009022,STU00429,MOD00101,CRS013,1,74,100,2025-12-29,10,False
ASS0009023,STU00429,MOD00101,CRS013,2,83,100,2025-12-29,34,True
ASS0009024,STU00429,MOD00102,CRS013,1,95,100,2025-10-17,56,True
ASS0009025,STU00429,MOD00104,CRS013,1,76,100,2025-11-23,41,False
ASS0009026,STU00429,MOD00137,CRS018,1,88,100,2025-05-15,59,True
ASS0009027,STU00429,MOD00138,CRS018,1,89,100,2025-05-18,13,False
ASS0009028,STU00429,MOD00138,CRS018,2,86,100,2025-05-17,32,True
ASS0009029,STU00429,MOD00139,CRS018,1,48,100,2025-05-13,46,True
ASS0009030,STU00429,MOD00139,CRS018,2,60,100,2025-05-15,37,False
ASS0009031,STU00429,MOD00139,CRS018,3,66,100,2025-05-15,27,True
ASS0009032,STU00429,MOD00141,CRS018,1,43,100,2025-05-10,26,False
ASS0009033,STU00429,MOD00141,CRS018,2,77,100,2025-05-11,33,True
ASS0009034,STU00429,MOD00141,CRS018,3,60,100,2025-05-13,13,True
ASS0009035,STU00430,MOD00145,CRS019,1,55,100,2025-12-02,53,False
ASS0009036,STU00430,MOD00145,CRS019,2,71,100,2025-11-29,47,True
ASS0009037,STU00430,MOD00145,CRS019,3,67,100,2025-11-29,32,True
ASS0009038,STU00430,MOD00147,CRS019,1,35,100,2025-12-17,57,True
ASS0009039,STU00430,MOD00147,CRS019,2,80,100,2025-12-19,25,True
ASS0009040,STU00430,MOD00151,CRS019,1,93,100,2026-01-09,42,False
ASS0009041,STU00430,MOD00036,CRS005,1,84,100,2025-10-25,19,True
ASS0009042,STU00430,MOD00037,CRS005,1,51,100,2025-08-13,26,True
ASS0009043,STU00430,MOD00037,CRS005,2,74,100,2025-08-12,60,True
ASS0009044,STU00430,MOD00039,CRS005,1,75,100,2025-09-17,54,True
ASS0009045,STU00430,MOD00039,CRS005,2,100,100,2025-09-19,43,True
ASS0009046,STU00430,MOD00040,CRS005,1,87,100,2025-09-21,19,True
ASS0009047,STU00430,MOD00040,CRS005,2,70,100,2025-09-22,27,True
ASS0009048,STU00430,MOD00041,CRS006,1,88,100,2026-01-18,57,True
ASS0009049,STU00430,MOD00041,CRS006,2,86,100,2026-01-14,17,True
ASS0009050,STU00430,MOD00042,CRS006,1,72,100,2025-11-24,10,True
ASS0009051,STU00430,MOD00043,CRS006,1,67,100,2025-11-13,53,True
ASS0009052,STU00430,MOD00043,CRS006,2,87,100,2025-11-16,41,True
ASS0009053,STU00430,MOD00045,CRS006,1,54,100,2025-11-24,20,True
ASS0009054,STU00430,MOD00045,CRS006,2,44,100,2025-11-25,39,False
ASS0009055,STU00430,MOD00045,CRS006,3,66,100,2025-11-25,44,True
ASS0009056,STU00430,MOD00047,CRS006,1,70,100,2025-11-15,47,False
ASS0009057,STU00430,MOD00048,CRS006,1,57,100,2025-12-24,46,True
ASS0009058,STU00431,MOD00073,CRS010,1,81,100,2026-05-11,52,True
ASS0009059,STU00431,MOD00074,CRS010,1,75,100,2026-04-22,27,True
ASS0009060,STU00431,MOD00077,CRS010,1,75,100,2026-03-07,57,True
ASS0009061,STU00431,MOD00078,CRS010,1,43,100,2026-04-08,37,True
ASS0009062,STU00431,MOD00078,CRS010,2,84,100,2026-04-06,19,True
ASS0009063,STU00431,MOD00079,CRS010,1,89,100,2026-04-12,53,False
ASS0009064,STU00431,MOD00080,CRS010,1,83,100,2026-04-18,50,True
ASS0009065,STU00431,MOD00080,CRS010,2,37,100,2026-04-19,20,True
ASS0009066,STU00431,MOD00080,CRS010,3,70,100,2026-04-15,28,True
ASS0009067,STU00431,MOD00154,CRS020,1,65,100,2025-10-16,50,True
ASS0009068,STU00431,MOD00156,CRS020,1,68,100,2025-10-30,22,True
ASS0009069,STU00431,MOD00156,CRS020,2,85,100,2025-11-04,47,True
ASS0009070,STU00431,MOD00156,CRS020,3,75,100,2025-10-30,29,True
ASS0009071,STU00431,MOD00160,CRS020,1,90,100,2025-11-20,20,True
ASS0009072,STU00431,MOD00160,CRS020,2,78,100,2025-11-21,42,True
ASS0009073,STU00431,MOD00160,CRS020,3,55,100,2025-11-22,26,True
ASS0009074,STU00431,MOD00113,CRS015,1,69,100,2026-06-30,32,True
ASS0009075,STU00431,MOD00113,CRS015,2,91,100,2026-06-28,35,True
ASS0009076,STU00431,MOD00114,CRS015,1,86,100,2026-06-17,57,False
ASS0009077,STU00431,MOD00115,CRS015,1,58,100,2026-04-29,46,True
ASS0009078,STU00431,MOD00116,CRS015,1,83,100,2026-04-23,21,True
ASS0009079,STU00431,MOD00118,CRS015,1,53,100,2026-06-26,10,False
ASS0009080,STU00431,MOD00119,CRS015,1,41,100,2026-05-09,17,True
ASS0009081,STU00431,MOD00119,CRS015,2,38,100,2026-05-11,54,True
ASS0009082,STU00431,MOD00119,CRS015,3,50,100,2026-05-08,60,True
ASS0009083,STU00431,MOD00146,CRS019,1,54,100,2025-08-15,41,True
ASS0009084,STU00431,MOD00146,CRS019,2,51,100,2025-08-17,33,False
ASS0009085,STU00431,MOD00148,CRS019,1,55,100,2025-06-04,55,False
ASS0009086,STU00431,MOD00148,CRS019,2,93,100,2025-06-03,26,True
ASS0009087,STU00431,MOD00149,CRS019,1,67,100,2025-05-29,14,True
ASS0009088,STU00431,MOD00150,CRS019,1,43,100,2025-08-12,50,True
ASS0009089,STU00431,MOD00150,CRS019,2,94,100,2025-08-13,55,True
ASS0009090,STU00431,MOD00151,CRS019,1,32,100,2025-06-17,41,True
ASS0009091,STU00431,MOD00151,CRS019,2,55,100,2025-06-18,35,True
ASS0009092,STU00432,MOD00065,CRS009,1,37,100,2025-06-04,39,True
ASS0009093,STU00432,MOD00065,CRS009,2,59,100,2025-06-01,56,True
ASS0009094,STU00432,MOD00065,CRS009,3,74,100,2025-05-31,23,True
ASS0009095,STU00432,MOD00066,CRS009,1,57,100,2025-07-18,49,True
ASS0009096,STU00432,MOD00067,CRS009,1,74,100,2025-07-07,54,True
ASS0009097,STU00432,MOD00067,CRS009,2,42,100,2025-07-06,50,True
ASS0009098,STU00432,MOD00067,CRS009,3,79,100,2025-07-06,22,True
ASS0009099,STU00432,MOD00069,CRS009,1,39,100,2025-06-16,23,True
ASS0009100,STU00432,MOD00069,CRS009,2,76,100,2025-06-16,29,False
ASS0009101,STU00432,MOD00070,CRS009,1,52,100,2025-06-05,27,True
ASS0009102,STU00432,MOD00071,CRS009,1,30,100,2025-05-16,39,True
ASS0009103,STU00432,MOD00071,CRS009,2,97,100,2025-05-16,18,True
ASS0009104,STU00432,MOD00001,CRS001,1,83,100,2026-03-07,38,True
ASS0009105,STU00432,MOD00117,CRS015,1,87,100,2025-05-12,56,True
ASS0009106,STU00432,MOD00120,CRS015,1,81,100,2025-07-17,52,True
ASS0009107,STU00432,MOD00124,CRS016,1,74,100,2025-06-07,59,True
ASS0009108,STU00432,MOD00124,CRS016,2,93,100,2025-06-05,17,True
ASS0009109,STU00432,MOD00128,CRS016,1,77,100,2025-06-27,43,True
ASS0009110,STU00432,MOD00130,CRS017,1,80,100,2026-02-22,26,True
ASS0009111,STU00432,MOD00130,CRS017,2,77,100,2026-02-20,55,True
ASS0009112,STU00432,MOD00131,CRS017,1,59,100,2026-04-26,10,True
ASS0009113,STU00432,MOD00131,CRS017,2,91,100,2026-04-22,55,True
ASS0009114,STU00432,MOD00133,CRS017,1,65,100,2026-04-20,48,True
ASS0009115,STU00432,MOD00134,CRS017,1,37,100,2026-02-11,39,True
ASS0009116,STU00432,MOD00134,CRS017,2,71,100,2026-02-06,26,True
ASS0009117,STU00432,MOD00135,CRS017,1,53,100,2026-04-16,10,True
ASS0009118,STU00432,MOD00135,CRS017,2,61,100,2026-04-14,45,True
ASS0009119,STU00432,MOD00135,CRS017,3,61,100,2026-04-14,52,True
ASS0009120,STU00433,MOD00114,CRS015,1,57,100,2026-03-05,39,True
ASS0009121,STU00433,MOD00116,CRS015,1,60,100,2026-01-04,49,True
ASS0009122,STU00433,MOD00117,CRS015,1,66,100,2026-02-05,21,True
ASS0009123,STU00433,MOD00117,CRS015,2,47,100,2026-02-08,45,False
ASS0009124,STU00433,MOD00117,CRS015,3,62,100,2026-02-09,51,False
ASS0009125,STU00433,MOD00120,CRS015,1,78,100,2026-03-03,28,True
ASS0009126,STU00433,MOD00120,CRS015,2,57,100,2026-03-07,38,True
ASS0009127,STU00433,MOD00120,CRS015,3,86,100,2026-03-06,36,True
ASS0009128,STU00433,MOD00105,CRS014,1,67,100,2025-10-26,42,True
ASS0009129,STU00433,MOD00105,CRS014,2,70,100,2025-10-22,38,True
ASS0009130,STU00433,MOD00105,CRS014,3,82,100,2025-10-23,58,True
ASS0009131,STU00433,MOD00110,CRS014,1,65,100,2025-11-25,51,True
ASS0009132,STU00433,MOD00110,CRS014,2,95,100,2025-11-28,44,False
ASS0009133,STU00433,MOD00153,CRS020,1,65,100,2025-12-29,35,True
ASS0009134,STU00433,MOD00153,CRS020,2,59,100,2026-01-01,38,False
ASS0009135,STU00433,MOD00153,CRS020,3,83,100,2025-12-31,11,True
ASS0009136,STU00433,MOD00155,CRS020,1,75,100,2026-02-13,29,True
ASS0009137,STU00433,MOD00155,CRS020,2,45,100,2026-02-11,58,True
ASS0009138,STU00433,MOD00155,CRS020,3,84,100,2026-02-13,45,False
ASS0009139,STU00433,MOD00156,CRS020,1,70,100,2026-02-23,47,False
ASS0009140,STU00433,MOD00156,CRS020,2,77,100,2026-02-25,25,True
ASS0009141,STU00433,MOD00158,CRS020,1,90,100,2026-02-01,51,True
ASS0009142,STU00433,MOD00158,CRS020,2,88,100,2026-01-29,20,True
ASS0009143,STU00433,MOD00158,CRS020,3,83,100,2026-02-02,14,True
ASS0009144,STU00433,MOD00018,CRS003,1,40,100,2026-03-16,55,True
ASS0009145,STU00433,MOD00018,CRS003,2,84,100,2026-03-18,54,True
ASS0009146,STU00433,MOD00020,CRS003,1,55,100,2026-04-13,42,False
ASS0009147,STU00433,MOD00021,CRS003,1,73,100,2026-02-25,22,True
ASS0009148,STU00433,MOD00021,CRS003,2,63,100,2026-02-25,35,True
ASS0009149,STU00433,MOD00021,CRS003,3,52,100,2026-03-01,12,True
ASS0009150,STU00434,MOD00050,CRS007,1,79,100,2025-07-21,35,True
ASS0009151,STU00434,MOD00050,CRS007,2,51,100,2025-07-19,31,True
ASS0009152,STU00434,MOD00050,CRS007,3,71,100,2025-07-24,45,True
ASS0009153,STU00434,MOD00051,CRS007,1,81,100,2025-06-29,22,True
ASS0009154,STU00434,MOD00051,CRS007,2,79,100,2025-06-25,15,True
ASS0009155,STU00434,MOD00051,CRS007,3,89,100,2025-06-30,10,True
ASS0009156,STU00434,MOD00052,CRS007,1,87,100,2025-07-27,25,True
ASS0009157,STU00434,MOD00052,CRS007,2,95,100,2025-07-29,18,True
ASS0009158,STU00434,MOD00053,CRS007,1,37,100,2025-06-16,10,True
ASS0009159,STU00434,MOD00053,CRS007,2,89,100,2025-06-18,19,True
ASS0009160,STU00434,MOD00053,CRS007,3,80,100,2025-06-14,41,True
ASS0009161,STU00434,MOD00054,CRS007,1,67,100,2025-06-17,32,False
ASS0009162,STU00434,MOD00054,CRS007,2,90,100,2025-06-17,26,True
ASS0009163,STU00434,MOD00054,CRS007,3,87,100,2025-06-17,20,True
ASS0009164,STU00434,MOD00055,CRS007,1,58,100,2025-06-10,50,True
ASS0009165,STU00434,MOD00009,CRS002,1,65,100,2025-12-28,34,True
ASS0009166,STU00434,MOD00009,CRS002,2,88,100,2025-12-29,51,True
ASS0009167,STU00434,MOD00009,CRS002,3,60,100,2026-01-01,10,True
ASS0009168,STU00434,MOD00011,CRS002,1,62,100,2025-11-20,46,True
ASS0009169,STU00434,MOD00011,CRS002,2,80,100,2025-11-19,40,True
ASS0009170,STU00434,MOD00011,CRS002,3,72,100,2025-11-22,24,False
ASS0009171,STU00434,MOD00012,CRS002,1,67,100,2025-11-14,25,True
ASS0009172,STU00434,MOD00012,CRS002,2,61,100,2025-11-18,19,True
ASS0009173,STU00434,MOD00012,CRS002,3,80,100,2025-11-18,46,False
ASS0009174,STU00434,MOD00016,CRS002,1,88,100,2025-12-07,13,True
ASS0009175,STU00434,MOD00016,CRS002,2,41,100,2025-12-04,19,True
ASS0009176,STU00434,MOD00016,CRS002,3,82,100,2025-12-09,44,False
ASS0009177,STU00434,MOD00044,CRS006,1,81,100,2026-06-13,57,True
ASS0009178,STU00434,MOD00044,CRS006,2,99,100,2026-06-15,30,True
ASS0009179,STU00434,MOD00034,CRS005,1,75,100,2025-06-08,37,True
ASS0009180,STU00434,MOD00035,CRS005,1,84,100,2025-06-19,30,True
ASS0009181,STU00434,MOD00035,CRS005,2,32,100,2025-06-21,47,False
ASS0009182,STU00434,MOD00035,CRS005,3,65,100,2025-06-19,39,False
ASS0009183,STU00434,MOD00038,CRS005,1,60,100,2025-04-28,17,False
ASS0009184,STU00434,MOD00038,CRS005,2,99,100,2025-05-02,20,True
ASS0009185,STU00434,MOD00145,CRS019,1,73,100,2025-07-18,24,True
ASS0009186,STU00434,MOD00145,CRS019,2,88,100,2025-07-16,36,True
ASS0009187,STU00434,MOD00145,CRS019,3,90,100,2025-07-17,39,True
ASS0009188,STU00434,MOD00152,CRS019,1,61,100,2025-07-11,14,True
ASS0009189,STU00435,MOD00081,CRS011,1,54,100,2026-02-05,28,True
ASS0009190,STU00435,MOD00081,CRS011,2,52,100,2026-02-06,30,True
ASS0009191,STU00435,MOD00081,CRS011,3,59,100,2026-02-09,59,False
ASS0009192,STU00435,MOD00084,CRS011,1,62,100,2026-02-08,10,True
ASS0009193,STU00435,MOD00018,CRS003,1,79,100,2025-10-28,23,True
ASS0009194,STU00435,MOD00018,CRS003,2,56,100,2025-10-28,46,True
ASS0009195,STU00435,MOD00010,CRS002,1,61,100,2026-04-01,12,True
ASS0009196,STU00435,MOD00013,CRS002,1,61,100,2026-04-22,40,True
ASS0009197,STU00435,MOD00014,CRS002,1,89,100,2026-05-01,13,False
ASS0009198,STU00435,MOD00015,CRS002,1,46,100,2026-03-20,34,False
ASS0009199,STU00435,MOD00015,CRS002,2,83,100,2026-03-24,57,True
ASS0009200,STU00435,MOD00016,CRS002,1,38,100,2026-05-07,53,True
ASS0009201,STU00435,MOD00016,CRS002,2,69,100,2026-05-06,38,False
ASS0009202,STU00435,MOD00016,CRS002,3,75,100,2026-05-05,52,True
ASS0009203,STU00436,MOD00153,CRS020,1,80,100,2025-07-22,21,True
ASS0009204,STU00436,MOD00153,CRS020,2,65,100,2025-07-19,57,True
ASS0009205,STU00436,MOD00158,CRS020,1,57,100,2025-06-25,25,True
ASS0009206,STU00436,MOD00158,CRS020,2,90,100,2025-06-28,20,True
ASS0009207,STU00436,MOD00159,CRS020,1,42,100,2025-06-29,45,True
ASS0009208,STU00436,MOD00159,CRS020,2,90,100,2025-06-25,31,True
ASS0009209,STU00436,MOD00159,CRS020,3,55,100,2025-06-24,15,False
ASS0009210,STU00436,MOD00145,CRS019,1,31,100,2026-01-13,57,True
ASS0009211,STU00436,MOD00145,CRS019,2,74,100,2026-01-12,18,True
ASS0009212,STU00436,MOD00147,CRS019,1,77,100,2025-12-25,49,True
ASS0009213,STU00436,MOD00149,CRS019,1,51,100,2026-01-04,38,True
ASS0009214,STU00436,MOD00151,CRS019,1,82,100,2026-01-03,24,True
ASS0009215,STU00436,MOD00137,CRS018,1,41,100,2025-08-16,29,True
ASS0009216,STU00436,MOD00137,CRS018,2,100,100,2025-08-16,23,False
ASS0009217,STU00436,MOD00140,CRS018,1,86,100,2025-07-29,37,True
ASS0009218,STU00436,MOD00140,CRS018,2,58,100,2025-07-30,32,True
ASS0009219,STU00436,MOD00141,CRS018,1,87,100,2025-06-10,31,True
ASS0009220,STU00436,MOD00141,CRS018,2,61,100,2025-06-10,15,True
ASS0009221,STU00436,MOD00141,CRS018,3,58,100,2025-06-15,14,True
ASS0009222,STU00436,MOD00142,CRS018,1,62,100,2025-07-23,29,False
ASS0009223,STU00436,MOD00142,CRS018,2,78,100,2025-07-25,51,True
ASS0009224,STU00436,MOD00143,CRS018,1,49,100,2025-06-14,47,True
ASS0009225,STU00436,MOD00143,CRS018,2,54,100,2025-06-11,47,False
ASS0009226,STU00437,MOD00017,CRS003,1,74,100,2026-01-08,22,False
ASS0009227,STU00437,MOD00017,CRS003,2,70,100,2026-01-11,25,True
ASS0009228,STU00437,MOD00019,CRS003,1,68,100,2026-02-11,53,True
ASS0009229,STU00437,MOD00019,CRS003,2,71,100,2026-02-09,56,False
ASS0009230,STU00437,MOD00019,CRS003,3,76,100,2026-02-08,48,True
ASS0009231,STU00437,MOD00024,CRS003,1,86,100,2026-01-06,17,True
ASS0009232,STU00438,MOD00089,CRS012,1,50,100,2026-01-31,43,True
ASS0009233,STU00438,MOD00091,CRS012,1,98,100,2025-12-28,26,True
ASS0009234,STU00438,MOD00093,CRS012,1,53,100,2026-01-04,13,True
ASS0009235,STU00438,MOD00093,CRS012,2,63,100,2026-01-07,58,True
ASS0009236,STU00438,MOD00093,CRS012,3,79,100,2026-01-05,50,True
ASS0009237,STU00438,MOD00094,CRS012,1,62,100,2026-01-06,22,True
ASS0009238,STU00438,MOD00096,CRS012,1,43,100,2025-12-29,10,True
ASS0009239,STU00438,MOD00096,CRS012,2,37,100,2025-12-31,56,True
ASS0009240,STU00438,MOD00096,CRS012,3,61,100,2026-01-02,10,True
ASS0009241,STU00438,MOD00018,CRS003,1,89,100,2026-04-03,18,True
ASS0009242,STU00438,MOD00020,CRS003,1,44,100,2026-03-12,50,True
ASS0009243,STU00438,MOD00020,CRS003,2,60,100,2026-03-15,12,True
ASS0009244,STU00438,MOD00021,CRS003,1,59,100,2026-04-16,60,True
ASS0009245,STU00438,MOD00021,CRS003,2,64,100,2026-04-20,42,False
ASS0009246,STU00438,MOD00022,CRS003,1,54,100,2026-04-12,18,True
ASS0009247,STU00438,MOD00022,CRS003,2,76,100,2026-04-09,40,False
ASS0009248,STU00439,MOD00036,CRS005,1,77,100,2025-10-03,22,True
ASS0009249,STU00439,MOD00036,CRS005,2,62,100,2025-10-03,25,True
ASS0009250,STU00439,MOD00038,CRS005,1,51,100,2025-12-09,18,True
ASS0009251,STU00439,MOD00038,CRS005,2,77,100,2025-12-06,15,True
ASS0009252,STU00439,MOD00027,CRS004,1,97,100,2025-09-03,56,True
ASS0009253,STU00439,MOD00030,CRS004,1,60,100,2025-09-05,27,False
ASS0009254,STU00439,MOD00030,CRS004,2,68,100,2025-09-08,46,True
ASS0009255,STU00439,MOD00031,CRS004,1,80,100,2025-06-27,14,False
ASS0009256,STU00439,MOD00032,CRS004,1,62,100,2025-09-04,40,True
ASS0009257,STU00439,MOD00032,CRS004,2,33,100,2025-09-01,38,True
ASS0009258,STU00439,MOD00032,CRS004,3,93,100,2025-09-01,12,True
ASS0009259,STU00439,MOD00065,CRS009,1,92,100,2025-12-17,36,True
ASS0009260,STU00439,MOD00066,CRS009,1,59,100,2026-01-06,45,True
ASS0009261,STU00439,MOD00066,CRS009,2,77,100,2026-01-02,29,True
ASS0009262,STU00439,MOD00067,CRS009,1,65,100,2026-02-01,56,False
ASS0009263,STU00439,MOD00067,CRS009,2,37,100,2026-01-27,18,True
ASS0009264,STU00439,MOD00067,CRS009,3,96,100,2026-01-31,49,False
ASS0009265,STU00439,MOD00069,CRS009,1,86,100,2025-11-24,21,False
ASS0009266,STU00439,MOD00069,CRS009,2,72,100,2025-11-20,58,True
ASS0009267,STU00439,MOD00071,CRS009,1,42,100,2025-12-01,11,True
ASS0009268,STU00439,MOD00071,CRS009,2,68,100,2025-12-04,54,True
ASS0009269,STU00439,MOD00072,CRS009,1,68,100,2025-12-27,55,False
ASS0009270,STU00439,MOD00081,CRS011,1,87,100,2026-03-04,47,True
ASS0009271,STU00439,MOD00081,CRS011,2,86,100,2026-03-02,30,False
ASS0009272,STU00439,MOD00084,CRS011,1,86,100,2026-04-06,57,False
ASS0009273,STU00439,MOD00084,CRS011,2,51,100,2026-04-06,25,True
ASS0009274,STU00439,MOD00084,CRS011,3,88,100,2026-04-04,10,False
ASS0009275,STU00439,MOD00086,CRS011,1,32,100,2026-03-01,21,True
ASS0009276,STU00439,MOD00086,CRS011,2,38,100,2026-03-02,38,True
ASS0009277,STU00439,MOD00086,CRS011,3,70,100,2026-03-02,27,True
ASS0009278,STU00440,MOD00147,CRS019,1,78,100,2025-11-13,43,True
ASS0009279,STU00440,MOD00147,CRS019,2,60,100,2025-11-13,36,True
ASS0009280,STU00440,MOD00147,CRS019,3,69,100,2025-11-10,52,True
ASS0009281,STU00440,MOD00148,CRS019,1,43,100,2026-01-19,23,True
ASS0009282,STU00440,MOD00148,CRS019,2,88,100,2026-01-21,30,True
ASS0009283,STU00440,MOD00148,CRS019,3,51,100,2026-01-21,19,True
ASS0009284,STU00440,MOD00149,CRS019,1,55,100,2026-01-20,40,True
ASS0009285,STU00440,MOD00149,CRS019,2,95,100,2026-01-23,41,True
ASS0009286,STU00440,MOD00150,CRS019,1,77,100,2026-01-20,24,True
ASS0009287,STU00440,MOD00150,CRS019,2,38,100,2026-01-24,35,True
ASS0009288,STU00440,MOD00150,CRS019,3,80,100,2026-01-25,15,True
ASS0009289,STU00440,MOD00151,CRS019,1,82,100,2025-12-12,23,True
ASS0009290,STU00440,MOD00152,CRS019,1,84,100,2025-12-09,41,True
ASS0009291,STU00440,MOD00152,CRS019,2,59,100,2025-12-10,29,False
ASS0009292,STU00440,MOD00152,CRS019,3,74,100,2025-12-12,47,True
ASS0009293,STU00441,MOD00018,CRS003,1,63,100,2026-05-19,24,True
ASS0009294,STU00441,MOD00018,CRS003,2,79,100,2026-05-20,12,False
ASS0009295,STU00441,MOD00018,CRS003,3,80,100,2026-05-21,53,False
ASS0009296,STU00441,MOD00019,CRS003,1,66,100,2026-06-12,25,False
ASS0009297,STU00441,MOD00122,CRS016,1,78,100,2026-06-02,14,True
ASS0009298,STU00441,MOD00122,CRS016,2,44,100,2026-06-01,58,True
ASS0009299,STU00441,MOD00122,CRS016,3,91,100,2026-06-03,19,True
ASS0009300,STU00441,MOD00123,CRS016,1,33,100,2026-04-12,51,True
ASS0009301,STU00441,MOD00123,CRS016,2,96,100,2026-04-15,35,True
ASS0009302,STU00441,MOD00126,CRS016,1,100,100,2026-03-30,38,True
ASS0009303,STU00441,MOD00127,CRS016,1,30,100,2026-05-31,25,True
ASS0009304,STU00441,MOD00127,CRS016,2,83,100,2026-05-29,25,True
ASS0009305,STU00441,MOD00127,CRS016,3,87,100,2026-05-29,24,True
ASS0009306,STU00441,MOD00128,CRS016,1,67,100,2026-04-10,48,False
ASS0009307,STU00441,MOD00128,CRS016,2,76,100,2026-04-10,45,True
ASS0009308,STU00441,MOD00128,CRS016,3,97,100,2026-04-13,11,False
ASS0009309,STU00441,MOD00073,CRS010,1,76,100,2026-04-17,31,True
ASS0009310,STU00441,MOD00073,CRS010,2,84,100,2026-04-14,43,True
ASS0009311,STU00441,MOD00074,CRS010,1,59,100,2026-03-30,49,True
ASS0009312,STU00441,MOD00077,CRS010,1,30,100,2026-05-02,42,False
ASS0009313,STU00441,MOD00077,CRS010,2,65,100,2026-05-03,35,True
ASS0009314,STU00441,MOD00078,CRS010,1,51,100,2026-04-25,32,True
ASS0009315,STU00441,MOD00079,CRS010,1,33,100,2026-04-10,45,False
ASS0009316,STU00441,MOD00079,CRS010,2,62,100,2026-04-10,11,True
ASS0009317,STU00441,MOD00079,CRS010,3,57,100,2026-04-05,13,True
ASS0009318,STU00441,MOD00080,CRS010,1,61,100,2026-06-12,25,True
ASS0009319,STU00441,MOD00105,CRS014,1,60,100,2026-05-16,54,False
ASS0009320,STU00441,MOD00108,CRS014,1,48,100,2026-06-02,50,True
ASS0009321,STU00441,MOD00108,CRS014,2,78,100,2026-06-01,32,True
ASS0009322,STU00441,MOD00110,CRS014,1,69,100,2026-05-29,54,True
ASS0009323,STU00441,MOD00110,CRS014,2,94,100,2026-05-25,35,True
ASS0009324,STU00441,MOD00081,CRS011,1,86,100,2026-05-12,30,True
ASS0009325,STU00441,MOD00081,CRS011,2,60,100,2026-05-14,43,True
ASS0009326,STU00441,MOD00082,CRS011,1,85,100,2026-03-27,30,True
ASS0009327,STU00441,MOD00084,CRS011,1,48,100,2026-05-25,43,True
ASS0009328,STU00441,MOD00084,CRS011,2,65,100,2026-05-25,44,True
ASS0009329,STU00441,MOD00086,CRS011,1,82,100,2026-04-05,21,True
ASS0009330,STU00442,MOD00131,CRS017,1,81,100,2026-05-04,35,True
ASS0009331,STU00442,MOD00131,CRS017,2,51,100,2026-04-30,54,False
ASS0009332,STU00442,MOD00132,CRS017,1,89,100,2026-04-25,42,True
ASS0009333,STU00442,MOD00125,CRS016,1,41,100,2026-04-29,40,True
ASS0009334,STU00442,MOD00125,CRS016,2,55,100,2026-04-30,57,True
ASS0009335,STU00442,MOD00126,CRS016,1,75,100,2026-05-23,10,True
ASS0009336,STU00442,MOD00126,CRS016,2,46,100,2026-05-26,40,True
ASS0009337,STU00442,MOD00126,CRS016,3,63,100,2026-05-25,15,True
ASS0009338,STU00442,MOD00127,CRS016,1,85,100,2026-05-20,18,True
ASS0009339,STU00442,MOD00127,CRS016,2,43,100,2026-05-20,56,False
ASS0009340,STU00442,MOD00127,CRS016,3,100,100,2026-05-20,42,False
ASS0009341,STU00442,MOD00128,CRS016,1,64,100,2026-05-26,24,True
ASS0009342,STU00442,MOD00128,CRS016,2,93,100,2026-05-25,42,True
ASS0009343,STU00442,MOD00145,CRS019,1,85,100,2026-02-09,47,True
ASS0009344,STU00442,MOD00147,CRS019,1,69,100,2026-01-09,25,True
ASS0009345,STU00442,MOD00147,CRS019,2,79,100,2026-01-13,41,False
ASS0009346,STU00442,MOD00150,CRS019,1,79,100,2026-01-18,38,True
ASS0009347,STU00442,MOD00150,CRS019,2,51,100,2026-01-18,24,True
ASS0009348,STU00442,MOD00151,CRS019,1,53,100,2026-01-23,55,True
ASS0009349,STU00442,MOD00151,CRS019,2,54,100,2026-01-23,47,False
ASS0009350,STU00442,MOD00152,CRS019,1,33,100,2025-12-24,25,True
ASS0009351,STU00442,MOD00152,CRS019,2,49,100,2025-12-26,55,True
ASS0009352,STU00442,MOD00152,CRS019,3,85,100,2025-12-24,48,True
ASS0009353,STU00442,MOD00041,CRS006,1,40,100,2025-10-27,21,True
ASS0009354,STU00442,MOD00041,CRS006,2,91,100,2025-10-27,36,False
ASS0009355,STU00442,MOD00042,CRS006,1,86,100,2025-11-02,42,True
ASS0009356,STU00442,MOD00043,CRS006,1,62,100,2025-10-10,15,True
ASS0009357,STU00442,MOD00043,CRS006,2,58,100,2025-10-12,30,True
ASS0009358,STU00442,MOD00045,CRS006,1,95,100,2025-10-15,20,True
ASS0009359,STU00443,MOD00003,CRS001,1,52,100,2026-04-28,48,True
ASS0009360,STU00443,MOD00004,CRS001,1,75,100,2026-04-13,48,True
ASS0009361,STU00443,MOD00004,CRS001,2,70,100,2026-04-12,52,True
ASS0009362,STU00443,MOD00004,CRS001,3,72,100,2026-04-16,44,False
ASS0009363,STU00443,MOD00006,CRS001,1,90,100,2026-05-07,40,True
ASS0009364,STU00443,MOD00006,CRS001,2,92,100,2026-05-04,14,True
ASS0009365,STU00443,MOD00008,CRS001,1,35,100,2026-06-06,43,True
ASS0009366,STU00443,MOD00008,CRS001,2,64,100,2026-06-03,54,True
ASS0009367,STU00443,MOD00008,CRS001,3,60,100,2026-06-07,39,True
ASS0009368,STU00444,MOD00049,CRS007,1,43,100,2025-11-25,35,False
ASS0009369,STU00444,MOD00049,CRS007,2,51,100,2025-11-25,47,False
ASS0009370,STU00444,MOD00049,CRS007,3,76,100,2025-11-25,29,True
ASS0009371,STU00444,MOD00050,CRS007,1,69,100,2025-11-20,36,True
ASS0009372,STU00444,MOD00050,CRS007,2,53,100,2025-11-21,52,True
ASS0009373,STU00444,MOD00051,CRS007,1,82,100,2025-12-19,23,True
ASS0009374,STU00444,MOD00052,CRS007,1,36,100,2025-11-30,15,True
ASS0009375,STU00444,MOD00052,CRS007,2,90,100,2025-12-04,42,False
ASS0009376,STU00444,MOD00052,CRS007,3,56,100,2025-12-05,17,True
ASS0009377,STU00444,MOD00053,CRS007,1,55,100,2025-12-16,53,True
ASS0009378,STU00444,MOD00055,CRS007,1,71,100,2025-12-18,33,True
ASS0009379,STU00444,MOD00055,CRS007,2,39,100,2025-12-18,36,True
ASS0009380,STU00444,MOD00055,CRS007,3,71,100,2025-12-15,18,True
ASS0009381,STU00444,MOD00056,CRS007,1,45,100,2025-11-23,27,False
ASS0009382,STU00444,MOD00056,CRS007,2,66,100,2025-11-20,44,True
ASS0009383,STU00445,MOD00105,CRS014,1,61,100,2026-01-24,38,True
ASS0009384,STU00445,MOD00107,CRS014,1,41,100,2025-12-15,39,True
ASS0009385,STU00445,MOD00107,CRS014,2,69,100,2025-12-12,18,True
ASS0009386,STU00445,MOD00108,CRS014,1,38,100,2026-01-22,37,True
ASS0009387,STU00445,MOD00108,CRS014,2,46,100,2026-01-24,46,False
ASS0009388,STU00445,MOD00108,CRS014,3,57,100,2026-01-22,21,True
ASS0009389,STU00445,MOD00109,CRS014,1,44,100,2026-01-23,38,True
ASS0009390,STU00445,MOD00109,CRS014,2,37,100,2026-01-24,44,True
ASS0009391,STU00445,MOD00109,CRS014,3,95,100,2026-01-23,18,True
ASS0009392,STU00445,MOD00110,CRS014,1,90,100,2026-01-04,42,True
ASS0009393,STU00445,MOD00110,CRS014,2,58,100,2026-01-09,59,True
ASS0009394,STU00445,MOD00110,CRS014,3,83,100,2026-01-07,48,True
ASS0009395,STU00445,MOD00111,CRS014,1,42,100,2025-11-26,46,True
ASS0009396,STU00445,MOD00111,CRS014,2,65,100,2025-11-27,19,True
ASS0009397,STU00445,MOD00111,CRS014,3,74,100,2025-11-30,48,True
ASS0009398,STU00445,MOD00009,CRS002,1,88,100,2026-02-22,40,True
ASS0009399,STU00445,MOD00009,CRS002,2,54,100,2026-02-21,35,True
ASS0009400,STU00445,MOD00011,CRS002,1,74,100,2026-04-01,32,True
ASS0009401,STU00445,MOD00011,CRS002,2,100,100,2026-03-30,17,False
ASS0009402,STU00445,MOD00015,CRS002,1,48,100,2026-04-22,60,True
ASS0009403,STU00445,MOD00015,CRS002,2,55,100,2026-04-26,47,True
ASS0009404,STU00445,MOD00015,CRS002,3,91,100,2026-04-25,46,True
ASS0009405,STU00445,MOD00016,CRS002,1,58,100,2026-02-24,49,False
ASS0009406,STU00445,MOD00016,CRS002,2,55,100,2026-02-24,17,True
ASS0009407,STU00445,MOD00016,CRS002,3,55,100,2026-03-01,21,True
ASS0009408,STU00445,MOD00081,CRS011,1,57,100,2026-03-01,25,True
ASS0009409,STU00445,MOD00081,CRS011,2,50,100,2026-03-02,13,False
ASS0009410,STU00445,MOD00082,CRS011,1,79,100,2026-02-20,41,True
ASS0009411,STU00445,MOD00082,CRS011,2,76,100,2026-02-22,28,True
ASS0009412,STU00445,MOD00082,CRS011,3,59,100,2026-02-21,15,True
ASS0009413,STU00445,MOD00084,CRS011,1,62,100,2026-03-24,52,True
ASS0009414,STU00445,MOD00089,CRS012,1,61,100,2026-03-19,40,True
ASS0009415,STU00445,MOD00089,CRS012,2,56,100,2026-03-18,34,True
ASS0009416,STU00445,MOD00089,CRS012,3,70,100,2026-03-19,19,False
ASS0009417,STU00445,MOD00093,CRS012,1,64,100,2026-03-02,34,True
ASS0009418,STU00445,MOD00093,CRS012,2,81,100,2026-03-03,32,False
ASS0009419,STU00445,MOD00093,CRS012,3,78,100,2026-03-05,41,True
ASS0009420,STU00445,MOD00096,CRS012,1,82,100,2026-03-10,29,True
ASS0009421,STU00446,MOD00065,CRS009,1,40,100,2025-12-06,11,True
ASS0009422,STU00446,MOD00065,CRS009,2,73,100,2025-12-06,47,True
ASS0009423,STU00446,MOD00065,CRS009,3,52,100,2025-12-01,15,True
ASS0009424,STU00446,MOD00070,CRS009,1,48,100,2025-12-14,23,True
ASS0009425,STU00446,MOD00070,CRS009,2,94,100,2025-12-16,49,True
ASS0009426,STU00446,MOD00071,CRS009,1,42,100,2026-01-13,30,True
ASS0009427,STU00446,MOD00071,CRS009,2,98,100,2026-01-16,28,False
ASS0009428,STU00446,MOD00072,CRS009,1,63,100,2026-02-12,45,True
ASS0009429,STU00446,MOD00072,CRS009,2,87,100,2026-02-09,23,True
ASS0009430,STU00446,MOD00019,CRS003,1,76,100,2025-08-23,53,True
ASS0009431,STU00446,MOD00019,CRS003,2,51,100,2025-08-22,59,True
ASS0009432,STU00446,MOD00019,CRS003,3,75,100,2025-08-22,54,True
ASS0009433,STU00446,MOD00020,CRS003,1,87,100,2025-09-03,21,False
ASS0009434,STU00446,MOD00020,CRS003,2,93,100,2025-08-31,60,True
ASS0009435,STU00446,MOD00021,CRS003,1,58,100,2025-09-23,22,True
ASS0009436,STU00446,MOD00022,CRS003,1,45,100,2025-08-25,37,True
ASS0009437,STU00446,MOD00022,CRS003,2,89,100,2025-08-26,41,True
ASS0009438,STU00446,MOD00022,CRS003,3,78,100,2025-08-26,16,False
ASS0009439,STU00446,MOD00024,CRS003,1,68,100,2025-09-29,52,False
ASS0009440,STU00446,MOD00024,CRS003,2,84,100,2025-09-30,45,True
ASS0009441,STU00446,MOD00024,CRS003,3,75,100,2025-09-26,33,True
ASS0009442,STU00446,MOD00073,CRS010,1,40,100,2025-05-30,33,False
ASS0009443,STU00446,MOD00073,CRS010,2,60,100,2025-05-30,28,True
ASS0009444,STU00446,MOD00073,CRS010,3,56,100,2025-06-02,33,True
ASS0009445,STU00446,MOD00075,CRS010,1,80,100,2025-07-24,32,True
ASS0009446,STU00446,MOD00075,CRS010,2,77,100,2025-07-23,36,False
ASS0009447,STU00446,MOD00075,CRS010,3,71,100,2025-07-21,56,True
ASS0009448,STU00446,MOD00077,CRS010,1,56,100,2025-06-13,30,False
ASS0009449,STU00446,MOD00078,CRS010,1,96,100,2025-07-30,16,True
ASS0009450,STU00447,MOD00081,CRS011,1,78,100,2025-06-15,30,True
ASS0009451,STU00447,MOD00081,CRS011,2,69,100,2025-06-17,26,True
ASS0009452,STU00447,MOD00086,CRS011,1,79,100,2025-07-28,19,True
ASS0009453,STU00447,MOD00086,CRS011,2,80,100,2025-07-27,55,True
ASS0009454,STU00447,MOD00086,CRS011,3,84,100,2025-07-26,45,True
ASS0009455,STU00447,MOD00088,CRS011,1,47,100,2025-07-09,22,False
ASS0009456,STU00447,MOD00088,CRS011,2,37,100,2025-07-08,33,True
ASS0009457,STU00447,MOD00088,CRS011,3,98,100,2025-07-06,23,True
ASS0009458,STU00448,MOD00155,CRS020,1,39,100,2025-10-28,53,False
ASS0009459,STU00448,MOD00155,CRS020,2,79,100,2025-10-28,41,True
ASS0009460,STU00448,MOD00155,CRS020,3,53,100,2025-10-29,60,True
ASS0009461,STU00448,MOD00156,CRS020,1,53,100,2025-11-01,27,False
ASS0009462,STU00448,MOD00156,CRS020,2,57,100,2025-11-05,30,False
ASS0009463,STU00448,MOD00156,CRS020,3,74,100,2025-11-06,49,True
ASS0009464,STU00448,MOD00157,CRS020,1,77,100,2025-11-07,50,True
ASS0009465,STU00448,MOD00157,CRS020,2,73,100,2025-11-02,26,True
ASS0009466,STU00448,MOD00045,CRS006,1,53,100,2025-12-04,22,True
ASS0009467,STU00448,MOD00049,CRS007,1,33,100,2025-11-04,37,True
ASS0009468,STU00448,MOD00049,CRS007,2,94,100,2025-11-07,15,False
ASS0009469,STU00448,MOD00050,CRS007,1,37,100,2025-12-17,14,True
ASS0009470,STU00448,MOD00050,CRS007,2,47,100,2025-12-18,41,True
ASS0009471,STU00448,MOD00050,CRS007,3,75,100,2025-12-15,25,True
ASS0009472,STU00448,MOD00053,CRS007,1,32,100,2025-11-12,46,False
ASS0009473,STU00448,MOD00053,CRS007,2,58,100,2025-11-10,21,True
ASS0009474,STU00448,MOD00053,CRS007,3,64,100,2025-11-13,35,False
ASS0009475,STU00448,MOD00054,CRS007,1,30,100,2025-10-06,37,True
ASS0009476,STU00448,MOD00054,CRS007,2,62,100,2025-10-11,21,True
ASS0009477,STU00448,MOD00055,CRS007,1,82,100,2025-10-08,34,True
ASS0009478,STU00448,MOD00055,CRS007,2,75,100,2025-10-06,60,True
ASS0009479,STU00448,MOD00055,CRS007,3,59,100,2025-10-04,28,False
ASS0009480,STU00448,MOD00084,CRS011,1,90,100,2026-05-11,57,True
ASS0009481,STU00448,MOD00084,CRS011,2,90,100,2026-05-11,28,True
ASS0009482,STU00448,MOD00087,CRS011,1,57,100,2026-03-27,16,True
ASS0009483,STU00448,MOD00087,CRS011,2,68,100,2026-03-23,33,True
ASS0009484,STU00449,MOD00121,CRS016,1,88,100,2026-04-26,35,True
ASS0009485,STU00449,MOD00121,CRS016,2,66,100,2026-04-25,48,True
ASS0009486,STU00449,MOD00121,CRS016,3,90,100,2026-04-26,29,True
ASS0009487,STU00449,MOD00125,CRS016,1,64,100,2026-04-05,54,True
ASS0009488,STU00449,MOD00126,CRS016,1,47,100,2026-04-08,53,True
ASS0009489,STU00449,MOD00126,CRS016,2,74,100,2026-04-11,45,False
ASS0009490,STU00449,MOD00127,CRS016,1,79,100,2026-03-29,24,True
ASS0009491,STU00449,MOD00037,CRS005,1,55,100,2026-04-19,21,True
ASS0009492,STU00449,MOD00037,CRS005,2,57,100,2026-04-18,50,False
ASS0009493,STU00450,MOD00081,CRS011,1,64,100,2026-02-21,16,True
ASS0009494,STU00450,MOD00081,CRS011,2,33,100,2026-02-25,30,False
ASS0009495,STU00450,MOD00081,CRS011,3,81,100,2026-02-22,60,True
ASS0009496,STU00450,MOD00082,CRS011,1,78,100,2026-05-09,55,True
ASS0009497,STU00450,MOD00086,CRS011,1,45,100,2026-04-13,10,True
ASS0009498,STU00450,MOD00086,CRS011,2,79,100,2026-04-15,37,True
ASS0009499,STU00450,MOD00086,CRS011,3,96,100,2026-04-10,53,False
ASS0009500,STU00450,MOD00087,CRS011,1,92,100,2026-04-02,60,False
ASS0009501,STU00450,MOD00088,CRS011,1,63,100,2026-03-23,26,True
ASS0009502,STU00450,MOD00088,CRS011,2,88,100,2026-03-20,59,True
ASS0009503,STU00450,MOD00114,CRS015,1,60,100,2025-12-08,29,True
ASS0009504,STU00450,MOD00114,CRS015,2,83,100,2025-12-07,45,True
ASS0009505,STU00450,MOD00116,CRS015,1,65,100,2026-01-11,60,True
ASS0009506,STU00450,MOD00116,CRS015,2,83,100,2026-01-10,51,True
ASS0009507,STU00450,MOD00120,CRS015,1,71,100,2026-02-18,55,True
ASS0009508,STU00450,MOD00120,CRS015,2,79,100,2026-02-20,42,False
ASS0009509,STU00450,MOD00120,CRS015,3,59,100,2026-02-17,27,True
ASS0009510,STU00450,MOD00107,CRS014,1,87,100,2026-04-19,36,True
ASS0009511,STU00450,MOD00107,CRS014,2,52,100,2026-04-17,18,True
ASS0009512,STU00450,MOD00109,CRS014,1,36,100,2026-03-11,29,True
ASS0009513,STU00450,MOD00109,CRS014,2,66,100,2026-03-12,20,True
ASS0009514,STU00450,MOD00109,CRS014,3,88,100,2026-03-07,34,True
ASS0009515,STU00450,MOD00112,CRS014,1,35,100,2026-04-20,37,True
ASS0009516,STU00450,MOD00112,CRS014,2,90,100,2026-04-23,15,True
ASS0009517,STU00450,MOD00112,CRS014,3,67,100,2026-04-19,47,False
ASS0009518,STU00450,MOD00009,CRS002,1,74,100,2025-05-21,17,True
ASS0009519,STU00450,MOD00009,CRS002,2,44,100,2025-05-21,53,True
ASS0009520,STU00450,MOD00009,CRS002,3,85,100,2025-05-18,54,True
ASS0009521,STU00450,MOD00014,CRS002,1,62,100,2025-07-17,51,False
ASS0009522,STU00450,MOD00015,CRS002,1,82,100,2025-05-26,52,True
ASS0009523,STU00450,MOD00015,CRS002,2,95,100,2025-05-31,29,True
ASS0009524,STU00450,MOD00016,CRS002,1,60,100,2025-07-11,13,True
ASS0009525,STU00450,MOD00016,CRS002,2,78,100,2025-07-16,18,True
ASS0009526,STU00450,MOD00016,CRS002,3,76,100,2025-07-12,15,True
ASS0009527,STU00450,MOD00074,CRS010,1,97,100,2025-10-15,17,True
ASS0009528,STU00450,MOD00077,CRS010,1,76,100,2025-11-17,20,True
ASS0009529,STU00450,MOD00077,CRS010,2,61,100,2025-11-14,42,True
ASS0009530,STU00450,MOD00078,CRS010,1,95,100,2025-10-18,37,True
ASS0009531,STU00450,MOD00079,CRS010,1,59,100,2025-10-19,14,True
ASS0009532,STU00451,MOD00090,CRS012,1,92,100,2025-05-25,13,True
ASS0009533,STU00451,MOD00019,CRS003,1,59,100,2025-07-02,45,False
ASS0009534,STU00451,MOD00019,CRS003,2,67,100,2025-07-04,46,True
ASS0009535,STU00451,MOD00020,CRS003,1,47,100,2025-08-24,20,True
ASS0009536,STU00451,MOD00020,CRS003,2,54,100,2025-08-22,18,True
ASS0009537,STU00451,MOD00020,CRS003,3,83,100,2025-08-21,46,True
ASS0009538,STU00451,MOD00022,CRS003,1,73,100,2025-07-20,25,False
ASS0009539,STU00451,MOD00033,CRS005,1,79,100,2025-05-19,59,True
ASS0009540,STU00451,MOD00033,CRS005,2,76,100,2025-05-20,48,False
ASS0009541,STU00451,MOD00037,CRS005,1,76,100,2025-07-22,54,True
ASS0009542,STU00451,MOD00040,CRS005,1,36,100,2025-07-06,16,True
ASS0009543,STU00451,MOD00040,CRS005,2,47,100,2025-07-07,34,False
ASS0009544,STU00451,MOD00040,CRS005,3,58,100,2025-07-09,15,True
ASS0009545,STU00452,MOD00042,CRS006,1,73,100,2026-01-17,16,True
ASS0009546,STU00452,MOD00042,CRS006,2,86,100,2026-01-15,18,True
ASS0009547,STU00452,MOD00047,CRS006,1,52,100,2025-12-21,22,False
ASS0009548,STU00452,MOD00047,CRS006,2,75,100,2025-12-19,38,True
ASS0009549,STU00452,MOD00146,CRS019,1,89,100,2026-04-17,30,True
ASS0009550,STU00452,MOD00147,CRS019,1,60,100,2026-05-18,31,True
ASS0009551,STU00452,MOD00147,CRS019,2,77,100,2026-05-19,52,False
ASS0009552,STU00452,MOD00148,CRS019,1,84,100,2026-04-30,20,True
ASS0009553,STU00452,MOD00148,CRS019,2,92,100,2026-04-29,17,True
ASS0009554,STU00452,MOD00149,CRS019,1,71,100,2026-05-02,14,True
ASS0009555,STU00452,MOD00149,CRS019,2,84,100,2026-04-29,39,True
ASS0009556,STU00452,MOD00150,CRS019,1,51,100,2026-04-13,45,True
ASS0009557,STU00452,MOD00151,CRS019,1,47,100,2026-05-17,37,True
ASS0009558,STU00452,MOD00151,CRS019,2,90,100,2026-05-14,43,True
ASS0009559,STU00452,MOD00151,CRS019,3,52,100,2026-05-18,33,True
ASS0009560,STU00452,MOD00097,CRS013,1,77,100,2025-09-28,17,False
ASS0009561,STU00452,MOD00097,CRS013,2,72,100,2025-09-28,28,False
ASS0009562,STU00452,MOD00098,CRS013,1,64,100,2025-10-20,23,True
ASS0009563,STU00452,MOD00098,CRS013,2,61,100,2025-10-22,54,True
ASS0009564,STU00452,MOD00100,CRS013,1,89,100,2025-12-08,44,True
ASS0009565,STU00452,MOD00100,CRS013,2,57,100,2025-12-04,43,False
ASS0009566,STU00452,MOD00101,CRS013,1,79,100,2025-11-22,17,True
ASS0009567,STU00452,MOD00101,CRS013,2,64,100,2025-11-23,49,True
ASS0009568,STU00452,MOD00102,CRS013,1,96,100,2025-11-20,13,True
ASS0009569,STU00452,MOD00103,CRS013,1,34,100,2025-11-11,23,True
ASS0009570,STU00452,MOD00103,CRS013,2,68,100,2025-11-15,18,True
ASS0009571,STU00452,MOD00103,CRS013,3,83,100,2025-11-11,53,True
ASS0009572,STU00452,MOD00153,CRS020,1,92,100,2026-03-21,58,True
ASS0009573,STU00452,MOD00154,CRS020,1,85,100,2026-04-09,57,True
ASS0009574,STU00452,MOD00159,CRS020,1,39,100,2026-03-15,50,False
ASS0009575,STU00452,MOD00159,CRS020,2,78,100,2026-03-12,60,False
ASS0009576,STU00452,MOD00159,CRS020,3,100,100,2026-03-16,29,True
ASS0009577,STU00452,MOD00031,CRS004,1,66,100,2026-02-02,31,False
ASS0009578,STU00453,MOD00017,CRS003,1,79,100,2026-02-10,46,False
ASS0009579,STU00453,MOD00017,CRS003,2,36,100,2026-02-11,60,True
ASS0009580,STU00453,MOD00017,CRS003,3,53,100,2026-02-07,44,False
ASS0009581,STU00453,MOD00021,CRS003,1,65,100,2026-01-09,24,True
ASS0009582,STU00453,MOD00021,CRS003,2,66,100,2026-01-06,53,True
ASS0009583,STU00453,MOD00021,CRS003,3,59,100,2026-01-07,50,True
ASS0009584,STU00453,MOD00022,CRS003,1,78,100,2026-01-14,21,False
ASS0009585,STU00453,MOD00023,CRS003,1,85,100,2026-03-13,30,True
ASS0009586,STU00453,MOD00023,CRS003,2,65,100,2026-03-12,31,False
ASS0009587,STU00453,MOD00023,CRS003,3,53,100,2026-03-16,10,False
ASS0009588,STU00453,MOD00024,CRS003,1,98,100,2026-01-08,58,False
ASS0009589,STU00453,MOD00122,CRS016,1,92,100,2025-07-24,27,False
ASS0009590,STU00453,MOD00124,CRS016,1,62,100,2025-08-12,26,True
ASS0009591,STU00453,MOD00124,CRS016,2,77,100,2025-08-07,58,True
ASS0009592,STU00453,MOD00126,CRS016,1,61,100,2025-08-02,30,True
ASS0009593,STU00453,MOD00058,CRS008,1,66,100,2026-01-18,40,True
ASS0009594,STU00453,MOD00064,CRS008,1,73,100,2026-01-12,30,True
ASS0009595,STU00453,MOD00064,CRS008,2,71,100,2026-01-09,41,True
ASS0009596,STU00453,MOD00093,CRS012,1,70,100,2025-12-13,56,True
ASS0009597,STU00453,MOD00093,CRS012,2,87,100,2025-12-15,25,True
ASS0009598,STU00453,MOD00095,CRS012,1,83,100,2025-10-24,37,True
ASS0009599,STU00453,MOD00096,CRS012,1,86,100,2026-01-12,52,True
ASS0009600,STU00454,MOD00089,CRS012,1,39,100,2025-10-11,27,True
ASS0009601,STU00454,MOD00089,CRS012,2,35,100,2025-10-07,38,True
ASS0009602,STU00454,MOD00089,CRS012,3,63,100,2025-10-07,57,True
ASS0009603,STU00454,MOD00093,CRS012,1,81,100,2025-10-25,40,True
ASS0009604,STU00454,MOD00093,CRS012,2,53,100,2025-10-27,36,False
ASS0009605,STU00454,MOD00093,CRS012,3,57,100,2025-10-28,19,True
ASS0009606,STU00454,MOD00095,CRS012,1,97,100,2025-10-09,45,True
ASS0009607,STU00454,MOD00096,CRS012,1,53,100,2025-11-27,54,True
ASS0009608,STU00455,MOD00019,CRS003,1,59,100,2026-05-06,41,True
ASS0009609,STU00455,MOD00021,CRS003,1,60,100,2026-05-17,60,False
ASS0009610,STU00455,MOD00021,CRS003,2,94,100,2026-05-19,52,True
ASS0009611,STU00455,MOD00022,CRS003,1,61,100,2026-05-29,26,True
ASS0009612,STU00455,MOD00113,CRS015,1,78,100,2025-11-26,30,False
ASS0009613,STU00455,MOD00113,CRS015,2,55,100,2025-11-23,27,True
ASS0009614,STU00455,MOD00114,CRS015,1,70,100,2025-12-28,23,True
ASS0009615,STU00455,MOD00114,CRS015,2,72,100,2025-12-26,58,True
ASS0009616,STU00455,MOD00114,CRS015,3,86,100,2025-12-28,17,True
ASS0009617,STU00455,MOD00115,CRS015,1,51,100,2026-02-12,54,True
ASS0009618,STU00455,MOD00115,CRS015,2,70,100,2026-02-15,22,False
ASS0009619,STU00455,MOD00116,CRS015,1,33,100,2026-02-07,41,True
ASS0009620,STU00455,MOD00116,CRS015,2,85,100,2026-02-09,34,True
ASS0009621,STU00455,MOD00117,CRS015,1,86,100,2025-11-30,53,True
ASS0009622,STU00455,MOD00117,CRS015,2,86,100,2025-11-27,43,True
ASS0009623,STU00455,MOD00118,CRS015,1,59,100,2026-01-17,49,True
ASS0009624,STU00455,MOD00118,CRS015,2,78,100,2026-01-20,59,True
ASS0009625,STU00455,MOD00118,CRS015,3,74,100,2026-01-20,55,False
ASS0009626,STU00456,MOD00033,CRS005,1,40,100,2025-06-10,59,True
ASS0009627,STU00456,MOD00033,CRS005,2,71,100,2025-06-08,60,False
ASS0009628,STU00456,MOD00033,CRS005,3,51,100,2025-06-10,27,True
ASS0009629,STU00456,MOD00037,CRS005,1,74,100,2025-07-10,38,True
ASS0009630,STU00456,MOD00039,CRS005,1,67,100,2025-06-26,26,True
ASS0009631,STU00456,MOD00040,CRS005,1,60,100,2025-07-25,26,False
ASS0009632,STU00456,MOD00056,CRS007,1,80,100,2025-07-19,37,True
ASS0009633,STU00456,MOD00056,CRS007,2,56,100,2025-07-22,59,True
ASS0009634,STU00456,MOD00056,CRS007,3,66,100,2025-07-22,34,True
ASS0009635,STU00456,MOD00081,CRS011,1,40,100,2025-12-26,43,True
ASS0009636,STU00456,MOD00081,CRS011,2,98,100,2025-12-24,37,True
ASS0009637,STU00456,MOD00086,CRS011,1,83,100,2025-11-03,10,True
ASS0009638,STU00456,MOD00127,CRS016,1,56,100,2026-03-27,59,True
ASS0009639,STU00456,MOD00079,CRS010,1,53,100,2026-01-03,54,True
ASS0009640,STU00456,MOD00079,CRS010,2,82,100,2026-01-07,39,True
ASS0009641,STU00457,MOD00049,CRS007,1,58,100,2026-04-13,52,True
ASS0009642,STU00457,MOD00049,CRS007,2,84,100,2026-04-15,17,True
ASS0009643,STU00457,MOD00050,CRS007,1,73,100,2026-04-19,15,False
ASS0009644,STU00457,MOD00050,CRS007,2,67,100,2026-04-21,42,True
ASS0009645,STU00457,MOD00050,CRS007,3,71,100,2026-04-23,46,True
ASS0009646,STU00457,MOD00052,CRS007,1,63,100,2026-01-29,49,True
ASS0009647,STU00457,MOD00052,CRS007,2,63,100,2026-01-30,45,True
ASS0009648,STU00457,MOD00053,CRS007,1,74,100,2026-03-10,36,False
ASS0009649,STU00457,MOD00053,CRS007,2,85,100,2026-03-10,17,True
ASS0009650,STU00457,MOD00053,CRS007,3,87,100,2026-03-13,30,True
ASS0009651,STU00457,MOD00055,CRS007,1,68,100,2026-02-27,30,True
ASS0009652,STU00457,MOD00056,CRS007,1,73,100,2026-02-08,35,True
ASS0009653,STU00457,MOD00056,CRS007,2,41,100,2026-02-06,33,True
ASS0009654,STU00457,MOD00056,CRS007,3,85,100,2026-02-08,60,True
ASS0009655,STU00457,MOD00009,CRS002,1,98,100,2025-08-19,54,True
ASS0009656,STU00457,MOD00011,CRS002,1,68,100,2025-11-01,40,True
ASS0009657,STU00457,MOD00011,CRS002,2,59,100,2025-10-31,44,True
ASS0009658,STU00457,MOD00012,CRS002,1,77,100,2025-09-22,33,False
ASS0009659,STU00457,MOD00013,CRS002,1,50,100,2025-11-03,22,True
ASS0009660,STU00457,MOD00014,CRS002,1,72,100,2025-09-18,25,True
ASS0009661,STU00457,MOD00015,CRS002,1,50,100,2025-09-22,30,True
ASS0009662,STU00457,MOD00015,CRS002,2,33,100,2025-09-23,11,True
ASS0009663,STU00457,MOD00015,CRS002,3,77,100,2025-09-22,15,True
ASS0009664,STU00457,MOD00016,CRS002,1,99,100,2025-10-15,46,True
ASS0009665,STU00458,MOD00027,CRS004,1,70,100,2025-05-06,25,True
ASS0009666,STU00458,MOD00027,CRS004,2,76,100,2025-05-09,35,True
ASS0009667,STU00458,MOD00027,CRS004,3,72,100,2025-05-05,24,True
ASS0009668,STU00458,MOD00030,CRS004,1,70,100,2025-05-29,15,False
ASS0009669,STU00458,MOD00031,CRS004,1,83,100,2025-06-25,10,True
ASS0009670,STU00458,MOD00008,CRS001,1,94,100,2025-09-22,31,True
ASS0009671,STU00458,MOD00073,CRS010,1,60,100,2025-08-24,10,False
ASS0009672,STU00458,MOD00073,CRS010,2,68,100,2025-08-24,29,True
ASS0009673,STU00458,MOD00073,CRS010,3,67,100,2025-08-25,45,True
ASS0009674,STU00458,MOD00075,CRS010,1,65,100,2025-08-06,44,True
ASS0009675,STU00458,MOD00078,CRS010,1,61,100,2025-08-14,39,False
ASS0009676,STU00458,MOD00079,CRS010,1,71,100,2025-06-10,54,False
ASS0009677,STU00458,MOD00079,CRS010,2,70,100,2025-06-12,31,True
ASS0009678,STU00458,MOD00080,CRS010,1,82,100,2025-05-27,28,True
ASS0009679,STU00458,MOD00009,CRS002,1,52,100,2025-12-02,43,True
ASS0009680,STU00458,MOD00009,CRS002,2,76,100,2025-12-06,15,True
ASS0009681,STU00458,MOD00009,CRS002,3,76,100,2025-12-01,48,False
ASS0009682,STU00458,MOD00010,CRS002,1,57,100,2025-12-21,43,True
ASS0009683,STU00458,MOD00011,CRS002,1,55,100,2025-11-11,50,True
ASS0009684,STU00458,MOD00011,CRS002,2,36,100,2025-11-06,54,True
ASS0009685,STU00458,MOD00011,CRS002,3,64,100,2025-11-07,29,True
ASS0009686,STU00458,MOD00012,CRS002,1,61,100,2025-12-18,19,True
ASS0009687,STU00458,MOD00012,CRS002,2,61,100,2025-12-15,16,False
ASS0009688,STU00458,MOD00012,CRS002,3,87,100,2025-12-15,10,True
ASS0009689,STU00458,MOD00013,CRS002,1,68,100,2025-11-29,43,True
ASS0009690,STU00458,MOD00015,CRS002,1,48,100,2026-01-09,16,True
ASS0009691,STU00458,MOD00015,CRS002,2,83,100,2026-01-12,37,True
ASS0009692,STU00458,MOD00017,CRS003,1,44,100,2025-07-03,50,True
ASS0009693,STU00458,MOD00017,CRS003,2,62,100,2025-07-04,48,False
ASS0009694,STU00458,MOD00019,CRS003,1,87,100,2025-05-25,35,True
ASS0009695,STU00458,MOD00021,CRS003,1,68,100,2025-06-10,15,True
ASS0009696,STU00458,MOD00021,CRS003,2,44,100,2025-06-11,13,True
ASS0009697,STU00458,MOD00021,CRS003,3,56,100,2025-06-15,51,True
ASS0009698,STU00458,MOD00022,CRS003,1,74,100,2025-06-30,23,False
ASS0009699,STU00458,MOD00023,CRS003,1,59,100,2025-07-26,41,True
ASS0009700,STU00458,MOD00023,CRS003,2,51,100,2025-07-29,56,True
ASS0009701,STU00459,MOD00145,CRS019,1,75,100,2025-11-14,34,False
ASS0009702,STU00459,MOD00146,CRS019,1,76,100,2025-11-07,30,True
ASS0009703,STU00459,MOD00146,CRS019,2,74,100,2025-11-05,23,False
ASS0009704,STU00459,MOD00146,CRS019,3,83,100,2025-11-03,36,True
ASS0009705,STU00459,MOD00147,CRS019,1,55,100,2025-08-24,14,True
ASS0009706,STU00459,MOD00147,CRS019,2,86,100,2025-08-23,31,True
ASS0009707,STU00459,MOD00149,CRS019,1,91,100,2025-11-16,22,True
ASS0009708,STU00459,MOD00150,CRS019,1,38,100,2025-09-17,48,False
ASS0009709,STU00459,MOD00150,CRS019,2,62,100,2025-09-14,14,True
ASS0009710,STU00459,MOD00152,CRS019,1,89,100,2025-10-05,27,True
ASS0009711,STU00459,MOD00152,CRS019,2,82,100,2025-10-05,26,False
ASS0009712,STU00460,MOD00081,CRS011,1,38,100,2026-01-18,24,True
ASS0009713,STU00460,MOD00081,CRS011,2,71,100,2026-01-16,36,True
ASS0009714,STU00460,MOD00081,CRS011,3,64,100,2026-01-18,50,True
ASS0009715,STU00460,MOD00083,CRS011,1,56,100,2026-04-13,27,True
ASS0009716,STU00460,MOD00083,CRS011,2,66,100,2026-04-11,20,True
ASS0009717,STU00460,MOD00083,CRS011,3,63,100,2026-04-12,50,True
ASS0009718,STU00460,MOD00054,CRS007,1,43,100,2025-12-15,60,False
ASS0009719,STU00460,MOD00054,CRS007,2,74,100,2025-12-12,20,True
ASS0009720,STU00460,MOD00054,CRS007,3,94,100,2025-12-14,26,True
ASS0009721,STU00461,MOD00115,CRS015,1,81,100,2025-08-27,35,True
ASS0009722,STU00461,MOD00116,CRS015,1,99,100,2025-08-04,58,True
ASS0009723,STU00461,MOD00118,CRS015,1,86,100,2025-09-26,32,True
ASS0009724,STU00461,MOD00118,CRS015,2,96,100,2025-09-23,50,True
ASS0009725,STU00461,MOD00025,CRS004,1,90,100,2026-03-20,30,True
ASS0009726,STU00461,MOD00026,CRS004,1,66,100,2026-01-22,57,False
ASS0009727,STU00461,MOD00026,CRS004,2,78,100,2026-01-21,29,True
ASS0009728,STU00461,MOD00030,CRS004,1,78,100,2026-02-16,25,True
ASS0009729,STU00461,MOD00030,CRS004,2,80,100,2026-02-19,45,True
ASS0009730,STU00461,MOD00065,CRS009,1,87,100,2026-02-01,40,True
ASS0009731,STU00461,MOD00065,CRS009,2,34,100,2026-02-05,13,True
ASS0009732,STU00461,MOD00065,CRS009,3,70,100,2026-02-01,26,True
ASS0009733,STU00461,MOD00066,CRS009,1,80,100,2026-02-28,58,True
ASS0009734,STU00461,MOD00072,CRS009,1,32,100,2026-01-03,39,True
ASS0009735,STU00461,MOD00072,CRS009,2,37,100,2026-01-06,15,True
ASS0009736,STU00461,MOD00072,CRS009,3,89,100,2026-01-04,19,True
ASS0009737,STU00462,MOD00137,CRS018,1,62,100,2025-09-01,19,False
ASS0009738,STU00462,MOD00137,CRS018,2,83,100,2025-08-31,13,True
ASS0009739,STU00462,MOD00140,CRS018,1,72,100,2025-08-21,35,True
ASS0009740,STU00462,MOD00140,CRS018,2,54,100,2025-08-26,58,False
ASS0009741,STU00462,MOD00140,CRS018,3,83,100,2025-08-22,53,True
ASS0009742,STU00462,MOD00142,CRS018,1,76,100,2025-09-22,33,True
ASS0009743,STU00462,MOD00143,CRS018,1,56,100,2025-08-30,56,False
ASS0009744,STU00462,MOD00143,CRS018,2,52,100,2025-08-26,10,True
ASS0009745,STU00462,MOD00143,CRS018,3,65,100,2025-08-26,23,True
ASS0009746,STU00462,MOD00144,CRS018,1,79,100,2025-10-11,45,True
ASS0009747,STU00462,MOD00144,CRS018,2,86,100,2025-10-15,51,True
ASS0009748,STU00462,MOD00144,CRS018,3,77,100,2025-10-11,36,True
ASS0009749,STU00462,MOD00132,CRS017,1,82,100,2025-09-13,29,True
ASS0009750,STU00462,MOD00132,CRS017,2,76,100,2025-09-11,50,True
ASS0009751,STU00462,MOD00027,CRS004,1,95,100,2026-03-25,41,True
ASS0009752,STU00462,MOD00031,CRS004,1,53,100,2026-02-20,52,True
ASS0009753,STU00462,MOD00053,CRS007,1,98,100,2026-02-15,44,True
ASS0009754,STU00462,MOD00089,CRS012,1,59,100,2026-06-15,24,True
ASS0009755,STU00462,MOD00089,CRS012,2,64,100,2026-06-20,47,True
ASS0009756,STU00462,MOD00089,CRS012,3,89,100,2026-06-16,57,True
ASS0009757,STU00462,MOD00090,CRS012,1,90,100,2026-05-28,31,True
ASS0009758,STU00462,MOD00090,CRS012,2,60,100,2026-05-29,29,True
ASS0009759,STU00462,MOD00090,CRS012,3,95,100,2026-05-29,49,True
ASS0009760,STU00462,MOD00091,CRS012,1,68,100,2026-04-25,31,False
ASS0009761,STU00462,MOD00092,CRS012,1,95,100,2026-05-22,44,True
ASS0009762,STU00462,MOD00093,CRS012,1,81,100,2026-05-28,29,True
ASS0009763,STU00462,MOD00094,CRS012,1,57,100,2026-04-05,13,True
ASS0009764,STU00462,MOD00094,CRS012,2,85,100,2026-04-03,18,True
ASS0009765,STU00462,MOD00094,CRS012,3,54,100,2026-04-01,42,True
ASS0009766,STU00462,MOD00095,CRS012,1,63,100,2026-06-17,13,True
ASS0009767,STU00462,MOD00095,CRS012,2,52,100,2026-06-19,11,True
ASS0009768,STU00462,MOD00095,CRS012,3,80,100,2026-06-17,44,True
ASS0009769,STU00462,MOD00096,CRS012,1,87,100,2026-05-27,33,True
ASS0009770,STU00463,MOD00017,CRS003,1,31,100,2025-10-05,58,True
ASS0009771,STU00463,MOD00017,CRS003,2,86,100,2025-10-10,44,False
ASS0009772,STU00463,MOD00017,CRS003,3,68,100,2025-10-06,56,True
ASS0009773,STU00463,MOD00018,CRS003,1,87,100,2025-10-28,23,True
ASS0009774,STU00463,MOD00018,CRS003,2,32,100,2025-11-01,37,True
ASS0009775,STU00463,MOD00018,CRS003,3,72,100,2025-11-01,43,True
ASS0009776,STU00463,MOD00019,CRS003,1,88,100,2025-10-14,30,True
ASS0009777,STU00463,MOD00019,CRS003,2,58,100,2025-10-13,10,True
ASS0009778,STU00463,MOD00019,CRS003,3,92,100,2025-10-09,38,True
ASS0009779,STU00463,MOD00020,CRS003,1,61,100,2025-12-23,17,False
ASS0009780,STU00463,MOD00020,CRS003,2,84,100,2025-12-22,45,False
ASS0009781,STU00463,MOD00023,CRS003,1,52,100,2025-12-01,38,True
ASS0009782,STU00463,MOD00024,CRS003,1,36,100,2025-12-14,10,True
ASS0009783,STU00463,MOD00024,CRS003,2,56,100,2025-12-11,47,True
ASS0009784,STU00463,MOD00073,CRS010,1,39,100,2025-09-15,56,True
ASS0009785,STU00463,MOD00073,CRS010,2,63,100,2025-09-11,21,True
ASS0009786,STU00463,MOD00076,CRS010,1,87,100,2025-08-13,35,True
ASS0009787,STU00463,MOD00076,CRS010,2,35,100,2025-08-11,18,True
ASS0009788,STU00463,MOD00076,CRS010,3,66,100,2025-08-12,19,True
ASS0009789,STU00463,MOD00079,CRS010,1,88,100,2025-09-06,50,True
ASS0009790,STU00463,MOD00079,CRS010,2,59,100,2025-09-03,54,True
ASS0009791,STU00463,MOD00080,CRS010,1,30,100,2025-08-06,28,True
ASS0009792,STU00463,MOD00080,CRS010,2,63,100,2025-08-08,44,True
ASS0009793,STU00464,MOD00033,CRS005,1,40,100,2026-01-22,38,True
ASS0009794,STU00464,MOD00033,CRS005,2,88,100,2026-01-20,50,True
ASS0009795,STU00464,MOD00034,CRS005,1,36,100,2026-01-10,39,True
ASS0009796,STU00464,MOD00034,CRS005,2,71,100,2026-01-11,16,True
ASS0009797,STU00464,MOD00002,CRS001,1,84,100,2025-12-27,43,True
ASS0009798,STU00464,MOD00002,CRS001,2,43,100,2025-12-27,18,True
ASS0009799,STU00464,MOD00002,CRS001,3,98,100,2025-12-28,49,True
ASS0009800,STU00464,MOD00004,CRS001,1,60,100,2026-02-28,54,True
ASS0009801,STU00464,MOD00005,CRS001,1,81,100,2026-01-19,43,True
ASS0009802,STU00464,MOD00005,CRS001,2,84,100,2026-01-19,48,True
ASS0009803,STU00464,MOD00006,CRS001,1,83,100,2025-12-11,29,True
ASS0009804,STU00464,MOD00121,CRS016,1,61,100,2025-12-18,13,True
ASS0009805,STU00464,MOD00121,CRS016,2,50,100,2025-12-15,34,False
ASS0009806,STU00464,MOD00125,CRS016,1,43,100,2025-11-23,59,True
ASS0009807,STU00464,MOD00125,CRS016,2,93,100,2025-11-20,25,False
ASS0009808,STU00464,MOD00128,CRS016,1,84,100,2026-01-27,25,True
ASS0009809,STU00465,MOD00041,CRS006,1,85,100,2025-12-13,17,False
ASS0009810,STU00465,MOD00041,CRS006,2,86,100,2025-12-11,10,True
ASS0009811,STU00465,MOD00041,CRS006,3,61,100,2025-12-11,53,True
ASS0009812,STU00465,MOD00146,CRS019,1,56,100,2025-09-28,15,True
ASS0009813,STU00465,MOD00146,CRS019,2,36,100,2025-10-01,15,True
ASS0009814,STU00465,MOD00146,CRS019,3,63,100,2025-10-01,31,True
ASS0009815,STU00465,MOD00152,CRS019,1,60,100,2025-08-21,43,True
ASS0009816,STU00465,MOD00152,CRS019,2,55,100,2025-08-23,32,True
ASS0009817,STU00465,MOD00113,CRS015,1,59,100,2026-02-13,40,True
ASS0009818,STU00465,MOD00113,CRS015,2,52,100,2026-02-13,45,True
ASS0009819,STU00465,MOD00113,CRS015,3,83,100,2026-02-10,51,True
ASS0009820,STU00465,MOD00114,CRS015,1,54,100,2026-04-12,59,False
ASS0009821,STU00465,MOD00114,CRS015,2,74,100,2026-04-14,29,True
ASS0009822,STU00465,MOD00116,CRS015,1,59,100,2026-04-08,45,True
ASS0009823,STU00465,MOD00116,CRS015,2,65,100,2026-04-11,15,True
ASS0009824,STU00465,MOD00117,CRS015,1,86,100,2026-02-11,32,True
ASS0009825,STU00465,MOD00120,CRS015,1,45,100,2026-04-09,51,True
ASS0009826,STU00465,MOD00120,CRS015,2,68,100,2026-04-07,22,True
ASS0009827,STU00465,MOD00089,CRS012,1,81,100,2026-02-13,52,True
ASS0009828,STU00465,MOD00091,CRS012,1,63,100,2026-02-24,26,True
ASS0009829,STU00465,MOD00092,CRS012,1,56,100,2026-01-24,19,True
ASS0009830,STU00465,MOD00092,CRS012,2,35,100,2026-01-24,52,False
ASS0009831,STU00465,MOD00092,CRS012,3,83,100,2026-01-27,53,True
ASS0009832,STU00465,MOD00093,CRS012,1,70,100,2026-02-13,57,True
ASS0009833,STU00465,MOD00093,CRS012,2,52,100,2026-02-14,52,True
ASS0009834,STU00465,MOD00096,CRS012,1,66,100,2026-01-27,31,True
ASS0009835,STU00466,MOD00021,CRS003,1,33,100,2025-07-15,50,True
ASS0009836,STU00466,MOD00021,CRS003,2,49,100,2025-07-14,17,True
ASS0009837,STU00466,MOD00021,CRS003,3,57,100,2025-07-16,29,True
ASS0009838,STU00466,MOD00022,CRS003,1,56,100,2025-06-26,51,True
ASS0009839,STU00466,MOD00024,CRS003,1,73,100,2025-05-20,53,True
ASS0009840,STU00466,MOD00024,CRS003,2,68,100,2025-05-18,58,True
ASS0009841,STU00466,MOD00024,CRS003,3,65,100,2025-05-20,45,True
ASS0009842,STU00466,MOD00115,CRS015,1,87,100,2026-03-20,14,True
ASS0009843,STU00466,MOD00115,CRS015,2,96,100,2026-03-22,30,False
ASS0009844,STU00466,MOD00119,CRS015,1,47,100,2026-02-26,60,True
ASS0009845,STU00466,MOD00119,CRS015,2,84,100,2026-02-26,45,True
ASS0009846,STU00466,MOD00120,CRS015,1,76,100,2026-01-25,22,True
ASS0009847,STU00466,MOD00120,CRS015,2,79,100,2026-01-24,20,False
ASS0009848,STU00466,MOD00034,CRS005,1,79,100,2026-06-05,11,True
ASS0009849,STU00466,MOD00034,CRS005,2,66,100,2026-06-05,60,True
ASS0009850,STU00466,MOD00034,CRS005,3,81,100,2026-06-08,45,True
ASS0009851,STU00466,MOD00037,CRS005,1,77,100,2026-05-07,29,True
ASS0009852,STU00466,MOD00037,CRS005,2,52,100,2026-05-08,56,True
ASS0009853,STU00466,MOD00039,CRS005,1,82,100,2026-03-16,45,True
ASS0009854,STU00466,MOD00039,CRS005,2,37,100,2026-03-20,46,True
ASS0009855,STU00466,MOD00039,CRS005,3,91,100,2026-03-16,31,False
ASS0009856,STU00466,MOD00153,CRS020,1,30,100,2025-09-04,41,True
ASS0009857,STU00466,MOD00153,CRS020,2,37,100,2025-09-02,37,True
ASS0009858,STU00466,MOD00153,CRS020,3,80,100,2025-09-05,10,True
ASS0009859,STU00466,MOD00154,CRS020,1,77,100,2025-07-26,34,True
ASS0009860,STU00466,MOD00154,CRS020,2,74,100,2025-07-30,24,True
ASS0009861,STU00466,MOD00155,CRS020,1,41,100,2025-07-16,15,True
ASS0009862,STU00466,MOD00155,CRS020,2,35,100,2025-07-17,28,True
ASS0009863,STU00466,MOD00155,CRS020,3,52,100,2025-07-18,39,True
ASS0009864,STU00466,MOD00156,CRS020,1,72,100,2025-09-03,39,False
ASS0009865,STU00466,MOD00156,CRS020,2,43,100,2025-09-03,54,True
ASS0009866,STU00466,MOD00156,CRS020,3,66,100,2025-09-08,18,True
ASS0009867,STU00466,MOD00159,CRS020,1,87,100,2025-07-06,17,True
ASS0009868,STU00466,MOD00159,CRS020,2,67,100,2025-07-06,11,True
ASS0009869,STU00466,MOD00159,CRS020,3,57,100,2025-07-03,55,True
ASS0009870,STU00466,MOD00145,CRS019,1,65,100,2026-02-23,54,True
ASS0009871,STU00466,MOD00145,CRS019,2,62,100,2026-02-22,40,True
ASS0009872,STU00466,MOD00146,CRS019,1,80,100,2026-04-06,30,False
ASS0009873,STU00466,MOD00146,CRS019,2,58,100,2026-04-05,23,True
ASS0009874,STU00466,MOD00146,CRS019,3,91,100,2026-04-07,59,True
ASS0009875,STU00466,MOD00147,CRS019,1,73,100,2026-03-20,53,True
ASS0009876,STU00466,MOD00149,CRS019,1,73,100,2026-03-20,10,True
ASS0009877,STU00466,MOD00149,CRS019,2,98,100,2026-03-20,31,True
ASS0009878,STU00466,MOD00151,CRS019,1,90,100,2026-04-12,24,True
ASS0009879,STU00466,MOD00152,CRS019,1,90,100,2026-01-24,50,True
ASS0009880,STU00466,MOD00152,CRS019,2,54,100,2026-01-25,39,True
ASS0009881,STU00467,MOD00038,CRS005,1,71,100,2026-01-18,21,True
ASS0009882,STU00467,MOD00038,CRS005,2,73,100,2026-01-20,10,True
ASS0009883,STU00467,MOD00038,CRS005,3,50,100,2026-01-17,60,True
ASS0009884,STU00467,MOD00072,CRS009,1,65,100,2026-01-02,49,True
ASS0009885,STU00467,MOD00072,CRS009,2,31,100,2025-12-29,22,True
ASS0009886,STU00467,MOD00072,CRS009,3,60,100,2025-12-29,37,True
ASS0009887,STU00468,MOD00082,CRS011,1,50,100,2026-03-08,24,True
ASS0009888,STU00468,MOD00082,CRS011,2,100,100,2026-03-11,42,True
ASS0009889,STU00468,MOD00084,CRS011,1,88,100,2026-05-11,41,False
ASS0009890,STU00468,MOD00084,CRS011,2,87,100,2026-05-10,18,False
ASS0009891,STU00468,MOD00084,CRS011,3,54,100,2026-05-14,50,True
ASS0009892,STU00468,MOD00115,CRS015,1,81,100,2026-03-02,59,True
ASS0009893,STU00468,MOD00115,CRS015,2,69,100,2026-03-05,57,True
ASS0009894,STU00468,MOD00117,CRS015,1,92,100,2026-01-30,34,True
ASS0009895,STU00468,MOD00121,CRS016,1,72,100,2025-11-28,31,True
ASS0009896,STU00468,MOD00121,CRS016,2,49,100,2025-11-26,23,True
ASS0009897,STU00468,MOD00121,CRS016,3,96,100,2025-11-30,40,True
ASS0009898,STU00468,MOD00122,CRS016,1,63,100,2026-01-12,47,False
ASS0009899,STU00468,MOD00125,CRS016,1,48,100,2025-11-20,32,True
ASS0009900,STU00468,MOD00125,CRS016,2,74,100,2025-11-24,19,True
ASS0009901,STU00468,MOD00125,CRS016,3,87,100,2025-11-22,26,True
ASS0009902,STU00468,MOD00126,CRS016,1,46,100,2025-11-19,35,False
ASS0009903,STU00468,MOD00126,CRS016,2,67,100,2025-11-19,16,False
ASS0009904,STU00468,MOD00126,CRS016,3,98,100,2025-11-17,38,False
ASS0009905,STU00468,MOD00127,CRS016,1,45,100,2025-12-23,35,False
ASS0009906,STU00468,MOD00127,CRS016,2,88,100,2025-12-23,22,True
ASS0009907,STU00468,MOD00127,CRS016,3,87,100,2025-12-26,14,True
ASS0009908,STU00468,MOD00128,CRS016,1,76,100,2026-02-04,55,True
ASS0009909,STU00468,MOD00128,CRS016,2,96,100,2026-02-04,55,True
ASS0009910,STU00469,MOD00042,CRS006,1,34,100,2025-09-10,33,True
ASS0009911,STU00469,MOD00042,CRS006,2,80,100,2025-09-12,42,True
ASS0009912,STU00469,MOD00044,CRS006,1,57,100,2025-08-28,55,False
ASS0009913,STU00469,MOD00044,CRS006,2,50,100,2025-08-29,14,False
ASS0009914,STU00469,MOD00044,CRS006,3,74,100,2025-08-31,17,True
ASS0009915,STU00469,MOD00045,CRS006,1,87,100,2025-10-06,36,True
ASS0009916,STU00469,MOD00045,CRS006,2,57,100,2025-10-04,19,True
ASS0009917,STU00469,MOD00045,CRS006,3,64,100,2025-10-04,24,True
ASS0009918,STU00469,MOD00046,CRS006,1,54,100,2025-08-13,29,True
ASS0009919,STU00469,MOD00048,CRS006,1,60,100,2025-10-06,41,True
ASS0009920,STU00469,MOD00048,CRS006,2,76,100,2025-10-08,38,True
ASS0009921,STU00469,MOD00048,CRS006,3,84,100,2025-10-05,47,False
ASS0009922,STU00469,MOD00073,CRS010,1,92,100,2025-07-27,29,True
ASS0009923,STU00469,MOD00077,CRS010,1,43,100,2025-07-11,27,True
ASS0009924,STU00469,MOD00077,CRS010,2,53,100,2025-07-15,33,True
ASS0009925,STU00469,MOD00077,CRS010,3,88,100,2025-07-12,48,True
ASS0009926,STU00469,MOD00079,CRS010,1,87,100,2025-08-01,23,False
ASS0009927,STU00469,MOD00079,CRS010,2,40,100,2025-07-27,14,True
ASS0009928,STU00469,MOD00079,CRS010,3,68,100,2025-07-28,33,True
ASS0009929,STU00469,MOD00080,CRS010,1,93,100,2025-09-03,47,True
ASS0009930,STU00469,MOD00089,CRS012,1,62,100,2026-03-01,31,True
ASS0009931,STU00469,MOD00091,CRS012,1,36,100,2026-01-31,27,True
ASS0009932,STU00469,MOD00091,CRS012,2,83,100,2026-01-28,10,True
ASS0009933,STU00469,MOD00092,CRS012,1,70,100,2026-01-09,47,True
ASS0009934,STU00469,MOD00093,CRS012,1,77,100,2026-01-16,38,True
ASS0009935,STU00469,MOD00093,CRS012,2,63,100,2026-01-16,58,True
ASS0009936,STU00469,MOD00093,CRS012,3,53,100,2026-01-15,54,True
ASS0009937,STU00469,MOD00095,CRS012,1,52,100,2026-01-12,28,True
ASS0009938,STU00469,MOD00095,CRS012,2,91,100,2026-01-07,25,True
ASS0009939,STU00469,MOD00096,CRS012,1,94,100,2026-01-07,21,True
ASS0009940,STU00469,MOD00037,CRS005,1,76,100,2025-09-19,44,False
ASS0009941,STU00469,MOD00038,CRS005,1,54,100,2025-08-17,22,True
ASS0009942,STU00469,MOD00038,CRS005,2,35,100,2025-08-18,20,True
ASS0009943,STU00469,MOD00038,CRS005,3,81,100,2025-08-20,38,True
ASS0009944,STU00469,MOD00040,CRS005,1,59,100,2025-08-18,37,True
ASS0009945,STU00469,MOD00040,CRS005,2,60,100,2025-08-15,58,False
ASS0009946,STU00470,MOD00019,CRS003,1,71,100,2026-02-23,54,True
ASS0009947,STU00470,MOD00020,CRS003,1,86,100,2026-03-27,27,True
ASS0009948,STU00470,MOD00021,CRS003,1,61,100,2026-03-15,47,True
ASS0009949,STU00470,MOD00021,CRS003,2,81,100,2026-03-17,13,False
ASS0009950,STU00470,MOD00021,CRS003,3,66,100,2026-03-16,49,True
ASS0009951,STU00470,MOD00022,CRS003,1,76,100,2026-02-14,33,True
ASS0009952,STU00470,MOD00023,CRS003,1,90,100,2026-03-09,41,True
ASS0009953,STU00470,MOD00023,CRS003,2,37,100,2026-03-08,34,True
ASS0009954,STU00470,MOD00023,CRS003,3,85,100,2026-03-12,46,True
ASS0009955,STU00470,MOD00024,CRS003,1,69,100,2026-03-23,57,True
ASS0009956,STU00470,MOD00024,CRS003,2,80,100,2026-03-28,46,False
ASS0009957,STU00470,MOD00024,CRS003,3,84,100,2026-03-28,10,True
ASS0009958,STU00470,MOD00073,CRS010,1,85,100,2025-09-11,41,True
ASS0009959,STU00470,MOD00073,CRS010,2,75,100,2025-09-06,44,False
ASS0009960,STU00470,MOD00075,CRS010,1,72,100,2025-08-16,30,True
ASS0009961,STU00470,MOD00076,CRS010,1,54,100,2025-10-15,11,True
ASS0009962,STU00470,MOD00076,CRS010,2,40,100,2025-10-16,24,True
ASS0009963,STU00470,MOD00076,CRS010,3,80,100,2025-10-19,27,True
ASS0009964,STU00470,MOD00077,CRS010,1,96,100,2025-09-27,52,True
ASS0009965,STU00470,MOD00078,CRS010,1,45,100,2025-08-31,53,True
ASS0009966,STU00470,MOD00078,CRS010,2,78,100,2025-08-28,21,True
ASS0009967,STU00470,MOD00137,CRS018,1,56,100,2025-08-20,24,True
ASS0009968,STU00470,MOD00138,CRS018,1,81,100,2025-08-01,27,False
ASS0009969,STU00470,MOD00138,CRS018,2,99,100,2025-08-02,11,True
ASS0009970,STU00470,MOD00139,CRS018,1,60,100,2025-08-07,14,True
ASS0009971,STU00470,MOD00139,CRS018,2,53,100,2025-08-07,36,True
ASS0009972,STU00470,MOD00139,CRS018,3,85,100,2025-08-07,28,True
ASS0009973,STU00470,MOD00140,CRS018,1,50,100,2025-08-21,31,True
ASS0009974,STU00470,MOD00140,CRS018,2,50,100,2025-08-23,34,True
ASS0009975,STU00470,MOD00140,CRS018,3,77,100,2025-08-21,35,True
ASS0009976,STU00470,MOD00143,CRS018,1,34,100,2025-08-07,32,True
ASS0009977,STU00470,MOD00143,CRS018,2,30,100,2025-08-05,49,False
ASS0009978,STU00470,MOD00143,CRS018,3,89,100,2025-08-09,39,True
ASS0009979,STU00470,MOD00144,CRS018,1,78,100,2025-07-25,32,True
ASS0009980,STU00470,MOD00144,CRS018,2,34,100,2025-07-24,27,True
ASS0009981,STU00470,MOD00144,CRS018,3,63,100,2025-07-23,45,True
ASS0009982,STU00470,MOD00113,CRS015,1,98,100,2026-03-22,54,False
ASS0009983,STU00470,MOD00115,CRS015,1,75,100,2026-04-07,60,False
ASS0009984,STU00470,MOD00115,CRS015,2,87,100,2026-04-05,35,True
ASS0009985,STU00470,MOD00116,CRS015,1,93,100,2026-03-04,46,True
ASS0009986,STU00470,MOD00118,CRS015,1,75,100,2026-04-05,24,False
ASS0009987,STU00470,MOD00118,CRS015,2,91,100,2026-04-06,15,True
ASS0009988,STU00470,MOD00097,CRS013,1,63,100,2026-04-15,15,True
ASS0009989,STU00470,MOD00097,CRS013,2,35,100,2026-04-12,35,True
ASS0009990,STU00470,MOD00097,CRS013,3,56,100,2026-04-14,33,True
ASS0009991,STU00470,MOD00101,CRS013,1,87,100,2026-03-01,15,True
ASS0009992,STU00470,MOD00101,CRS013,2,63,100,2026-02-27,57,True
ASS0009993,STU00470,MOD00102,CRS013,1,94,100,2026-03-24,47,True
ASS0009994,STU00470,MOD00103,CRS013,1,41,100,2026-04-22,50,True
ASS0009995,STU00470,MOD00103,CRS013,2,89,100,2026-04-19,34,True
ASS0009996,STU00470,MOD00103,CRS013,3,53,100,2026-04-21,48,True
ASS0009997,STU00470,MOD00104,CRS013,1,79,100,2026-03-20,18,True
ASS0009998,STU00471,MOD00081,CRS011,1,70,100,2025-09-29,60,False
ASS0009999,STU00471,MOD00081,CRS011,2,48,100,2025-09-26,56,False
ASS0010000,STU00471,MOD00081,CRS011,3,56,100,2025-09-29,31,True
ASS0010001,STU00471,MOD00082,CRS011,1,63,100,2025-10-14,37,True
ASS0010002,STU00471,MOD00082,CRS011,2,87,100,2025-10-09,35,True
ASS0010003,STU00471,MOD00084,CRS011,1,52,100,2025-09-15,12,True
ASS0010004,STU00471,MOD00084,CRS011,2,75,100,2025-09-15,12,True
ASS0010005,STU00471,MOD00085,CRS011,1,57,100,2025-09-05,60,True
ASS0010006,STU00471,MOD00085,CRS011,2,58,100,2025-09-09,38,False
ASS0010007,STU00471,MOD00088,CRS011,1,92,100,2025-09-14,16,True
ASS0010008,STU00472,MOD00108,CRS014,1,80,100,2026-04-11,46,True
ASS0010009,STU00472,MOD00108,CRS014,2,59,100,2026-04-10,59,True
ASS0010010,STU00472,MOD00108,CRS014,3,78,100,2026-04-11,35,True
ASS0010011,STU00472,MOD00109,CRS014,1,82,100,2026-02-23,11,True
ASS0010012,STU00472,MOD00110,CRS014,1,90,100,2026-04-14,25,True
ASS0010013,STU00472,MOD00111,CRS014,1,32,100,2026-03-22,10,True
ASS0010014,STU00472,MOD00111,CRS014,2,96,100,2026-03-20,18,True
ASS0010015,STU00472,MOD00156,CRS020,1,65,100,2026-03-25,55,True
ASS0010016,STU00472,MOD00156,CRS020,2,53,100,2026-03-28,27,False
ASS0010017,STU00472,MOD00158,CRS020,1,79,100,2026-03-05,52,True
ASS0010018,STU00472,MOD00158,CRS020,2,90,100,2026-03-05,41,True
ASS0010019,STU00472,MOD00158,CRS020,3,98,100,2026-03-06,13,True
ASS0010020,STU00472,MOD00086,CRS011,1,85,100,2026-04-16,16,True
ASS0010021,STU00472,MOD00057,CRS008,1,62,100,2026-05-20,36,True
ASS0010022,STU00472,MOD00057,CRS008,2,33,100,2026-05-23,23,True
ASS0010023,STU00472,MOD00057,CRS008,3,78,100,2026-05-21,42,True
ASS0010024,STU00472,MOD00059,CRS008,1,92,100,2026-03-28,43,False
ASS0010025,STU00472,MOD00061,CRS008,1,34,100,2026-03-06,44,True
ASS0010026,STU00472,MOD00061,CRS008,2,85,100,2026-03-05,34,True
ASS0010027,STU00472,MOD00062,CRS008,1,39,100,2026-04-15,33,True
ASS0010028,STU00472,MOD00062,CRS008,2,72,100,2026-04-15,56,True
ASS0010029,STU00472,MOD00064,CRS008,1,32,100,2026-05-09,45,True
ASS0010030,STU00472,MOD00064,CRS008,2,40,100,2026-05-11,46,True
ASS0010031,STU00472,MOD00064,CRS008,3,66,100,2026-05-10,55,True
ASS0010032,STU00472,MOD00044,CRS006,1,33,100,2026-03-22,55,True
ASS0010033,STU00472,MOD00044,CRS006,2,63,100,2026-03-24,23,True
ASS0010034,STU00472,MOD00044,CRS006,3,50,100,2026-03-25,39,False
ASS0010035,STU00472,MOD00045,CRS006,1,69,100,2026-03-27,43,True
ASS0010036,STU00472,MOD00045,CRS006,2,79,100,2026-03-30,56,True
ASS0010037,STU00472,MOD00046,CRS006,1,86,100,2026-03-09,35,True
ASS0010038,STU00472,MOD00046,CRS006,2,48,100,2026-03-10,14,True
ASS0010039,STU00472,MOD00046,CRS006,3,61,100,2026-03-11,45,True
ASS0010040,STU00472,MOD00048,CRS006,1,73,100,2026-03-07,13,True
ASS0010041,STU00473,MOD00157,CRS020,1,87,100,2026-03-31,18,True
ASS0010042,STU00473,MOD00160,CRS020,1,99,100,2026-05-13,57,True
ASS0010043,STU00473,MOD00083,CRS011,1,35,100,2025-10-20,39,True
ASS0010044,STU00473,MOD00083,CRS011,2,71,100,2025-10-22,57,True
ASS0010045,STU00473,MOD00083,CRS011,3,78,100,2025-10-19,34,True
ASS0010046,STU00473,MOD00085,CRS011,1,79,100,2025-12-29,14,False
ASS0010047,STU00473,MOD00085,CRS011,2,53,100,2025-12-31,18,True
ASS0010048,STU00473,MOD00086,CRS011,1,95,100,2025-10-22,27,True
ASS0010049,STU00473,MOD00025,CRS004,1,53,100,2025-10-14,41,True
ASS0010050,STU00473,MOD00026,CRS004,1,54,100,2025-11-06,42,True
ASS0010051,STU00473,MOD00027,CRS004,1,61,100,2026-01-03,57,True
ASS0010052,STU00473,MOD00027,CRS004,2,69,100,2026-01-03,31,True
ASS0010053,STU00473,MOD00027,CRS004,3,81,100,2025-12-31,49,True
ASS0010054,STU00473,MOD00028,CRS004,1,64,100,2025-11-19,14,True
ASS0010055,STU00473,MOD00028,CRS004,2,85,100,2025-11-18,32,False
ASS0010056,STU00473,MOD00028,CRS004,3,84,100,2025-11-19,29,True
ASS0010057,STU00473,MOD00030,CRS004,1,88,100,2025-12-16,34,True
ASS0010058,STU00473,MOD00030,CRS004,2,94,100,2025-12-12,41,True
ASS0010059,STU00473,MOD00032,CRS004,1,64,100,2025-12-29,40,True
ASS0010060,STU00473,MOD00032,CRS004,2,86,100,2026-01-02,23,False
ASS0010061,STU00474,MOD00083,CRS011,1,44,100,2026-01-12,43,True
ASS0010062,STU00474,MOD00083,CRS011,2,65,100,2026-01-17,47,True
ASS0010063,STU00474,MOD00083,CRS011,3,50,100,2026-01-17,10,False
ASS0010064,STU00474,MOD00087,CRS011,1,74,100,2025-12-26,46,True
ASS0010065,STU00474,MOD00087,CRS011,2,94,100,2025-12-28,48,True
ASS0010066,STU00474,MOD00128,CRS016,1,52,100,2026-04-07,15,True
ASS0010067,STU00474,MOD00128,CRS016,2,62,100,2026-04-05,23,True
ASS0010068,STU00474,MOD00128,CRS016,3,52,100,2026-04-05,45,True
ASS0010069,STU00474,MOD00010,CRS002,1,45,100,2025-09-04,58,True
ASS0010070,STU00474,MOD00010,CRS002,2,67,100,2025-09-05,30,True
ASS0010071,STU00474,MOD00010,CRS002,3,64,100,2025-09-04,36,True
ASS0010072,STU00474,MOD00011,CRS002,1,75,100,2025-08-05,22,True
ASS0010073,STU00474,MOD00011,CRS002,2,94,100,2025-08-04,14,True
ASS0010074,STU00474,MOD00012,CRS002,1,74,100,2025-06-26,47,True
ASS0010075,STU00474,MOD00012,CRS002,2,64,100,2025-06-27,54,False
ASS0010076,STU00474,MOD00015,CRS002,1,83,100,2025-08-24,18,True
ASS0010077,STU00474,MOD00017,CRS003,1,97,100,2025-08-26,39,True
ASS0010078,STU00474,MOD00019,CRS003,1,89,100,2025-06-05,48,True
ASS0010079,STU00474,MOD00019,CRS003,2,73,100,2025-06-01,14,True
ASS0010080,STU00474,MOD00019,CRS003,3,69,100,2025-06-02,38,True
ASS0010081,STU00474,MOD00021,CRS003,1,77,100,2025-06-27,29,True
ASS0010082,STU00474,MOD00021,CRS003,2,54,100,2025-06-27,52,True
ASS0010083,STU00474,MOD00021,CRS003,3,59,100,2025-06-29,57,True
ASS0010084,STU00474,MOD00022,CRS003,1,74,100,2025-06-05,28,True
ASS0010085,STU00474,MOD00023,CRS003,1,83,100,2025-08-08,49,False
ASS0010086,STU00474,MOD00023,CRS003,2,52,100,2025-08-03,19,True
ASS0010087,STU00474,MOD00023,CRS003,3,91,100,2025-08-07,43,False
ASS0010088,STU00474,MOD00024,CRS003,1,87,100,2025-06-18,60,False
ASS0010089,STU00475,MOD00033,CRS005,1,65,100,2026-03-12,59,False
ASS0010090,STU00475,MOD00033,CRS005,2,39,100,2026-03-14,51,True
ASS0010091,STU00475,MOD00033,CRS005,3,73,100,2026-03-15,25,True
ASS0010092,STU00475,MOD00035,CRS005,1,82,100,2026-01-28,38,True
ASS0010093,STU00475,MOD00035,CRS005,2,72,100,2026-01-30,19,True
ASS0010094,STU00475,MOD00035,CRS005,3,69,100,2026-01-26,40,True
ASS0010095,STU00475,MOD00036,CRS005,1,61,100,2026-01-29,60,True
ASS0010096,STU00475,MOD00036,CRS005,2,57,100,2026-01-30,32,True
ASS0010097,STU00475,MOD00036,CRS005,3,70,100,2026-02-01,57,False
ASS0010098,STU00475,MOD00038,CRS005,1,74,100,2026-02-20,43,True
ASS0010099,STU00475,MOD00038,CRS005,2,65,100,2026-02-21,29,True
ASS0010100,STU00475,MOD00039,CRS005,1,91,100,2026-03-25,19,True
ASS0010101,STU00475,MOD00040,CRS005,1,46,100,2026-01-28,20,True
ASS0010102,STU00475,MOD00040,CRS005,2,52,100,2026-01-29,49,True
ASS0010103,STU00476,MOD00138,CRS018,1,32,100,2025-12-03,25,True
ASS0010104,STU00476,MOD00138,CRS018,2,76,100,2025-12-04,16,True
ASS0010105,STU00476,MOD00138,CRS018,3,100,100,2025-12-01,33,True
ASS0010106,STU00476,MOD00143,CRS018,1,100,100,2025-10-27,44,True
ASS0010107,STU00476,MOD00144,CRS018,1,57,100,2025-12-06,20,True
ASS0010108,STU00476,MOD00144,CRS018,2,80,100,2025-12-06,46,True
ASS0010109,STU00476,MOD00144,CRS018,3,100,100,2025-12-09,44,True
ASS0010110,STU00476,MOD00077,CRS010,1,84,100,2025-11-03,51,True
ASS0010111,STU00476,MOD00078,CRS010,1,55,100,2025-12-02,48,True
ASS0010112,STU00476,MOD00102,CRS013,1,74,100,2026-04-15,58,True
ASS0010113,STU00476,MOD00102,CRS013,2,71,100,2026-04-17,35,True
ASS0010114,STU00476,MOD00113,CRS015,1,31,100,2025-11-02,59,True
ASS0010115,STU00476,MOD00113,CRS015,2,68,100,2025-11-01,13,False
ASS0010116,STU00476,MOD00114,CRS015,1,98,100,2025-10-19,22,True
ASS0010117,STU00476,MOD00115,CRS015,1,70,100,2025-09-30,27,True
ASS0010118,STU00476,MOD00118,CRS015,1,30,100,2025-10-25,40,True
ASS0010119,STU00476,MOD00118,CRS015,2,90,100,2025-10-26,41,True
ASS0010120,STU00476,MOD00118,CRS015,3,83,100,2025-10-23,45,True
ASS0010121,STU00477,MOD00105,CRS014,1,34,100,2025-08-13,32,True
ASS0010122,STU00477,MOD00105,CRS014,2,53,100,2025-08-16,35,True
ASS0010123,STU00477,MOD00106,CRS014,1,78,100,2025-07-12,45,True
ASS0010124,STU00477,MOD00106,CRS014,2,90,100,2025-07-08,13,True
ASS0010125,STU00477,MOD00106,CRS014,3,66,100,2025-07-09,31,True
ASS0010126,STU00477,MOD00108,CRS014,1,62,100,2025-06-29,39,True
ASS0010127,STU00477,MOD00108,CRS014,2,53,100,2025-06-30,28,False
ASS0010128,STU00477,MOD00108,CRS014,3,60,100,2025-06-27,44,True
ASS0010129,STU00477,MOD00111,CRS014,1,40,100,2025-07-20,41,True
ASS0010130,STU00477,MOD00111,CRS014,2,41,100,2025-07-17,50,True
ASS0010131,STU00477,MOD00111,CRS014,3,51,100,2025-07-17,44,False
ASS0010132,STU00477,MOD00112,CRS014,1,40,100,2025-07-03,33,True
ASS0010133,STU00477,MOD00112,CRS014,2,72,100,2025-07-05,33,True
ASS0010134,STU00477,MOD00089,CRS012,1,44,100,2025-09-13,29,True
ASS0010135,STU00477,MOD00089,CRS012,2,51,100,2025-09-13,34,True
ASS0010136,STU00477,MOD00089,CRS012,3,99,100,2025-09-16,38,True
ASS0010137,STU00477,MOD00093,CRS012,1,94,100,2025-09-18,53,False
ASS0010138,STU00477,MOD00095,CRS012,1,56,100,2025-08-31,46,True
ASS0010139,STU00477,MOD00096,CRS012,1,56,100,2025-10-30,40,True
ASS0010140,STU00477,MOD00018,CRS003,1,46,100,2026-03-22,48,True
ASS0010141,STU00477,MOD00018,CRS003,2,77,100,2026-03-26,50,True
ASS0010142,STU00477,MOD00019,CRS003,1,52,100,2026-03-08,16,True
ASS0010143,STU00477,MOD00020,CRS003,1,79,100,2026-05-23,18,True
ASS0010144,STU00477,MOD00020,CRS003,2,84,100,2026-05-21,48,True
ASS0010145,STU00477,MOD00023,CRS003,1,47,100,2026-04-12,38,True
ASS0010146,STU00477,MOD00023,CRS003,2,64,100,2026-04-15,23,True
ASS0010147,STU00477,MOD00023,CRS003,3,67,100,2026-04-17,18,True
ASS0010148,STU00477,MOD00024,CRS003,1,71,100,2026-03-12,11,True
ASS0010149,STU00477,MOD00024,CRS003,2,90,100,2026-03-15,57,True
ASS0010150,STU00478,MOD00073,CRS010,1,88,100,2025-12-19,20,True
ASS0010151,STU00478,MOD00075,CRS010,1,36,100,2025-12-26,45,True
ASS0010152,STU00478,MOD00075,CRS010,2,71,100,2025-12-23,51,True
ASS0010153,STU00478,MOD00077,CRS010,1,63,100,2025-12-02,26,True
ASS0010154,STU00478,MOD00010,CRS002,1,71,100,2026-02-23,54,True
ASS0010155,STU00478,MOD00010,CRS002,2,40,100,2026-02-21,35,True
ASS0010156,STU00478,MOD00010,CRS002,3,77,100,2026-02-22,40,False
ASS0010157,STU00478,MOD00011,CRS002,1,87,100,2026-02-28,49,True
ASS0010158,STU00478,MOD00012,CRS002,1,81,100,2026-03-09,20,True
ASS0010159,STU00478,MOD00012,CRS002,2,87,100,2026-03-07,34,True
ASS0010160,STU00479,MOD00001,CRS001,1,64,100,2026-02-11,14,True
ASS0010161,STU00479,MOD00001,CRS001,2,86,100,2026-02-16,17,False
ASS0010162,STU00479,MOD00001,CRS001,3,99,100,2026-02-15,47,False
ASS0010163,STU00479,MOD00004,CRS001,1,58,100,2025-12-04,19,True
ASS0010164,STU00479,MOD00004,CRS001,2,69,100,2025-12-04,17,False
ASS0010165,STU00479,MOD00004,CRS001,3,99,100,2025-12-06,38,True
ASS0010166,STU00479,MOD00005,CRS001,1,63,100,2025-12-29,51,True
ASS0010167,STU00479,MOD00006,CRS001,1,31,100,2026-01-22,43,False
ASS0010168,STU00479,MOD00006,CRS001,2,86,100,2026-01-23,17,True
ASS0010169,STU00479,MOD00007,CRS001,1,81,100,2026-01-27,43,True
ASS0010170,STU00479,MOD00008,CRS001,1,83,100,2026-02-19,24,True
ASS0010171,STU00480,MOD00025,CRS004,1,54,100,2025-12-20,55,True
ASS0010172,STU00480,MOD00029,CRS004,1,68,100,2025-12-04,16,True
ASS0010173,STU00480,MOD00029,CRS004,2,86,100,2025-12-05,24,True
ASS0010174,STU00480,MOD00030,CRS004,1,97,100,2025-11-21,53,True
ASS0010175,STU00480,MOD00031,CRS004,1,37,100,2025-12-10,15,True
ASS0010176,STU00480,MOD00031,CRS004,2,50,100,2025-12-10,12,True
ASS0010177,STU00480,MOD00031,CRS004,3,95,100,2025-12-10,17,True
ASS0010178,STU00480,MOD00073,CRS010,1,85,100,2025-07-26,49,True
ASS0010179,STU00480,MOD00073,CRS010,2,63,100,2025-07-31,33,True
ASS0010180,STU00480,MOD00073,CRS010,3,64,100,2025-07-30,12,True
ASS0010181,STU00480,MOD00076,CRS010,1,51,100,2025-06-24,40,True
ASS0010182,STU00480,MOD00077,CRS010,1,99,100,2025-08-04,33,True
ASS0010183,STU00480,MOD00079,CRS010,1,42,100,2025-06-28,11,True
ASS0010184,STU00480,MOD00079,CRS010,2,39,100,2025-06-28,20,True
ASS0010185,STU00480,MOD00079,CRS010,3,82,100,2025-06-24,52,False
ASS0010186,STU00480,MOD00080,CRS010,1,78,100,2025-08-17,29,False
ASS0010187,STU00480,MOD00080,CRS010,2,66,100,2025-08-17,34,True
ASS0010188,STU00480,MOD00003,CRS001,1,56,100,2026-05-02,60,True
ASS0010189,STU00480,MOD00003,CRS001,2,31,100,2026-04-30,54,True
ASS0010190,STU00480,MOD00003,CRS001,3,60,100,2026-04-30,10,True
ASS0010191,STU00480,MOD00006,CRS001,1,57,100,2026-05-26,36,False
ASS0010192,STU00481,MOD00097,CRS013,1,33,100,2026-05-06,51,False
ASS0010193,STU00481,MOD00097,CRS013,2,55,100,2026-05-07,34,True
ASS0010194,STU00481,MOD00097,CRS013,3,71,100,2026-05-05,51,False
ASS0010195,STU00481,MOD00098,CRS013,1,53,100,2026-04-13,19,True
ASS0010196,STU00481,MOD00098,CRS013,2,50,100,2026-04-14,31,True
ASS0010197,STU00481,MOD00098,CRS013,3,83,100,2026-04-16,53,False
ASS0010198,STU00481,MOD00099,CRS013,1,32,100,2026-05-05,19,True
ASS0010199,STU00481,MOD00099,CRS013,2,62,100,2026-05-05,35,True
ASS0010200,STU00481,MOD00099,CRS013,3,85,100,2026-05-05,16,True
ASS0010201,STU00481,MOD00100,CRS013,1,85,100,2026-04-02,41,True
ASS0010202,STU00481,MOD00100,CRS013,2,81,100,2026-04-04,26,True
ASS0010203,STU00481,MOD00154,CRS020,1,83,100,2025-06-20,28,True
ASS0010204,STU00481,MOD00154,CRS020,2,30,100,2025-06-19,22,True
ASS0010205,STU00481,MOD00154,CRS020,3,96,100,2025-06-18,32,True
ASS0010206,STU00481,MOD00156,CRS020,1,66,100,2025-07-25,41,True
ASS0010207,STU00481,MOD00156,CRS020,2,79,100,2025-07-23,52,True
ASS0010208,STU00481,MOD00156,CRS020,3,77,100,2025-07-25,52,False
ASS0010209,STU00481,MOD00157,CRS020,1,81,100,2025-07-01,40,True
ASS0010210,STU00481,MOD00157,CRS020,2,70,100,2025-07-04,31,True
ASS0010211,STU00482,MOD00051,CRS007,1,83,100,2026-02-25,10,True
ASS0010212,STU00482,MOD00051,CRS007,2,82,100,2026-02-25,45,True
ASS0010213,STU00482,MOD00054,CRS007,1,78,100,2025-12-27,23,True
ASS0010214,STU00483,MOD00036,CRS005,1,59,100,2025-11-17,34,True
ASS0010215,STU00483,MOD00037,CRS005,1,82,100,2026-02-07,16,True
ASS0010216,STU00483,MOD00038,CRS005,1,66,100,2026-01-22,51,True
ASS0010217,STU00483,MOD00038,CRS005,2,84,100,2026-01-19,12,True
ASS0010218,STU00483,MOD00039,CRS005,1,83,100,2026-01-23,48,True
ASS0010219,STU00483,MOD00039,CRS005,2,77,100,2026-01-24,15,True
ASS0010220,STU00483,MOD00073,CRS010,1,61,100,2026-02-16,17,True
ASS0010221,STU00483,MOD00073,CRS010,2,63,100,2026-02-18,48,True
ASS0010222,STU00483,MOD00073,CRS010,3,82,100,2026-02-16,21,True
ASS0010223,STU00483,MOD00075,CRS010,1,37,100,2026-04-25,37,True
ASS0010224,STU00483,MOD00075,CRS010,2,51,100,2026-04-25,33,True
ASS0010225,STU00483,MOD00076,CRS010,1,87,100,2026-03-01,31,True
ASS0010226,STU00483,MOD00076,CRS010,2,51,100,2026-02-27,32,True
ASS0010227,STU00483,MOD00077,CRS010,1,69,100,2026-02-17,39,True
ASS0010228,STU00483,MOD00078,CRS010,1,73,100,2026-04-16,19,True
ASS0010229,STU00483,MOD00078,CRS010,2,53,100,2026-04-16,31,True
ASS0010230,STU00483,MOD00078,CRS010,3,71,100,2026-04-15,42,False
ASS0010231,STU00483,MOD00080,CRS010,1,37,100,2026-03-20,44,True
ASS0010232,STU00483,MOD00080,CRS010,2,62,100,2026-03-20,46,False
ASS0010233,STU00483,MOD00080,CRS010,3,99,100,2026-03-21,43,True
ASS0010234,STU00483,MOD00154,CRS020,1,97,100,2025-08-04,26,False
ASS0010235,STU00483,MOD00143,CRS018,1,79,100,2026-01-31,59,False
ASS0010236,STU00483,MOD00143,CRS018,2,68,100,2026-01-28,48,True
ASS0010237,STU00483,MOD00143,CRS018,3,100,100,2026-01-26,20,True
ASS0010238,STU00484,MOD00017,CRS003,1,93,100,2025-10-02,20,True
ASS0010239,STU00484,MOD00018,CRS003,1,49,100,2025-07-22,55,True
ASS0010240,STU00484,MOD00018,CRS003,2,31,100,2025-07-17,59,True
ASS0010241,STU00484,MOD00018,CRS003,3,62,100,2025-07-21,38,True
ASS0010242,STU00484,MOD00019,CRS003,1,74,100,2025-10-11,45,True
ASS0010243,STU00484,MOD00153,CRS020,1,82,100,2025-10-24,44,True
ASS0010244,STU00484,MOD00154,CRS020,1,99,100,2025-10-04,44,True
ASS0010245,STU00484,MOD00156,CRS020,1,55,100,2025-08-18,54,True
ASS0010246,STU00484,MOD00156,CRS020,2,75,100,2025-08-20,33,True
ASS0010247,STU00484,MOD00157,CRS020,1,63,100,2025-09-30,57,False
ASS0010248,STU00484,MOD00157,CRS020,2,33,100,2025-10-02,54,True
ASS0010249,STU00484,MOD00157,CRS020,3,74,100,2025-10-02,59,True
ASS0010250,STU00484,MOD00158,CRS020,1,78,100,2025-08-28,31,True
ASS0010251,STU00484,MOD00158,CRS020,2,52,100,2025-09-01,10,True
ASS0010252,STU00484,MOD00160,CRS020,1,65,100,2025-10-20,48,False
ASS0010253,STU00484,MOD00160,CRS020,2,76,100,2025-10-21,32,True
ASS0010254,STU00484,MOD00105,CRS014,1,74,100,2026-01-26,14,True
ASS0010255,STU00484,MOD00105,CRS014,2,52,100,2026-01-23,17,False
ASS0010256,STU00484,MOD00105,CRS014,3,77,100,2026-01-23,22,True
ASS0010257,STU00484,MOD00107,CRS014,1,69,100,2025-12-14,16,True
ASS0010258,STU00484,MOD00107,CRS014,2,59,100,2025-12-14,57,True
ASS0010259,STU00484,MOD00107,CRS014,3,53,100,2025-12-10,55,True
ASS0010260,STU00484,MOD00109,CRS014,1,55,100,2025-11-15,49,True
ASS0010261,STU00484,MOD00109,CRS014,2,69,100,2025-11-16,41,True
ASS0010262,STU00484,MOD00109,CRS014,3,94,100,2025-11-19,29,True
ASS0010263,STU00484,MOD00110,CRS014,1,75,100,2025-12-31,17,True
ASS0010264,STU00484,MOD00110,CRS014,2,87,100,2026-01-03,21,True
ASS0010265,STU00484,MOD00111,CRS014,1,65,100,2026-02-10,36,True
ASS0010266,STU00485,MOD00043,CRS006,1,56,100,2026-04-29,28,True
ASS0010267,STU00485,MOD00043,CRS006,2,73,100,2026-04-29,41,True
ASS0010268,STU00485,MOD00046,CRS006,1,89,100,2026-05-12,29,True
ASS0010269,STU00485,MOD00046,CRS006,2,36,100,2026-05-08,41,True
ASS0010270,STU00485,MOD00046,CRS006,3,75,100,2026-05-10,16,True
ASS0010271,STU00485,MOD00113,CRS015,1,52,100,2025-11-18,25,True
ASS0010272,STU00485,MOD00113,CRS015,2,51,100,2025-11-16,21,False
ASS0010273,STU00485,MOD00113,CRS015,3,59,100,2025-11-15,16,True
ASS0010274,STU00485,MOD00114,CRS015,1,86,100,2025-12-17,19,False
ASS0010275,STU00485,MOD00114,CRS015,2,61,100,2025-12-19,36,True
ASS0010276,STU00485,MOD00115,CRS015,1,82,100,2025-11-26,21,True
ASS0010277,STU00485,MOD00116,CRS015,1,61,100,2025-12-25,50,True
ASS0010278,STU00485,MOD00117,CRS015,1,43,100,2026-01-19,24,True
ASS0010279,STU00485,MOD00117,CRS015,2,68,100,2026-01-19,17,False
ASS0010280,STU00485,MOD00117,CRS015,3,78,100,2026-01-20,58,True
ASS0010281,STU00485,MOD00118,CRS015,1,79,100,2025-11-28,29,True
ASS0010282,STU00485,MOD00120,CRS015,1,61,100,2025-11-25,45,True
ASS0010283,STU00485,MOD00120,CRS015,2,71,100,2025-11-26,45,True
ASS0010284,STU00485,MOD00120,CRS015,3,80,100,2025-11-25,22,True
ASS0010285,STU00485,MOD00129,CRS017,1,100,100,2025-12-29,36,True
ASS0010286,STU00485,MOD00130,CRS017,1,64,100,2025-11-10,35,False
ASS0010287,STU00485,MOD00130,CRS017,2,53,100,2025-11-12,22,True
ASS0010288,STU00485,MOD00133,CRS017,1,85,100,2025-11-26,57,True
ASS0010289,STU00485,MOD00133,CRS017,2,68,100,2025-11-21,22,True
ASS0010290,STU00485,MOD00134,CRS017,1,64,100,2025-10-21,57,True
ASS0010291,STU00485,MOD00134,CRS017,2,85,100,2025-10-21,57,False
ASS0010292,STU00485,MOD00134,CRS017,3,89,100,2025-10-25,39,True
ASS0010293,STU00485,MOD00135,CRS017,1,69,100,2026-01-07,56,True
ASS0010294,STU00485,MOD00136,CRS017,1,73,100,2025-11-19,46,True
ASS0010295,STU00485,MOD00105,CRS014,1,65,100,2025-12-20,42,True
ASS0010296,STU00485,MOD00105,CRS014,2,60,100,2025-12-25,27,True
ASS0010297,STU00485,MOD00105,CRS014,3,58,100,2025-12-21,14,True
ASS0010298,STU00485,MOD00106,CRS014,1,45,100,2026-01-26,59,True
ASS0010299,STU00485,MOD00106,CRS014,2,62,100,2026-01-23,57,True
ASS0010300,STU00485,MOD00106,CRS014,3,94,100,2026-01-26,12,False
ASS0010301,STU00485,MOD00108,CRS014,1,36,100,2025-12-13,56,True
ASS0010302,STU00485,MOD00108,CRS014,2,77,100,2025-12-18,36,True
ASS0010303,STU00485,MOD00108,CRS014,3,55,100,2025-12-15,34,True
ASS0010304,STU00485,MOD00109,CRS014,1,92,100,2025-12-22,25,True
ASS0010305,STU00485,MOD00110,CRS014,1,76,100,2026-01-24,53,True
ASS0010306,STU00485,MOD00110,CRS014,2,89,100,2026-01-26,14,False
ASS0010307,STU00485,MOD00110,CRS014,3,86,100,2026-01-24,60,True
ASS0010308,STU00485,MOD00111,CRS014,1,96,100,2026-02-04,42,True
ASS0010309,STU00485,MOD00145,CRS019,1,94,100,2025-11-19,12,True
ASS0010310,STU00485,MOD00146,CRS019,1,59,100,2025-12-23,33,True
ASS0010311,STU00485,MOD00146,CRS019,2,52,100,2025-12-25,43,True
ASS0010312,STU00485,MOD00146,CRS019,3,78,100,2025-12-21,37,True
ASS0010313,STU00485,MOD00148,CRS019,1,51,100,2025-12-14,28,True
ASS0010314,STU00485,MOD00148,CRS019,2,59,100,2025-12-15,55,False
ASS0010315,STU00485,MOD00148,CRS019,3,98,100,2025-12-13,35,True
ASS0010316,STU00485,MOD00149,CRS019,1,52,100,2026-01-10,23,True
ASS0010317,STU00485,MOD00149,CRS019,2,89,100,2026-01-08,42,True
ASS0010318,STU00485,MOD00149,CRS019,3,89,100,2026-01-10,51,True
ASS0010319,STU00485,MOD00150,CRS019,1,62,100,2025-12-19,30,True
ASS0010320,STU00486,MOD00131,CRS017,1,52,100,2026-04-04,40,True
ASS0010321,STU00486,MOD00131,CRS017,2,69,100,2026-04-04,52,True
ASS0010322,STU00486,MOD00133,CRS017,1,82,100,2026-04-26,48,True
ASS0010323,STU00486,MOD00133,CRS017,2,52,100,2026-04-27,21,True
ASS0010324,STU00486,MOD00134,CRS017,1,60,100,2026-05-27,27,True
ASS0010325,STU00486,MOD00135,CRS017,1,72,100,2026-05-21,49,False
ASS0010326,STU00486,MOD00135,CRS017,2,60,100,2026-05-20,24,True
ASS0010327,STU00486,MOD00136,CRS017,1,79,100,2026-07-06,55,False
ASS0010328,STU00486,MOD00136,CRS017,2,67,100,2026-07-06,19,True
ASS0010329,STU00486,MOD00066,CRS009,1,37,100,2026-02-13,40,True
ASS0010330,STU00486,MOD00066,CRS009,2,64,100,2026-02-14,42,True
ASS0010331,STU00486,MOD00066,CRS009,3,87,100,2026-02-16,43,True
ASS0010332,STU00486,MOD00067,CRS009,1,88,100,2026-03-23,34,True
ASS0010333,STU00486,MOD00067,CRS009,2,86,100,2026-03-25,41,True
ASS0010334,STU00486,MOD00067,CRS009,3,93,100,2026-03-28,26,True
ASS0010335,STU00486,MOD00068,CRS009,1,77,100,2026-03-05,35,True
ASS0010336,STU00486,MOD00069,CRS009,1,84,100,2026-03-05,15,True
ASS0010337,STU00486,MOD00069,CRS009,2,71,100,2026-02-28,46,True
ASS0010338,STU00486,MOD00069,CRS009,3,85,100,2026-03-03,16,False
ASS0010339,STU00486,MOD00070,CRS009,1,90,100,2026-02-04,44,True
ASS0010340,STU00486,MOD00071,CRS009,1,73,100,2026-01-19,33,True
ASS0010341,STU00486,MOD00071,CRS009,2,61,100,2026-01-17,27,False
ASS0010342,STU00487,MOD00009,CRS002,1,83,100,2025-12-29,41,True
ASS0010343,STU00487,MOD00009,CRS002,2,71,100,2025-12-25,46,False
ASS0010344,STU00487,MOD00010,CRS002,1,89,100,2025-10-17,50,True
ASS0010345,STU00487,MOD00011,CRS002,1,67,100,2025-12-24,19,False
ASS0010346,STU00487,MOD00011,CRS002,2,68,100,2025-12-23,19,False
ASS0010347,STU00487,MOD00014,CRS002,1,61,100,2025-11-15,50,True
ASS0010348,STU00487,MOD00014,CRS002,2,68,100,2025-11-17,60,True
ASS0010349,STU00487,MOD00014,CRS002,3,80,100,2025-11-14,36,True
ASS0010350,STU00487,MOD00015,CRS002,1,32,100,2025-10-21,38,False
ASS0010351,STU00487,MOD00015,CRS002,2,31,100,2025-10-20,20,True
ASS0010352,STU00487,MOD00015,CRS002,3,98,100,2025-10-20,31,True
ASS0010353,STU00487,MOD00016,CRS002,1,84,100,2025-12-26,33,True
ASS0010354,STU00487,MOD00016,CRS002,2,87,100,2025-12-30,55,True
ASS0010355,STU00487,MOD00016,CRS002,3,60,100,2025-12-27,30,True
ASS0010356,STU00487,MOD00154,CRS020,1,61,100,2026-02-13,19,False
ASS0010357,STU00487,MOD00154,CRS020,2,51,100,2026-02-10,43,True
ASS0010358,STU00487,MOD00154,CRS020,3,73,100,2026-02-13,50,True
ASS0010359,STU00487,MOD00156,CRS020,1,55,100,2026-03-07,13,True
ASS0010360,STU00487,MOD00156,CRS020,2,78,100,2026-03-07,44,True
ASS0010361,STU00487,MOD00156,CRS020,3,98,100,2026-03-06,31,False
ASS0010362,STU00487,MOD00122,CRS016,1,80,100,2025-08-12,18,True
ASS0010363,STU00487,MOD00122,CRS016,2,36,100,2025-08-11,54,True
ASS0010364,STU00487,MOD00122,CRS016,3,61,100,2025-08-14,39,True
ASS0010365,STU00487,MOD00124,CRS016,1,58,100,2025-08-09,38,True
ASS0010366,STU00487,MOD00124,CRS016,2,55,100,2025-08-10,31,True
ASS0010367,STU00487,MOD00128,CRS016,1,52,100,2025-08-05,11,True
ASS0010368,STU00488,MOD00033,CRS005,1,90,100,2026-01-05,41,True
ASS0010369,STU00488,MOD00034,CRS005,1,69,100,2025-12-07,29,True
ASS0010370,STU00488,MOD00034,CRS005,2,53,100,2025-12-09,52,True
ASS0010371,STU00488,MOD00034,CRS005,3,80,100,2025-12-09,24,False
ASS0010372,STU00488,MOD00038,CRS005,1,74,100,2025-10-23,55,True
ASS0010373,STU00488,MOD00039,CRS005,1,44,100,2025-12-19,48,False
ASS0010374,STU00488,MOD00039,CRS005,2,56,100,2025-12-18,45,True
ASS0010375,STU00488,MOD00040,CRS005,1,43,100,2026-01-02,12,False
ASS0010376,STU00488,MOD00040,CRS005,2,64,100,2026-01-07,25,True
ASS0010377,STU00489,MOD00067,CRS009,1,60,100,2025-11-07,21,False
ASS0010378,STU00489,MOD00067,CRS009,2,61,100,2025-11-07,59,True
ASS0010379,STU00489,MOD00067,CRS009,3,88,100,2025-11-08,30,False
ASS0010380,STU00489,MOD00071,CRS009,1,75,100,2025-12-11,28,True
ASS0010381,STU00489,MOD00071,CRS009,2,87,100,2025-12-07,27,False
ASS0010382,STU00489,MOD00113,CRS015,1,51,100,2026-02-17,53,True
ASS0010383,STU00489,MOD00115,CRS015,1,30,100,2026-03-08,29,True
ASS0010384,STU00489,MOD00115,CRS015,2,63,100,2026-03-07,13,False
ASS0010385,STU00489,MOD00115,CRS015,3,89,100,2026-03-10,39,True
ASS0010386,STU00489,MOD00117,CRS015,1,78,100,2026-04-26,50,True
ASS0010387,STU00489,MOD00118,CRS015,1,41,100,2026-04-13,58,True
ASS0010388,STU00489,MOD00118,CRS015,2,60,100,2026-04-15,11,True
ASS0010389,STU00489,MOD00119,CRS015,1,70,100,2026-02-25,60,True
ASS0010390,STU00489,MOD00119,CRS015,2,38,100,2026-02-27,56,True
ASS0010391,STU00489,MOD00119,CRS015,3,54,100,2026-02-27,32,True
ASS0010392,STU00489,MOD00120,CRS015,1,86,100,2026-02-13,47,True
ASS0010393,STU00489,MOD00120,CRS015,2,82,100,2026-02-12,47,False
ASS0010394,STU00489,MOD00120,CRS015,3,66,100,2026-02-16,10,True
ASS0010395,STU00489,MOD00129,CRS017,1,67,100,2026-02-20,11,True
ASS0010396,STU00489,MOD00131,CRS017,1,83,100,2026-03-02,44,True
ASS0010397,STU00489,MOD00132,CRS017,1,71,100,2026-04-05,54,True
ASS0010398,STU00489,MOD00132,CRS017,2,62,100,2026-04-07,38,True
ASS0010399,STU00489,MOD00132,CRS017,3,86,100,2026-04-07,15,True
ASS0010400,STU00489,MOD00133,CRS017,1,51,100,2026-05-03,17,True
ASS0010401,STU00489,MOD00133,CRS017,2,51,100,2026-05-05,59,True
ASS0010402,STU00489,MOD00134,CRS017,1,71,100,2026-03-11,11,True
ASS0010403,STU00489,MOD00134,CRS017,2,51,100,2026-03-13,31,True
ASS0010404,STU00489,MOD00135,CRS017,1,72,100,2026-03-04,58,True
ASS0010405,STU00489,MOD00136,CRS017,1,83,100,2026-04-29,44,True
ASS0010406,STU00489,MOD00136,CRS017,2,75,100,2026-04-27,41,False
ASS0010407,STU00489,MOD00018,CRS003,1,54,100,2025-11-07,36,True
ASS0010408,STU00489,MOD00019,CRS003,1,63,100,2025-11-06,33,True
ASS0010409,STU00489,MOD00019,CRS003,2,58,100,2025-11-06,47,True
ASS0010410,STU00489,MOD00019,CRS003,3,85,100,2025-11-06,50,True
ASS0010411,STU00489,MOD00021,CRS003,1,61,100,2025-11-03,38,False
ASS0010412,STU00489,MOD00137,CRS018,1,70,100,2025-08-14,28,True
ASS0010413,STU00489,MOD00137,CRS018,2,60,100,2025-08-14,10,True
ASS0010414,STU00489,MOD00137,CRS018,3,56,100,2025-08-15,13,True
ASS0010415,STU00489,MOD00138,CRS018,1,76,100,2025-08-13,19,True
ASS0010416,STU00489,MOD00138,CRS018,2,88,100,2025-08-15,31,True
ASS0010417,STU00489,MOD00139,CRS018,1,44,100,2025-08-18,38,True
ASS0010418,STU00489,MOD00139,CRS018,2,73,100,2025-08-21,29,False
ASS0010419,STU00489,MOD00139,CRS018,3,100,100,2025-08-19,57,True
ASS0010420,STU00489,MOD00140,CRS018,1,39,100,2025-07-24,55,False
ASS0010421,STU00489,MOD00140,CRS018,2,52,100,2025-07-29,26,True
ASS0010422,STU00489,MOD00140,CRS018,3,74,100,2025-07-27,38,True
ASS0010423,STU00489,MOD00141,CRS018,1,54,100,2025-09-11,57,True
ASS0010424,STU00489,MOD00141,CRS018,2,59,100,2025-09-11,16,True
ASS0010425,STU00489,MOD00143,CRS018,1,58,100,2025-08-05,28,False
ASS0010426,STU00490,MOD00145,CRS019,1,64,100,2026-01-02,21,True
ASS0010427,STU00490,MOD00146,CRS019,1,45,100,2026-01-28,25,True
ASS0010428,STU00490,MOD00146,CRS019,2,86,100,2026-01-28,44,True
ASS0010429,STU00490,MOD00147,CRS019,1,65,100,2025-11-23,33,True
ASS0010430,STU00490,MOD00151,CRS019,1,65,100,2025-11-14,33,True
ASS0010431,STU00490,MOD00152,CRS019,1,46,100,2025-12-14,49,True
ASS0010432,STU00490,MOD00152,CRS019,2,41,100,2025-12-18,42,True
ASS0010433,STU00490,MOD00152,CRS019,3,79,100,2025-12-13,30,False
ASS0010434,STU00490,MOD00073,CRS010,1,88,100,2025-11-30,22,True
ASS0010435,STU00490,MOD00075,CRS010,1,49,100,2025-11-15,53,True
ASS0010436,STU00490,MOD00075,CRS010,2,73,100,2025-11-11,46,False
ASS0010437,STU00490,MOD00077,CRS010,1,44,100,2025-11-25,41,True
ASS0010438,STU00490,MOD00077,CRS010,2,100,100,2025-11-25,50,True
ASS0010439,STU00490,MOD00079,CRS010,1,57,100,2025-11-22,43,True
ASS0010440,STU00490,MOD00079,CRS010,2,54,100,2025-11-25,51,False
ASS0010441,STU00490,MOD00080,CRS010,1,80,100,2025-10-14,27,True
ASS0010442,STU00490,MOD00009,CRS002,1,51,100,2026-03-05,16,True
ASS0010443,STU00490,MOD00009,CRS002,2,36,100,2026-03-02,24,True
ASS0010444,STU00490,MOD00009,CRS002,3,66,100,2026-03-06,55,True
ASS0010445,STU00490,MOD00010,CRS002,1,34,100,2026-03-21,22,True
ASS0010446,STU00490,MOD00010,CRS002,2,94,100,2026-03-17,55,True
ASS0010447,STU00490,MOD00012,CRS002,1,64,100,2026-02-21,27,True
ASS0010448,STU00490,MOD00012,CRS002,2,61,100,2026-02-22,52,True
ASS0010449,STU00490,MOD00012,CRS002,3,70,100,2026-02-25,20,True
ASS0010450,STU00490,MOD00013,CRS002,1,59,100,2026-04-01,52,True
ASS0010451,STU00490,MOD00013,CRS002,2,81,100,2026-03-30,49,True
ASS0010452,STU00490,MOD00013,CRS002,3,98,100,2026-03-30,10,True
ASS0010453,STU00490,MOD00016,CRS002,1,54,100,2026-01-19,14,True
ASS0010454,STU00490,MOD00082,CRS011,1,86,100,2026-03-29,11,True
ASS0010455,STU00490,MOD00084,CRS011,1,84,100,2026-05-21,45,True
ASS0010456,STU00490,MOD00085,CRS011,1,96,100,2026-06-07,44,False
ASS0010457,STU00490,MOD00087,CRS011,1,50,100,2026-04-27,46,False
ASS0010458,STU00490,MOD00001,CRS001,1,32,100,2025-10-22,40,True
ASS0010459,STU00490,MOD00001,CRS001,2,67,100,2025-10-22,12,True
ASS0010460,STU00490,MOD00001,CRS001,3,81,100,2025-10-24,31,True
ASS0010461,STU00490,MOD00002,CRS001,1,67,100,2025-12-08,50,True
ASS0010462,STU00490,MOD00004,CRS001,1,78,100,2025-12-26,57,True
ASS0010463,STU00490,MOD00008,CRS001,1,53,100,2025-12-28,46,True
ASS0010464,STU00491,MOD00073,CRS010,1,76,100,2025-11-17,24,True
ASS0010465,STU00491,MOD00074,CRS010,1,88,100,2025-10-19,16,True
ASS0010466,STU00491,MOD00074,CRS010,2,53,100,2025-10-23,19,False
ASS0010467,STU00491,MOD00076,CRS010,1,79,100,2025-10-30,52,False
ASS0010468,STU00491,MOD00076,CRS010,2,94,100,2025-11-01,40,True
ASS0010469,STU00491,MOD00077,CRS010,1,41,100,2025-10-19,39,True
ASS0010470,STU00491,MOD00077,CRS010,2,90,100,2025-10-24,13,True
ASS0010471,STU00491,MOD00077,CRS010,3,72,100,2025-10-19,11,True
ASS0010472,STU00491,MOD00079,CRS010,1,95,100,2025-09-18,45,True
ASS0010473,STU00491,MOD00080,CRS010,1,60,100,2025-10-12,55,True
ASS0010474,STU00491,MOD00041,CRS006,1,59,100,2026-01-03,23,True
ASS0010475,STU00491,MOD00044,CRS006,1,64,100,2025-12-13,13,True
ASS0010476,STU00491,MOD00044,CRS006,2,45,100,2025-12-13,49,True
ASS0010477,STU00491,MOD00044,CRS006,3,63,100,2025-12-12,37,False
ASS0010478,STU00491,MOD00046,CRS006,1,76,100,2026-03-03,19,True
ASS0010479,STU00491,MOD00047,CRS006,1,52,100,2025-12-19,16,True
ASS0010480,STU00491,MOD00048,CRS006,1,81,100,2026-01-08,33,True
ASS0010481,STU00491,MOD00048,CRS006,2,56,100,2026-01-07,54,True
ASS0010482,STU00491,MOD00012,CRS002,1,45,100,2025-09-07,22,True
ASS0010483,STU00491,MOD00012,CRS002,2,64,100,2025-09-10,35,True
ASS0010484,STU00491,MOD00014,CRS002,1,78,100,2025-09-27,20,True
ASS0010485,STU00492,MOD00066,CRS009,1,63,100,2025-10-29,53,True
ASS0010486,STU00492,MOD00066,CRS009,2,68,100,2025-10-24,47,True
ASS0010487,STU00492,MOD00066,CRS009,3,100,100,2025-10-26,11,True
ASS0010488,STU00492,MOD00067,CRS009,1,69,100,2025-12-30,29,False
ASS0010489,STU00492,MOD00069,CRS009,1,70,100,2025-11-09,41,True
ASS0010490,STU00492,MOD00069,CRS009,2,58,100,2025-11-06,16,False
ASS0010491,STU00492,MOD00069,CRS009,3,52,100,2025-11-10,38,True
ASS0010492,STU00492,MOD00070,CRS009,1,61,100,2025-12-12,48,True
ASS0010493,STU00492,MOD00070,CRS009,2,89,100,2025-12-13,44,True
ASS0010494,STU00492,MOD00070,CRS009,3,93,100,2025-12-13,44,False
ASS0010495,STU00492,MOD00016,CRS002,1,77,100,2025-09-12,49,False
ASS0010496,STU00492,MOD00124,CRS016,1,69,100,2026-02-22,22,True
ASS0010497,STU00492,MOD00126,CRS016,1,88,100,2026-03-12,37,True
ASS0010498,STU00492,MOD00126,CRS016,2,51,100,2026-03-15,51,True
ASS0010499,STU00492,MOD00126,CRS016,3,91,100,2026-03-13,35,True
ASS0010500,STU00492,MOD00127,CRS016,1,78,100,2026-03-07,55,True
ASS0010501,STU00492,MOD00041,CRS006,1,38,100,2026-04-23,58,True
ASS0010502,STU00492,MOD00041,CRS006,2,72,100,2026-04-23,50,True
ASS0010503,STU00492,MOD00043,CRS006,1,100,100,2026-05-14,21,True
ASS0010504,STU00492,MOD00045,CRS006,1,69,100,2026-03-18,58,True
ASS0010505,STU00492,MOD00045,CRS006,2,34,100,2026-03-17,25,True
ASS0010506,STU00492,MOD00045,CRS006,3,74,100,2026-03-18,38,True
ASS0010507,STU00492,MOD00046,CRS006,1,81,100,2026-04-11,35,True
ASS0010508,STU00492,MOD00145,CRS019,1,60,100,2026-04-04,18,True
ASS0010509,STU00492,MOD00147,CRS019,1,49,100,2026-02-17,51,True
ASS0010510,STU00492,MOD00147,CRS019,2,89,100,2026-02-17,52,True
ASS0010511,STU00493,MOD00017,CRS003,1,88,100,2025-11-03,54,False
ASS0010512,STU00493,MOD00017,CRS003,2,54,100,2025-11-04,46,False
ASS0010513,STU00493,MOD00017,CRS003,3,88,100,2025-11-04,34,True
ASS0010514,STU00493,MOD00018,CRS003,1,42,100,2025-11-30,10,True
ASS0010515,STU00493,MOD00018,CRS003,2,68,100,2025-12-01,30,True
ASS0010516,STU00493,MOD00022,CRS003,1,69,100,2025-12-11,26,True
ASS0010517,STU00493,MOD00022,CRS003,2,67,100,2025-12-12,39,True
ASS0010518,STU00493,MOD00022,CRS003,3,87,100,2025-12-13,44,True
ASS0010519,STU00493,MOD00024,CRS003,1,58,100,2025-12-06,56,True
ASS0010520,STU00493,MOD00024,CRS003,2,81,100,2025-12-04,57,True
ASS0010521,STU00494,MOD00157,CRS020,1,72,100,2026-01-30,58,True
ASS0010522,STU00494,MOD00157,CRS020,2,53,100,2026-01-27,37,True
ASS0010523,STU00494,MOD00157,CRS020,3,91,100,2026-01-28,25,True
ASS0010524,STU00494,MOD00159,CRS020,1,31,100,2026-02-24,60,True
ASS0010525,STU00494,MOD00159,CRS020,2,62,100,2026-02-24,58,False
ASS0010526,STU00494,MOD00159,CRS020,3,85,100,2026-02-28,30,True
ASS0010527,STU00494,MOD00068,CRS009,1,92,100,2026-05-01,57,True
ASS0010528,STU00495,MOD00153,CRS020,1,62,100,2025-11-16,52,True
ASS0010529,STU00495,MOD00154,CRS020,1,71,100,2025-12-03,53,True
ASS0010530,STU00495,MOD00154,CRS020,2,77,100,2025-12-04,53,True
ASS0010531,STU00495,MOD00155,CRS020,1,84,100,2025-10-07,54,True
ASS0010532,STU00495,MOD00156,CRS020,1,90,100,2025-10-12,15,True
ASS0010533,STU00495,MOD00156,CRS020,2,98,100,2025-10-10,33,True
ASS0010534,STU00495,MOD00157,CRS020,1,90,100,2025-09-18,20,True
ASS0010535,STU00495,MOD00159,CRS020,1,74,100,2025-10-14,57,True
ASS0010536,STU00495,MOD00160,CRS020,1,83,100,2025-11-24,12,True
ASS0010537,STU00495,MOD00160,CRS020,2,38,100,2025-11-24,38,False
ASS0010538,STU00495,MOD00160,CRS020,3,76,100,2025-11-23,39,True
ASS0010539,STU00496,MOD00033,CRS005,1,77,100,2026-03-29,48,True
ASS0010540,STU00496,MOD00033,CRS005,2,54,100,2026-03-26,56,True
ASS0010541,STU00496,MOD00033,CRS005,3,98,100,2026-03-28,17,True
ASS0010542,STU00496,MOD00034,CRS005,1,35,100,2026-03-30,26,True
ASS0010543,STU00496,MOD00034,CRS005,2,61,100,2026-03-27,33,True
ASS0010544,STU00496,MOD00034,CRS005,3,52,100,2026-03-29,52,False
ASS0010545,STU00496,MOD00037,CRS005,1,39,100,2026-03-28,35,True
ASS0010546,STU00496,MOD00037,CRS005,2,34,100,2026-03-26,38,False
ASS0010547,STU00496,MOD00037,CRS005,3,51,100,2026-03-27,26,True
ASS0010548,STU00496,MOD00039,CRS005,1,37,100,2026-03-15,49,True
ASS0010549,STU00496,MOD00039,CRS005,2,31,100,2026-03-18,23,True
ASS0010550,STU00496,MOD00039,CRS005,3,59,100,2026-03-17,22,True
ASS0010551,STU00496,MOD00113,CRS015,1,45,100,2025-09-08,30,True
ASS0010552,STU00496,MOD00113,CRS015,2,77,100,2025-09-08,12,True
ASS0010553,STU00496,MOD00114,CRS015,1,43,100,2025-09-15,19,True
ASS0010554,STU00496,MOD00114,CRS015,2,56,100,2025-09-13,35,True
ASS0010555,STU00496,MOD00114,CRS015,3,68,100,2025-09-14,16,True
ASS0010556,STU00496,MOD00115,CRS015,1,56,100,2025-09-21,16,True
ASS0010557,STU00496,MOD00118,CRS015,1,100,100,2025-10-02,44,False
ASS0010558,STU00496,MOD00089,CRS012,1,36,100,2025-12-27,40,True
ASS0010559,STU00496,MOD00089,CRS012,2,47,100,2025-12-26,52,True
ASS0010560,STU00496,MOD00089,CRS012,3,94,100,2025-12-23,47,True
ASS0010561,STU00496,MOD00090,CRS012,1,75,100,2025-12-22,32,False
ASS0010562,STU00496,MOD00091,CRS012,1,59,100,2025-11-01,54,True
ASS0010563,STU00496,MOD00091,CRS012,2,51,100,2025-11-03,60,True
ASS0010564,STU00496,MOD00092,CRS012,1,61,100,2025-11-25,38,True
ASS0010565,STU00496,MOD00093,CRS012,1,72,100,2025-11-22,57,True
ASS0010566,STU00496,MOD00094,CRS012,1,36,100,2025-10-03,18,True
ASS0010567,STU00496,MOD00094,CRS012,2,61,100,2025-09-30,40,True
ASS0010568,STU00496,MOD00041,CRS006,1,39,100,2026-01-22,43,True
ASS0010569,STU00496,MOD00041,CRS006,2,51,100,2026-01-27,33,True
ASS0010570,STU00496,MOD00042,CRS006,1,49,100,2026-02-08,43,False
ASS0010571,STU00496,MOD00042,CRS006,2,91,100,2026-02-04,29,True
ASS0010572,STU00496,MOD00043,CRS006,1,52,100,2026-02-18,12,True
ASS0010573,STU00496,MOD00046,CRS006,1,64,100,2026-02-15,46,False
ASS0010574,STU00496,MOD00046,CRS006,2,80,100,2026-02-15,57,True
ASS0010575,STU00496,MOD00047,CRS006,1,51,100,2025-11-29,35,True
ASS0010576,STU00496,MOD00065,CRS009,1,73,100,2026-03-24,44,True
ASS0010577,STU00496,MOD00065,CRS009,2,86,100,2026-03-24,60,False
ASS0010578,STU00496,MOD00067,CRS009,1,36,100,2026-03-16,40,True
ASS0010579,STU00496,MOD00067,CRS009,2,58,100,2026-03-14,46,True
ASS0010580,STU00496,MOD00069,CRS009,1,59,100,2026-04-11,32,True
ASS0010581,STU00497,MOD00035,CRS005,1,56,100,2026-05-14,50,True
ASS0010582,STU00497,MOD00035,CRS005,2,39,100,2026-05-13,21,True
ASS0010583,STU00497,MOD00035,CRS005,3,80,100,2026-05-16,13,True
ASS0010584,STU00497,MOD00037,CRS005,1,45,100,2026-05-02,49,True
ASS0010585,STU00497,MOD00037,CRS005,2,78,100,2026-05-07,40,True
ASS0010586,STU00497,MOD00038,CRS005,1,65,100,2026-04-08,60,True
ASS0010587,STU00497,MOD00038,CRS005,2,76,100,2026-04-07,31,True
ASS0010588,STU00497,MOD00040,CRS005,1,89,100,2026-05-17,46,True
ASS0010589,STU00497,MOD00040,CRS005,2,50,100,2026-05-17,13,True
ASS0010590,STU00498,MOD00121,CRS016,1,67,100,2026-03-26,26,True
ASS0010591,STU00498,MOD00121,CRS016,2,67,100,2026-03-28,38,True
ASS0010592,STU00498,MOD00121,CRS016,3,78,100,2026-03-25,19,True
ASS0010593,STU00498,MOD00122,CRS016,1,95,100,2026-04-23,33,True
ASS0010594,STU00498,MOD00123,CRS016,1,97,100,2026-04-22,34,True
ASS0010595,STU00498,MOD00124,CRS016,1,33,100,2026-03-26,24,True
ASS0010596,STU00498,MOD00124,CRS016,2,67,100,2026-03-24,28,True
ASS0010597,STU00498,MOD00125,CRS016,1,76,100,2026-03-31,50,False
ASS0010598,STU00498,MOD00125,CRS016,2,78,100,2026-03-28,15,True
ASS0010599,STU00498,MOD00126,CRS016,1,65,100,2026-04-13,21,True
ASS0010600,STU00498,MOD00127,CRS016,1,62,100,2026-05-09,46,True
ASS0010601,STU00498,MOD00127,CRS016,2,100,100,2026-05-10,23,True
ASS0010602,STU00498,MOD00128,CRS016,1,52,100,2026-06-03,55,True
ASS0010603,STU00499,MOD00041,CRS006,1,96,100,2025-11-22,32,True
ASS0010604,STU00499,MOD00043,CRS006,1,40,100,2026-02-09,36,True
ASS0010605,STU00499,MOD00043,CRS006,2,70,100,2026-02-08,28,True
ASS0010606,STU00499,MOD00044,CRS006,1,57,100,2026-02-04,60,True
ASS0010607,STU00499,MOD00045,CRS006,1,38,100,2025-11-23,23,False
ASS0010608,STU00499,MOD00045,CRS006,2,85,100,2025-11-27,16,True
ASS0010609,STU00499,MOD00045,CRS006,3,88,100,2025-11-24,44,True
ASS0010610,STU00499,MOD00048,CRS006,1,36,100,2026-01-03,32,False
ASS0010611,STU00499,MOD00048,CRS006,2,97,100,2026-01-01,32,True
ASS0010612,STU00499,MOD00054,CRS007,1,71,100,2026-01-01,18,True
ASS0010613,STU00499,MOD00054,CRS007,2,77,100,2025-12-28,37,True
ASS0010614,STU00499,MOD00054,CRS007,3,85,100,2026-01-01,54,False
ASS0010615,STU00499,MOD00056,CRS007,1,71,100,2026-01-20,25,False
ASS0010616,STU00499,MOD00089,CRS012,1,43,100,2026-01-30,39,False
ASS0010617,STU00499,MOD00089,CRS012,2,92,100,2026-02-02,29,True
ASS0010618,STU00499,MOD00090,CRS012,1,67,100,2026-01-09,56,False
ASS0010619,STU00499,MOD00090,CRS012,2,76,100,2026-01-08,28,True
ASS0010620,STU00499,MOD00090,CRS012,3,62,100,2026-01-08,44,True
ASS0010621,STU00499,MOD00091,CRS012,1,55,100,2026-01-08,13,False
ASS0010622,STU00499,MOD00094,CRS012,1,84,100,2025-11-28,55,True
ASS0010623,STU00499,MOD00094,CRS012,2,60,100,2025-12-02,39,True
ASS0010624,STU00499,MOD00095,CRS012,1,72,100,2026-01-19,40,True
ASS0010625,STU00499,MOD00016,CRS002,1,89,100,2026-06-11,33,True
ASS0010626,STU00500,MOD00121,CRS016,1,63,100,2025-10-29,31,True
ASS0010627,STU00500,MOD00122,CRS016,1,58,100,2026-01-26,19,True
ASS0010628,STU00500,MOD00122,CRS016,2,69,100,2026-01-24,11,False
ASS0010629,STU00500,MOD00126,CRS016,1,96,100,2026-01-16,44,True
ASS0010630,STU00500,MOD00073,CRS010,1,51,100,2026-03-23,58,True
ASS0010631,STU00500,MOD00073,CRS010,2,74,100,2026-03-19,47,True
ASS0010632,STU00500,MOD00076,CRS010,1,64,100,2026-02-05,49,True
ASS0010633,STU00500,MOD00077,CRS010,1,76,100,2026-03-12,37,True
ASS0010634,STU00500,MOD00077,CRS010,2,97,100,2026-03-10,13,True
ASS0010635,STU00500,MOD00078,CRS010,1,41,100,2026-03-25,49,False
ASS0010636,STU00500,MOD00078,CRS010,2,64,100,2026-03-25,25,True
ASS0010637,STU00500,MOD00078,CRS010,3,91,100,2026-03-23,22,True
ASS0010638,STU00500,MOD00079,CRS010,1,35,100,2026-02-04,34,True
ASS0010639,STU00500,MOD00079,CRS010,2,60,100,2026-02-04,32,False
ASS0010640,STU00500,MOD00079,CRS010,3,78,100,2026-02-05,24,True
ASS0010641,STU00500,MOD00080,CRS010,1,63,100,2026-03-08,57,True
ASS0010642,STU00500,MOD00080,CRS010,2,88,100,2026-03-09,45,True
ASS0010643,STU00500,MOD00080,CRS010,3,89,100,2026-03-11,50,True
ASS0010644,STU00500,MOD00153,CRS020,1,49,100,2026-01-30,55,True
ASS0010645,STU00500,MOD00153,CRS020,2,91,100,2026-01-31,19,False
ASS0010646,STU00500,MOD00158,CRS020,1,66,100,2026-02-14,31,True
ASS0010647,STU00500,MOD00158,CRS020,2,75,100,2026-02-16,49,True
ASS0010648,STU00500,MOD00158,CRS020,3,99,100,2026-02-14,45,True
ASS0010649,STU00500,MOD00159,CRS020,1,33,100,2026-04-07,13,True
ASS0010650,STU00500,MOD00159,CRS020,2,71,100,2026-04-04,53,True
ASS0010651,STU00500,MOD00160,CRS020,1,63,100,2026-02-15,49,True
ASS0010652,STU00500,MOD00160,CRS020,2,77,100,2026-02-13,54,True
ASS0010653,STU00500,MOD00160,CRS020,3,97,100,2026-02-12,48,True
ASS0010654,STU00500,MOD00062,CRS008,1,68,100,2025-06-08,43,True
