progress_id,student_id,module_id,course_id,start_date,completion_date,completion_status,time_spent_hours,progress_percentage
PRG0000001,STU00001,MOD00145,CRS019,2026-01-24,2026-02-22,Completed,2.1,67
PRG0000002,STU00001,MOD00147,CRS019,2026-01-24,2026-03-05,In Progress,11.52,55
PRG0000003,STU00001,MOD00150,CRS019,2026-01-03,2026-01-30,In Progress,2.66,74
PRG0000004,STU00001,MOD00151,CRS019,2026-01-19,2026-03-23,In Progress,2.47,75
PRG0000005,STU00002,MOD00001,CRS001,2025-09-18,2025-11-25,Not Started,4.45,1
PRG0000006,STU00002,MOD00002,CRS001,2025-09-23,2025-09-06,Completed,1.2,13
PRG0000007,STU00002,MOD00003,CRS001,2025-09-08,2025-09-26,In Progress,3.39,4
PRG0000008,STU00002,MOD00004,CRS001,2025-08-30,2025-09-05,Not Started,9.21,27
PRG0000009,STU00002,MOD00005,CRS001,2025-09-17,2025-09-13,In Progress,2.68,77
PRG0000010,STU00002,MOD00006,CRS001,2025-09-18,2025-11-19,Completed,10.19,14
PRG0000011,STU00002,MOD00007,CRS001,2025-09-05,2025-10-05,Completed,8.49,81
PRG0000012,STU00002,MOD00008,CRS001,2025-09-05,2025-10-22,In Progress,10.35,98
PRG0000013,STU00002,MOD00065,CRS009,2026-02-25,2026-03-02,Completed,1.31,49
PRG0000014,STU00002,MOD00066,CRS009,2026-02-21,2026-03-26,Not Started,3.51,56
PRG0000015,STU00002,MOD00067,CRS009,2026-03-21,2026-03-18,In Progress,2.16,62
PRG0000016,STU00002,MOD00068,CRS009,2026-03-09,2026-04-17,Completed,8.08,56
PRG0000017,STU00002,MOD00069,CRS009,2026-02-23,2026-02-25,Completed,6.43,32
PRG0000018,STU00002,MOD00070,CRS009,2026-02-20,2026-04-25,Completed,3.24,4
PRG0000019,STU00002,MOD00071,CRS009,2026-02-28,2026-03-12,In Progress,12.31,73
PRG0000020,STU00002,MOD00072,CRS009,2026-03-14,2026-04-24,Completed,1.81,93
PRG0000021,STU00003,MOD00074,CRS010,2025-07-25,2025-09-13,Not Started,8.77,61
PRG0000022,STU00003,MOD00075,CRS010,2025-08-11,2025-09-09,Completed,1.61,7
PRG0000023,STU00003,MOD00076,CRS010,2025-08-24,2025-10-16,Completed,6.08,43
PRG0000024,STU00003,MOD00077,CRS010,2025-08-08,2025-09-01,In Progress,1.62,5
PRG0000025,STU00003,MOD00079,CRS010,2025-08-03,2025-10-23,Completed,2.49,88
PRG0000026,STU00003,MOD00080,CRS010,2025-07-27,2025-10-14,Completed,1.66,4
PRG0000027,STU00003,MOD00033,CRS005,2025-07-11,2025-09-02,Completed,5.86,69
PRG0000028,STU00003,MOD00034,CRS005,2025-07-03,2025-08-26,Not Started,7.49,2
PRG0000029,STU00003,MOD00035,CRS005,2025-06-19,2025-08-01,In Progress,1.6,15
PRG0000030,STU00003,MOD00036,CRS005,2025-07-08,2025-09-12,Completed,9.93,68
PRG0000031,STU00003,MOD00037,CRS005,2025-07-06,2025-07-18,Not Started,1.07,18
PRG0000032,STU00003,MOD00038,CRS005,2025-06-18,2025-08-18,Not Started,3.16,31
PRG0000033,STU00003,MOD00039,CRS005,2025-06-22,2025-06-20,Completed,1.4,39
PRG0000034,STU00003,MOD00040,CRS005,2025-06-21,2025-08-16,In Progress,6.43,8
PRG0000035,STU00003,MOD00049,CRS007,2025-06-15,2025-08-16,In Progress,2.1,25
PRG0000036,STU00003,MOD00050,CRS007,2025-06-25,2025-08-26,Completed,2.51,87
PRG0000037,STU00003,MOD00051,CRS007,2025-06-04,2025-07-12,In Progress,6.16,97
PRG0000038,STU00003,MOD00052,CRS007,2025-06-05,2025-07-13,Completed,3.19,96
PRG0000039,STU00003,MOD00053,CRS007,2025-06-22,2025-07-18,Completed,3.85,74
PRG0000040,STU00003,MOD00054,CRS007,2025-06-03,2025-08-20,In Progress,2.56,2
PRG0000041,STU00003,MOD00056,CRS007,2025-05-31,2025-06-23,Not Started,9.83,75
PRG0000042,STU00003,MOD00081,CRS011,2025-11-23,2026-02-07,In Progress,6.02,88
PRG0000043,STU00003,MOD00082,CRS011,2025-11-14,2026-01-31,Completed,6.63,30
PRG0000044,STU00003,MOD00083,CRS011,2025-11-29,2026-02-07,Completed,2.71,63
PRG0000045,STU00003,MOD00084,CRS011,2025-11-12,2026-01-30,In Progress,5.22,53
PRG0000046,STU00003,MOD00085,CRS011,2025-11-17,2025-12-05,Completed,4.45,12
PRG0000047,STU00003,MOD00086,CRS011,2025-12-07,2026-01-19,Completed,2.62,80
PRG0000048,STU00003,MOD00087,CRS011,2025-11-18,2025-11-17,Completed,12.15,87
PRG0000049,STU00003,MOD00088,CRS011,2025-12-09,2026-01-10,Completed,1.56,5
PRG0000050,STU00004,MOD00065,CRS009,2025-12-06,2026-01-01,Completed,2.26,78
PRG0000051,STU00004,MOD00066,CRS009,2025-12-19,2026-01-23,Completed,8.03,68
PRG0000052,STU00004,MOD00067,CRS009,2025-12-20,2025-11-29,Completed,1.75,30
PRG0000053,STU00004,MOD00068,CRS009,2025-12-13,2026-02-08,Completed,3.19,86
PRG0000054,STU00004,MOD00069,CRS009,2025-12-02,2025-12-10,Completed,1.93,94
PRG0000055,STU00004,MOD00070,CRS009,2025-12-01,2026-01-13,In Progress,1.26,74
PRG0000056,STU00004,MOD00071,CRS009,2025-12-23,2026-01-20,Completed,12.6,58
PRG0000057,STU00004,MOD00072,CRS009,2025-12-06,2025-12-13,Completed,1.39,45
PRG0000058,STU00004,MOD00121,CRS016,2025-12-01,2026-01-07,Completed,9.65,7
PRG0000059,STU00004,MOD00122,CRS016,2025-11-28,2026-01-24,Completed,1.34,43
PRG0000060,STU00004,MOD00123,CRS016,2025-12-04,2026-02-11,Completed,2.59,78
PRG0000061,STU00004,MOD00124,CRS016,2025-12-13,2026-02-04,In Progress,1.56,66
PRG0000062,STU00004,MOD00125,CRS016,2025-12-01,2026-02-09,Completed,1.93,1
PRG0000063,STU00004,MOD00126,CRS016,2025-12-18,2025-12-27,Completed,4.47,28
PRG0000064,STU00004,MOD00127,CRS016,2025-12-13,2025-12-15,Not Started,9.53,53
PRG0000065,STU00004,MOD00128,CRS016,2025-11-26,2026-01-25,In Progress,5.79,54
PRG0000066,STU00004,MOD00145,CRS019,2025-12-20,2026-02-23,In Progress,2.58,30
PRG0000067,STU00004,MOD00146,CRS019,2025-12-19,2025-11-27,In Progress,3.64,27
PRG0000068,STU00004,MOD00147,CRS019,2025-12-04,2025-12-26,In Progress,2.0,61
PRG0000069,STU00004,MOD00149,CRS019,2025-12-09,2026-02-07,In Progress,1.34,58
PRG0000070,STU00004,MOD00150,CRS019,2025-11-29,2026-01-16,Completed,6.67,80
PRG0000071,STU00004,MOD00151,CRS019,2025-12-15,2025-11-26,In Progress,1.14,88
PRG0000072,STU00004,MOD00152,CRS019,2025-11-26,2026-01-02,Completed,1.94,78
PRG0000073,STU00005,MOD00139,CRS018,2026-02-18,2026-03-05,In Progress,1.27,86
PRG0000074,STU00005,MOD00140,CRS018,2026-01-22,2026-02-05,Completed,7.51,5
PRG0000075,STU00005,MOD00141,CRS018,2026-01-26,2026-04-14,Completed,1.94,90
PRG0000076,STU00005,MOD00143,CRS018,2026-01-31,2026-02-21,Completed,5.22,94
PRG0000077,STU00005,MOD00122,CRS016,2026-02-13,2026-02-19,Completed,2.8,64
PRG0000078,STU00005,MOD00124,CRS016,2026-01-23,2026-03-10,Completed,4.16,67
PRG0000079,STU00006,MOD00129,CRS017,2025-09-11,2025-11-26,Not Started,5.04,8
PRG0000080,STU00006,MOD00130,CRS017,2025-09-28,2025-10-29,Completed,5.3,22
PRG0000081,STU00006,MOD00131,CRS017,2025-09-30,2025-09-10,Completed,1.55,89
PRG0000082,STU00006,MOD00132,CRS017,2025-09-04,2025-09-27,Completed,4.14,37
PRG0000083,STU00006,MOD00133,CRS017,2025-09-21,2025-11-09,Not Started,6.92,53
PRG0000084,STU00006,MOD00134,CRS017,2025-09-20,2025-09-03,Completed,1.69,29
PRG0000085,STU00006,MOD00135,CRS017,2025-09-16,2025-11-22,Completed,7.37,83
PRG0000086,STU00006,MOD00136,CRS017,2025-09-10,2025-11-02,Completed,6.57,70
PRG0000087,STU00007,MOD00009,CRS002,2025-06-15,2025-08-18,Completed,10.87,21
PRG0000088,STU00007,MOD00010,CRS002,2025-06-13,2025-08-07,Completed,4.6,6
PRG0000089,STU00007,MOD00011,CRS002,2025-06-15,2025-08-04,Not Started,6.88,20
PRG0000090,STU00007,MOD00012,CRS002,2025-06-15,2025-06-30,Not Started,7.71,88
PRG0000091,STU00007,MOD00013,CRS002,2025-07-01,2025-06-26,Completed,2.46,40
PRG0000092,STU00007,MOD00014,CRS002,2025-06-20,2025-07-10,Completed,2.33,90
PRG0000093,STU00007,MOD00015,CRS002,2025-06-16,2025-07-21,Completed,6.61,20
PRG0000094,STU00007,MOD00016,CRS002,2025-06-09,2025-06-10,Completed,6.49,18
PRG0000095,STU00008,MOD00034,CRS005,2026-04-23,2026-06-09,Not Started,3.65,90
PRG0000096,STU00008,MOD00035,CRS005,2026-04-28,2026-05-08,Not Started,11.56,73
PRG0000097,STU00008,MOD00036,CRS005,2026-04-25,2026-06-12,In Progress,9.76,43
PRG0000098,STU00008,MOD00037,CRS005,2026-04-23,2026-06-01,Not Started,1.28,70
PRG0000099,STU00008,MOD00038,CRS005,2026-03-31,2026-05-22,In Progress,1.77,45
PRG0000100,STU00008,MOD00039,CRS005,2026-04-01,2026-06-17,In Progress,5.67,28
PRG0000101,STU00008,MOD00040,CRS005,2026-04-24,2026-05-06,Completed,1.54,57
PRG0000102,STU00008,MOD00057,CRS008,2026-01-04,2025-12-17,Not Started,4.16,62
PRG0000103,STU00008,MOD00058,CRS008,2025-12-24,2026-02-09,Not Started,8.27,46
PRG0000104,STU00008,MOD00059,CRS008,2025-12-27,2026-01-29,Completed,2.3,36
PRG0000105,STU00008,MOD00060,CRS008,2025-12-14,2026-02-01,In Progress,2.09,93
PRG0000106,STU00008,MOD00061,CRS008,2025-12-28,2026-01-28,In Progress,4.61,93
PRG0000107,STU00008,MOD00062,CRS008,2025-12-18,2026-01-28,Completed,8.34,11
PRG0000108,STU00008,MOD00063,CRS008,2025-12-14,2026-02-04,Not Started,2.84,42
PRG0000109,STU00008,MOD00064,CRS008,2026-01-04,2026-02-19,In Progress,2.11,52
PRG0000110,STU00008,MOD00017,CRS003,2026-02-07,2026-04-15,Completed,4.69,17
PRG0000111,STU00008,MOD00018,CRS003,2026-02-28,2026-03-23,Completed,2.72,38
PRG0000112,STU00008,MOD00020,CRS003,2026-02-19,2026-04-03,Completed,4.96,19
PRG0000113,STU00008,MOD00021,CRS003,2026-03-04,2026-04-25,In Progress,4.07,83
PRG0000114,STU00008,MOD00022,CRS003,2026-02-11,2026-03-28,Completed,12.33,82
PRG0000115,STU00008,MOD00023,CRS003,2026-02-05,2026-03-10,Completed,5.85,76
PRG0000116,STU00008,MOD00153,CRS020,2025-12-23,2026-01-30,In Progress,5.08,60
PRG0000117,STU00008,MOD00154,CRS020,2025-12-31,2025-12-21,Completed,11.26,2
PRG0000118,STU00008,MOD00155,CRS020,2025-12-10,2026-02-18,Completed,4.52,88
PRG0000119,STU00008,MOD00156,CRS020,2025-12-10,2025-12-12,Completed,4.99,45
PRG0000120,STU00008,MOD00157,CRS020,2025-12-14,2026-02-11,In Progress,1.73,24
PRG0000121,STU00008,MOD00158,CRS020,2025-12-10,2025-12-18,Completed,3.09,41
PRG0000122,STU00008,MOD00159,CRS020,2025-12-31,2026-03-03,In Progress,4.39,89
PRG0000123,STU00008,MOD00160,CRS020,2025-12-08,2026-02-12,Completed,8.82,1
PRG0000124,STU00009,MOD00121,CRS016,2025-11-06,2025-12-15,Completed,12.51,20
PRG0000125,STU00009,MOD00122,CRS016,2025-10-17,2025-12-17,Completed,1.38,71
PRG0000126,STU00009,MOD00153,CRS020,2026-04-27,2026-04-23,Completed,1.85,2
PRG0000127,STU00009,MOD00154,CRS020,2026-04-22,2026-07-11,Completed,12.44,76
PRG0000128,STU00009,MOD00155,CRS020,2026-04-23,2026-05-06,In Progress,1.32,15
PRG0000129,STU00009,MOD00156,CRS020,2026-05-10,2026-07-11,Completed,3.15,16
PRG0000130,STU00009,MOD00157,CRS020,2026-04-15,2026-06-07,In Progress,8.45,9
PRG0000131,STU00009,MOD00158,CRS020,2026-04-28,2026-06-08,Completed,2.35,84
PRG0000132,STU00009,MOD00159,CRS020,2026-04-14,2026-06-13,Completed,4.16,8
PRG0000133,STU00009,MOD00160,CRS020,2026-04-13,2026-04-26,In Progress,9.74,26
PRG0000134,STU00009,MOD00001,CRS001,2026-03-11,2026-04-04,Completed,2.6,95
PRG0000135,STU00009,MOD00004,CRS001,2026-02-23,2026-04-24,In Progress,8.66,64
PRG0000136,STU00009,MOD00005,CRS001,2026-02-21,2026-05-04,In Progress,8.4,91
PRG0000137,STU00009,MOD00006,CRS001,2026-02-27,2026-03-12,Not Started,6.1,92
PRG0000138,STU00009,MOD00007,CRS001,2026-02-24,2026-04-24,In Progress,4.8,89
PRG0000139,STU00009,MOD00008,CRS001,2026-03-04,2026-05-16,Not Started,3.53,45
PRG0000140,STU00009,MOD00137,CRS018,2025-11-05,2025-11-19,Completed,11.66,40
PRG0000141,STU00009,MOD00138,CRS018,2025-10-23,2025-12-26,Completed,5.95,90
PRG0000142,STU00009,MOD00139,CRS018,2025-11-12,2025-10-26,Completed,3.47,49
PRG0000143,STU00009,MOD00140,CRS018,2025-11-08,2025-11-29,In Progress,12.78,28
PRG0000144,STU00009,MOD00142,CRS018,2025-11-16,2025-12-14,Completed,1.77,60
PRG0000145,STU00009,MOD00144,CRS018,2025-10-20,2026-01-15,Completed,1.37,56
PRG0000146,STU00009,MOD00106,CRS014,2026-01-14,2026-02-23,In Progress,11.75,94
PRG0000147,STU00009,MOD00109,CRS014,2026-01-08,2026-02-15,Completed,9.02,51
PRG0000148,STU00009,MOD00110,CRS014,2026-01-28,2026-02-26,In Progress,4.9,91
PRG0000149,STU00009,MOD00112,CRS014,2026-01-26,2026-03-26,Not Started,1.71,85
PRG0000150,STU00010,MOD00041,CRS006,2026-04-28,2026-06-18,Completed,11.75,13
PRG0000151,STU00010,MOD00042,CRS006,2026-04-28,2026-06-16,Completed,4.3,3
PRG0000152,STU00010,MOD00043,CRS006,2026-04-14,2026-04-22,Completed,1.17,22
PRG0000153,STU00010,MOD00044,CRS006,2026-05-04,2026-05-25,Completed,9.71,12
PRG0000154,STU00010,MOD00046,CRS006,2026-04-29,2026-06-16,In Progress,3.22,84
PRG0000155,STU00010,MOD00047,CRS006,2026-04-29,2026-05-17,Completed,11.12,69
PRG0000156,STU00010,MOD00048,CRS006,2026-05-13,2026-04-18,Not Started,5.4,15
PRG0000157,STU00010,MOD00025,CRS004,2026-04-25,2026-06-09,Completed,1.41,71
PRG0000158,STU00010,MOD00029,CRS004,2026-04-26,2026-05-01,Completed,5.86,97
PRG0000159,STU00010,MOD00030,CRS004,2026-05-04,2026-06-15,In Progress,6.48,73
PRG0000160,STU00010,MOD00031,CRS004,2026-04-30,2026-05-04,Completed,3.54,63
PRG0000161,STU00010,MOD00145,CRS019,2026-05-04,2026-05-29,In Progress,2.0,7
PRG0000162,STU00010,MOD00146,CRS019,2026-04-14,2026-04-30,In Progress,3.27,94
PRG0000163,STU00010,MOD00147,CRS019,2026-05-07,2026-07-03,Completed,2.07,44
PRG0000164,STU00010,MOD00148,CRS019,2026-04-26,2026-05-28,Completed,1.49,30
PRG0000165,STU00010,MOD00149,CRS019,2026-05-01,2026-04-24,Not Started,1.92,39
PRG0000166,STU00010,MOD00150,CRS019,2026-04-18,2026-04-16,Completed,1.24,84
PRG0000167,STU00010,MOD00151,CRS019,2026-05-01,2026-06-18,Not Started,1.53,89
PRG0000168,STU00010,MOD00152,CRS019,2026-04-13,2026-05-24,Completed,2.37,73
PRG0000169,STU00011,MOD00097,CRS013,2025-09-26,2025-09-16,In Progress,8.5,36
PRG0000170,STU00011,MOD00098,CRS013,2025-09-15,2025-11-19,Completed,2.81,95
PRG0000171,STU00011,MOD00103,CRS013,2025-09-24,2025-11-13,Completed,1.73,9
PRG0000172,STU00011,MOD00017,CRS003,2026-01-16,2026-01-30,Completed,4.51,25
PRG0000173,STU00011,MOD00018,CRS003,2025-12-30,2026-03-12,Completed,3.35,70
PRG0000174,STU00011,MOD00019,CRS003,2025-12-22,2026-03-13,In Progress,11.78,73
PRG0000175,STU00011,MOD00020,CRS003,2026-01-12,2026-02-20,Completed,4.19,78
PRG0000176,STU00011,MOD00021,CRS003,2026-01-20,2026-02-16,Not Started,5.72,7
PRG0000177,STU00011,MOD00022,CRS003,2026-01-02,2026-02-20,Completed,2.88,87
PRG0000178,STU00011,MOD00023,CRS003,2026-01-18,2026-02-16,Completed,5.3,8
PRG0000179,STU00011,MOD00024,CRS003,2026-01-18,2026-02-13,Completed,5.02,20
PRG0000180,STU00011,MOD00090,CRS012,2025-06-26,2025-07-13,Completed,4.44,39
PRG0000181,STU00011,MOD00093,CRS012,2025-07-13,2025-06-28,Completed,4.41,3
PRG0000182,STU00011,MOD00094,CRS012,2025-07-18,2025-07-29,In Progress,3.2,5
PRG0000183,STU00012,MOD00073,CRS010,2026-03-04,2026-02-16,Completed,2.94,8
PRG0000184,STU00012,MOD00074,CRS010,2026-02-18,2026-03-24,In Progress,9.41,50
PRG0000185,STU00012,MOD00075,CRS010,2026-02-28,2026-02-23,Completed,2.14,64
PRG0000186,STU00012,MOD00076,CRS010,2026-02-21,2026-05-02,In Progress,10.02,67
PRG0000187,STU00012,MOD00077,CRS010,2026-03-05,2026-02-17,Completed,1.43,40
PRG0000188,STU00012,MOD00078,CRS010,2026-02-23,2026-03-27,In Progress,4.72,54
PRG0000189,STU00012,MOD00079,CRS010,2026-02-08,2026-02-28,Completed,4.84,52
PRG0000190,STU00012,MOD00080,CRS010,2026-02-23,2026-02-13,Completed,2.31,14
PRG0000191,STU00013,MOD00017,CRS003,2025-12-30,2026-02-16,Completed,5.81,6
PRG0000192,STU00013,MOD00018,CRS003,2025-12-25,2026-02-24,Completed,2.93,39
PRG0000193,STU00013,MOD00019,CRS003,2025-12-22,2026-01-16,Not Started,9.57,68
PRG0000194,STU00013,MOD00020,CRS003,2025-12-27,2026-01-26,Completed,5.55,50
PRG0000195,STU00013,MOD00021,CRS003,2025-12-29,2026-01-02,Completed,7.09,96
PRG0000196,STU00013,MOD00022,CRS003,2025-12-06,2025-12-21,Not Started,8.89,98
PRG0000197,STU00013,MOD00023,CRS003,2025-12-25,2025-12-05,Completed,1.4,99
PRG0000198,STU00013,MOD00024,CRS003,2025-12-15,2026-01-22,Not Started,5.66,54
PRG0000199,STU00014,MOD00137,CRS018,2025-10-21,2025-10-08,In Progress,10.78,64
PRG0000200,STU00014,MOD00138,CRS018,2025-10-08,2025-12-12,In Progress,4.56,41
PRG0000201,STU00014,MOD00139,CRS018,2025-09-25,2025-10-02,In Progress,1.92,56
PRG0000202,STU00014,MOD00140,CRS018,2025-09-29,2025-09-26,Completed,9.8,40
PRG0000203,STU00014,MOD00141,CRS018,2025-09-28,2025-10-16,Completed,10.99,98
PRG0000204,STU00014,MOD00142,CRS018,2025-10-19,2025-10-12,In Progress,8.54,40
PRG0000205,STU00014,MOD00143,CRS018,2025-10-22,2025-10-13,Completed,5.47,41
PRG0000206,STU00014,MOD00144,CRS018,2025-10-01,2025-10-06,Completed,1.64,48
PRG0000207,STU00014,MOD00122,CRS016,2025-09-13,2025-08-17,Not Started,2.29,80
PRG0000208,STU00014,MOD00123,CRS016,2025-08-16,2025-10-13,Completed,2.4,21
PRG0000209,STU00014,MOD00124,CRS016,2025-09-02,2025-10-08,In Progress,1.97,47
PRG0000210,STU00014,MOD00125,CRS016,2025-09-01,2025-08-30,Completed,2.05,98
PRG0000211,STU00014,MOD00127,CRS016,2025-09-04,2025-10-17,Completed,7.78,24
PRG0000212,STU00014,MOD00009,CRS002,2025-09-16,2025-10-27,Completed,6.39,26
PRG0000213,STU00014,MOD00012,CRS002,2025-09-14,2025-09-18,Completed,4.27,18
PRG0000214,STU00014,MOD00013,CRS002,2025-09-01,2025-09-24,In Progress,12.34,47
PRG0000215,STU00014,MOD00016,CRS002,2025-09-08,2025-09-11,In Progress,11.72,50
PRG0000216,STU00014,MOD00001,CRS001,2025-11-27,2025-12-25,In Progress,9.1,32
PRG0000217,STU00014,MOD00002,CRS001,2025-11-22,2025-11-13,Completed,2.86,60
PRG0000218,STU00014,MOD00003,CRS001,2025-11-24,2026-01-30,Not Started,6.68,95
PRG0000219,STU00014,MOD00004,CRS001,2025-11-05,2025-12-08,Completed,5.76,50
PRG0000220,STU00014,MOD00005,CRS001,2025-11-09,2026-01-16,Completed,3.51,21
PRG0000221,STU00014,MOD00006,CRS001,2025-12-04,2025-12-19,In Progress,2.25,40
PRG0000222,STU00014,MOD00007,CRS001,2025-11-18,2025-11-24,Completed,3.51,16
PRG0000223,STU00014,MOD00008,CRS001,2025-12-01,2025-12-11,In Progress,13.97,36
PRG0000224,STU00015,MOD00145,CRS019,2026-04-16,2026-04-24,Completed,2.53,21
PRG0000225,STU00015,MOD00146,CRS019,2026-04-05,2026-04-10,Completed,7.0,81
PRG0000226,STU00015,MOD00148,CRS019,2026-03-25,2026-03-28,Completed,1.07,33
PRG0000227,STU00015,MOD00149,CRS019,2026-04-04,2026-05-16,Completed,13.53,63
PRG0000228,STU00015,MOD00150,CRS019,2026-04-01,2026-06-01,Completed,4.2,92
PRG0000229,STU00015,MOD00152,CRS019,2026-03-23,2026-04-17,In Progress,1.63,21
PRG0000230,STU00015,MOD00026,CRS004,2025-08-07,2025-09-30,Completed,10.48,0
PRG0000231,STU00015,MOD00027,CRS004,2025-08-04,2025-08-10,Completed,2.08,98
PRG0000232,STU00015,MOD00028,CRS004,2025-07-20,2025-08-29,Completed,7.47,87
PRG0000233,STU00015,MOD00029,CRS004,2025-07-28,2025-10-01,Not Started,2.33,41
PRG0000234,STU00015,MOD00030,CRS004,2025-07-19,2025-09-14,In Progress,6.28,58
PRG0000235,STU00015,MOD00031,CRS004,2025-07-25,2025-10-02,In Progress,3.14,5
PRG0000236,STU00015,MOD00032,CRS004,2025-08-16,2025-09-13,Completed,5.76,93
PRG0000237,STU00015,MOD00130,CRS017,2025-05-18,2025-04-28,In Progress,4.11,7
PRG0000238,STU00015,MOD00134,CRS017,2025-04-29,2025-05-14,Completed,9.48,51
PRG0000239,STU00015,MOD00135,CRS017,2025-05-18,2025-05-18,Completed,9.57,36
PRG0000240,STU00016,MOD00121,CRS016,2025-06-06,2025-07-30,In Progress,10.2,39
PRG0000241,STU00016,MOD00124,CRS016,2025-05-31,2025-07-15,Completed,4.18,49
PRG0000242,STU00016,MOD00125,CRS016,2025-06-15,2025-08-13,Completed,2.51,47
PRG0000243,STU00016,MOD00127,CRS016,2025-06-10,2025-06-09,Completed,4.25,59
PRG0000244,STU00016,MOD00065,CRS009,2026-03-19,2026-03-17,Not Started,3.64,82
PRG0000245,STU00016,MOD00066,CRS009,2026-03-06,2026-04-26,Completed,9.62,61
PRG0000246,STU00016,MOD00067,CRS009,2026-03-01,2026-05-24,Not Started,6.47,66
PRG0000247,STU00016,MOD00068,CRS009,2026-03-15,2026-03-04,Completed,11.09,65
PRG0000248,STU00016,MOD00069,CRS009,2026-03-10,2026-04-19,Completed,7.28,72
PRG0000249,STU00016,MOD00070,CRS009,2026-03-08,2026-03-30,Completed,3.69,2
PRG0000250,STU00016,MOD00071,CRS009,2026-03-18,2026-04-26,Completed,3.28,50
PRG0000251,STU00016,MOD00072,CRS009,2026-03-10,2026-04-05,Completed,2.45,96
PRG0000252,STU00016,MOD00009,CRS002,2026-04-09,2026-05-15,Not Started,11.89,23
PRG0000253,STU00016,MOD00010,CRS002,2026-04-03,2026-06-18,Completed,9.42,55
PRG0000254,STU00016,MOD00011,CRS002,2026-04-01,2026-05-22,Completed,2.63,61
PRG0000255,STU00016,MOD00012,CRS002,2026-04-13,2026-06-25,Not Started,5.82,62
PRG0000256,STU00016,MOD00013,CRS002,2026-04-27,2026-06-19,Completed,9.42,88
PRG0000257,STU00016,MOD00014,CRS002,2026-04-26,2026-05-10,Completed,1.88,24
PRG0000258,STU00016,MOD00015,CRS002,2026-04-01,2026-06-30,Not Started,11.74,26
PRG0000259,STU00016,MOD00016,CRS002,2026-04-05,2026-06-24,Completed,10.26,68
PRG0000260,STU00016,MOD00020,CRS003,2025-06-30,2025-07-15,In Progress,3.23,62
PRG0000261,STU00016,MOD00146,CRS019,2025-11-10,2025-11-24,In Progress,5.64,53
PRG0000262,STU00016,MOD00149,CRS019,2025-11-27,2025-12-18,Completed,6.6,65
PRG0000263,STU00016,MOD00150,CRS019,2025-11-29,2026-02-05,Not Started,6.64,29
PRG0000264,STU00016,MOD00152,CRS019,2025-11-23,2026-01-23,Completed,1.22,82
PRG0000265,STU00017,MOD00145,CRS019,2026-03-09,2026-03-09,Completed,4.29,44
PRG0000266,STU00017,MOD00146,CRS019,2026-03-07,2026-02-25,Completed,5.72,60
PRG0000267,STU00017,MOD00147,CRS019,2026-03-01,2026-04-28,Completed,11.0,43
PRG0000268,STU00017,MOD00148,CRS019,2026-03-21,2026-05-18,Completed,2.77,92
PRG0000269,STU00017,MOD00149,CRS019,2026-03-24,2026-04-17,In Progress,10.42,94
PRG0000270,STU00017,MOD00150,CRS019,2026-03-09,2026-03-15,In Progress,2.84,95
PRG0000271,STU00017,MOD00151,CRS019,2026-03-09,2026-03-11,Completed,1.31,62
PRG0000272,STU00017,MOD00152,CRS019,2026-03-07,2026-04-27,Completed,1.73,6
PRG0000273,STU00017,MOD00033,CRS005,2026-03-05,2026-03-28,Completed,2.98,64
PRG0000274,STU00017,MOD00034,CRS005,2026-02-24,2026-04-07,Completed,5.94,15
PRG0000275,STU00017,MOD00035,CRS005,2026-03-09,2026-03-28,Not Started,11.99,98
PRG0000276,STU00017,MOD00036,CRS005,2026-03-22,2026-05-05,Completed,2.44,88
PRG0000277,STU00017,MOD00037,CRS005,2026-03-13,2026-05-19,Completed,1.1,56
PRG0000278,STU00017,MOD00038,CRS005,2026-03-24,2026-03-09,Not Started,3.74,78
PRG0000279,STU00017,MOD00039,CRS005,2026-03-24,2026-03-08,In Progress,1.34,13
PRG0000280,STU00017,MOD00040,CRS005,2026-02-25,2026-03-21,Not Started,2.02,37
PRG0000281,STU00018,MOD00017,CRS003,2026-02-24,2026-04-06,Completed,6.66,19
PRG0000282,STU00018,MOD00018,CRS003,2026-02-10,2026-02-18,Completed,1.71,53
PRG0000283,STU00018,MOD00019,CRS003,2026-01-31,2026-03-04,In Progress,6.92,36
PRG0000284,STU00018,MOD00020,CRS003,2026-02-02,2026-03-07,Completed,4.77,46
PRG0000285,STU00018,MOD00021,CRS003,2026-02-07,2026-02-20,In Progress,4.44,100
PRG0000286,STU00018,MOD00022,CRS003,2026-02-25,2026-03-27,Completed,6.12,58
PRG0000287,STU00018,MOD00023,CRS003,2026-02-16,2026-04-29,Completed,1.15,18
PRG0000288,STU00018,MOD00024,CRS003,2026-02-22,2026-04-08,Not Started,2.19,40
PRG0000289,STU00018,MOD00076,CRS010,2026-03-01,2026-04-24,Completed,6.46,80
PRG0000290,STU00018,MOD00041,CRS006,2026-02-28,2026-04-29,In Progress,13.23,92
PRG0000291,STU00018,MOD00042,CRS006,2026-03-01,2026-03-17,Completed,1.98,67
PRG0000292,STU00018,MOD00043,CRS006,2026-02-04,2026-05-01,Completed,5.19,69
PRG0000293,STU00018,MOD00044,CRS006,2026-02-19,2026-04-25,Completed,5.83,100
PRG0000294,STU00018,MOD00045,CRS006,2026-02-24,2026-02-26,In Progress,1.55,68
PRG0000295,STU00018,MOD00046,CRS006,2026-02-23,2026-02-17,Completed,6.95,27
PRG0000296,STU00018,MOD00047,CRS006,2026-02-17,2026-03-12,Completed,10.46,20
PRG0000297,STU00018,MOD00048,CRS006,2026-02-28,2026-04-11,Completed,2.21,99
PRG0000298,STU00018,MOD00057,CRS008,2026-02-13,2026-04-06,Completed,1.48,47
PRG0000299,STU00018,MOD00058,CRS008,2026-02-16,2026-03-18,Completed,7.05,15
PRG0000300,STU00018,MOD00059,CRS008,2026-02-18,2026-02-01,Completed,4.44,95
PRG0000301,STU00018,MOD00060,CRS008,2026-02-18,2026-04-22,In Progress,11.56,29
PRG0000302,STU00018,MOD00061,CRS008,2026-02-09,2026-04-27,In Progress,9.94,86
PRG0000303,STU00018,MOD00062,CRS008,2026-02-12,2026-04-08,In Progress,2.32,66
PRG0000304,STU00018,MOD00063,CRS008,2026-02-26,2026-03-19,Completed,1.51,54
PRG0000305,STU00018,MOD00064,CRS008,2026-02-02,2026-02-12,Completed,12.11,60
PRG0000306,STU00019,MOD00033,CRS005,2026-01-29,2026-03-17,Completed,7.99,99
PRG0000307,STU00019,MOD00034,CRS005,2026-01-16,2026-03-24,Completed,4.39,56
PRG0000308,STU00019,MOD00038,CRS005,2026-01-13,2026-01-27,Completed,2.7,58
PRG0000309,STU00019,MOD00039,CRS005,2026-01-30,2026-03-15,In Progress,1.94,27
PRG0000310,STU00019,MOD00017,CRS003,2026-03-10,2026-05-16,Completed,7.19,77
PRG0000311,STU00019,MOD00018,CRS003,2026-03-08,2026-03-21,Completed,2.01,66
PRG0000312,STU00019,MOD00019,CRS003,2026-03-16,2026-04-14,Not Started,4.79,62
PRG0000313,STU00019,MOD00020,CRS003,2026-03-09,2026-03-24,In Progress,3.11,39
PRG0000314,STU00019,MOD00021,CRS003,2026-03-11,2026-03-29,In Progress,4.18,15
PRG0000315,STU00019,MOD00022,CRS003,2026-03-07,2026-03-11,Completed,8.16,72
PRG0000316,STU00019,MOD00023,CRS003,2026-03-15,2026-04-23,Completed,4.6,77
PRG0000317,STU00019,MOD00024,CRS003,2026-03-09,2026-05-09,In Progress,11.66,85
PRG0000318,STU00019,MOD00134,CRS017,2025-09-12,2025-10-14,Completed,11.54,56
PRG0000319,STU00019,MOD00089,CRS012,2025-08-14,2025-10-16,In Progress,10.9,71
PRG0000320,STU00019,MOD00090,CRS012,2025-08-16,2025-10-07,Completed,14.37,69
PRG0000321,STU00019,MOD00091,CRS012,2025-07-28,2025-10-08,Completed,8.13,64
PRG0000322,STU00019,MOD00093,CRS012,2025-08-25,2025-10-04,Completed,1.24,100
PRG0000323,STU00019,MOD00094,CRS012,2025-08-22,2025-10-10,Completed,11.09,77
PRG0000324,STU00019,MOD00095,CRS012,2025-08-14,2025-08-02,Completed,5.67,43
PRG0000325,STU00019,MOD00096,CRS012,2025-08-09,2025-07-31,In Progress,4.97,32
PRG0000326,STU00020,MOD00153,CRS020,2025-12-04,2026-02-09,Completed,1.94,32
PRG0000327,STU00020,MOD00154,CRS020,2025-12-05,2026-01-10,Not Started,10.5,7
PRG0000328,STU00020,MOD00155,CRS020,2025-12-11,2025-12-25,Completed,1.64,49
PRG0000329,STU00020,MOD00156,CRS020,2025-12-05,2026-01-23,In Progress,3.45,15
PRG0000330,STU00020,MOD00157,CRS020,2025-12-08,2026-02-16,Completed,5.68,96
PRG0000331,STU00020,MOD00158,CRS020,2025-12-31,2025-12-16,Completed,4.98,70
PRG0000332,STU00020,MOD00159,CRS020,2025-12-16,2025-12-05,Completed,3.92,2
PRG0000333,STU00020,MOD00160,CRS020,2025-12-31,2026-02-15,In Progress,3.34,71
PRG0000334,STU00020,MOD00097,CRS013,2025-06-10,2025-07-15,Completed,7.24,81
PRG0000335,STU00020,MOD00098,CRS013,2025-07-01,2025-06-25,Completed,8.88,100
PRG0000336,STU00020,MOD00099,CRS013,2025-07-06,2025-07-31,Not Started,5.44,5
PRG0000337,STU00020,MOD00100,CRS013,2025-06-20,2025-08-25,Completed,7.32,0
PRG0000338,STU00020,MOD00101,CRS013,2025-07-05,2025-08-07,Completed,1.5,87
PRG0000339,STU00020,MOD00102,CRS013,2025-06-17,2025-08-26,Completed,3.94,36
PRG0000340,STU00020,MOD00103,CRS013,2025-06-29,2025-08-14,Completed,2.05,50
PRG0000341,STU00020,MOD00104,CRS013,2025-07-02,2025-06-24,In Progress,8.99,55
PRG0000342,STU00020,MOD00088,CRS011,2025-07-05,2025-07-26,Completed,2.61,76
PRG0000343,STU00020,MOD00001,CRS001,2026-03-04,2026-05-03,Completed,11.14,77
PRG0000344,STU00020,MOD00002,CRS001,2026-03-03,2026-02-05,In Progress,1.83,89
PRG0000345,STU00020,MOD00003,CRS001,2026-02-27,2026-03-26,Completed,8.48,83
PRG0000346,STU00020,MOD00004,CRS001,2026-02-20,2026-02-07,In Progress,11.2,56
PRG0000347,STU00020,MOD00005,CRS001,2026-02-14,2026-03-24,In Progress,6.01,22
PRG0000348,STU00020,MOD00006,CRS001,2026-02-28,2026-05-04,Not Started,2.19,47
PRG0000349,STU00020,MOD00007,CRS001,2026-02-17,2026-02-05,Completed,1.16,35
PRG0000350,STU00020,MOD00008,CRS001,2026-02-25,2026-03-21,Completed,12.43,80
PRG0000351,STU00020,MOD00066,CRS009,2025-08-30,2025-10-01,Completed,5.68,90
PRG0000352,STU00020,MOD00068,CRS009,2025-08-21,2025-11-05,Completed,10.57,72
PRG0000353,STU00020,MOD00070,CRS009,2025-08-21,2025-11-08,In Progress,3.35,77
PRG0000354,STU00020,MOD00072,CRS009,2025-08-19,2025-08-24,Completed,2.87,29
PRG0000355,STU00021,MOD00145,CRS019,2025-12-09,2025-12-26,In Progress,1.08,88
PRG0000356,STU00021,MOD00146,CRS019,2025-12-20,2026-01-03,In Progress,6.74,0
PRG0000357,STU00021,MOD00148,CRS019,2025-12-31,2026-02-23,Completed,2.88,55
PRG0000358,STU00021,MOD00150,CRS019,2025-12-04,2026-02-27,Completed,4.22,66
PRG0000359,STU00021,MOD00151,CRS019,2025-12-29,2025-12-30,Completed,2.84,68
PRG0000360,STU00021,MOD00152,CRS019,2025-12-01,2026-01-21,Completed,1.29,73
PRG0000361,STU00021,MOD00097,CRS013,2025-12-02,2025-12-08,Not Started,6.93,9
PRG0000362,STU00021,MOD00098,CRS013,2025-11-15,2025-12-01,Completed,1.5,80
PRG0000363,STU00021,MOD00099,CRS013,2025-11-24,2026-01-04,In Progress,5.74,80
PRG0000364,STU00021,MOD00100,CRS013,2025-12-05,2025-12-12,Completed,4.08,43
PRG0000365,STU00021,MOD00101,CRS013,2025-12-05,2025-12-22,Completed,1.47,9
PRG0000366,STU00021,MOD00102,CRS013,2025-11-28,2026-01-05,In Progress,3.19,74
PRG0000367,STU00021,MOD00103,CRS013,2025-11-10,2025-11-14,Completed,4.12,88
PRG0000368,STU00021,MOD00104,CRS013,2025-11-13,2025-11-17,Not Started,4.54,38
PRG0000369,STU00022,MOD00017,CRS003,2026-02-21,2026-05-16,Completed,1.34,48
PRG0000370,STU00022,MOD00018,CRS003,2026-03-09,2026-04-12,Completed,3.1,84
PRG0000371,STU00022,MOD00019,CRS003,2026-03-04,2026-04-09,Completed,6.35,79
PRG0000372,STU00022,MOD00020,CRS003,2026-02-28,2026-05-13,Not Started,4.91,58
PRG0000373,STU00022,MOD00021,CRS003,2026-03-08,2026-03-15,Completed,1.08,91
PRG0000374,STU00022,MOD00022,CRS003,2026-03-15,2026-03-15,Not Started,2.57,65
PRG0000375,STU00022,MOD00023,CRS003,2026-03-03,2026-04-21,In Progress,3.22,31
PRG0000376,STU00022,MOD00024,CRS003,2026-02-19,2026-02-26,Completed,9.18,65
PRG0000377,STU00022,MOD00153,CRS020,2025-05-19,2025-07-24,In Progress,6.04,18
PRG0000378,STU00022,MOD00154,CRS020,2025-05-29,2025-06-23,Completed,14.58,66
PRG0000379,STU00022,MOD00155,CRS020,2025-05-31,2025-05-29,Completed,6.58,71
PRG0000380,STU00022,MOD00156,CRS020,2025-05-23,2025-06-24,Completed,2.9,25
PRG0000381,STU00022,MOD00157,CRS020,2025-05-20,2025-06-04,In Progress,7.6,59
PRG0000382,STU00022,MOD00158,CRS020,2025-05-20,2025-07-24,Completed,5.2,38
PRG0000383,STU00022,MOD00159,CRS020,2025-05-15,2025-05-24,Completed,10.86,5
PRG0000384,STU00022,MOD00160,CRS020,2025-06-08,2025-05-11,In Progress,7.59,59
PRG0000385,STU00023,MOD00097,CRS013,2025-07-05,2025-07-25,In Progress,6.26,51
PRG0000386,STU00023,MOD00098,CRS013,2025-06-12,2025-07-29,Completed,3.86,71
PRG0000387,STU00023,MOD00099,CRS013,2025-06-21,2025-08-08,Completed,5.69,97
PRG0000388,STU00023,MOD00100,CRS013,2025-06-12,2025-07-08,Completed,2.13,33
PRG0000389,STU00023,MOD00102,CRS013,2025-06-29,2025-07-14,Completed,1.08,33
PRG0000390,STU00023,MOD00104,CRS013,2025-07-03,2025-06-30,Completed,7.3,14
PRG0000391,STU00023,MOD00081,CRS011,2025-07-20,2025-08-06,Completed,3.42,21
PRG0000392,STU00023,MOD00087,CRS011,2025-07-10,2025-07-23,In Progress,3.68,48
PRG0000393,STU00024,MOD00113,CRS015,2026-03-12,2026-03-24,Not Started,11.68,75
PRG0000394,STU00024,MOD00114,CRS015,2026-03-09,2026-03-30,In Progress,4.6,6
PRG0000395,STU00024,MOD00116,CRS015,2026-02-24,2026-04-27,Not Started,8.09,26
PRG0000396,STU00024,MOD00089,CRS012,2026-03-20,2026-05-14,In Progress,6.24,66
PRG0000397,STU00024,MOD00091,CRS012,2026-03-03,2026-04-29,In Progress,7.8,63
PRG0000398,STU00024,MOD00065,CRS009,2026-03-20,2026-03-18,Completed,2.17,27
PRG0000399,STU00024,MOD00066,CRS009,2026-03-20,2026-04-10,Completed,9.89,47
PRG0000400,STU00024,MOD00067,CRS009,2026-02-22,2026-03-10,In Progress,2.92,66
PRG0000401,STU00024,MOD00068,CRS009,2026-03-10,2026-02-26,Completed,7.83,54
PRG0000402,STU00024,MOD00069,CRS009,2026-03-05,2026-04-14,Completed,5.73,34
PRG0000403,STU00024,MOD00070,CRS009,2026-02-25,2026-04-18,Completed,3.26,45
PRG0000404,STU00024,MOD00071,CRS009,2026-03-01,2026-04-26,Completed,9.05,100
PRG0000405,STU00024,MOD00072,CRS009,2026-02-27,2026-03-05,Completed,1.72,69
PRG0000406,STU00025,MOD00137,CRS018,2025-12-15,2026-01-07,Completed,12.42,87
PRG0000407,STU00025,MOD00139,CRS018,2025-12-24,2025-12-23,Not Started,4.76,94
PRG0000408,STU00025,MOD00141,CRS018,2025-12-29,2026-01-13,Completed,5.85,51
PRG0000409,STU00025,MOD00129,CRS017,2025-08-11,2025-09-26,Not Started,5.76,50
PRG0000410,STU00025,MOD00130,CRS017,2025-08-14,2025-08-18,Completed,6.67,100
PRG0000411,STU00025,MOD00131,CRS017,2025-08-05,2025-09-20,Completed,1.17,24
PRG0000412,STU00025,MOD00132,CRS017,2025-08-21,2025-10-20,Completed,3.19,71
PRG0000413,STU00025,MOD00133,CRS017,2025-07-26,2025-10-04,In Progress,4.82,94
PRG0000414,STU00025,MOD00134,CRS017,2025-08-16,2025-10-15,In Progress,4.74,53
PRG0000415,STU00025,MOD00135,CRS017,2025-08-15,2025-09-12,In Progress,8.6,38
PRG0000416,STU00025,MOD00136,CRS017,2025-07-22,2025-10-03,In Progress,8.38,19
PRG0000417,STU00025,MOD00105,CRS014,2025-10-03,2025-12-05,In Progress,4.02,77
PRG0000418,STU00025,MOD00106,CRS014,2025-10-05,2025-11-11,Completed,5.3,68
PRG0000419,STU00025,MOD00107,CRS014,2025-10-08,2025-10-07,Completed,11.58,81
PRG0000420,STU00025,MOD00108,CRS014,2025-09-25,2025-10-15,Completed,8.74,4
PRG0000421,STU00025,MOD00109,CRS014,2025-10-12,2025-11-25,Completed,2.89,49
PRG0000422,STU00025,MOD00110,CRS014,2025-09-30,2025-10-31,In Progress,1.98,7
PRG0000423,STU00025,MOD00111,CRS014,2025-09-23,2025-10-15,Completed,5.55,50
PRG0000424,STU00025,MOD00112,CRS014,2025-09-26,2025-10-10,Completed,1.96,8
PRG0000425,STU00025,MOD00025,CRS004,2026-03-23,2026-03-22,Completed,3.57,55
PRG0000426,STU00025,MOD00026,CRS004,2026-03-16,2026-04-25,Completed,6.46,39
PRG0000427,STU00025,MOD00027,CRS004,2026-03-11,2026-05-22,Completed,3.82,18
PRG0000428,STU00025,MOD00028,CRS004,2026-03-21,2026-04-16,In Progress,3.34,42
PRG0000429,STU00025,MOD00029,CRS004,2026-03-23,2026-04-27,Completed,8.2,94
PRG0000430,STU00025,MOD00030,CRS004,2026-03-15,2026-04-23,Completed,7.74,38
PRG0000431,STU00025,MOD00031,CRS004,2026-03-21,2026-03-18,Completed,2.17,79
PRG0000432,STU00025,MOD00032,CRS004,2026-03-09,2026-04-14,Not Started,2.19,72
PRG0000433,STU00025,MOD00002,CRS001,2025-09-21,2025-09-14,Completed,2.26,37
PRG0000434,STU00025,MOD00004,CRS001,2025-09-16,2025-09-21,Not Started,6.14,97
PRG0000435,STU00025,MOD00007,CRS001,2025-08-27,2025-10-28,In Progress,3.61,57
PRG0000436,STU00026,MOD00073,CRS010,2025-11-15,2026-01-13,Completed,5.15,86
PRG0000437,STU00026,MOD00074,CRS010,2025-11-26,2025-12-28,In Progress,9.13,50
PRG0000438,STU00026,MOD00075,CRS010,2025-11-22,2025-11-29,In Progress,1.27,85
PRG0000439,STU00026,MOD00076,CRS010,2025-11-29,2026-01-13,Completed,6.21,31
PRG0000440,STU00026,MOD00077,CRS010,2025-11-28,2025-12-02,Completed,1.98,20
PRG0000441,STU00026,MOD00078,CRS010,2025-11-14,2026-01-31,Completed,2.47,68
PRG0000442,STU00026,MOD00079,CRS010,2025-11-19,2025-11-24,In Progress,1.16,34
PRG0000443,STU00026,MOD00080,CRS010,2025-11-25,2025-12-07,Completed,1.12,86
PRG0000444,STU00027,MOD00138,CRS018,2026-04-22,2026-06-08,In Progress,5.66,13
PRG0000445,STU00027,MOD00140,CRS018,2026-04-03,2026-06-18,Completed,11.81,98
PRG0000446,STU00027,MOD00141,CRS018,2026-04-09,2026-05-20,Not Started,3.8,2
PRG0000447,STU00028,MOD00146,CRS019,2025-10-10,2025-09-25,In Progress,6.4,21
PRG0000448,STU00028,MOD00148,CRS019,2025-09-28,2025-09-26,In Progress,1.65,80
PRG0000449,STU00028,MOD00149,CRS019,2025-09-18,2025-11-21,Completed,6.99,29
PRG0000450,STU00028,MOD00150,CRS019,2025-09-23,2025-10-24,Completed,3.61,40
PRG0000451,STU00028,MOD00151,CRS019,2025-09-18,2025-11-10,Completed,2.32,35
PRG0000452,STU00028,MOD00129,CRS017,2025-06-26,2025-08-12,Completed,3.99,13
PRG0000453,STU00028,MOD00134,CRS017,2025-06-23,2025-09-05,Completed,7.94,49
PRG0000454,STU00029,MOD00065,CRS009,2026-03-18,2026-05-26,Completed,5.26,61
PRG0000455,STU00029,MOD00066,CRS009,2026-02-26,2026-05-15,Not Started,5.26,65
PRG0000456,STU00029,MOD00067,CRS009,2026-03-05,2026-05-02,Completed,7.42,29
PRG0000457,STU00029,MOD00068,CRS009,2026-03-22,2026-03-14,Completed,9.12,96
PRG0000458,STU00029,MOD00069,CRS009,2026-02-28,2026-03-06,Completed,5.74,25
PRG0000459,STU00029,MOD00070,CRS009,2026-03-04,2026-05-20,Completed,4.23,76
PRG0000460,STU00029,MOD00072,CRS009,2026-03-26,2026-04-10,Completed,1.64,100
PRG0000461,STU00029,MOD00073,CRS010,2026-03-11,2026-05-20,In Progress,5.88,29
PRG0000462,STU00029,MOD00075,CRS010,2026-03-05,2026-03-25,Completed,2.81,85
PRG0000463,STU00029,MOD00078,CRS010,2026-03-05,2026-05-15,In Progress,3.61,23
PRG0000464,STU00029,MOD00079,CRS010,2026-02-26,2026-03-07,In Progress,1.98,24
PRG0000465,STU00029,MOD00080,CRS010,2026-03-02,2026-03-25,Completed,1.61,70
PRG0000466,STU00030,MOD00105,CRS014,2026-01-10,2026-01-08,Completed,1.39,92
PRG0000467,STU00030,MOD00106,CRS014,2025-12-17,2026-01-07,Completed,2.94,31
PRG0000468,STU00030,MOD00107,CRS014,2025-12-30,2026-02-08,Not Started,3.22,100
PRG0000469,STU00030,MOD00108,CRS014,2026-01-11,2026-01-28,Completed,3.35,56
PRG0000470,STU00030,MOD00109,CRS014,2025-12-31,2026-02-06,In Progress,8.79,61
PRG0000471,STU00030,MOD00110,CRS014,2025-12-24,2026-02-05,In Progress,11.62,38
PRG0000472,STU00030,MOD00111,CRS014,2025-12-16,2026-02-21,In Progress,2.29,59
PRG0000473,STU00030,MOD00112,CRS014,2025-12-21,2026-01-30,Completed,1.96,42
PRG0000474,STU00030,MOD00065,CRS009,2026-04-08,2026-04-19,Completed,1.95,1
PRG0000475,STU00030,MOD00066,CRS009,2026-04-16,2026-05-11,Completed,9.79,50
PRG0000476,STU00030,MOD00067,CRS009,2026-04-04,2026-05-13,Completed,5.17,75
PRG0000477,STU00030,MOD00068,CRS009,2026-04-21,2026-03-29,Not Started,2.37,72
PRG0000478,STU00030,MOD00069,CRS009,2026-04-17,2026-05-19,Not Started,8.33,96
PRG0000479,STU00030,MOD00070,CRS009,2026-04-09,2026-05-26,In Progress,2.29,7
PRG0000480,STU00030,MOD00071,CRS009,2026-04-22,2026-05-18,In Progress,4.03,4
PRG0000481,STU00030,MOD00072,CRS009,2026-04-04,2026-06-13,In Progress,1.06,85
PRG0000482,STU00031,MOD00089,CRS012,2026-03-11,2026-05-24,Completed,4.46,74
PRG0000483,STU00031,MOD00092,CRS012,2026-03-21,2026-03-09,In Progress,4.21,50
PRG0000484,STU00031,MOD00095,CRS012,2026-03-26,2026-03-22,In Progress,1.83,54
PRG0000485,STU00031,MOD00096,CRS012,2026-03-06,2026-05-01,Not Started,9.23,48
PRG0000486,STU00032,MOD00121,CRS016,2026-04-26,2026-05-26,In Progress,12.55,11
PRG0000487,STU00032,MOD00122,CRS016,2026-04-21,2026-05-18,In Progress,1.54,26
PRG0000488,STU00032,MOD00123,CRS016,2026-04-15,2026-07-02,Completed,2.97,62
PRG0000489,STU00032,MOD00124,CRS016,2026-04-05,2026-07-02,Completed,3.71,36
PRG0000490,STU00032,MOD00125,CRS016,2026-04-08,2026-04-26,Completed,2.41,25
PRG0000491,STU00032,MOD00126,CRS016,2026-04-19,2026-04-18,Completed,7.51,23
PRG0000492,STU00032,MOD00127,CRS016,2026-04-26,2026-04-27,In Progress,2.82,52
PRG0000493,STU00032,MOD00128,CRS016,2026-05-02,2026-06-22,Completed,7.05,10
PRG0000494,STU00032,MOD00049,CRS007,2026-04-11,2026-04-12,Completed,3.93,61
PRG0000495,STU00032,MOD00052,CRS007,2026-04-11,2026-04-04,In Progress,7.31,5
PRG0000496,STU00032,MOD00053,CRS007,2026-04-19,2026-04-04,Completed,4.38,97
PRG0000497,STU00032,MOD00054,CRS007,2026-04-18,2026-06-03,In Progress,2.21,43
PRG0000498,STU00032,MOD00055,CRS007,2026-05-01,2026-05-17,Not Started,5.08,46
PRG0000499,STU00033,MOD00097,CRS013,2026-02-04,2026-03-08,In Progress,1.04,89
PRG0000500,STU00033,MOD00098,CRS013,2026-02-19,2026-02-11,Completed,1.98,67
PRG0000501,STU00033,MOD00099,CRS013,2026-02-15,2026-02-25,Completed,5.95,84
PRG0000502,STU00033,MOD00101,CRS013,2026-02-14,2026-02-18,Completed,2.28,41
PRG0000503,STU00033,MOD00102,CRS013,2026-02-04,2026-01-30,Not Started,3.58,86
PRG0000504,STU00033,MOD00103,CRS013,2026-02-12,2026-03-28,Completed,3.14,10
PRG0000505,STU00033,MOD00104,CRS013,2026-02-23,2026-03-26,Not Started,7.86,12
PRG0000506,STU00034,MOD00097,CRS013,2025-05-13,2025-05-26,In Progress,13.27,100
PRG0000507,STU00034,MOD00100,CRS013,2025-06-01,2025-05-19,Completed,5.37,70
PRG0000508,STU00034,MOD00082,CRS011,2026-03-06,2026-05-25,In Progress,2.32,91
PRG0000509,STU00034,MOD00083,CRS011,2026-03-30,2026-04-12,Not Started,8.28,28
PRG0000510,STU00034,MOD00116,CRS015,2025-11-07,2026-01-13,In Progress,5.81,82
PRG0000511,STU00034,MOD00117,CRS015,2025-11-29,2025-12-19,In Progress,3.75,55
PRG0000512,STU00034,MOD00119,CRS015,2025-11-03,2025-12-08,Completed,1.58,94
PRG0000513,STU00034,MOD00147,CRS019,2025-05-03,2025-06-11,Completed,1.02,7
PRG0000514,STU00034,MOD00149,CRS019,2025-05-05,2025-06-17,Completed,6.11,86
PRG0000515,STU00034,MOD00151,CRS019,2025-05-14,2025-07-10,Completed,1.21,1
PRG0000516,STU00034,MOD00105,CRS014,2025-10-06,2025-10-14,In Progress,3.5,58
PRG0000517,STU00034,MOD00106,CRS014,2025-09-15,2025-09-25,In Progress,10.34,89
PRG0000518,STU00034,MOD00107,CRS014,2025-09-16,2025-10-16,Completed,8.57,35
PRG0000519,STU00034,MOD00110,CRS014,2025-10-02,2025-10-04,Completed,10.86,48
PRG0000520,STU00034,MOD00111,CRS014,2025-10-01,2025-10-19,Completed,4.58,93
PRG0000521,STU00035,MOD00126,CRS016,2026-02-13,2026-04-13,Not Started,2.27,2
PRG0000522,STU00035,MOD00128,CRS016,2026-02-08,2026-03-20,Not Started,8.2,50
PRG0000523,STU00035,MOD00082,CRS011,2025-11-27,2025-11-23,In Progress,7.85,12
PRG0000524,STU00035,MOD00083,CRS011,2025-11-22,2026-01-12,In Progress,1.51,90
PRG0000525,STU00035,MOD00084,CRS011,2025-11-18,2025-11-19,Completed,7.19,61
PRG0000526,STU00035,MOD00085,CRS011,2025-11-02,2025-11-25,Completed,5.86,94
PRG0000527,STU00036,MOD00078,CRS010,2026-01-20,2026-02-01,Completed,3.37,6
PRG0000528,STU00036,MOD00079,CRS010,2026-02-04,2026-04-13,Completed,7.07,19
PRG0000529,STU00036,MOD00121,CRS016,2026-01-26,2026-03-11,Completed,9.6,22
PRG0000530,STU00036,MOD00123,CRS016,2026-02-10,2026-04-15,In Progress,2.56,83
PRG0000531,STU00036,MOD00124,CRS016,2026-02-08,2026-04-13,Completed,1.08,14
PRG0000532,STU00036,MOD00125,CRS016,2026-02-03,2026-04-12,In Progress,2.02,2
PRG0000533,STU00036,MOD00128,CRS016,2026-02-10,2026-02-01,In Progress,2.72,61
PRG0000534,STU00036,MOD00057,CRS008,2026-02-10,2026-03-16,Completed,2.0,41
PRG0000535,STU00036,MOD00058,CRS008,2026-02-17,2026-03-29,Completed,7.5,2
PRG0000536,STU00036,MOD00059,CRS008,2026-02-14,2026-03-29,In Progress,2.86,8
PRG0000537,STU00036,MOD00060,CRS008,2026-02-06,2026-03-29,In Progress,10.88,15
PRG0000538,STU00036,MOD00061,CRS008,2026-01-25,2026-04-14,In Progress,3.26,76
PRG0000539,STU00036,MOD00062,CRS008,2026-01-19,2026-04-01,Completed,4.93,5
PRG0000540,STU00036,MOD00063,CRS008,2026-01-25,2026-04-13,Completed,2.97,96
PRG0000541,STU00036,MOD00064,CRS008,2026-01-22,2026-03-25,Completed,13.08,21
PRG0000542,STU00037,MOD00025,CRS004,2026-04-03,2026-05-28,Completed,4.76,66
PRG0000543,STU00037,MOD00026,CRS004,2026-03-13,2026-05-28,Completed,2.33,62
PRG0000544,STU00037,MOD00027,CRS004,2026-03-20,2026-04-19,In Progress,8.15,88
PRG0000545,STU00037,MOD00028,CRS004,2026-03-30,2026-03-10,Completed,2.79,38
PRG0000546,STU00037,MOD00029,CRS004,2026-03-10,2026-03-22,In Progress,3.7,45
PRG0000547,STU00037,MOD00030,CRS004,2026-03-27,2026-05-23,Completed,5.4,33
PRG0000548,STU00037,MOD00031,CRS004,2026-04-01,2026-03-25,Completed,1.54,32
PRG0000549,STU00037,MOD00032,CRS004,2026-04-03,2026-06-01,Completed,2.32,80
PRG0000550,STU00037,MOD00145,CRS019,2026-03-17,2026-05-26,In Progress,3.5,72
PRG0000551,STU00037,MOD00146,CRS019,2026-03-23,2026-05-02,In Progress,3.73,19
PRG0000552,STU00037,MOD00147,CRS019,2026-03-22,2026-04-22,Completed,11.6,31
PRG0000553,STU00037,MOD00148,CRS019,2026-02-28,2026-05-05,Completed,2.1,8
PRG0000554,STU00037,MOD00149,CRS019,2026-02-27,2026-04-13,Not Started,11.89,18
PRG0000555,STU00037,MOD00150,CRS019,2026-03-04,2026-04-02,Completed,3.45,28
PRG0000556,STU00037,MOD00151,CRS019,2026-02-28,2026-03-13,Completed,2.46,39
PRG0000557,STU00037,MOD00152,CRS019,2026-03-22,2026-04-29,Completed,2.22,73
PRG0000558,STU00037,MOD00049,CRS007,2026-03-14,2026-04-01,In Progress,5.48,21
PRG0000559,STU00037,MOD00050,CRS007,2026-03-21,2026-04-16,Completed,11.08,86
PRG0000560,STU00037,MOD00051,CRS007,2026-03-14,2026-05-07,Completed,6.52,61
PRG0000561,STU00037,MOD00052,CRS007,2026-03-05,2026-02-27,In Progress,6.71,84
PRG0000562,STU00037,MOD00053,CRS007,2026-03-09,2026-05-09,In Progress,1.34,92
PRG0000563,STU00037,MOD00054,CRS007,2026-03-08,2026-03-29,In Progress,1.84,58
PRG0000564,STU00037,MOD00055,CRS007,2026-03-08,2026-04-26,Completed,2.38,54
PRG0000565,STU00037,MOD00056,CRS007,2026-03-19,2026-03-27,Completed,11.72,39
PRG0000566,STU00038,MOD00002,CRS001,2026-01-15,2026-01-23,In Progress,2.89,21
PRG0000567,STU00038,MOD00004,CRS001,2026-01-22,2026-03-25,Not Started,11.1,1
PRG0000568,STU00038,MOD00113,CRS015,2026-02-03,2026-03-23,In Progress,6.68,78
PRG0000569,STU00038,MOD00114,CRS015,2026-02-08,2026-01-14,In Progress,8.73,95
PRG0000570,STU00038,MOD00115,CRS015,2026-02-05,2026-04-08,Not Started,11.29,67
PRG0000571,STU00038,MOD00117,CRS015,2026-01-27,2026-02-04,In Progress,4.09,67
PRG0000572,STU00038,MOD00119,CRS015,2026-01-24,2026-01-31,Completed,7.19,54
PRG0000573,STU00038,MOD00120,CRS015,2026-01-18,2026-03-02,Not Started,2.18,86
PRG0000574,STU00038,MOD00051,CRS007,2026-01-22,2026-03-16,Completed,2.38,94
PRG0000575,STU00038,MOD00145,CRS019,2026-03-14,2026-02-19,Not Started,4.12,62
PRG0000576,STU00038,MOD00146,CRS019,2026-02-14,2026-05-04,Completed,2.94,13
PRG0000577,STU00038,MOD00147,CRS019,2026-03-14,2026-03-10,Completed,1.1,55
PRG0000578,STU00038,MOD00148,CRS019,2026-02-16,2026-04-23,Completed,1.31,15
PRG0000579,STU00038,MOD00149,CRS019,2026-02-14,2026-03-06,In Progress,4.5,60
PRG0000580,STU00038,MOD00150,CRS019,2026-02-23,2026-04-02,Completed,2.18,34
PRG0000581,STU00038,MOD00151,CRS019,2026-02-28,2026-05-10,In Progress,1.32,45
PRG0000582,STU00038,MOD00152,CRS019,2026-02-14,2026-04-01,In Progress,3.48,14
PRG0000583,STU00038,MOD00073,CRS010,2026-01-14,2026-01-31,Completed,5.84,4
PRG0000584,STU00038,MOD00074,CRS010,2026-01-19,2026-03-16,Not Started,10.34,15
PRG0000585,STU00038,MOD00075,CRS010,2026-01-30,2026-03-18,In Progress,2.43,41
PRG0000586,STU00038,MOD00076,CRS010,2026-02-06,2026-03-06,Completed,9.77,49
PRG0000587,STU00038,MOD00077,CRS010,2026-02-12,2026-01-27,In Progress,1.44,44
PRG0000588,STU00038,MOD00078,CRS010,2026-02-06,2026-04-11,Completed,4.39,43
PRG0000589,STU00038,MOD00079,CRS010,2026-02-01,2026-01-15,Completed,5.05,62
PRG0000590,STU00038,MOD00080,CRS010,2026-01-26,2026-02-14,In Progress,3.55,23
PRG0000591,STU00039,MOD00076,CRS010,2026-01-07,2026-02-05,Completed,7.71,13
PRG0000592,STU00039,MOD00079,CRS010,2026-01-08,2026-02-26,In Progress,3.08,15
PRG0000593,STU00039,MOD00080,CRS010,2025-12-13,2026-01-17,Not Started,4.25,54
PRG0000594,STU00039,MOD00057,CRS008,2026-03-21,2026-03-01,Completed,5.2,89
PRG0000595,STU00039,MOD00059,CRS008,2026-03-04,2026-04-18,Completed,2.78,82
PRG0000596,STU00039,MOD00060,CRS008,2026-02-25,2026-03-29,Completed,12.79,91
PRG0000597,STU00039,MOD00063,CRS008,2026-02-23,2026-02-23,Completed,3.61,27
PRG0000598,STU00039,MOD00064,CRS008,2026-03-02,2026-05-11,Completed,3.31,62
PRG0000599,STU00040,MOD00097,CRS013,2025-08-20,2025-08-26,Completed,1.19,70
PRG0000600,STU00040,MOD00098,CRS013,2025-08-15,2025-09-23,Completed,7.48,95
PRG0000601,STU00040,MOD00099,CRS013,2025-08-27,2025-10-28,Completed,6.2,26
PRG0000602,STU00040,MOD00100,CRS013,2025-08-13,2025-08-25,Completed,5.83,15
PRG0000603,STU00040,MOD00101,CRS013,2025-09-10,2025-11-03,In Progress,1.39,57
PRG0000604,STU00040,MOD00102,CRS013,2025-08-13,2025-10-20,In Progress,2.06,60
PRG0000605,STU00040,MOD00103,CRS013,2025-08-17,2025-10-19,In Progress,1.15,24
PRG0000606,STU00040,MOD00104,CRS013,2025-09-02,2025-09-13,In Progress,7.07,71
PRG0000607,STU00040,MOD00017,CRS003,2025-11-02,2025-11-21,Completed,5.66,55
PRG0000608,STU00040,MOD00018,CRS003,2025-10-18,2025-12-12,Not Started,2.76,2
PRG0000609,STU00040,MOD00019,CRS003,2025-10-13,2026-01-03,Not Started,4.62,72
PRG0000610,STU00040,MOD00020,CRS003,2025-10-27,2025-10-30,In Progress,2.99,87
PRG0000611,STU00040,MOD00021,CRS003,2025-10-21,2025-10-15,Completed,5.88,49
PRG0000612,STU00040,MOD00022,CRS003,2025-10-17,2025-11-26,In Progress,3.59,0
PRG0000613,STU00040,MOD00023,CRS003,2025-10-11,2025-12-20,In Progress,5.4,65
PRG0000614,STU00040,MOD00024,CRS003,2025-10-27,2025-12-12,Completed,12.93,37
PRG0000615,STU00040,MOD00114,CRS015,2026-04-06,2026-06-13,Completed,1.43,18
PRG0000616,STU00040,MOD00116,CRS015,2026-04-09,2026-05-10,In Progress,1.41,31
PRG0000617,STU00040,MOD00118,CRS015,2026-04-08,2026-04-06,In Progress,7.96,47
PRG0000618,STU00040,MOD00119,CRS015,2026-05-05,2026-06-15,Completed,1.87,78
PRG0000619,STU00040,MOD00120,CRS015,2026-04-06,2026-06-25,In Progress,3.88,28
PRG0000620,STU00040,MOD00121,CRS016,2025-11-05,2025-10-31,Completed,13.23,99
PRG0000621,STU00040,MOD00127,CRS016,2025-11-17,2026-01-18,In Progress,2.96,56
PRG0000622,STU00040,MOD00128,CRS016,2025-11-05,2025-11-24,Completed,8.67,96
PRG0000623,STU00041,MOD00137,CRS018,2025-12-27,2026-01-29,Completed,13.63,11
PRG0000624,STU00041,MOD00138,CRS018,2025-12-18,2025-12-28,In Progress,2.14,72
PRG0000625,STU00041,MOD00139,CRS018,2025-12-27,2025-12-28,In Progress,1.11,20
PRG0000626,STU00041,MOD00143,CRS018,2025-12-08,2025-12-14,Completed,3.96,82
PRG0000627,STU00041,MOD00014,CRS002,2025-12-30,2025-12-06,In Progress,5.19,5
PRG0000628,STU00041,MOD00015,CRS002,2025-12-28,2025-12-15,Completed,12.73,76
PRG0000629,STU00041,MOD00016,CRS002,2026-01-03,2025-12-06,Not Started,2.17,94
PRG0000630,STU00041,MOD00089,CRS012,2026-04-30,2026-04-14,Completed,7.73,72
PRG0000631,STU00041,MOD00090,CRS012,2026-04-29,2026-04-24,Completed,7.7,31
PRG0000632,STU00041,MOD00091,CRS012,2026-04-25,2026-05-08,In Progress,2.17,5
PRG0000633,STU00041,MOD00092,CRS012,2026-04-12,2026-04-17,Completed,3.93,18
PRG0000634,STU00041,MOD00093,CRS012,2026-04-10,2026-04-07,Completed,5.82,45
PRG0000635,STU00041,MOD00094,CRS012,2026-04-10,2026-06-30,Completed,12.05,14
PRG0000636,STU00041,MOD00095,CRS012,2026-04-06,2026-05-02,Completed,5.78,45
PRG0000637,STU00041,MOD00096,CRS012,2026-04-13,2026-04-19,Completed,12.56,10
PRG0000638,STU00041,MOD00017,CRS003,2025-12-30,2026-02-18,Completed,4.9,86
PRG0000639,STU00041,MOD00018,CRS003,2026-01-22,2026-03-21,In Progress,3.19,36
PRG0000640,STU00041,MOD00019,CRS003,2025-12-28,2026-01-29,Not Started,9.27,33
PRG0000641,STU00041,MOD00020,CRS003,2026-01-16,2026-01-04,In Progress,5.31,19
PRG0000642,STU00041,MOD00021,CRS003,2025-12-29,2026-02-04,Completed,3.9,100
PRG0000643,STU00041,MOD00023,CRS003,2025-12-28,2026-03-09,Completed,4.63,18
PRG0000644,STU00041,MOD00024,CRS003,2025-12-29,2026-01-18,In Progress,5.94,63
PRG0000645,STU00042,MOD00010,CRS002,2025-08-20,2025-10-16,Completed,11.03,83
PRG0000646,STU00042,MOD00012,CRS002,2025-08-12,2025-09-28,Completed,4.94,68
PRG0000647,STU00042,MOD00014,CRS002,2025-08-13,2025-09-18,Completed,6.05,95
PRG0000648,STU00042,MOD00015,CRS002,2025-07-28,2025-08-26,Completed,3.54,2
PRG0000649,STU00042,MOD00016,CRS002,2025-08-10,2025-08-13,Not Started,1.66,44
PRG0000650,STU00042,MOD00147,CRS019,2025-12-02,2025-12-07,In Progress,7.07,53
PRG0000651,STU00042,MOD00148,CRS019,2025-12-14,2025-12-17,Completed,1.28,89
PRG0000652,STU00042,MOD00150,CRS019,2025-11-18,2026-02-16,Not Started,3.42,89
PRG0000653,STU00042,MOD00151,CRS019,2025-12-06,2025-11-28,Completed,2.19,20
PRG0000654,STU00042,MOD00152,CRS019,2025-11-29,2025-12-07,Completed,1.27,72
PRG0000655,STU00042,MOD00097,CRS013,2025-12-24,2025-12-24,Completed,2.96,67
PRG0000656,STU00042,MOD00098,CRS013,2025-12-09,2026-01-30,Completed,3.7,100
PRG0000657,STU00042,MOD00099,CRS013,2025-11-30,2026-01-06,Completed,1.48,82
PRG0000658,STU00042,MOD00100,CRS013,2025-12-24,2025-12-23,Completed,1.07,54
PRG0000659,STU00042,MOD00101,CRS013,2025-12-28,2026-01-28,Completed,2.66,73
PRG0000660,STU00042,MOD00102,CRS013,2025-12-22,2025-12-30,Completed,1.55,11
PRG0000661,STU00042,MOD00103,CRS013,2025-12-30,2025-12-17,In Progress,2.4,7
PRG0000662,STU00042,MOD00104,CRS013,2025-12-05,2026-02-10,In Progress,1.62,88
PRG0000663,STU00042,MOD00081,CRS011,2025-12-12,2026-02-24,In Progress,6.38,21
PRG0000664,STU00042,MOD00082,CRS011,2025-12-13,2026-02-23,Completed,4.37,13
PRG0000665,STU00042,MOD00083,CRS011,2025-12-21,2026-01-14,Completed,3.68,69
PRG0000666,STU00042,MOD00084,CRS011,2025-12-08,2026-02-17,Completed,13.74,24
PRG0000667,STU00042,MOD00085,CRS011,2025-12-22,2025-12-07,Completed,1.55,72
PRG0000668,STU00042,MOD00086,CRS011,2025-12-20,2026-02-02,Completed,2.1,39
PRG0000669,STU00042,MOD00087,CRS011,2025-12-13,2026-01-08,Not Started,8.0,40
PRG0000670,STU00042,MOD00088,CRS011,2025-12-25,2026-01-17,Not Started,3.46,12
PRG0000671,STU00042,MOD00105,CRS014,2025-12-04,2026-01-10,Completed,5.04,19
PRG0000672,STU00042,MOD00106,CRS014,2025-12-01,2025-12-25,Completed,10.56,4
PRG0000673,STU00042,MOD00107,CRS014,2025-11-10,2026-02-02,Completed,10.74,11
PRG0000674,STU00042,MOD00108,CRS014,2025-11-13,2025-12-04,In Progress,10.16,98
PRG0000675,STU00042,MOD00109,CRS014,2025-12-06,2026-01-10,Completed,7.92,83
PRG0000676,STU00042,MOD00110,CRS014,2025-11-30,2025-12-20,Completed,2.84,37
PRG0000677,STU00042,MOD00111,CRS014,2025-12-03,2026-01-01,Completed,4.56,87
PRG0000678,STU00042,MOD00112,CRS014,2025-11-12,2026-01-24,In Progress,2.92,72
PRG0000679,STU00043,MOD00057,CRS008,2026-04-02,2026-03-31,In Progress,2.14,39
PRG0000680,STU00043,MOD00058,CRS008,2026-04-12,2026-03-30,Completed,4.64,21
PRG0000681,STU00043,MOD00059,CRS008,2026-03-23,2026-03-27,Completed,2.27,11
PRG0000682,STU00043,MOD00060,CRS008,2026-04-09,2026-05-16,Completed,6.92,32
PRG0000683,STU00043,MOD00061,CRS008,2026-04-01,2026-06-10,Not Started,12.75,72
PRG0000684,STU00043,MOD00062,CRS008,2026-03-29,2026-04-24,Completed,11.71,87
PRG0000685,STU00043,MOD00063,CRS008,2026-03-29,2026-05-23,In Progress,4.33,47
PRG0000686,STU00043,MOD00064,CRS008,2026-03-31,2026-05-22,Completed,11.97,87
PRG0000687,STU00043,MOD00113,CRS015,2026-04-07,2026-03-26,In Progress,4.43,71
PRG0000688,STU00043,MOD00114,CRS015,2026-04-14,2026-04-01,Completed,2.74,51
PRG0000689,STU00043,MOD00115,CRS015,2026-03-25,2026-05-07,In Progress,9.36,44
PRG0000690,STU00043,MOD00116,CRS015,2026-04-07,2026-05-26,Not Started,4.72,10
PRG0000691,STU00043,MOD00117,CRS015,2026-03-21,2026-05-08,In Progress,1.7,42
PRG0000692,STU00043,MOD00118,CRS015,2026-03-28,2026-06-04,Completed,8.73,60
PRG0000693,STU00043,MOD00119,CRS015,2026-04-01,2026-03-23,Completed,7.17,18
PRG0000694,STU00043,MOD00120,CRS015,2026-03-28,2026-05-30,Completed,3.1,48
PRG0000695,STU00043,MOD00089,CRS012,2026-04-12,2026-05-04,In Progress,14.7,27
PRG0000696,STU00043,MOD00090,CRS012,2026-04-14,2026-03-21,Not Started,10.57,34
PRG0000697,STU00043,MOD00091,CRS012,2026-03-23,2026-03-29,Completed,3.6,10
PRG0000698,STU00043,MOD00092,CRS012,2026-04-09,2026-05-15,In Progress,2.84,85
PRG0000699,STU00043,MOD00093,CRS012,2026-03-23,2026-03-25,Completed,12.27,43
PRG0000700,STU00043,MOD00094,CRS012,2026-03-27,2026-04-09,Completed,12.77,61
PRG0000701,STU00043,MOD00095,CRS012,2026-04-09,2026-04-08,Not Started,3.18,88
PRG0000702,STU00043,MOD00096,CRS012,2026-04-13,2026-03-20,Completed,12.17,25
PRG0000703,STU00043,MOD00099,CRS013,2026-04-13,2026-04-28,Completed,8.17,18
PRG0000704,STU00043,MOD00101,CRS013,2026-04-12,2026-06-13,Completed,2.04,0
PRG0000705,STU00043,MOD00145,CRS019,2026-04-05,2026-03-31,Completed,3.61,24
PRG0000706,STU00043,MOD00146,CRS019,2026-04-04,2026-04-09,In Progress,2.4,26
PRG0000707,STU00043,MOD00149,CRS019,2026-03-18,2026-05-05,In Progress,1.23,39
PRG0000708,STU00043,MOD00150,CRS019,2026-04-14,2026-04-03,In Progress,5.22,58
PRG0000709,STU00043,MOD00151,CRS019,2026-03-29,2026-05-03,In Progress,1.85,97
PRG0000710,STU00043,MOD00152,CRS019,2026-04-16,2026-04-10,Completed,2.31,70
PRG0000711,STU00044,MOD00073,CRS010,2026-02-19,2026-03-30,Completed,6.49,88
PRG0000712,STU00044,MOD00074,CRS010,2026-02-22,2026-03-11,In Progress,9.91,12
PRG0000713,STU00044,MOD00075,CRS010,2026-02-27,2026-02-16,Completed,1.03,52
PRG0000714,STU00044,MOD00076,CRS010,2026-02-25,2026-04-23,Not Started,1.95,56
PRG0000715,STU00044,MOD00077,CRS010,2026-02-27,2026-02-07,In Progress,3.98,27
PRG0000716,STU00044,MOD00078,CRS010,2026-02-16,2026-04-14,Completed,1.98,60
PRG0000717,STU00044,MOD00079,CRS010,2026-02-13,2026-04-03,Completed,12.49,90
PRG0000718,STU00044,MOD00080,CRS010,2026-02-14,2026-02-03,Not Started,3.74,64
PRG0000719,STU00046,MOD00089,CRS012,2025-09-05,2025-10-31,In Progress,9.4,42
PRG0000720,STU00046,MOD00090,CRS012,2025-09-12,2025-10-20,Completed,14.63,24
PRG0000721,STU00046,MOD00093,CRS012,2025-09-23,2025-11-07,Completed,12.74,49
PRG0000722,STU00046,MOD00095,CRS012,2025-09-22,2025-10-05,Completed,3.19,12
PRG0000723,STU00046,MOD00073,CRS010,2025-07-21,2025-10-07,Completed,3.55,97
PRG0000724,STU00046,MOD00074,CRS010,2025-07-26,2025-09-27,Completed,4.06,11
PRG0000725,STU00046,MOD00075,CRS010,2025-07-31,2025-07-20,In Progress,2.19,3
PRG0000726,STU00046,MOD00076,CRS010,2025-08-04,2025-07-29,Completed,1.24,93
PRG0000727,STU00046,MOD00077,CRS010,2025-08-01,2025-10-08,In Progress,2.25,30
PRG0000728,STU00046,MOD00078,CRS010,2025-07-25,2025-08-26,Completed,5.2,92
PRG0000729,STU00046,MOD00079,CRS010,2025-08-12,2025-09-05,In Progress,10.23,35
PRG0000730,STU00046,MOD00080,CRS010,2025-07-22,2025-10-07,Completed,4.45,13
PRG0000731,STU00047,MOD00121,CRS016,2025-09-01,2025-10-19,Completed,2.77,33
PRG0000732,STU00047,MOD00122,CRS016,2025-08-05,2025-08-13,Completed,1.72,26
PRG0000733,STU00047,MOD00123,CRS016,2025-08-18,2025-08-06,Completed,1.97,80
PRG0000734,STU00047,MOD00124,CRS016,2025-08-24,2025-09-26,Completed,3.04,57
PRG0000735,STU00047,MOD00125,CRS016,2025-08-08,2025-09-11,Completed,1.36,72
PRG0000736,STU00047,MOD00126,CRS016,2025-08-30,2025-08-08,Completed,3.74,44
PRG0000737,STU00047,MOD00127,CRS016,2025-08-22,2025-10-19,Completed,2.5,94
PRG0000738,STU00047,MOD00128,CRS016,2025-08-06,2025-08-28,In Progress,6.09,66
PRG0000739,STU00047,MOD00089,CRS012,2025-04-18,2025-05-12,In Progress,2.61,27
PRG0000740,STU00047,MOD00090,CRS012,2025-04-18,2025-05-13,Completed,10.68,16
PRG0000741,STU00047,MOD00091,CRS012,2025-04-29,2025-05-10,Not Started,4.31,70
PRG0000742,STU00047,MOD00092,CRS012,2025-04-28,2025-06-17,Completed,4.31,24
PRG0000743,STU00047,MOD00093,CRS012,2025-04-20,2025-07-11,In Progress,9.97,50
PRG0000744,STU00047,MOD00094,CRS012,2025-05-09,2025-06-29,Completed,10.93,92
PRG0000745,STU00047,MOD00095,CRS012,2025-05-12,2025-06-11,Completed,4.74,40
PRG0000746,STU00047,MOD00096,CRS012,2025-05-03,2025-06-03,Completed,8.09,47
PRG0000747,STU00047,MOD00153,CRS020,2026-02-20,2026-02-28,In Progress,7.23,32
PRG0000748,STU00047,MOD00154,CRS020,2026-02-15,2026-04-25,In Progress,10.03,67
PRG0000749,STU00047,MOD00155,CRS020,2026-02-06,2026-02-21,Completed,4.55,23
PRG0000750,STU00047,MOD00156,CRS020,2026-02-08,2026-03-06,In Progress,4.53,99
PRG0000751,STU00047,MOD00157,CRS020,2026-02-06,2026-03-19,In Progress,7.81,27
PRG0000752,STU00047,MOD00158,CRS020,2026-03-03,2026-03-20,In Progress,8.02,49
PRG0000753,STU00047,MOD00159,CRS020,2026-02-12,2026-04-15,Completed,8.01,91
PRG0000754,STU00047,MOD00160,CRS020,2026-03-06,2026-05-03,Completed,9.48,53
PRG0000755,STU00047,MOD00025,CRS004,2026-03-16,2026-03-31,Completed,1.62,63
PRG0000756,STU00047,MOD00026,CRS004,2026-02-26,2026-04-13,Completed,5.3,76
PRG0000757,STU00047,MOD00027,CRS004,2026-03-02,2026-03-21,Completed,4.99,82
PRG0000758,STU00047,MOD00029,CRS004,2026-02-18,2026-04-19,Completed,11.52,51
PRG0000759,STU00047,MOD00030,CRS004,2026-03-07,2026-04-27,Completed,6.16,8
PRG0000760,STU00047,MOD00031,CRS004,2026-03-16,2026-04-13,In Progress,2.79,96
PRG0000761,STU00047,MOD00032,CRS004,2026-02-20,2026-05-01,In Progress,4.21,6
PRG0000762,STU00047,MOD00113,CRS015,2025-09-08,2025-10-15,Completed,9.98,15
PRG0000763,STU00047,MOD00114,CRS015,2025-09-16,2025-11-05,Completed,3.46,1
PRG0000764,STU00047,MOD00115,CRS015,2025-08-27,2025-11-14,In Progress,3.83,11
PRG0000765,STU00047,MOD00116,CRS015,2025-09-14,2025-10-04,In Progress,5.3,0
PRG0000766,STU00047,MOD00117,CRS015,2025-09-13,2025-08-24,Completed,3.75,14
PRG0000767,STU00047,MOD00118,CRS015,2025-08-26,2025-08-27,Completed,8.57,48
PRG0000768,STU00047,MOD00119,CRS015,2025-08-22,2025-09-04,Completed,1.78,40
PRG0000769,STU00047,MOD00120,CRS015,2025-09-10,2025-10-31,In Progress,4.38,52
PRG0000770,STU00048,MOD00081,CRS011,2025-12-06,2025-12-01,Completed,2.56,61
PRG0000771,STU00048,MOD00082,CRS011,2025-11-23,2025-12-27,In Progress,7.03,11
PRG0000772,STU00048,MOD00083,CRS011,2025-11-24,2025-11-26,Completed,8.94,31
PRG0000773,STU00048,MOD00084,CRS011,2025-12-08,2025-12-12,In Progress,2.05,63
PRG0000774,STU00048,MOD00085,CRS011,2025-11-15,2026-02-09,Completed,6.32,24
PRG0000775,STU00048,MOD00086,CRS011,2025-11-25,2025-12-12,In Progress,3.67,65
PRG0000776,STU00048,MOD00087,CRS011,2025-12-09,2025-12-25,In Progress,10.17,64
PRG0000777,STU00048,MOD00088,CRS011,2025-11-19,2025-12-14,Not Started,2.35,57
PRG0000778,STU00049,MOD00057,CRS008,2026-04-03,2026-05-01,Completed,3.22,21
PRG0000779,STU00049,MOD00058,CRS008,2026-04-09,2026-05-23,In Progress,2.18,13
PRG0000780,STU00049,MOD00059,CRS008,2026-03-17,2026-03-13,In Progress,1.65,3
PRG0000781,STU00049,MOD00060,CRS008,2026-03-26,2026-05-07,Completed,2.48,70
PRG0000782,STU00049,MOD00061,CRS008,2026-03-23,2026-04-07,Completed,7.28,65
PRG0000783,STU00049,MOD00062,CRS008,2026-03-24,2026-04-14,Completed,1.61,48
PRG0000784,STU00049,MOD00063,CRS008,2026-03-23,2026-04-04,Completed,2.41,76
PRG0000785,STU00049,MOD00064,CRS008,2026-03-29,2026-05-13,Completed,2.36,6
PRG0000786,STU00049,MOD00130,CRS017,2026-03-18,2026-03-22,Completed,3.63,68
PRG0000787,STU00049,MOD00131,CRS017,2026-03-24,2026-06-05,In Progress,1.81,50
PRG0000788,STU00049,MOD00132,CRS017,2026-04-09,2026-06-14,Completed,2.03,100
PRG0000789,STU00049,MOD00133,CRS017,2026-04-06,2026-04-23,In Progress,4.6,0
PRG0000790,STU00049,MOD00134,CRS017,2026-04-02,2026-06-15,In Progress,9.13,88
PRG0000791,STU00049,MOD00135,CRS017,2026-03-27,2026-06-13,Completed,3.06,58
PRG0000792,STU00049,MOD00136,CRS017,2026-03-17,2026-06-11,Completed,3.67,22
PRG0000793,STU00050,MOD00105,CRS014,2026-03-31,2026-06-21,In Progress,1.05,45
PRG0000794,STU00050,MOD00107,CRS014,2026-04-10,2026-04-27,Completed,1.5,2
PRG0000795,STU00050,MOD00108,CRS014,2026-04-04,2026-04-25,Completed,3.34,18
PRG0000796,STU00050,MOD00109,CRS014,2026-03-29,2026-05-04,In Progress,4.19,62
PRG0000797,STU00050,MOD00110,CRS014,2026-04-12,2026-04-28,In Progress,4.55,58
PRG0000798,STU00050,MOD00111,CRS014,2026-04-06,2026-05-04,In Progress,5.46,99
PRG0000799,STU00050,MOD00112,CRS014,2026-04-22,2026-06-11,Completed,1.54,66
PRG0000800,STU00050,MOD00113,CRS015,2025-12-26,2026-01-14,Not Started,12.99,84
PRG0000801,STU00050,MOD00114,CRS015,2026-01-06,2026-02-28,Completed,7.35,89
PRG0000802,STU00050,MOD00115,CRS015,2026-01-06,2026-01-22,In Progress,3.42,48
PRG0000803,STU00050,MOD00116,CRS015,2026-01-25,2026-01-31,In Progress,6.43,57
PRG0000804,STU00050,MOD00117,CRS015,2026-01-23,2026-03-04,Completed,4.19,44
PRG0000805,STU00050,MOD00118,CRS015,2026-01-07,2026-03-12,Completed,11.93,39
PRG0000806,STU00050,MOD00119,CRS015,2026-01-13,2026-03-03,In Progress,6.42,15
PRG0000807,STU00050,MOD00120,CRS015,2026-01-09,2026-03-09,Not Started,3.77,36
PRG0000808,STU00050,MOD00057,CRS008,2026-01-24,2026-03-24,Completed,6.45,66
PRG0000809,STU00050,MOD00061,CRS008,2026-01-04,2026-01-04,In Progress,1.19,5
PRG0000810,STU00050,MOD00062,CRS008,2026-01-21,2026-03-12,Completed,7.1,0
PRG0000811,STU00050,MOD00097,CRS013,2026-01-03,2026-01-13,Completed,4.97,64
PRG0000812,STU00050,MOD00098,CRS013,2026-01-19,2026-03-08,Completed,1.69,34
PRG0000813,STU00050,MOD00099,CRS013,2026-01-18,2026-01-21,Completed,8.35,37
PRG0000814,STU00050,MOD00100,CRS013,2026-01-10,2026-02-10,Completed,5.41,49
PRG0000815,STU00050,MOD00101,CRS013,2026-01-25,2026-01-08,In Progress,2.84,76
PRG0000816,STU00050,MOD00102,CRS013,2026-01-13,2026-02-20,In Progress,2.13,74
PRG0000817,STU00050,MOD00103,CRS013,2026-01-19,2026-01-21,Completed,2.46,25
PRG0000818,STU00050,MOD00104,CRS013,2025-12-28,2026-02-03,Completed,6.03,69
PRG0000819,STU00050,MOD00043,CRS006,2026-01-11,2026-02-21,In Progress,4.27,87
PRG0000820,STU00051,MOD00145,CRS019,2025-07-24,2025-07-11,Not Started,2.47,96
PRG0000821,STU00051,MOD00146,CRS019,2025-08-05,2025-08-15,In Progress,4.77,47
PRG0000822,STU00051,MOD00147,CRS019,2025-07-24,2025-09-18,In Progress,1.59,50
PRG0000823,STU00051,MOD00148,CRS019,2025-07-28,2025-07-08,Completed,2.53,66
PRG0000824,STU00051,MOD00149,CRS019,2025-07-08,2025-07-18,Completed,12.62,83
PRG0000825,STU00051,MOD00150,CRS019,2025-07-26,2025-07-20,In Progress,4.68,88
PRG0000826,STU00051,MOD00151,CRS019,2025-07-08,2025-07-23,In Progress,2.35,94
PRG0000827,STU00051,MOD00152,CRS019,2025-07-29,2025-08-03,Completed,2.97,63
PRG0000828,STU00051,MOD00107,CRS014,2025-05-06,2025-05-26,In Progress,11.3,62
PRG0000829,STU00051,MOD00109,CRS014,2025-04-18,2025-04-17,Completed,9.36,66
PRG0000830,STU00051,MOD00110,CRS014,2025-04-22,2025-04-30,Completed,12.66,56
PRG0000831,STU00051,MOD00097,CRS013,2025-09-12,2025-09-21,In Progress,12.78,69
PRG0000832,STU00051,MOD00098,CRS013,2025-09-16,2025-11-24,Completed,6.27,15
PRG0000833,STU00051,MOD00099,CRS013,2025-09-17,2025-08-31,Completed,7.55,84
PRG0000834,STU00051,MOD00100,CRS013,2025-09-13,2025-11-26,Completed,4.1,37
PRG0000835,STU00051,MOD00101,CRS013,2025-08-31,2025-11-12,Completed,2.34,50
PRG0000836,STU00051,MOD00102,CRS013,2025-09-22,2025-09-11,Completed,3.85,18
PRG0000837,STU00051,MOD00103,CRS013,2025-09-11,2025-09-13,Completed,1.04,38
PRG0000838,STU00051,MOD00104,CRS013,2025-09-17,2025-11-21,In Progress,1.34,45
PRG0000839,STU00051,MOD00001,CRS001,2025-10-04,2025-11-09,Completed,11.8,45
PRG0000840,STU00051,MOD00004,CRS001,2025-10-09,2025-11-18,Completed,1.78,83
PRG0000841,STU00051,MOD00005,CRS001,2025-10-01,2025-11-23,Completed,11.01,100
PRG0000842,STU00051,MOD00006,CRS001,2025-10-06,2025-12-05,Completed,4.74,82
PRG0000843,STU00051,MOD00007,CRS001,2025-10-11,2025-11-11,In Progress,2.44,90
PRG0000844,STU00052,MOD00145,CRS019,2025-11-09,2026-02-03,Completed,4.34,44
PRG0000845,STU00052,MOD00146,CRS019,2025-12-01,2025-12-27,Completed,1.19,93
PRG0000846,STU00052,MOD00147,CRS019,2025-11-08,2026-01-30,Completed,11.28,60
PRG0000847,STU00052,MOD00148,CRS019,2025-11-12,2025-12-06,Completed,2.76,93
PRG0000848,STU00052,MOD00150,CRS019,2025-11-18,2025-11-14,Completed,2.63,4
PRG0000849,STU00052,MOD00152,CRS019,2025-11-29,2025-12-23,In Progress,3.94,22
PRG0000850,STU00053,MOD00042,CRS006,2025-09-25,2025-11-18,Completed,1.69,62
PRG0000851,STU00053,MOD00043,CRS006,2025-09-14,2025-10-04,Completed,2.05,67
PRG0000852,STU00053,MOD00045,CRS006,2025-09-23,2025-09-09,In Progress,5.35,26
PRG0000853,STU00053,MOD00046,CRS006,2025-09-09,2025-09-06,Completed,5.49,69
PRG0000854,STU00053,MOD00048,CRS006,2025-09-26,2025-11-27,Completed,1.95,26
PRG0000855,STU00053,MOD00089,CRS012,2025-06-27,2025-08-16,Completed,9.66,71
PRG0000856,STU00053,MOD00090,CRS012,2025-07-07,2025-06-21,Completed,9.76,9
PRG0000857,STU00053,MOD00091,CRS012,2025-06-16,2025-08-18,Completed,2.12,29
PRG0000858,STU00053,MOD00092,CRS012,2025-06-29,2025-07-25,Completed,3.87,37
PRG0000859,STU00053,MOD00093,CRS012,2025-06-20,2025-08-01,In Progress,1.85,20
PRG0000860,STU00053,MOD00094,CRS012,2025-06-14,2025-08-20,Completed,11.66,78
PRG0000861,STU00053,MOD00095,CRS012,2025-06-24,2025-08-31,Completed,4.49,14
PRG0000862,STU00053,MOD00096,CRS012,2025-07-11,2025-07-16,In Progress,1.4,53
PRG0000863,STU00053,MOD00081,CRS011,2026-01-18,2026-01-16,Completed,4.56,93
PRG0000864,STU00053,MOD00082,CRS011,2026-02-01,2026-04-03,Not Started,1.78,63
PRG0000865,STU00053,MOD00083,CRS011,2026-02-07,2026-03-22,Not Started,7.68,97
PRG0000866,STU00053,MOD00084,CRS011,2026-01-19,2026-01-18,Not Started,9.37,78
PRG0000867,STU00053,MOD00085,CRS011,2026-02-05,2026-03-20,Completed,1.84,92
PRG0000868,STU00053,MOD00086,CRS011,2026-01-09,2026-03-13,Completed,3.28,55
PRG0000869,STU00053,MOD00087,CRS011,2026-02-02,2026-02-07,Completed,1.77,99
PRG0000870,STU00053,MOD00088,CRS011,2026-01-14,2026-03-18,In Progress,2.33,87
PRG0000871,STU00053,MOD00050,CRS007,2025-09-27,2025-10-22,In Progress,6.37,54
PRG0000872,STU00053,MOD00052,CRS007,2025-09-06,2025-11-21,Not Started,3.94,24
PRG0000873,STU00053,MOD00053,CRS007,2025-10-02,2025-09-11,Completed,1.6,1
PRG0000874,STU00053,MOD00054,CRS007,2025-09-26,2025-11-11,Completed,2.98,1
PRG0000875,STU00053,MOD00056,CRS007,2025-09-04,2025-09-13,Completed,6.48,36
PRG0000876,STU00053,MOD00115,CRS015,2025-09-08,2025-09-16,In Progress,6.98,15
PRG0000877,STU00053,MOD00117,CRS015,2025-09-29,2025-11-08,Completed,3.47,45
PRG0000878,STU00054,MOD00153,CRS020,2025-08-05,2025-08-26,In Progress,2.59,34
PRG0000879,STU00054,MOD00154,CRS020,2025-08-05,2025-09-22,Completed,5.85,52
PRG0000880,STU00054,MOD00157,CRS020,2025-07-25,2025-08-06,In Progress,5.95,39
PRG0000881,STU00054,MOD00159,CRS020,2025-07-30,2025-08-07,Completed,3.94,56
PRG0000882,STU00054,MOD00097,CRS013,2025-09-18,2025-09-18,Completed,1.47,35
PRG0000883,STU00054,MOD00098,CRS013,2025-09-24,2025-09-26,Completed,7.84,49
PRG0000884,STU00054,MOD00099,CRS013,2025-10-12,2025-11-03,Completed,1.36,26
PRG0000885,STU00054,MOD00100,CRS013,2025-10-06,2025-11-10,Completed,5.29,4
PRG0000886,STU00054,MOD00101,CRS013,2025-09-26,2025-09-19,Not Started,2.51,43
PRG0000887,STU00054,MOD00102,CRS013,2025-10-14,2025-10-19,In Progress,3.07,96
PRG0000888,STU00054,MOD00103,CRS013,2025-10-08,2025-12-04,Completed,2.5,93
PRG0000889,STU00054,MOD00104,CRS013,2025-10-09,2025-09-23,In Progress,5.43,92
PRG0000890,STU00054,MOD00025,CRS004,2025-08-09,2025-09-17,Completed,8.16,72
PRG0000891,STU00054,MOD00026,CRS004,2025-07-18,2025-07-31,Not Started,5.44,30
PRG0000892,STU00054,MOD00027,CRS004,2025-07-10,2025-08-15,In Progress,14.31,10
PRG0000893,STU00054,MOD00029,CRS004,2025-07-19,2025-08-23,Completed,1.48,35
PRG0000894,STU00054,MOD00030,CRS004,2025-07-31,2025-08-12,In Progress,7.48,77
PRG0000895,STU00054,MOD00031,CRS004,2025-07-19,2025-09-21,In Progress,6.43,22
PRG0000896,STU00054,MOD00032,CRS004,2025-07-10,2025-09-05,Completed,1.24,45
PRG0000897,STU00054,MOD00089,CRS012,2026-02-14,2026-03-31,Completed,1.82,10
PRG0000898,STU00054,MOD00090,CRS012,2026-02-06,2026-03-30,Completed,1.9,23
PRG0000899,STU00054,MOD00091,CRS012,2026-02-12,2026-02-23,Completed,5.7,29
PRG0000900,STU00054,MOD00092,CRS012,2026-01-22,2026-04-08,In Progress,1.81,83
PRG0000901,STU00054,MOD00093,CRS012,2026-02-08,2026-03-24,In Progress,8.25,5
PRG0000902,STU00054,MOD00094,CRS012,2026-01-25,2026-01-26,Not Started,13.4,32
PRG0000903,STU00054,MOD00095,CRS012,2026-02-14,2026-03-05,Completed,1.22,30
PRG0000904,STU00054,MOD00096,CRS012,2026-01-20,2026-03-24,Completed,7.39,30
PRG0000905,STU00055,MOD00153,CRS020,2026-03-31,2026-04-30,In Progress,5.43,9
PRG0000906,STU00055,MOD00154,CRS020,2026-04-10,2026-04-19,Completed,5.57,100
PRG0000907,STU00055,MOD00155,CRS020,2026-03-26,2026-06-05,Completed,11.37,37
PRG0000908,STU00055,MOD00156,CRS020,2026-03-18,2026-04-30,Completed,9.84,75
PRG0000909,STU00055,MOD00157,CRS020,2026-04-01,2026-04-10,In Progress,5.85,99
PRG0000910,STU00055,MOD00158,CRS020,2026-04-07,2026-05-27,In Progress,12.75,48
PRG0000911,STU00055,MOD00159,CRS020,2026-03-14,2026-06-06,In Progress,5.76,83
PRG0000912,STU00055,MOD00160,CRS020,2026-03-15,2026-04-11,Completed,10.48,80
PRG0000913,STU00055,MOD00145,CRS019,2026-02-26,2026-02-19,In Progress,2.85,6
PRG0000914,STU00055,MOD00146,CRS019,2026-02-24,2026-04-12,Completed,3.06,24
PRG0000915,STU00055,MOD00148,CRS019,2026-02-10,2026-03-18,Completed,2.54,46
PRG0000916,STU00055,MOD00149,CRS019,2026-02-13,2026-02-18,In Progress,7.23,52
PRG0000917,STU00055,MOD00150,CRS019,2026-02-14,2026-04-16,Completed,6.95,83
PRG0000918,STU00055,MOD00151,CRS019,2026-02-10,2026-04-02,In Progress,1.46,16
PRG0000919,STU00055,MOD00022,CRS003,2025-12-23,2025-12-31,Completed,7.31,18
PRG0000920,STU00056,MOD00043,CRS006,2025-07-30,2025-09-19,Completed,4.6,60
PRG0000921,STU00056,MOD00044,CRS006,2025-07-31,2025-08-01,In Progress,1.34,21
PRG0000922,STU00056,MOD00046,CRS006,2025-08-23,2025-10-03,Not Started,10.95,45
PRG0000923,STU00056,MOD00047,CRS006,2025-08-18,2025-10-07,Completed,4.67,43
PRG0000924,STU00057,MOD00129,CRS017,2026-01-28,2026-03-29,In Progress,5.97,5
PRG0000925,STU00057,MOD00130,CRS017,2026-02-08,2026-02-25,Not Started,11.02,80
PRG0000926,STU00057,MOD00131,CRS017,2026-02-05,2026-03-07,Completed,1.95,17
PRG0000927,STU00057,MOD00132,CRS017,2026-02-02,2026-03-27,Not Started,5.68,10
PRG0000928,STU00057,MOD00133,CRS017,2026-01-10,2026-03-27,Completed,9.42,58
PRG0000929,STU00057,MOD00134,CRS017,2026-01-24,2026-02-02,Completed,7.47,98
PRG0000930,STU00057,MOD00135,CRS017,2026-01-19,2026-03-15,Completed,7.21,67
PRG0000931,STU00057,MOD00136,CRS017,2026-02-06,2026-03-06,Completed,4.07,96
PRG0000932,STU00057,MOD00097,CRS013,2026-03-02,2026-03-03,Completed,4.9,78
PRG0000933,STU00057,MOD00098,CRS013,2026-02-15,2026-03-13,Completed,3.3,62
PRG0000934,STU00057,MOD00101,CRS013,2026-03-05,2026-03-10,Not Started,2.51,29
PRG0000935,STU00057,MOD00103,CRS013,2026-02-10,2026-04-16,In Progress,3.64,3
PRG0000936,STU00058,MOD00105,CRS014,2025-10-10,2025-11-21,Completed,1.98,62
PRG0000937,STU00058,MOD00106,CRS014,2025-09-12,2025-10-30,Completed,11.36,73
PRG0000938,STU00058,MOD00107,CRS014,2025-09-26,2025-11-18,Completed,5.99,14
PRG0000939,STU00058,MOD00108,CRS014,2025-10-11,2025-09-28,Completed,7.05,33
PRG0000940,STU00058,MOD00109,CRS014,2025-09-16,2025-10-18,In Progress,2.11,45
PRG0000941,STU00058,MOD00110,CRS014,2025-10-05,2025-10-11,In Progress,5.58,64
PRG0000942,STU00058,MOD00111,CRS014,2025-09-26,2025-12-02,In Progress,4.36,9
PRG0000943,STU00058,MOD00112,CRS014,2025-09-22,2025-09-17,Completed,2.86,66
PRG0000944,STU00058,MOD00041,CRS006,2026-03-18,2026-05-03,In Progress,13.29,4
PRG0000945,STU00058,MOD00042,CRS006,2026-03-12,2026-02-22,Completed,3.05,28
PRG0000946,STU00058,MOD00043,CRS006,2026-02-28,2026-04-22,Completed,6.29,93
PRG0000947,STU00058,MOD00044,CRS006,2026-02-24,2026-03-18,In Progress,2.24,66
PRG0000948,STU00058,MOD00045,CRS006,2026-03-15,2026-03-20,Completed,1.44,71
PRG0000949,STU00058,MOD00046,CRS006,2026-03-14,2026-03-15,Completed,8.57,78
PRG0000950,STU00058,MOD00047,CRS006,2026-03-10,2026-03-23,In Progress,7.05,84
PRG0000951,STU00058,MOD00048,CRS006,2026-03-20,2026-03-31,In Progress,5.38,85
PRG0000952,STU00058,MOD00122,CRS016,2025-06-30,2025-08-28,Completed,1.19,14
PRG0000953,STU00058,MOD00126,CRS016,2025-07-03,2025-07-31,Completed,4.4,22
PRG0000954,STU00058,MOD00127,CRS016,2025-06-29,2025-09-12,Completed,7.62,90
PRG0000955,STU00058,MOD00128,CRS016,2025-07-17,2025-08-20,In Progress,9.21,76
PRG0000956,STU00058,MOD00145,CRS019,2025-08-06,2025-09-01,Completed,4.11,100
PRG0000957,STU00058,MOD00146,CRS019,2025-08-14,2025-09-08,Completed,3.06,50
PRG0000958,STU00058,MOD00148,CRS019,2025-08-05,2025-08-04,Completed,2.46,43
PRG0000959,STU00058,MOD00150,CRS019,2025-08-11,2025-09-19,Completed,6.69,68
PRG0000960,STU00058,MOD00151,CRS019,2025-08-17,2025-08-12,Not Started,2.23,42
PRG0000961,STU00058,MOD00152,CRS019,2025-08-14,2025-07-31,Not Started,1.07,48
PRG0000962,STU00059,MOD00153,CRS020,2025-12-25,2026-01-15,Not Started,5.98,70
PRG0000963,STU00059,MOD00154,CRS020,2025-12-04,2026-02-08,Completed,8.5,20
PRG0000964,STU00059,MOD00155,CRS020,2025-12-15,2026-01-02,Completed,2.78,47
PRG0000965,STU00059,MOD00156,CRS020,2025-12-09,2026-02-12,In Progress,9.93,4
PRG0000966,STU00059,MOD00157,CRS020,2025-12-27,2026-02-09,Completed,4.78,62
PRG0000967,STU00059,MOD00158,CRS020,2025-12-12,2026-01-11,Completed,8.89,88
PRG0000968,STU00059,MOD00159,CRS020,2025-12-11,2025-12-19,In Progress,5.72,51
PRG0000969,STU00059,MOD00160,CRS020,2025-12-26,2026-01-07,In Progress,1.73,64
PRG0000970,STU00059,MOD00010,CRS002,2025-11-26,2026-02-04,In Progress,2.9,94
PRG0000971,STU00059,MOD00011,CRS002,2025-12-08,2025-12-21,In Progress,9.16,100
PRG0000972,STU00059,MOD00012,CRS002,2025-12-12,2025-11-29,Completed,4.67,12
PRG0000973,STU00059,MOD00013,CRS002,2025-12-16,2026-02-08,Completed,4.64,11
PRG0000974,STU00059,MOD00014,CRS002,2025-12-09,2026-02-06,Completed,2.85,89
PRG0000975,STU00059,MOD00015,CRS002,2025-12-03,2026-01-14,Completed,7.21,50
PRG0000976,STU00059,MOD00089,CRS012,2025-08-05,2025-08-20,Completed,1.35,98
PRG0000977,STU00059,MOD00090,CRS012,2025-08-02,2025-09-22,Completed,10.0,42
PRG0000978,STU00059,MOD00091,CRS012,2025-08-11,2025-08-02,Completed,2.61,62
PRG0000979,STU00059,MOD00092,CRS012,2025-07-24,2025-08-10,Completed,3.93,66
PRG0000980,STU00059,MOD00093,CRS012,2025-08-09,2025-08-21,Completed,7.17,52
PRG0000981,STU00059,MOD00094,CRS012,2025-08-01,2025-08-11,Completed,9.61,76
PRG0000982,STU00059,MOD00095,CRS012,2025-07-22,2025-08-26,In Progress,4.78,62
PRG0000983,STU00059,MOD00096,CRS012,2025-08-01,2025-10-14,Completed,6.77,61
PRG0000984,STU00059,MOD00001,CRS001,2025-12-24,2025-12-08,Not Started,5.68,9
PRG0000985,STU00059,MOD00002,CRS001,2025-12-21,2025-11-29,Completed,2.5,21
PRG0000986,STU00059,MOD00003,CRS001,2025-12-24,2025-12-12,Completed,5.03,21
PRG0000987,STU00059,MOD00004,CRS001,2025-12-13,2026-01-29,Completed,11.93,53
PRG0000988,STU00059,MOD00005,CRS001,2025-12-06,2025-12-13,Completed,5.12,86
PRG0000989,STU00059,MOD00006,CRS001,2025-12-07,2026-02-14,In Progress,6.36,21
PRG0000990,STU00059,MOD00007,CRS001,2025-12-13,2026-02-23,Completed,5.91,91
PRG0000991,STU00059,MOD00008,CRS001,2025-12-16,2025-12-30,Completed,3.95,42
PRG0000992,STU00060,MOD00105,CRS014,2026-02-28,2026-02-23,Completed,4.58,60
PRG0000993,STU00060,MOD00106,CRS014,2026-02-18,2026-02-28,Completed,1.74,0
PRG0000994,STU00060,MOD00107,CRS014,2026-02-11,2026-03-03,In Progress,6.92,42
PRG0000995,STU00060,MOD00108,CRS014,2026-02-24,2026-04-06,Completed,1.93,81
PRG0000996,STU00060,MOD00109,CRS014,2026-02-12,2026-03-22,In Progress,9.81,35
PRG0000997,STU00060,MOD00110,CRS014,2026-03-06,2026-04-01,Completed,5.28,79
PRG0000998,STU00060,MOD00111,CRS014,2026-03-06,2026-03-10,Completed,4.21,25
PRG0000999,STU00060,MOD00112,CRS014,2026-02-09,2026-02-19,In Progress,1.56,33
PRG0001000,STU00060,MOD00121,CRS016,2026-02-21,2026-04-22,In Progress,5.79,73
PRG0001001,STU00060,MOD00123,CRS016,2026-02-13,2026-04-25,In Progress,1.95,21
PRG0001002,STU00060,MOD00124,CRS016,2026-02-12,2026-03-05,Completed,6.22,18
PRG0001003,STU00060,MOD00125,CRS016,2026-02-20,2026-02-06,Completed,2.79,6
PRG0001004,STU00060,MOD00126,CRS016,2026-03-02,2026-04-03,Completed,4.77,38
PRG0001005,STU00060,MOD00127,CRS016,2026-02-08,2026-03-08,Completed,4.58,49
PRG0001006,STU00060,MOD00154,CRS020,2026-02-07,2026-04-24,In Progress,14.38,81
PRG0001007,STU00060,MOD00159,CRS020,2026-03-02,2026-03-10,In Progress,7.97,55
PRG0001008,STU00060,MOD00113,CRS015,2026-03-04,2026-03-24,In Progress,11.79,44
PRG0001009,STU00060,MOD00114,CRS015,2026-02-11,2026-04-25,Completed,11.98,24
PRG0001010,STU00060,MOD00115,CRS015,2026-02-10,2026-02-07,Completed,5.51,24
PRG0001011,STU00060,MOD00116,CRS015,2026-02-14,2026-03-20,Completed,3.95,32
PRG0001012,STU00060,MOD00117,CRS015,2026-02-05,2026-04-24,Completed,3.27,82
PRG0001013,STU00060,MOD00118,CRS015,2026-02-06,2026-05-06,In Progress,4.02,7
PRG0001014,STU00060,MOD00119,CRS015,2026-03-03,2026-02-09,In Progress,7.03,77
PRG0001015,STU00060,MOD00120,CRS015,2026-02-20,2026-02-28,Completed,4.06,96
PRG0001016,STU00061,MOD00009,CRS002,2025-06-24,2025-06-26,Completed,8.66,91
PRG0001017,STU00061,MOD00010,CRS002,2025-07-14,2025-07-14,In Progress,2.65,53
PRG0001018,STU00061,MOD00011,CRS002,2025-06-24,2025-06-29,Completed,7.75,40
PRG0001019,STU00061,MOD00012,CRS002,2025-07-08,2025-07-27,Not Started,2.55,78
PRG0001020,STU00061,MOD00013,CRS002,2025-07-01,2025-09-16,In Progress,4.96,90
PRG0001021,STU00061,MOD00014,CRS002,2025-07-09,2025-08-07,Completed,7.11,51
PRG0001022,STU00061,MOD00015,CRS002,2025-07-12,2025-09-15,Completed,3.41,97
PRG0001023,STU00061,MOD00016,CRS002,2025-07-14,2025-07-26,Completed,5.88,35
PRG0001024,STU00061,MOD00066,CRS009,2025-06-10,2025-05-22,Completed,6.33,15
PRG0001025,STU00061,MOD00067,CRS009,2025-06-08,2025-08-19,Completed,7.05,11
PRG0001026,STU00061,MOD00068,CRS009,2025-05-23,2025-06-14,In Progress,3.04,75
PRG0001027,STU00061,MOD00069,CRS009,2025-05-21,2025-06-12,In Progress,3.07,47
PRG0001028,STU00061,MOD00070,CRS009,2025-06-18,2025-06-22,Completed,3.38,24
PRG0001029,STU00061,MOD00057,CRS008,2025-08-02,2025-08-27,Completed,2.12,40
PRG0001030,STU00061,MOD00058,CRS008,2025-08-16,2025-08-15,Completed,2.59,37
PRG0001031,STU00061,MOD00059,CRS008,2025-08-04,2025-08-24,Completed,2.24,46
PRG0001032,STU00061,MOD00060,CRS008,2025-08-10,2025-09-26,Completed,8.89,21
PRG0001033,STU00061,MOD00061,CRS008,2025-08-16,2025-10-04,Completed,7.72,26
PRG0001034,STU00061,MOD00062,CRS008,2025-08-03,2025-09-04,In Progress,9.53,36
PRG0001035,STU00061,MOD00063,CRS008,2025-08-12,2025-09-24,Completed,3.6,34
PRG0001036,STU00061,MOD00064,CRS008,2025-08-14,2025-08-17,Completed,6.85,4
PRG0001037,STU00062,MOD00137,CRS018,2026-01-20,2026-01-24,Completed,7.54,41
PRG0001038,STU00062,MOD00138,CRS018,2026-01-12,2026-03-26,Completed,1.22,89
PRG0001039,STU00062,MOD00139,CRS018,2026-01-11,2026-01-02,Completed,3.38,43
PRG0001040,STU00062,MOD00140,CRS018,2026-01-03,2026-01-24,Not Started,5.29,59
PRG0001041,STU00062,MOD00141,CRS018,2026-01-24,2026-01-03,Completed,9.63,75
PRG0001042,STU00062,MOD00142,CRS018,2026-01-13,2026-02-21,Completed,3.68,92
PRG0001043,STU00062,MOD00143,CRS018,2026-01-10,2026-03-03,In Progress,2.95,29
PRG0001044,STU00062,MOD00144,CRS018,2026-01-28,2026-03-06,Completed,2.49,34
PRG0001045,STU00062,MOD00129,CRS017,2026-01-17,2026-03-22,Completed,3.56,38
PRG0001046,STU00062,MOD00130,CRS017,2026-02-04,2026-04-05,Not Started,3.18,72
PRG0001047,STU00062,MOD00131,CRS017,2026-01-09,2026-03-31,Completed,2.92,11
PRG0001048,STU00062,MOD00132,CRS017,2026-01-29,2026-01-24,In Progress,3.29,21
PRG0001049,STU00062,MOD00133,CRS017,2026-01-26,2026-01-24,Completed,3.15,39
PRG0001050,STU00062,MOD00134,CRS017,2026-01-12,2026-02-01,Completed,8.97,19
PRG0001051,STU00062,MOD00135,CRS017,2026-02-01,2026-02-22,Completed,2.75,12
PRG0001052,STU00062,MOD00136,CRS017,2026-01-26,2026-02-25,In Progress,8.3,85
PRG0001053,STU00062,MOD00026,CRS004,2025-08-06,2025-07-21,Completed,4.02,17
PRG0001054,STU00062,MOD00153,CRS020,2025-06-19,2025-08-10,In Progress,7.31,3
PRG0001055,STU00062,MOD00154,CRS020,2025-06-27,2025-07-01,In Progress,6.17,43
PRG0001056,STU00062,MOD00155,CRS020,2025-06-08,2025-08-26,Completed,5.38,9
PRG0001057,STU00062,MOD00156,CRS020,2025-06-12,2025-08-11,Completed,3.01,55
PRG0001058,STU00062,MOD00157,CRS020,2025-06-20,2025-08-31,Completed,2.43,39
PRG0001059,STU00062,MOD00158,CRS020,2025-07-04,2025-08-09,Completed,12.98,53
PRG0001060,STU00062,MOD00159,CRS020,2025-06-20,2025-09-04,Completed,2.33,10
PRG0001061,STU00062,MOD00160,CRS020,2025-07-01,2025-06-21,In Progress,4.84,1
PRG0001062,STU00063,MOD00113,CRS015,2025-10-15,2025-12-24,Completed,10.61,1
PRG0001063,STU00063,MOD00114,CRS015,2025-11-10,2026-01-05,Completed,9.48,38
PRG0001064,STU00063,MOD00115,CRS015,2025-11-03,2026-01-01,Completed,11.09,57
PRG0001065,STU00063,MOD00116,CRS015,2025-11-04,2025-12-11,In Progress,7.75,46
PRG0001066,STU00063,MOD00117,CRS015,2025-10-16,2025-12-05,Completed,2.34,86
PRG0001067,STU00063,MOD00118,CRS015,2025-10-11,2025-11-24,Not Started,8.78,33
PRG0001068,STU00063,MOD00119,CRS015,2025-11-06,2025-12-29,In Progress,3.96,6
PRG0001069,STU00063,MOD00120,CRS015,2025-10-12,2025-10-27,In Progress,2.61,6
PRG0001070,STU00064,MOD00025,CRS004,2025-09-28,2025-10-25,Completed,5.22,37
PRG0001071,STU00064,MOD00026,CRS004,2025-09-07,2025-11-16,Completed,3.79,53
PRG0001072,STU00064,MOD00027,CRS004,2025-09-17,2025-10-16,In Progress,9.34,45
PRG0001073,STU00064,MOD00028,CRS004,2025-09-24,2025-10-28,Completed,1.8,12
PRG0001074,STU00064,MOD00029,CRS004,2025-09-11,2025-11-28,Completed,12.16,44
PRG0001075,STU00064,MOD00030,CRS004,2025-09-29,2025-11-26,Completed,7.6,93
PRG0001076,STU00064,MOD00031,CRS004,2025-09-25,2025-11-05,Completed,3.12,4
PRG0001077,STU00064,MOD00032,CRS004,2025-09-30,2025-11-28,In Progress,1.66,65
PRG0001078,STU00064,MOD00057,CRS008,2025-10-06,2025-11-28,In Progress,4.38,2
PRG0001079,STU00064,MOD00058,CRS008,2025-09-30,2025-10-10,In Progress,6.94,10
PRG0001080,STU00064,MOD00059,CRS008,2025-09-20,2025-09-22,In Progress,3.0,38
PRG0001081,STU00064,MOD00060,CRS008,2025-09-24,2025-10-09,In Progress,1.61,73
PRG0001082,STU00064,MOD00061,CRS008,2025-10-01,2025-11-02,Completed,9.61,23
PRG0001083,STU00064,MOD00062,CRS008,2025-09-28,2025-09-13,In Progress,12.37,86
PRG0001084,STU00064,MOD00063,CRS008,2025-09-07,2025-10-30,Completed,3.74,84
PRG0001085,STU00064,MOD00064,CRS008,2025-09-15,2025-11-06,Completed,13.2,40
PRG0001086,STU00064,MOD00009,CRS002,2026-05-01,2026-06-03,Completed,7.97,43
PRG0001087,STU00064,MOD00010,CRS002,2026-04-25,2026-06-10,Completed,11.68,63
PRG0001088,STU00064,MOD00011,CRS002,2026-05-06,2026-05-06,In Progress,3.43,4
PRG0001089,STU00064,MOD00012,CRS002,2026-05-02,2026-04-25,In Progress,5.49,44
PRG0001090,STU00064,MOD00013,CRS002,2026-05-07,2026-06-21,Completed,4.65,40
PRG0001091,STU00064,MOD00014,CRS002,2026-04-28,2026-04-18,Completed,4.8,79
PRG0001092,STU00064,MOD00015,CRS002,2026-04-27,2026-06-07,Not Started,1.29,36
PRG0001093,STU00064,MOD00016,CRS002,2026-04-29,2026-05-15,Completed,6.91,48
PRG0001094,STU00065,MOD00058,CRS008,2025-10-06,2025-10-28,Not Started,5.57,22
PRG0001095,STU00065,MOD00063,CRS008,2025-10-11,2025-10-28,Completed,3.1,40
PRG0001096,STU00066,MOD00095,CRS012,2026-02-09,2026-04-02,In Progress,2.43,57
PRG0001097,STU00066,MOD00096,CRS012,2026-02-24,2026-02-20,Completed,1.04,42
PRG0001098,STU00066,MOD00107,CRS014,2025-08-30,2025-11-04,Completed,5.6,24
PRG0001099,STU00066,MOD00110,CRS014,2025-08-31,2025-10-16,Not Started,9.39,93
PRG0001100,STU00066,MOD00112,CRS014,2025-08-31,2025-09-13,Completed,2.25,87
PRG0001101,STU00066,MOD00041,CRS006,2026-02-27,2026-02-19,In Progress,13.37,83
PRG0001102,STU00066,MOD00042,CRS006,2026-03-04,2026-03-13,In Progress,1.56,47
PRG0001103,STU00066,MOD00043,CRS006,2026-02-23,2026-03-11,Completed,5.63,25
PRG0001104,STU00066,MOD00044,CRS006,2026-02-25,2026-02-25,In Progress,3.9,59
PRG0001105,STU00066,MOD00045,CRS006,2026-03-09,2026-05-05,Completed,2.57,22
PRG0001106,STU00066,MOD00046,CRS006,2026-03-04,2026-05-10,Completed,7.64,42
PRG0001107,STU00066,MOD00047,CRS006,2026-03-17,2026-03-09,Completed,10.03,8
PRG0001108,STU00066,MOD00048,CRS006,2026-02-17,2026-05-15,In Progress,5.34,60
PRG0001109,STU00066,MOD00033,CRS005,2026-03-30,2026-05-21,Not Started,12.04,68
PRG0001110,STU00066,MOD00034,CRS005,2026-04-21,2026-06-14,In Progress,5.27,3
PRG0001111,STU00066,MOD00035,CRS005,2026-04-23,2026-04-05,Completed,6.58,92
PRG0001112,STU00066,MOD00036,CRS005,2026-04-08,2026-05-19,In Progress,5.86,83
PRG0001113,STU00066,MOD00037,CRS005,2026-04-22,2026-04-13,Completed,2.69,97
PRG0001114,STU00066,MOD00038,CRS005,2026-04-21,2026-04-12,In Progress,2.28,84
PRG0001115,STU00066,MOD00039,CRS005,2026-04-26,2026-04-29,In Progress,2.68,12
PRG0001116,STU00066,MOD00040,CRS005,2026-04-19,2026-04-07,Completed,5.61,96
PRG0001117,STU00066,MOD00049,CRS007,2025-06-28,2025-08-03,Completed,3.22,100
PRG0001118,STU00066,MOD00050,CRS007,2025-06-28,2025-09-01,Completed,1.45,17
PRG0001119,STU00066,MOD00051,CRS007,2025-06-29,2025-06-24,Completed,3.41,46
PRG0001120,STU00066,MOD00052,CRS007,2025-06-29,2025-07-11,Completed,3.44,91
PRG0001121,STU00066,MOD00053,CRS007,2025-06-29,2025-07-10,In Progress,5.52,18
PRG0001122,STU00066,MOD00054,CRS007,2025-07-17,2025-08-09,Completed,1.46,27
PRG0001123,STU00066,MOD00055,CRS007,2025-06-24,2025-09-03,Completed,2.82,65
PRG0001124,STU00066,MOD00056,CRS007,2025-07-06,2025-08-11,Completed,12.25,44
PRG0001125,STU00067,MOD00081,CRS011,2026-02-07,2026-03-04,Completed,3.46,62
PRG0001126,STU00067,MOD00082,CRS011,2026-02-18,2026-03-31,Completed,7.05,48
PRG0001127,STU00067,MOD00083,CRS011,2026-02-21,2026-01-31,Completed,3.94,28
PRG0001128,STU00067,MOD00084,CRS011,2026-02-10,2026-02-07,In Progress,5.99,58
PRG0001129,STU00067,MOD00085,CRS011,2026-02-11,2026-01-24,In Progress,6.5,100
PRG0001130,STU00067,MOD00073,CRS010,2025-05-30,2025-05-23,Not Started,4.3,34
PRG0001131,STU00067,MOD00079,CRS010,2025-05-28,2025-07-16,Completed,4.59,94
PRG0001132,STU00067,MOD00080,CRS010,2025-06-08,2025-08-02,In Progress,1.8,91
PRG0001133,STU00068,MOD00025,CRS004,2026-04-05,2026-04-21,Completed,2.14,24
PRG0001134,STU00068,MOD00029,CRS004,2026-03-26,2026-03-25,Completed,4.05,97
PRG0001135,STU00068,MOD00033,CRS005,2026-04-06,2026-03-27,Completed,2.46,10
PRG0001136,STU00068,MOD00034,CRS005,2026-03-20,2026-05-26,Completed,5.79,38
PRG0001137,STU00068,MOD00035,CRS005,2026-04-04,2026-05-12,In Progress,2.56,56
PRG0001138,STU00068,MOD00037,CRS005,2026-04-11,2026-06-07,In Progress,1.91,0
PRG0001139,STU00068,MOD00038,CRS005,2026-03-30,2026-06-02,Completed,3.21,42
PRG0001140,STU00068,MOD00039,CRS005,2026-04-02,2026-04-23,Not Started,3.4,68
PRG0001141,STU00068,MOD00040,CRS005,2026-03-25,2026-06-12,Completed,3.01,56
PRG0001142,STU00068,MOD00107,CRS014,2026-04-14,2026-05-22,Completed,2.79,8
PRG0001143,STU00068,MOD00110,CRS014,2026-04-13,2026-05-13,Completed,10.62,23
PRG0001144,STU00068,MOD00112,CRS014,2026-03-24,2026-04-14,Completed,1.61,98
PRG0001145,STU00068,MOD00009,CRS002,2026-03-26,2026-06-04,Completed,9.4,41
PRG0001146,STU00068,MOD00010,CRS002,2026-04-10,2026-05-07,In Progress,11.65,78
PRG0001147,STU00068,MOD00012,CRS002,2026-04-02,2026-05-17,In Progress,7.31,99
PRG0001148,STU00068,MOD00014,CRS002,2026-03-25,2026-05-17,Not Started,6.42,47
PRG0001149,STU00068,MOD00015,CRS002,2026-03-27,2026-05-02,In Progress,4.94,39
PRG0001150,STU00068,MOD00016,CRS002,2026-03-29,2026-05-10,Completed,11.34,7
PRG0001151,STU00068,MOD00065,CRS009,2026-03-28,2026-06-08,In Progress,5.87,98
PRG0001152,STU00068,MOD00066,CRS009,2026-04-12,2026-04-12,Completed,7.81,37
PRG0001153,STU00068,MOD00067,CRS009,2026-03-17,2026-04-28,Completed,3.49,71
PRG0001154,STU00068,MOD00068,CRS009,2026-03-23,2026-04-14,In Progress,5.84,35
PRG0001155,STU00068,MOD00069,CRS009,2026-03-24,2026-04-07,Completed,5.56,92
PRG0001156,STU00068,MOD00070,CRS009,2026-04-16,2026-03-23,In Progress,2.37,90
PRG0001157,STU00068,MOD00071,CRS009,2026-03-25,2026-06-03,Completed,1.74,7
PRG0001158,STU00068,MOD00072,CRS009,2026-03-25,2026-05-25,Completed,2.85,14
PRG0001159,STU00069,MOD00098,CRS013,2025-08-01,2025-08-30,In Progress,7.99,75
PRG0001160,STU00069,MOD00099,CRS013,2025-07-14,2025-09-18,Completed,2.96,73
PRG0001161,STU00069,MOD00100,CRS013,2025-07-29,2025-08-11,Completed,6.31,88
PRG0001162,STU00069,MOD00101,CRS013,2025-08-01,2025-07-17,In Progress,2.4,94
PRG0001163,STU00069,MOD00102,CRS013,2025-08-04,2025-08-24,Not Started,2.56,27
PRG0001164,STU00069,MOD00103,CRS013,2025-07-22,2025-08-07,Completed,2.17,86
PRG0001165,STU00069,MOD00121,CRS016,2026-02-08,2026-01-23,Completed,9.03,54
PRG0001166,STU00069,MOD00122,CRS016,2026-02-04,2026-01-27,In Progress,1.12,65
PRG0001167,STU00069,MOD00123,CRS016,2026-02-07,2026-03-17,Not Started,2.92,41
PRG0001168,STU00069,MOD00124,CRS016,2026-02-04,2026-02-26,Completed,5.12,94
PRG0001169,STU00069,MOD00125,CRS016,2026-01-22,2026-04-02,In Progress,2.06,65
PRG0001170,STU00069,MOD00126,CRS016,2026-01-22,2026-04-04,Not Started,5.88,24
PRG0001171,STU00069,MOD00127,CRS016,2026-02-13,2026-04-18,Completed,3.63,57
PRG0001172,STU00069,MOD00128,CRS016,2026-02-12,2026-02-09,In Progress,1.69,82
PRG0001173,STU00070,MOD00097,CRS013,2025-07-28,2025-09-20,In Progress,11.35,55
PRG0001174,STU00070,MOD00098,CRS013,2025-07-26,2025-09-26,Completed,5.99,49
PRG0001175,STU00070,MOD00099,CRS013,2025-07-21,2025-08-25,Completed,3.07,28
PRG0001176,STU00070,MOD00100,CRS013,2025-08-07,2025-08-25,Completed,5.25,25
PRG0001177,STU00070,MOD00101,CRS013,2025-08-01,2025-08-29,In Progress,2.43,73
PRG0001178,STU00070,MOD00102,CRS013,2025-08-07,2025-08-02,Completed,1.64,3
PRG0001179,STU00070,MOD00103,CRS013,2025-08-13,2025-07-20,In Progress,2.89,8
PRG0001180,STU00070,MOD00104,CRS013,2025-07-24,2025-08-13,In Progress,2.61,20
PRG0001181,STU00070,MOD00113,CRS015,2026-01-29,2026-02-20,Not Started,4.04,45
PRG0001182,STU00070,MOD00114,CRS015,2026-02-18,2026-03-19,Completed,11.43,3
PRG0001183,STU00070,MOD00115,CRS015,2026-02-13,2026-02-17,Completed,6.59,51
PRG0001184,STU00070,MOD00116,CRS015,2026-02-14,2026-03-11,Completed,2.0,22
PRG0001185,STU00070,MOD00117,CRS015,2026-02-08,2026-03-29,Completed,3.65,15
PRG0001186,STU00070,MOD00118,CRS015,2026-02-13,2026-04-09,Completed,11.95,53
PRG0001187,STU00070,MOD00119,CRS015,2026-01-23,2026-03-27,Completed,2.66,14
PRG0001188,STU00070,MOD00120,CRS015,2026-01-21,2026-01-22,Completed,2.47,12
PRG0001189,STU00070,MOD00017,CRS003,2025-10-23,2025-11-02,In Progress,3.82,83
PRG0001190,STU00070,MOD00018,CRS003,2025-10-15,2025-10-04,In Progress,3.84,60
PRG0001191,STU00070,MOD00019,CRS003,2025-10-23,2025-10-29,In Progress,12.22,5
PRG0001192,STU00070,MOD00020,CRS003,2025-09-30,2025-10-16,Completed,1.64,19
PRG0001193,STU00070,MOD00021,CRS003,2025-10-08,2025-09-28,Completed,6.22,94
PRG0001194,STU00070,MOD00022,CRS003,2025-10-04,2025-12-12,Completed,2.97,22
PRG0001195,STU00070,MOD00023,CRS003,2025-10-09,2025-10-13,In Progress,5.05,23
PRG0001196,STU00070,MOD00024,CRS003,2025-10-22,2025-10-08,In Progress,1.42,26
PRG0001197,STU00070,MOD00144,CRS018,2026-02-04,2026-01-27,Not Started,1.16,48
PRG0001198,STU00071,MOD00121,CRS016,2025-05-19,2025-07-03,Completed,2.25,44
PRG0001199,STU00071,MOD00122,CRS016,2025-04-28,2025-06-19,Not Started,1.22,60
PRG0001200,STU00071,MOD00123,CRS016,2025-05-09,2025-07-04,Completed,2.71,81
PRG0001201,STU00071,MOD00124,CRS016,2025-05-11,2025-06-26,In Progress,2.67,41
PRG0001202,STU00071,MOD00125,CRS016,2025-05-07,2025-07-14,In Progress,1.19,63
PRG0001203,STU00071,MOD00126,CRS016,2025-05-23,2025-07-09,Completed,2.75,16
PRG0001204,STU00071,MOD00127,CRS016,2025-04-30,2025-05-25,In Progress,8.06,91
PRG0001205,STU00071,MOD00128,CRS016,2025-05-24,2025-07-14,Completed,3.15,23
PRG0001206,STU00071,MOD00081,CRS011,2025-10-08,2025-11-11,In Progress,4.0,75
PRG0001207,STU00071,MOD00082,CRS011,2025-10-17,2025-11-03,In Progress,2.65,54
PRG0001208,STU00071,MOD00083,CRS011,2025-10-03,2025-12-13,In Progress,9.08,95
PRG0001209,STU00071,MOD00084,CRS011,2025-10-11,2025-12-19,Completed,3.77,23
PRG0001210,STU00071,MOD00085,CRS011,2025-10-19,2025-10-04,In Progress,2.55,50
PRG0001211,STU00071,MOD00086,CRS011,2025-10-17,2025-11-30,Completed,2.2,80
PRG0001212,STU00071,MOD00087,CRS011,2025-10-17,2025-11-20,Completed,4.01,79
PRG0001213,STU00071,MOD00088,CRS011,2025-10-13,2025-10-15,In Progress,3.29,65
PRG0001214,STU00071,MOD00001,CRS001,2026-01-31,2026-02-14,Completed,9.88,62
PRG0001215,STU00071,MOD00002,CRS001,2026-02-04,2026-04-16,Completed,2.71,97
PRG0001216,STU00071,MOD00003,CRS001,2026-01-23,2026-03-09,Completed,1.24,69
PRG0001217,STU00071,MOD00004,CRS001,2026-01-28,2026-03-21,In Progress,2.5,91
PRG0001218,STU00071,MOD00005,CRS001,2026-02-17,2026-03-07,Completed,7.11,10
PRG0001219,STU00071,MOD00006,CRS001,2026-02-06,2026-02-14,Completed,9.94,65
PRG0001220,STU00071,MOD00007,CRS001,2026-02-16,2026-04-19,Completed,1.13,93
PRG0001221,STU00071,MOD00008,CRS001,2026-02-06,2026-04-08,In Progress,8.88,67
PRG0001222,STU00071,MOD00018,CRS003,2025-10-28,2026-01-18,Not Started,2.86,47
PRG0001223,STU00071,MOD00019,CRS003,2025-11-11,2025-11-12,In Progress,11.74,28
PRG0001224,STU00071,MOD00022,CRS003,2025-11-20,2026-01-08,Completed,3.53,6
PRG0001225,STU00072,MOD00140,CRS018,2026-04-12,2026-05-17,Completed,4.52,71
PRG0001226,STU00072,MOD00142,CRS018,2026-05-01,2026-06-26,Completed,1.73,96
PRG0001227,STU00072,MOD00143,CRS018,2026-04-12,2026-06-09,In Progress,5.97,31
PRG0001228,STU00072,MOD00144,CRS018,2026-04-13,2026-06-30,Completed,3.07,31
PRG0001229,STU00073,MOD00049,CRS007,2025-11-03,2025-11-09,Completed,3.01,92
PRG0001230,STU00073,MOD00052,CRS007,2025-10-18,2025-10-23,In Progress,7.08,1
PRG0001231,STU00073,MOD00121,CRS016,2026-01-02,2026-01-27,In Progress,7.77,78
PRG0001232,STU00073,MOD00122,CRS016,2025-12-21,2026-02-01,In Progress,2.9,5
PRG0001233,STU00073,MOD00123,CRS016,2026-01-16,2026-01-21,Completed,1.93,74
PRG0001234,STU00073,MOD00124,CRS016,2026-01-10,2026-03-18,In Progress,4.17,37
PRG0001235,STU00073,MOD00125,CRS016,2025-12-22,2025-12-31,Not Started,2.21,76
PRG0001236,STU00073,MOD00127,CRS016,2026-01-15,2026-03-15,Completed,7.67,55
PRG0001237,STU00073,MOD00128,CRS016,2026-01-08,2026-01-02,In Progress,3.66,92
PRG0001238,STU00073,MOD00065,CRS009,2025-09-03,2025-09-08,In Progress,2.64,85
PRG0001239,STU00073,MOD00066,CRS009,2025-08-17,2025-08-17,Completed,7.77,62
PRG0001240,STU00073,MOD00067,CRS009,2025-08-21,2025-09-04,Completed,5.33,13
PRG0001241,STU00073,MOD00068,CRS009,2025-09-01,2025-10-08,Completed,10.21,48
PRG0001242,STU00073,MOD00069,CRS009,2025-09-02,2025-10-31,Completed,6.72,75
PRG0001243,STU00073,MOD00070,CRS009,2025-08-26,2025-08-19,Completed,1.41,97
PRG0001244,STU00073,MOD00071,CRS009,2025-08-24,2025-11-01,In Progress,8.55,50
PRG0001245,STU00073,MOD00072,CRS009,2025-08-07,2025-09-20,In Progress,1.88,58
PRG0001246,STU00073,MOD00081,CRS011,2025-08-26,2025-08-15,Not Started,6.29,80
PRG0001247,STU00073,MOD00082,CRS011,2025-08-23,2025-11-04,Not Started,3.7,23
PRG0001248,STU00073,MOD00083,CRS011,2025-09-09,2025-09-22,Completed,9.75,3
PRG0001249,STU00073,MOD00084,CRS011,2025-09-06,2025-09-12,Completed,10.56,45
PRG0001250,STU00073,MOD00085,CRS011,2025-08-17,2025-09-15,Completed,1.31,58
PRG0001251,STU00073,MOD00086,CRS011,2025-08-30,2025-09-13,In Progress,1.56,71
PRG0001252,STU00073,MOD00087,CRS011,2025-08-27,2025-11-01,Completed,6.62,44
PRG0001253,STU00073,MOD00088,CRS011,2025-08-15,2025-10-13,In Progress,2.17,78
PRG0001254,STU00074,MOD00081,CRS011,2025-12-25,2025-12-30,Completed,2.99,92
PRG0001255,STU00074,MOD00082,CRS011,2025-12-12,2026-01-10,In Progress,8.99,96
PRG0001256,STU00074,MOD00083,CRS011,2025-12-08,2026-02-01,Completed,8.66,46
PRG0001257,STU00074,MOD00084,CRS011,2025-12-30,2025-12-22,Completed,2.56,74
PRG0001258,STU00074,MOD00085,CRS011,2025-12-16,2026-02-28,In Progress,2.93,71
PRG0001259,STU00074,MOD00086,CRS011,2025-12-12,2026-02-18,In Progress,1.7,11
PRG0001260,STU00074,MOD00087,CRS011,2025-12-29,2026-02-23,Completed,4.69,91
PRG0001261,STU00074,MOD00088,CRS011,2025-12-11,2026-01-20,Completed,2.35,94
PRG0001262,STU00074,MOD00010,CRS002,2025-06-08,2025-06-01,Completed,3.81,5
PRG0001263,STU00074,MOD00011,CRS002,2025-05-25,2025-08-15,Not Started,1.25,28
PRG0001264,STU00074,MOD00014,CRS002,2025-05-28,2025-07-17,In Progress,2.4,1
PRG0001265,STU00074,MOD00015,CRS002,2025-06-20,2025-05-24,In Progress,7.04,56
PRG0001266,STU00074,MOD00016,CRS002,2025-06-07,2025-08-02,Completed,3.05,66
PRG0001267,STU00074,MOD00145,CRS019,2026-04-20,2026-05-12,In Progress,3.47,46
PRG0001268,STU00074,MOD00147,CRS019,2026-04-03,2026-05-09,Not Started,11.31,40
PRG0001269,STU00074,MOD00148,CRS019,2026-03-25,2026-06-20,Completed,2.72,89
PRG0001270,STU00074,MOD00149,CRS019,2026-04-09,2026-06-06,Completed,14.73,100
PRG0001271,STU00074,MOD00152,CRS019,2026-03-26,2026-06-09,Completed,2.22,89
PRG0001272,STU00074,MOD00029,CRS004,2025-11-09,2025-12-17,Completed,6.45,21
PRG0001273,STU00074,MOD00030,CRS004,2025-11-04,2026-01-01,In Progress,8.17,61
PRG0001274,STU00074,MOD00032,CRS004,2025-11-11,2025-12-06,Completed,5.67,72
PRG0001275,STU00075,MOD00114,CRS015,2025-08-03,2025-09-16,Completed,9.41,17
PRG0001276,STU00075,MOD00116,CRS015,2025-07-29,2025-08-24,Completed,6.4,42
PRG0001277,STU00075,MOD00117,CRS015,2025-08-09,2025-09-19,Not Started,1.5,69
PRG0001278,STU00075,MOD00153,CRS020,2025-12-27,2026-01-18,Completed,6.04,9
PRG0001279,STU00075,MOD00158,CRS020,2025-12-22,2025-12-26,In Progress,1.37,63
PRG0001280,STU00075,MOD00160,CRS020,2025-12-06,2026-01-24,Completed,10.02,49
PRG0001281,STU00076,MOD00033,CRS005,2025-07-10,2025-07-13,In Progress,3.29,39
PRG0001282,STU00076,MOD00034,CRS005,2025-07-17,2025-08-20,In Progress,5.0,23
PRG0001283,STU00076,MOD00035,CRS005,2025-07-01,2025-07-25,Completed,10.06,10
PRG0001284,STU00076,MOD00036,CRS005,2025-07-19,2025-07-08,Completed,1.19,77
PRG0001285,STU00076,MOD00037,CRS005,2025-07-12,2025-07-03,In Progress,1.19,0
PRG0001286,STU00076,MOD00039,CRS005,2025-06-25,2025-08-06,Completed,1.22,72
PRG0001287,STU00076,MOD00040,CRS005,2025-07-22,2025-07-04,Not Started,2.23,79
PRG0001288,STU00076,MOD00075,CRS010,2026-03-25,2026-03-24,Completed,2.15,56
PRG0001289,STU00076,MOD00078,CRS010,2026-03-08,2026-04-30,Completed,1.19,68
PRG0001290,STU00077,MOD00019,CRS003,2026-03-17,2026-03-20,Completed,3.09,12
PRG0001291,STU00077,MOD00089,CRS012,2025-07-19,2025-08-21,In Progress,14.22,85
PRG0001292,STU00077,MOD00090,CRS012,2025-07-12,2025-08-03,Completed,4.35,62
PRG0001293,STU00077,MOD00091,CRS012,2025-07-14,2025-07-08,Completed,9.71,61
PRG0001294,STU00077,MOD00092,CRS012,2025-07-31,2025-09-25,In Progress,3.94,12
PRG0001295,STU00077,MOD00093,CRS012,2025-07-04,2025-09-25,In Progress,12.4,72
PRG0001296,STU00077,MOD00094,CRS012,2025-07-19,2025-09-07,Completed,7.83,25
PRG0001297,STU00077,MOD00095,CRS012,2025-07-06,2025-08-29,In Progress,2.46,80
PRG0001298,STU00077,MOD00096,CRS012,2025-07-15,2025-08-20,Completed,1.3,13
PRG0001299,STU00077,MOD00065,CRS009,2025-06-09,2025-08-12,Completed,3.49,100
PRG0001300,STU00077,MOD00066,CRS009,2025-06-18,2025-08-21,In Progress,6.01,5
PRG0001301,STU00077,MOD00067,CRS009,2025-05-27,2025-07-04,In Progress,5.86,73
PRG0001302,STU00077,MOD00068,CRS009,2025-06-14,2025-07-05,In Progress,6.88,6
PRG0001303,STU00077,MOD00069,CRS009,2025-06-06,2025-06-19,Completed,6.11,87
PRG0001304,STU00077,MOD00070,CRS009,2025-06-17,2025-07-30,Completed,1.62,47
PRG0001305,STU00077,MOD00071,CRS009,2025-05-26,2025-06-22,Completed,12.87,28
PRG0001306,STU00077,MOD00072,CRS009,2025-05-27,2025-06-21,Completed,2.14,78
PRG0001307,STU00078,MOD00097,CRS013,2025-12-30,2026-01-19,Completed,10.65,37
PRG0001308,STU00078,MOD00098,CRS013,2025-12-08,2026-02-24,In Progress,7.65,22
PRG0001309,STU00078,MOD00099,CRS013,2025-12-27,2025-12-31,Completed,7.7,5
PRG0001310,STU00078,MOD00100,CRS013,2025-12-20,2026-01-02,In Progress,2.68,54
PRG0001311,STU00078,MOD00101,CRS013,2025-12-23,2026-02-20,Completed,2.88,83
PRG0001312,STU00078,MOD00102,CRS013,2025-12-09,2026-01-23,In Progress,2.46,52
PRG0001313,STU00078,MOD00103,CRS013,2025-12-27,2025-12-26,In Progress,2.71,76
PRG0001314,STU00078,MOD00104,CRS013,2025-12-23,2026-01-21,Completed,7.14,16
PRG0001315,STU00079,MOD00105,CRS014,2025-08-17,2025-08-20,In Progress,1.58,62
PRG0001316,STU00079,MOD00106,CRS014,2025-08-27,2025-09-21,Completed,9.14,87
PRG0001317,STU00079,MOD00107,CRS014,2025-09-01,2025-09-30,Completed,4.15,72
PRG0001318,STU00079,MOD00108,CRS014,2025-09-03,2025-08-26,Completed,13.4,25
PRG0001319,STU00079,MOD00109,CRS014,2025-08-27,2025-10-13,Completed,5.92,4
PRG0001320,STU00079,MOD00110,CRS014,2025-08-13,2025-08-25,Completed,12.66,23
PRG0001321,STU00079,MOD00111,CRS014,2025-09-01,2025-08-19,Completed,4.08,56
PRG0001322,STU00079,MOD00112,CRS014,2025-08-24,2025-10-26,In Progress,2.33,64
PRG0001323,STU00079,MOD00017,CRS003,2025-06-20,2025-07-25,Completed,1.09,19
PRG0001324,STU00079,MOD00018,CRS003,2025-07-14,2025-07-17,Not Started,2.23,25
PRG0001325,STU00079,MOD00020,CRS003,2025-06-26,2025-07-04,Not Started,3.53,28
PRG0001326,STU00079,MOD00021,CRS003,2025-06-20,2025-07-27,In Progress,3.85,56
PRG0001327,STU00079,MOD00022,CRS003,2025-06-21,2025-08-31,Completed,7.96,18
PRG0001328,STU00079,MOD00023,CRS003,2025-06-24,2025-06-22,Completed,1.33,66
PRG0001329,STU00079,MOD00024,CRS003,2025-07-03,2025-07-06,In Progress,5.5,4
PRG0001330,STU00080,MOD00017,CRS003,2025-07-27,2025-10-20,Completed,3.48,72
PRG0001331,STU00080,MOD00018,CRS003,2025-08-05,2025-10-05,Completed,1.79,80
PRG0001332,STU00080,MOD00019,CRS003,2025-08-10,2025-08-03,Completed,11.3,60
PRG0001333,STU00080,MOD00020,CRS003,2025-08-13,2025-09-12,Completed,4.08,57
PRG0001334,STU00080,MOD00021,CRS003,2025-07-31,2025-10-20,Completed,2.63,81
PRG0001335,STU00080,MOD00022,CRS003,2025-08-22,2025-08-13,Completed,11.99,28
PRG0001336,STU00080,MOD00023,CRS003,2025-08-13,2025-08-16,Not Started,2.94,32
PRG0001337,STU00080,MOD00024,CRS003,2025-08-04,2025-07-27,Completed,5.2,5
PRG0001338,STU00080,MOD00034,CRS005,2025-06-03,2025-07-18,Completed,6.01,26
PRG0001339,STU00080,MOD00036,CRS005,2025-06-09,2025-07-25,In Progress,5.22,49
PRG0001340,STU00080,MOD00037,CRS005,2025-06-06,2025-07-08,In Progress,1.27,67
PRG0001341,STU00080,MOD00038,CRS005,2025-06-02,2025-06-21,Completed,4.32,93
PRG0001342,STU00080,MOD00057,CRS008,2026-02-13,2026-03-21,Completed,3.46,50
PRG0001343,STU00080,MOD00058,CRS008,2026-01-30,2026-04-07,In Progress,3.4,99
PRG0001344,STU00080,MOD00059,CRS008,2026-02-09,2026-02-03,Completed,2.18,20
PRG0001345,STU00080,MOD00060,CRS008,2026-02-25,2026-04-04,Completed,12.79,3
PRG0001346,STU00080,MOD00061,CRS008,2026-02-08,2026-04-10,In Progress,4.42,95
PRG0001347,STU00080,MOD00062,CRS008,2026-02-20,2026-02-16,In Progress,8.19,25
PRG0001348,STU00080,MOD00063,CRS008,2026-02-06,2026-03-28,Completed,3.58,97
PRG0001349,STU00080,MOD00064,CRS008,2026-02-06,2026-04-16,Not Started,8.65,94
PRG0001350,STU00080,MOD00129,CRS017,2025-04-20,2025-04-26,Completed,1.04,6
PRG0001351,STU00080,MOD00130,CRS017,2025-04-19,2025-05-28,Not Started,4.92,95
PRG0001352,STU00080,MOD00131,CRS017,2025-04-23,2025-05-27,In Progress,1.73,40
PRG0001353,STU00080,MOD00136,CRS017,2025-04-20,2025-06-28,Completed,8.04,20
PRG0001354,STU00081,MOD00033,CRS005,2025-07-07,2025-08-10,Completed,7.9,60
PRG0001355,STU00081,MOD00035,CRS005,2025-07-15,2025-07-20,Not Started,10.29,18
PRG0001356,STU00081,MOD00037,CRS005,2025-06-19,2025-07-06,In Progress,1.95,61
PRG0001357,STU00081,MOD00038,CRS005,2025-06-18,2025-09-02,In Progress,3.86,56
PRG0001358,STU00081,MOD00040,CRS005,2025-07-16,2025-06-21,Not Started,7.15,72
PRG0001359,STU00081,MOD00121,CRS016,2026-02-04,2026-02-05,In Progress,1.86,17
PRG0001360,STU00081,MOD00122,CRS016,2026-02-15,2026-03-17,Not Started,1.22,85
PRG0001361,STU00081,MOD00123,CRS016,2026-02-14,2026-03-08,Completed,2.59,100
PRG0001362,STU00081,MOD00124,CRS016,2026-02-13,2026-03-30,Completed,6.79,53
PRG0001363,STU00081,MOD00125,CRS016,2026-02-05,2026-02-27,Completed,1.56,66
PRG0001364,STU00081,MOD00126,CRS016,2026-01-25,2026-03-29,Completed,2.34,83
PRG0001365,STU00081,MOD00127,CRS016,2026-02-03,2026-02-28,Completed,5.11,5
PRG0001366,STU00081,MOD00128,CRS016,2026-02-18,2026-04-20,Completed,1.76,70
PRG0001367,STU00081,MOD00019,CRS003,2025-10-22,2025-10-07,Completed,3.5,60
PRG0001368,STU00081,MOD00021,CRS003,2025-10-25,2025-11-08,In Progress,3.18,65
PRG0001369,STU00081,MOD00060,CRS008,2025-11-26,2025-11-29,Not Started,12.48,10
PRG0001370,STU00082,MOD00033,CRS005,2025-08-31,2025-09-10,Completed,3.21,8
PRG0001371,STU00082,MOD00034,CRS005,2025-09-21,2025-09-27,In Progress,7.91,1
PRG0001372,STU00082,MOD00035,CRS005,2025-09-19,2025-10-10,In Progress,9.64,19
PRG0001373,STU00082,MOD00036,CRS005,2025-09-26,2025-10-25,In Progress,4.14,85
PRG0001374,STU00082,MOD00037,CRS005,2025-08-30,2025-09-04,In Progress,1.4,95
PRG0001375,STU00082,MOD00038,CRS005,2025-09-01,2025-09-08,In Progress,1.32,55
PRG0001376,STU00082,MOD00039,CRS005,2025-09-03,2025-09-23,Completed,1.64,41
PRG0001377,STU00082,MOD00040,CRS005,2025-09-02,2025-10-27,In Progress,5.6,63
PRG0001378,STU00082,MOD00097,CRS013,2025-08-14,2025-10-09,Completed,10.47,7
PRG0001379,STU00082,MOD00098,CRS013,2025-08-25,2025-08-10,Completed,8.79,33
PRG0001380,STU00082,MOD00099,CRS013,2025-08-26,2025-10-22,Not Started,6.6,89
PRG0001381,STU00082,MOD00100,CRS013,2025-08-15,2025-09-02,In Progress,5.92,29
PRG0001382,STU00082,MOD00101,CRS013,2025-08-29,2025-10-24,Completed,1.82,81
PRG0001383,STU00082,MOD00102,CRS013,2025-08-22,2025-09-11,In Progress,3.57,67
PRG0001384,STU00082,MOD00103,CRS013,2025-09-06,2025-11-05,Completed,3.64,8
PRG0001385,STU00082,MOD00104,CRS013,2025-08-24,2025-09-23,Not Started,1.48,96
PRG0001386,STU00082,MOD00153,CRS020,2025-09-02,2025-10-06,Completed,5.84,11
PRG0001387,STU00082,MOD00154,CRS020,2025-09-02,2025-09-25,In Progress,9.48,8
PRG0001388,STU00082,MOD00155,CRS020,2025-09-01,2025-09-19,Completed,9.16,61
PRG0001389,STU00082,MOD00156,CRS020,2025-08-18,2025-10-11,Completed,10.49,24
PRG0001390,STU00082,MOD00157,CRS020,2025-08-14,2025-08-15,In Progress,4.89,59
PRG0001391,STU00082,MOD00158,CRS020,2025-09-03,2025-09-30,Completed,12.24,57
PRG0001392,STU00082,MOD00159,CRS020,2025-09-01,2025-09-28,Completed,1.31,17
PRG0001393,STU00082,MOD00160,CRS020,2025-08-21,2025-10-29,Completed,4.47,55
PRG0001394,STU00083,MOD00001,CRS001,2025-06-07,2025-06-09,Completed,11.41,27
PRG0001395,STU00083,MOD00002,CRS001,2025-05-29,2025-07-17,Completed,1.67,2
PRG0001396,STU00083,MOD00003,CRS001,2025-05-22,2025-06-25,In Progress,9.11,35
PRG0001397,STU00083,MOD00004,CRS001,2025-06-01,2025-08-03,In Progress,6.41,20
PRG0001398,STU00083,MOD00005,CRS001,2025-06-07,2025-05-25,Completed,2.48,41
PRG0001399,STU00083,MOD00006,CRS001,2025-06-05,2025-06-24,Completed,5.93,63
PRG0001400,STU00083,MOD00007,CRS001,2025-05-30,2025-07-19,Completed,3.46,20
PRG0001401,STU00083,MOD00008,CRS001,2025-05-26,2025-08-13,In Progress,9.56,76
PRG0001402,STU00083,MOD00041,CRS006,2025-12-19,2026-01-13,In Progress,13.1,47
PRG0001403,STU00083,MOD00044,CRS006,2025-12-07,2026-01-19,Completed,14.22,88
PRG0001404,STU00083,MOD00045,CRS006,2025-12-23,2026-01-06,In Progress,6.86,60
PRG0001405,STU00083,MOD00113,CRS015,2026-03-26,2026-04-06,Not Started,11.94,73
PRG0001406,STU00083,MOD00114,CRS015,2026-03-27,2026-06-04,In Progress,9.95,31
PRG0001407,STU00083,MOD00115,CRS015,2026-04-04,2026-03-23,Completed,12.01,49
PRG0001408,STU00083,MOD00116,CRS015,2026-04-08,2026-05-01,Completed,4.93,77
PRG0001409,STU00083,MOD00117,CRS015,2026-04-19,2026-04-24,Completed,2.36,24
PRG0001410,STU00083,MOD00118,CRS015,2026-03-28,2026-04-08,Completed,9.56,60
PRG0001411,STU00083,MOD00119,CRS015,2026-04-09,2026-03-21,Completed,6.36,61
PRG0001412,STU00083,MOD00120,CRS015,2026-04-14,2026-04-24,Not Started,2.7,40
PRG0001413,STU00083,MOD00089,CRS012,2026-04-30,2026-05-09,In Progress,10.04,76
PRG0001414,STU00083,MOD00090,CRS012,2026-04-22,2026-04-21,In Progress,3.73,64
PRG0001415,STU00083,MOD00091,CRS012,2026-05-08,2026-06-01,Completed,8.78,1
PRG0001416,STU00083,MOD00092,CRS012,2026-04-19,2026-05-02,Completed,1.1,82
PRG0001417,STU00083,MOD00093,CRS012,2026-04-15,2026-05-31,Completed,12.37,18
PRG0001418,STU00083,MOD00094,CRS012,2026-04-25,2026-06-24,Completed,6.55,40
PRG0001419,STU00083,MOD00095,CRS012,2026-04-21,2026-06-11,Completed,4.53,58
PRG0001420,STU00083,MOD00096,CRS012,2026-05-01,2026-04-30,Completed,1.21,6
PRG0001421,STU00083,MOD00050,CRS007,2025-12-08,2026-01-16,Completed,8.86,82
PRG0001422,STU00083,MOD00051,CRS007,2025-12-03,2026-01-09,In Progress,5.94,82
PRG0001423,STU00083,MOD00052,CRS007,2025-12-16,2026-02-09,Completed,5.09,92
PRG0001424,STU00083,MOD00054,CRS007,2025-11-30,2025-12-07,Completed,1.2,20
PRG0001425,STU00083,MOD00056,CRS007,2025-12-22,2026-01-14,Not Started,5.23,52
PRG0001426,STU00084,MOD00025,CRS004,2025-08-22,2025-10-19,Completed,6.2,50
PRG0001427,STU00084,MOD00028,CRS004,2025-08-16,2025-10-07,Completed,8.25,33
PRG0001428,STU00084,MOD00029,CRS004,2025-08-11,2025-11-01,In Progress,1.3,82
PRG0001429,STU00084,MOD00031,CRS004,2025-08-11,2025-08-16,Completed,2.51,19
PRG0001430,STU00085,MOD00145,CRS019,2025-12-15,2026-01-16,Completed,3.22,50
PRG0001431,STU00085,MOD00146,CRS019,2025-12-29,2026-01-12,Completed,5.35,89
PRG0001432,STU00085,MOD00147,CRS019,2025-12-07,2025-12-11,Completed,1.4,29
PRG0001433,STU00085,MOD00148,CRS019,2025-12-05,2026-01-19,In Progress,2.16,47
PRG0001434,STU00085,MOD00149,CRS019,2025-12-31,2025-12-27,Completed,3.13,0
PRG0001435,STU00085,MOD00150,CRS019,2025-12-28,2026-02-23,Completed,4.62,65
PRG0001436,STU00085,MOD00151,CRS019,2025-12-31,2025-12-31,In Progress,1.51,25
PRG0001437,STU00085,MOD00152,CRS019,2025-12-13,2026-01-25,Completed,2.0,3
PRG0001438,STU00086,MOD00108,CRS014,2026-03-07,2026-03-10,Completed,2.49,26
PRG0001439,STU00086,MOD00109,CRS014,2026-03-22,2026-04-12,In Progress,7.4,75
PRG0001440,STU00086,MOD00111,CRS014,2026-03-05,2026-05-26,In Progress,3.83,32
PRG0001441,STU00086,MOD00112,CRS014,2026-03-04,2026-04-13,Completed,2.66,42
PRG0001442,STU00086,MOD00081,CRS011,2026-04-03,2026-04-23,In Progress,3.98,50
PRG0001443,STU00086,MOD00082,CRS011,2026-03-09,2026-05-06,Completed,8.46,85
PRG0001444,STU00086,MOD00083,CRS011,2026-03-11,2026-03-14,In Progress,9.4,3
PRG0001445,STU00086,MOD00084,CRS011,2026-03-31,2026-03-06,Not Started,14.02,38
PRG0001446,STU00086,MOD00085,CRS011,2026-03-27,2026-05-16,Not Started,1.63,47
PRG0001447,STU00086,MOD00086,CRS011,2026-03-10,2026-04-28,In Progress,2.3,35
PRG0001448,STU00086,MOD00087,CRS011,2026-03-04,2026-04-12,In Progress,13.58,38
PRG0001449,STU00086,MOD00088,CRS011,2026-03-18,2026-03-31,Completed,3.23,87
PRG0001450,STU00086,MOD00035,CRS005,2026-03-07,2026-03-16,In Progress,7.37,74
PRG0001451,STU00086,MOD00036,CRS005,2026-03-12,2026-04-08,Completed,6.35,8
PRG0001452,STU00086,MOD00037,CRS005,2026-03-08,2026-04-01,Completed,2.36,3
PRG0001453,STU00086,MOD00038,CRS005,2026-03-17,2026-05-03,Completed,4.41,73
PRG0001454,STU00086,MOD00040,CRS005,2026-04-03,2026-04-09,In Progress,5.67,25
PRG0001455,STU00087,MOD00153,CRS020,2025-07-08,2025-10-02,Completed,6.67,30
PRG0001456,STU00087,MOD00154,CRS020,2025-08-02,2025-07-09,Not Started,1.62,72
PRG0001457,STU00087,MOD00155,CRS020,2025-07-21,2025-09-18,Not Started,6.37,29
PRG0001458,STU00087,MOD00156,CRS020,2025-07-31,2025-07-15,Completed,1.84,47
PRG0001459,STU00087,MOD00157,CRS020,2025-07-23,2025-09-16,Completed,7.26,47
PRG0001460,STU00087,MOD00158,CRS020,2025-07-25,2025-07-27,Completed,8.99,52
PRG0001461,STU00087,MOD00159,CRS020,2025-07-20,2025-08-25,Completed,5.34,37
PRG0001462,STU00087,MOD00160,CRS020,2025-07-29,2025-09-10,In Progress,4.87,55
PRG0001463,STU00087,MOD00073,CRS010,2026-04-16,2026-04-26,Completed,3.33,59
PRG0001464,STU00087,MOD00074,CRS010,2026-04-25,2026-07-05,Completed,1.41,64
PRG0001465,STU00087,MOD00075,CRS010,2026-04-28,2026-04-27,Completed,2.08,95
PRG0001466,STU00087,MOD00076,CRS010,2026-05-03,2026-06-21,Completed,8.75,26
PRG0001467,STU00087,MOD00077,CRS010,2026-04-20,2026-04-19,In Progress,4.08,64
PRG0001468,STU00087,MOD00078,CRS010,2026-04-24,2026-04-22,Completed,2.27,70
PRG0001469,STU00087,MOD00079,CRS010,2026-04-13,2026-05-08,In Progress,12.03,62
PRG0001470,STU00087,MOD00080,CRS010,2026-05-01,2026-05-26,Completed,2.38,84
PRG0001471,STU00087,MOD00001,CRS001,2026-02-03,2026-04-11,Completed,5.49,96
PRG0001472,STU00087,MOD00002,CRS001,2026-02-03,2026-04-19,In Progress,1.31,88
PRG0001473,STU00087,MOD00003,CRS001,2026-02-02,2026-01-28,In Progress,10.21,13
PRG0001474,STU00087,MOD00004,CRS001,2026-02-25,2026-02-06,In Progress,4.83,96
PRG0001475,STU00087,MOD00005,CRS001,2026-02-22,2026-02-23,Completed,2.35,24
PRG0001476,STU00087,MOD00006,CRS001,2026-01-27,2026-03-06,Completed,2.76,99
PRG0001477,STU00087,MOD00007,CRS001,2026-01-29,2026-03-01,Completed,1.95,45
PRG0001478,STU00087,MOD00008,CRS001,2026-01-27,2026-04-27,Completed,5.8,47
PRG0001479,STU00087,MOD00149,CRS019,2026-01-30,2026-01-20,Completed,5.92,32
PRG0001480,STU00087,MOD00152,CRS019,2026-02-01,2026-01-28,Completed,3.05,44
PRG0001481,STU00087,MOD00049,CRS007,2026-02-02,2026-03-23,Completed,3.44,11
PRG0001482,STU00087,MOD00050,CRS007,2026-02-19,2026-02-14,Completed,10.05,91
PRG0001483,STU00087,MOD00051,CRS007,2026-02-05,2026-04-02,Completed,3.19,77
PRG0001484,STU00087,MOD00053,CRS007,2026-02-11,2026-04-14,In Progress,6.56,27
PRG0001485,STU00087,MOD00054,CRS007,2026-02-05,2026-02-04,In Progress,2.19,86
PRG0001486,STU00087,MOD00055,CRS007,2026-03-03,2026-04-08,Completed,3.51,59
PRG0001487,STU00087,MOD00056,CRS007,2026-02-20,2026-03-24,In Progress,7.7,92
PRG0001488,STU00088,MOD00125,CRS016,2025-09-26,2025-09-27,Completed,1.66,14
PRG0001489,STU00088,MOD00128,CRS016,2025-10-06,2025-11-23,Completed,4.68,95
PRG0001490,STU00088,MOD00097,CRS013,2025-07-21,2025-07-16,In Progress,1.61,23
PRG0001491,STU00088,MOD00098,CRS013,2025-07-20,2025-09-19,Completed,4.95,91
PRG0001492,STU00088,MOD00099,CRS013,2025-07-15,2025-07-08,Completed,2.11,94
PRG0001493,STU00088,MOD00100,CRS013,2025-07-12,2025-09-04,Completed,4.22,89
PRG0001494,STU00088,MOD00101,CRS013,2025-07-15,2025-08-30,In Progress,1.74,69
PRG0001495,STU00088,MOD00102,CRS013,2025-07-08,2025-06-28,Completed,2.95,54
PRG0001496,STU00088,MOD00103,CRS013,2025-06-25,2025-07-27,In Progress,3.33,60
PRG0001497,STU00088,MOD00104,CRS013,2025-07-22,2025-07-25,Not Started,8.0,15
PRG0001498,STU00089,MOD00017,CRS003,2025-12-27,2026-03-18,Completed,5.29,69
PRG0001499,STU00089,MOD00019,CRS003,2025-12-24,2026-03-17,Completed,6.17,71
PRG0001500,STU00089,MOD00020,CRS003,2025-12-28,2026-01-10,Completed,4.73,50
PRG0001501,STU00089,MOD00021,CRS003,2025-12-23,2026-02-26,In Progress,1.73,85
PRG0001502,STU00089,MOD00022,CRS003,2026-01-07,2025-12-24,Completed,11.14,40
PRG0001503,STU00089,MOD00129,CRS017,2025-09-07,2025-10-24,Completed,1.5,49
PRG0001504,STU00089,MOD00133,CRS017,2025-09-13,2025-09-09,In Progress,2.82,97
PRG0001505,STU00089,MOD00134,CRS017,2025-09-08,2025-09-02,Completed,3.72,96
PRG0001506,STU00089,MOD00135,CRS017,2025-09-12,2025-10-09,Not Started,10.11,52
PRG0001507,STU00089,MOD00136,CRS017,2025-09-05,2025-08-29,In Progress,7.25,3
PRG0001508,STU00089,MOD00001,CRS001,2025-06-25,2025-07-20,Completed,7.67,28
PRG0001509,STU00089,MOD00002,CRS001,2025-06-06,2025-08-03,In Progress,2.58,52
PRG0001510,STU00089,MOD00003,CRS001,2025-06-26,2025-08-23,Completed,6.69,36
PRG0001511,STU00089,MOD00004,CRS001,2025-06-04,2025-07-28,Completed,6.22,71
PRG0001512,STU00089,MOD00005,CRS001,2025-06-30,2025-06-21,In Progress,1.56,35
PRG0001513,STU00089,MOD00006,CRS001,2025-06-16,2025-08-25,In Progress,9.71,38
PRG0001514,STU00089,MOD00007,CRS001,2025-06-21,2025-07-14,Not Started,7.84,60
PRG0001515,STU00089,MOD00008,CRS001,2025-06-14,2025-08-30,Completed,8.84,87
PRG0001516,STU00089,MOD00089,CRS012,2026-03-26,2026-03-26,Completed,2.27,62
PRG0001517,STU00089,MOD00091,CRS012,2026-03-27,2026-05-28,Completed,6.98,34
PRG0001518,STU00089,MOD00093,CRS012,2026-03-15,2026-04-18,Not Started,5.05,30
PRG0001519,STU00089,MOD00094,CRS012,2026-03-19,2026-04-17,Completed,5.19,86
PRG0001520,STU00089,MOD00095,CRS012,2026-03-16,2026-05-24,Completed,4.3,98
PRG0001521,STU00089,MOD00096,CRS012,2026-04-02,2026-03-26,In Progress,9.6,24
PRG0001522,STU00089,MOD00081,CRS011,2025-10-19,2025-12-17,Completed,2.33,59
PRG0001523,STU00089,MOD00082,CRS011,2025-10-13,2025-10-24,In Progress,11.95,81
PRG0001524,STU00089,MOD00083,CRS011,2025-10-27,2025-12-29,In Progress,2.74,82
PRG0001525,STU00089,MOD00084,CRS011,2025-10-19,2025-11-09,Completed,11.04,72
PRG0001526,STU00089,MOD00085,CRS011,2025-10-18,2025-10-27,Completed,1.47,15
PRG0001527,STU00089,MOD00086,CRS011,2025-11-03,2025-12-18,Not Started,1.01,24
PRG0001528,STU00089,MOD00087,CRS011,2025-10-16,2025-12-11,Completed,14.87,74
PRG0001529,STU00089,MOD00088,CRS011,2025-10-24,2025-12-20,Completed,1.93,54
PRG0001530,STU00090,MOD00017,CRS003,2025-09-24,2025-11-21,Completed,3.04,17
PRG0001531,STU00090,MOD00018,CRS003,2025-10-02,2025-09-28,Completed,1.25,13
PRG0001532,STU00090,MOD00019,CRS003,2025-09-29,2025-10-08,In Progress,12.57,87
PRG0001533,STU00090,MOD00020,CRS003,2025-09-22,2025-12-15,Completed,1.05,43
PRG0001534,STU00090,MOD00023,CRS003,2025-09-28,2025-10-21,Completed,4.02,96
PRG0001535,STU00090,MOD00024,CRS003,2025-10-08,2025-11-06,In Progress,3.12,70
PRG0001536,STU00090,MOD00002,CRS001,2025-08-29,2025-09-18,Completed,2.23,20
PRG0001537,STU00090,MOD00003,CRS001,2025-08-22,2025-10-17,Not Started,3.56,62
PRG0001538,STU00090,MOD00004,CRS001,2025-08-06,2025-09-21,Completed,6.74,21
PRG0001539,STU00090,MOD00007,CRS001,2025-07-30,2025-08-30,In Progress,4.48,76
PRG0001540,STU00090,MOD00153,CRS020,2026-01-21,2026-01-05,Completed,3.89,19
PRG0001541,STU00090,MOD00155,CRS020,2026-01-13,2026-02-12,Completed,9.42,26
PRG0001542,STU00090,MOD00157,CRS020,2026-01-19,2026-03-03,Completed,1.2,64
PRG0001543,STU00090,MOD00145,CRS019,2025-07-14,2025-07-02,In Progress,3.45,48
PRG0001544,STU00090,MOD00146,CRS019,2025-07-04,2025-07-19,Completed,3.3,35
PRG0001545,STU00090,MOD00147,CRS019,2025-07-01,2025-07-22,Completed,10.66,3
PRG0001546,STU00090,MOD00148,CRS019,2025-07-10,2025-07-24,In Progress,1.13,91
PRG0001547,STU00090,MOD00149,CRS019,2025-07-04,2025-09-04,Completed,6.33,62
PRG0001548,STU00090,MOD00150,CRS019,2025-07-06,2025-08-16,Completed,2.66,29
PRG0001549,STU00090,MOD00151,CRS019,2025-07-21,2025-07-26,Completed,1.34,74
PRG0001550,STU00090,MOD00152,CRS019,2025-07-11,2025-08-29,In Progress,3.96,48
PRG0001551,STU00091,MOD00074,CRS010,2026-04-22,2026-04-14,Completed,7.61,6
PRG0001552,STU00091,MOD00075,CRS010,2026-04-09,2026-04-26,Completed,1.59,55
PRG0001553,STU00091,MOD00076,CRS010,2026-04-22,2026-04-17,Completed,3.96,66
PRG0001554,STU00091,MOD00077,CRS010,2026-04-20,2026-04-05,In Progress,3.0,100
PRG0001555,STU00091,MOD00129,CRS017,2026-04-10,2026-05-24,Not Started,5.47,30
PRG0001556,STU00091,MOD00130,CRS017,2026-04-23,2026-04-19,In Progress,1.85,98
PRG0001557,STU00091,MOD00131,CRS017,2026-04-19,2026-04-16,Completed,2.56,70
PRG0001558,STU00091,MOD00132,CRS017,2026-04-16,2026-04-16,Completed,5.66,31
PRG0001559,STU00091,MOD00133,CRS017,2026-04-03,2026-04-15,In Progress,7.42,2
PRG0001560,STU00091,MOD00134,CRS017,2026-04-21,2026-04-01,Completed,2.84,60
PRG0001561,STU00091,MOD00135,CRS017,2026-03-28,2026-04-24,In Progress,10.18,73
PRG0001562,STU00091,MOD00136,CRS017,2026-04-07,2026-04-25,Completed,6.68,91
PRG0001563,STU00091,MOD00105,CRS014,2026-04-13,2026-06-10,In Progress,1.34,48
PRG0001564,STU00091,MOD00106,CRS014,2026-04-02,2026-05-22,Completed,6.39,96
PRG0001565,STU00091,MOD00107,CRS014,2026-04-10,2026-05-15,In Progress,6.13,82
PRG0001566,STU00091,MOD00108,CRS014,2026-04-04,2026-06-10,Completed,12.73,51
PRG0001567,STU00091,MOD00109,CRS014,2026-04-09,2026-05-16,Completed,9.15,16
PRG0001568,STU00091,MOD00110,CRS014,2026-03-30,2026-04-03,Completed,6.15,38
PRG0001569,STU00091,MOD00111,CRS014,2026-04-21,2026-05-16,Completed,2.5,3
PRG0001570,STU00091,MOD00112,CRS014,2026-03-30,2026-03-27,Completed,2.55,96
PRG0001571,STU00091,MOD00141,CRS018,2026-03-31,2026-04-12,Completed,4.18,56
PRG0001572,STU00091,MOD00142,CRS018,2026-04-05,2026-05-23,In Progress,5.09,26
PRG0001573,STU00091,MOD00100,CRS013,2026-03-25,2026-05-08,Completed,3.51,83
PRG0001574,STU00091,MOD00102,CRS013,2026-04-02,2026-05-09,In Progress,2.93,5
PRG0001575,STU00092,MOD00049,CRS007,2026-03-25,2026-04-26,Completed,5.61,21
PRG0001576,STU00092,MOD00050,CRS007,2026-03-17,2026-04-02,In Progress,8.02,7
PRG0001577,STU00092,MOD00051,CRS007,2026-03-20,2026-06-03,Completed,1.16,51
PRG0001578,STU00092,MOD00052,CRS007,2026-04-02,2026-05-12,Completed,3.61,47
PRG0001579,STU00092,MOD00053,CRS007,2026-03-30,2026-05-28,Completed,3.85,62
PRG0001580,STU00092,MOD00054,CRS007,2026-03-30,2026-03-19,In Progress,2.1,95
PRG0001581,STU00092,MOD00055,CRS007,2026-03-16,2026-04-03,Not Started,2.89,84
PRG0001582,STU00092,MOD00056,CRS007,2026-04-06,2026-06-04,Completed,2.78,25
PRG0001583,STU00092,MOD00033,CRS005,2025-11-14,2025-12-08,Completed,1.52,38
PRG0001584,STU00092,MOD00034,CRS005,2025-11-06,2025-11-27,Completed,2.55,19
PRG0001585,STU00092,MOD00035,CRS005,2025-11-20,2025-12-05,Not Started,3.95,8
PRG0001586,STU00092,MOD00036,CRS005,2025-11-03,2025-12-06,In Progress,8.48,28
PRG0001587,STU00092,MOD00037,CRS005,2025-11-07,2026-01-28,Completed,1.16,58
PRG0001588,STU00092,MOD00038,CRS005,2025-11-12,2026-01-20,In Progress,2.3,60
PRG0001589,STU00092,MOD00039,CRS005,2025-11-10,2026-01-15,Completed,8.11,94
PRG0001590,STU00092,MOD00040,CRS005,2025-11-23,2025-12-14,Completed,5.34,91
PRG0001591,STU00092,MOD00137,CRS018,2025-08-03,2025-08-18,In Progress,11.9,31
PRG0001592,STU00092,MOD00138,CRS018,2025-07-13,2025-09-07,Completed,3.13,65
PRG0001593,STU00092,MOD00139,CRS018,2025-08-05,2025-09-03,Completed,3.96,32
PRG0001594,STU00092,MOD00140,CRS018,2025-07-17,2025-09-23,Completed,11.97,31
PRG0001595,STU00092,MOD00141,CRS018,2025-07-17,2025-07-26,In Progress,8.08,52
PRG0001596,STU00092,MOD00142,CRS018,2025-07-26,2025-09-24,Completed,1.89,20
PRG0001597,STU00092,MOD00143,CRS018,2025-08-12,2025-10-06,Completed,3.04,7
PRG0001598,STU00092,MOD00144,CRS018,2025-08-08,2025-09-07,Completed,2.66,3
PRG0001599,STU00092,MOD00081,CRS011,2025-07-24,2025-07-29,Completed,4.16,62
PRG0001600,STU00092,MOD00082,CRS011,2025-07-25,2025-09-27,Completed,6.38,30
PRG0001601,STU00092,MOD00083,CRS011,2025-08-01,2025-08-04,Completed,6.68,75
PRG0001602,STU00092,MOD00084,CRS011,2025-07-15,2025-07-26,Completed,12.15,1
PRG0001603,STU00092,MOD00085,CRS011,2025-07-26,2025-09-15,In Progress,7.07,89
PRG0001604,STU00092,MOD00086,CRS011,2025-07-14,2025-07-14,Completed,1.11,37
PRG0001605,STU00092,MOD00087,CRS011,2025-07-24,2025-10-08,In Progress,12.57,45
PRG0001606,STU00092,MOD00088,CRS011,2025-07-15,2025-07-19,Completed,2.08,12
PRG0001607,STU00092,MOD00101,CRS013,2025-08-05,2025-09-20,In Progress,1.98,34
PRG0001608,STU00093,MOD00057,CRS008,2025-07-21,2025-09-17,In Progress,3.08,82
PRG0001609,STU00093,MOD00061,CRS008,2025-07-28,2025-07-24,Completed,5.23,20
PRG0001610,STU00093,MOD00064,CRS008,2025-08-04,2025-08-28,Completed,9.82,51
PRG0001611,STU00093,MOD00013,CRS002,2025-09-09,2025-09-15,In Progress,1.46,7
PRG0001612,STU00093,MOD00015,CRS002,2025-08-29,2025-10-23,Completed,10.03,36
PRG0001613,STU00093,MOD00153,CRS020,2025-07-21,2025-08-03,In Progress,3.83,15
PRG0001614,STU00093,MOD00154,CRS020,2025-07-24,2025-09-27,Completed,9.23,90
PRG0001615,STU00093,MOD00155,CRS020,2025-07-18,2025-09-25,Completed,2.72,24
PRG0001616,STU00093,MOD00156,CRS020,2025-07-04,2025-07-08,In Progress,8.63,49
PRG0001617,STU00093,MOD00157,CRS020,2025-07-18,2025-09-01,In Progress,4.78,90
PRG0001618,STU00093,MOD00158,CRS020,2025-07-17,2025-07-21,In Progress,10.32,90
PRG0001619,STU00093,MOD00159,CRS020,2025-07-13,2025-09-14,In Progress,3.3,100
PRG0001620,STU00093,MOD00160,CRS020,2025-07-11,2025-08-26,Completed,9.32,42
PRG0001621,STU00093,MOD00018,CRS003,2025-12-22,2026-02-05,Not Started,4.18,92
PRG0001622,STU00093,MOD00019,CRS003,2025-12-04,2025-12-05,In Progress,9.89,78
PRG0001623,STU00093,MOD00020,CRS003,2025-12-03,2025-12-17,Completed,5.12,64
PRG0001624,STU00093,MOD00021,CRS003,2025-12-07,2026-01-15,In Progress,6.58,95
PRG0001625,STU00094,MOD00025,CRS004,2025-09-18,2025-11-17,Completed,10.62,93
PRG0001626,STU00094,MOD00026,CRS004,2025-09-13,2025-11-14,Completed,6.12,96
PRG0001627,STU00094,MOD00027,CRS004,2025-09-08,2025-10-12,Completed,9.25,8
PRG0001628,STU00094,MOD00028,CRS004,2025-09-27,2025-10-23,Not Started,9.68,77
PRG0001629,STU00094,MOD00029,CRS004,2025-09-28,2025-10-10,In Progress,3.79,33
PRG0001630,STU00094,MOD00030,CRS004,2025-09-19,2025-09-04,In Progress,6.35,74
PRG0001631,STU00094,MOD00031,CRS004,2025-09-07,2025-08-31,Completed,1.26,57
PRG0001632,STU00094,MOD00032,CRS004,2025-08-30,2025-10-25,Completed,1.49,35
PRG0001633,STU00094,MOD00001,CRS001,2025-07-18,2025-08-29,Not Started,1.18,93
PRG0001634,STU00094,MOD00002,CRS001,2025-07-10,2025-07-30,In Progress,2.33,63
PRG0001635,STU00094,MOD00003,CRS001,2025-06-26,2025-08-28,In Progress,3.73,14
PRG0001636,STU00094,MOD00004,CRS001,2025-07-19,2025-08-09,Completed,5.11,69
PRG0001637,STU00094,MOD00005,CRS001,2025-06-20,2025-09-16,Completed,5.6,31
PRG0001638,STU00094,MOD00006,CRS001,2025-06-20,2025-07-03,Completed,8.12,33
PRG0001639,STU00094,MOD00007,CRS001,2025-06-29,2025-09-14,Completed,2.29,54
PRG0001640,STU00094,MOD00008,CRS001,2025-06-25,2025-08-06,Completed,14.04,39
PRG0001641,STU00095,MOD00121,CRS016,2025-06-12,2025-07-31,In Progress,1.95,19
PRG0001642,STU00095,MOD00122,CRS016,2025-06-17,2025-05-22,Not Started,1.13,98
PRG0001643,STU00095,MOD00123,CRS016,2025-06-20,2025-06-25,Not Started,1.23,57
PRG0001644,STU00095,MOD00124,CRS016,2025-06-06,2025-07-29,Completed,1.79,85
PRG0001645,STU00095,MOD00125,CRS016,2025-06-15,2025-06-01,Completed,1.18,22
PRG0001646,STU00095,MOD00126,CRS016,2025-05-27,2025-07-30,Not Started,6.8,79
PRG0001647,STU00095,MOD00127,CRS016,2025-06-15,2025-06-02,Not Started,2.54,43
PRG0001648,STU00095,MOD00128,CRS016,2025-06-16,2025-08-18,Completed,5.55,96
PRG0001649,STU00095,MOD00089,CRS012,2026-02-21,2026-04-06,In Progress,12.1,55
PRG0001650,STU00095,MOD00090,CRS012,2026-03-09,2026-04-14,Completed,3.66,81
PRG0001651,STU00095,MOD00091,CRS012,2026-03-11,2026-05-22,Completed,10.43,29
PRG0001652,STU00095,MOD00092,CRS012,2026-03-22,2026-04-26,Completed,2.6,41
PRG0001653,STU00095,MOD00093,CRS012,2026-02-27,2026-02-27,Completed,3.35,73
PRG0001654,STU00095,MOD00094,CRS012,2026-03-14,2026-04-10,In Progress,6.19,0
PRG0001655,STU00095,MOD00095,CRS012,2026-03-20,2026-04-22,Completed,5.22,76
PRG0001656,STU00095,MOD00096,CRS012,2026-03-17,2026-03-08,Completed,6.92,70
PRG0001657,STU00096,MOD00041,CRS006,2026-03-20,2026-04-10,Completed,12.35,100
PRG0001658,STU00096,MOD00042,CRS006,2026-03-07,2026-03-29,Completed,3.88,37
PRG0001659,STU00096,MOD00043,CRS006,2026-02-28,2026-03-05,Not Started,5.32,17
PRG0001660,STU00096,MOD00044,CRS006,2026-03-23,2026-04-15,Not Started,4.93,52
PRG0001661,STU00096,MOD00045,CRS006,2026-03-13,2026-04-13,Completed,3.0,38
PRG0001662,STU00096,MOD00046,CRS006,2026-02-25,2026-04-03,Completed,8.83,17
PRG0001663,STU00096,MOD00047,CRS006,2026-03-16,2026-05-13,In Progress,5.53,12
PRG0001664,STU00096,MOD00048,CRS006,2026-03-21,2026-04-09,Completed,1.62,73
PRG0001665,STU00096,MOD00033,CRS005,2026-03-15,2026-05-25,Completed,12.33,84
PRG0001666,STU00096,MOD00034,CRS005,2026-03-25,2026-04-18,In Progress,1.33,53
PRG0001667,STU00096,MOD00035,CRS005,2026-03-07,2026-04-01,In Progress,2.92,12
PRG0001668,STU00096,MOD00036,CRS005,2026-03-15,2026-02-26,Completed,5.53,60
PRG0001669,STU00096,MOD00037,CRS005,2026-03-09,2026-05-06,Completed,1.32,71
PRG0001670,STU00096,MOD00038,CRS005,2026-03-04,2026-03-08,Completed,1.65,72
PRG0001671,STU00096,MOD00039,CRS005,2026-02-28,2026-05-17,In Progress,4.76,93
PRG0001672,STU00096,MOD00040,CRS005,2026-03-02,2026-05-24,Completed,7.43,0
PRG0001673,STU00097,MOD00002,CRS001,2026-01-02,2026-01-04,Completed,1.48,55
PRG0001674,STU00097,MOD00003,CRS001,2025-12-31,2026-01-29,Completed,6.01,44
PRG0001675,STU00097,MOD00004,CRS001,2025-12-28,2026-02-01,Not Started,4.6,31
PRG0001676,STU00097,MOD00005,CRS001,2026-01-07,2025-12-26,In Progress,4.57,77
PRG0001677,STU00097,MOD00006,CRS001,2025-12-13,2026-01-31,Completed,8.09,88
PRG0001678,STU00097,MOD00007,CRS001,2025-12-15,2026-03-03,Completed,8.74,31
PRG0001679,STU00097,MOD00008,CRS001,2025-12-11,2026-01-09,Not Started,11.43,93
PRG0001680,STU00098,MOD00065,CRS009,2025-11-09,2025-11-15,Not Started,2.38,14
PRG0001681,STU00098,MOD00066,CRS009,2025-11-17,2025-11-24,In Progress,8.88,1
PRG0001682,STU00098,MOD00067,CRS009,2025-11-07,2025-11-24,Completed,1.96,82
PRG0001683,STU00098,MOD00068,CRS009,2025-11-24,2025-12-15,Completed,5.52,84
PRG0001684,STU00098,MOD00069,CRS009,2025-11-05,2025-12-24,In Progress,9.15,18
PRG0001685,STU00098,MOD00070,CRS009,2025-11-08,2025-11-22,In Progress,4.0,84
PRG0001686,STU00098,MOD00071,CRS009,2025-11-12,2025-12-03,Completed,4.15,55
PRG0001687,STU00098,MOD00072,CRS009,2025-10-29,2025-11-05,In Progress,2.05,26
PRG0001688,STU00098,MOD00129,CRS017,2025-09-30,2025-10-09,Completed,2.4,54
PRG0001689,STU00098,MOD00130,CRS017,2025-09-17,2025-11-09,Completed,6.0,38
PRG0001690,STU00098,MOD00131,CRS017,2025-09-16,2025-09-28,In Progress,1.55,61
PRG0001691,STU00098,MOD00132,CRS017,2025-09-10,2025-09-23,Completed,3.19,17
PRG0001692,STU00098,MOD00133,CRS017,2025-09-09,2025-11-24,Completed,3.74,70
PRG0001693,STU00098,MOD00134,CRS017,2025-10-01,2025-09-21,Completed,8.93,66
PRG0001694,STU00098,MOD00135,CRS017,2025-09-05,2025-10-07,In Progress,6.68,39
PRG0001695,STU00098,MOD00136,CRS017,2025-09-02,2025-09-11,Completed,8.08,30
PRG0001696,STU00098,MOD00017,CRS003,2025-10-29,2026-01-16,Not Started,6.56,73
PRG0001697,STU00098,MOD00018,CRS003,2025-11-07,2025-11-15,In Progress,4.42,0
PRG0001698,STU00098,MOD00019,CRS003,2025-10-22,2025-12-03,In Progress,10.62,53
PRG0001699,STU00098,MOD00020,CRS003,2025-10-22,2025-12-23,Completed,1.54,39
PRG0001700,STU00098,MOD00021,CRS003,2025-11-04,2025-11-24,In Progress,2.77,25
PRG0001701,STU00098,MOD00022,CRS003,2025-11-12,2026-01-08,Completed,5.46,48
PRG0001702,STU00098,MOD00023,CRS003,2025-10-28,2025-11-23,Completed,5.29,45
PRG0001703,STU00098,MOD00024,CRS003,2025-10-29,2025-12-30,Completed,4.19,71
PRG0001704,STU00098,MOD00153,CRS020,2025-10-15,2025-10-27,Completed,1.89,52
PRG0001705,STU00098,MOD00154,CRS020,2025-10-19,2025-12-12,Completed,14.94,9
PRG0001706,STU00098,MOD00155,CRS020,2025-10-30,2025-12-09,In Progress,3.43,27
PRG0001707,STU00098,MOD00156,CRS020,2025-10-16,2025-10-18,Completed,9.72,52
PRG0001708,STU00098,MOD00157,CRS020,2025-10-21,2026-01-04,Completed,5.27,26
PRG0001709,STU00098,MOD00158,CRS020,2025-11-11,2025-11-13,In Progress,2.17,32
PRG0001710,STU00098,MOD00159,CRS020,2025-10-30,2026-01-02,Not Started,4.02,60
PRG0001711,STU00098,MOD00160,CRS020,2025-10-30,2025-11-04,In Progress,7.61,0
PRG0001712,STU00099,MOD00009,CRS002,2026-04-12,2026-05-29,In Progress,2.25,64
PRG0001713,STU00099,MOD00010,CRS002,2026-05-05,2026-06-19,Completed,6.34,44
PRG0001714,STU00099,MOD00012,CRS002,2026-04-23,2026-07-05,Completed,6.91,80
PRG0001715,STU00099,MOD00013,CRS002,2026-04-27,2026-05-12,Completed,11.28,29
PRG0001716,STU00099,MOD00014,CRS002,2026-04-29,2026-04-29,Completed,2.36,16
PRG0001717,STU00099,MOD00015,CRS002,2026-04-07,2026-06-30,Completed,8.73,4
PRG0001718,STU00099,MOD00016,CRS002,2026-05-05,2026-05-03,Completed,9.32,97
PRG0001719,STU00099,MOD00122,CRS016,2026-04-08,2026-04-27,Completed,1.02,47
PRG0001720,STU00099,MOD00123,CRS016,2026-04-11,2026-07-03,In Progress,1.84,10
PRG0001721,STU00099,MOD00125,CRS016,2026-04-10,2026-05-30,Completed,1.46,21
PRG0001722,STU00099,MOD00126,CRS016,2026-04-22,2026-06-17,In Progress,5.25,75
PRG0001723,STU00099,MOD00041,CRS006,2026-04-11,2026-06-22,Completed,8.94,57
PRG0001724,STU00099,MOD00042,CRS006,2026-04-25,2026-06-02,Completed,1.91,27
PRG0001725,STU00099,MOD00044,CRS006,2026-05-02,2026-04-09,Completed,5.14,98
PRG0001726,STU00099,MOD00045,CRS006,2026-05-05,2026-04-18,In Progress,1.75,88
PRG0001727,STU00099,MOD00046,CRS006,2026-04-07,2026-05-06,In Progress,6.87,14
PRG0001728,STU00099,MOD00047,CRS006,2026-04-18,2026-06-29,Completed,10.22,17
PRG0001729,STU00099,MOD00048,CRS006,2026-04-11,2026-06-14,In Progress,4.99,30
PRG0001730,STU00100,MOD00028,CRS004,2025-12-21,2025-12-15,Completed,6.11,33
PRG0001731,STU00100,MOD00029,CRS004,2025-12-21,2025-12-22,In Progress,1.55,62
PRG0001732,STU00100,MOD00031,CRS004,2025-12-29,2026-01-02,In Progress,1.58,18
PRG0001733,STU00100,MOD00060,CRS008,2025-05-29,2025-08-20,Completed,11.59,3
PRG0001734,STU00100,MOD00061,CRS008,2025-05-24,2025-05-28,In Progress,9.64,92
PRG0001735,STU00100,MOD00062,CRS008,2025-06-03,2025-06-15,In Progress,11.1,74
PRG0001736,STU00100,MOD00063,CRS008,2025-06-15,2025-06-18,Completed,3.82,56
PRG0001737,STU00100,MOD00129,CRS017,2025-11-16,2026-01-11,In Progress,4.02,92
PRG0001738,STU00100,MOD00130,CRS017,2025-11-02,2025-12-02,Completed,2.27,64
PRG0001739,STU00100,MOD00133,CRS017,2025-10-24,2025-12-31,In Progress,8.5,73
PRG0001740,STU00100,MOD00134,CRS017,2025-10-31,2025-12-24,Completed,9.45,19
PRG0001741,STU00100,MOD00135,CRS017,2025-11-15,2025-11-28,Completed,9.67,40
PRG0001742,STU00100,MOD00136,CRS017,2025-10-23,2025-12-26,Completed,1.21,76
PRG0001743,STU00100,MOD00005,CRS001,2025-05-31,2025-07-14,Completed,3.1,48
PRG0001744,STU00100,MOD00007,CRS001,2025-05-12,2025-06-12,Completed,8.93,47
PRG0001745,STU00100,MOD00012,CRS002,2026-03-07,2026-02-19,In Progress,1.42,26
PRG0001746,STU00100,MOD00013,CRS002,2026-03-04,2026-05-03,Completed,8.73,100
PRG0001747,STU00101,MOD00011,CRS002,2025-06-01,2025-07-05,In Progress,9.82,50
PRG0001748,STU00101,MOD00012,CRS002,2025-06-16,2025-06-16,In Progress,8.32,94
PRG0001749,STU00101,MOD00013,CRS002,2025-06-20,2025-07-04,Not Started,9.05,70
PRG0001750,STU00101,MOD00137,CRS018,2026-03-11,2026-03-24,Completed,1.9,34
PRG0001751,STU00101,MOD00138,CRS018,2026-03-20,2026-03-08,Completed,3.6,86
PRG0001752,STU00101,MOD00139,CRS018,2026-03-04,2026-05-05,Completed,4.35,93
PRG0001753,STU00101,MOD00140,CRS018,2026-03-08,2026-03-20,Completed,13.31,96
PRG0001754,STU00101,MOD00141,CRS018,2026-03-10,2026-05-06,Completed,2.46,99
PRG0001755,STU00101,MOD00142,CRS018,2026-03-13,2026-03-05,In Progress,4.21,80
PRG0001756,STU00101,MOD00143,CRS018,2026-03-10,2026-04-16,In Progress,6.63,5
PRG0001757,STU00101,MOD00144,CRS018,2026-03-24,2026-03-29,In Progress,2.29,69
PRG0001758,STU00102,MOD00057,CRS008,2025-07-26,2025-06-29,In Progress,4.76,39
PRG0001759,STU00102,MOD00059,CRS008,2025-07-05,2025-08-31,Completed,3.85,64
PRG0001760,STU00102,MOD00061,CRS008,2025-07-03,2025-07-10,Completed,7.95,64
PRG0001761,STU00102,MOD00064,CRS008,2025-07-19,2025-07-14,Completed,11.4,7
PRG0001762,STU00102,MOD00081,CRS011,2025-10-17,2026-01-04,In Progress,7.46,37
PRG0001763,STU00102,MOD00082,CRS011,2025-11-06,2025-11-05,Completed,10.56,45
PRG0001764,STU00102,MOD00083,CRS011,2025-10-24,2025-11-10,Completed,9.39,15
PRG0001765,STU00102,MOD00084,CRS011,2025-10-15,2025-10-27,In Progress,2.26,91
PRG0001766,STU00102,MOD00085,CRS011,2025-10-24,2025-12-07,In Progress,6.12,69
PRG0001767,STU00102,MOD00086,CRS011,2025-10-14,2025-11-08,Completed,3.21,25
PRG0001768,STU00102,MOD00087,CRS011,2025-10-12,2025-11-29,In Progress,14.99,5
PRG0001769,STU00102,MOD00159,CRS020,2025-06-01,2025-06-02,Completed,7.26,52
PRG0001770,STU00102,MOD00105,CRS014,2025-11-24,2025-11-10,Completed,1.92,3
PRG0001771,STU00102,MOD00106,CRS014,2025-11-08,2026-01-23,Completed,9.56,14
PRG0001772,STU00102,MOD00107,CRS014,2025-12-04,2026-01-24,Completed,1.14,88
PRG0001773,STU00102,MOD00108,CRS014,2025-11-23,2026-01-29,In Progress,4.69,36
PRG0001774,STU00102,MOD00109,CRS014,2025-11-27,2025-11-24,Not Started,9.63,0
PRG0001775,STU00102,MOD00110,CRS014,2025-11-29,2025-12-06,Completed,9.54,44
PRG0001776,STU00102,MOD00111,CRS014,2025-11-09,2025-11-18,Completed,1.35,15
PRG0001777,STU00102,MOD00112,CRS014,2025-11-28,2026-01-21,Completed,2.08,28
PRG0001778,STU00103,MOD00129,CRS017,2026-03-02,2026-04-17,Completed,1.13,17
PRG0001779,STU00103,MOD00130,CRS017,2026-02-27,2026-03-11,Completed,8.95,27
PRG0001780,STU00103,MOD00131,CRS017,2026-03-02,2026-03-05,Completed,1.9,42
PRG0001781,STU00103,MOD00132,CRS017,2026-02-16,2026-02-26,Completed,1.18,95
PRG0001782,STU00103,MOD00133,CRS017,2026-02-23,2026-03-03,Completed,6.09,95
PRG0001783,STU00103,MOD00134,CRS017,2026-02-25,2026-05-06,Completed,9.71,30
PRG0001784,STU00103,MOD00135,CRS017,2026-02-26,2026-04-10,Completed,9.7,5
PRG0001785,STU00103,MOD00136,CRS017,2026-02-17,2026-03-01,In Progress,4.41,2
PRG0001786,STU00104,MOD00043,CRS006,2026-02-08,2026-02-07,Completed,3.59,77
PRG0001787,STU00104,MOD00044,CRS006,2026-02-07,2026-01-15,Completed,10.59,9
PRG0001788,STU00104,MOD00045,CRS006,2026-02-03,2026-02-08,Completed,2.14,27
PRG0001789,STU00104,MOD00046,CRS006,2026-01-21,2026-02-26,Completed,5.73,70
PRG0001790,STU00104,MOD00047,CRS006,2026-01-29,2026-01-25,Completed,11.59,54
PRG0001791,STU00104,MOD00048,CRS006,2026-01-31,2026-01-30,In Progress,5.92,33
PRG0001792,STU00105,MOD00009,CRS002,2025-11-22,2025-10-29,Completed,4.8,70
PRG0001793,STU00105,MOD00010,CRS002,2025-11-08,2025-12-20,In Progress,5.28,30
PRG0001794,STU00105,MOD00011,CRS002,2025-11-13,2026-01-02,In Progress,6.02,52
PRG0001795,STU00105,MOD00012,CRS002,2025-10-30,2026-01-14,Completed,6.79,6
PRG0001796,STU00105,MOD00013,CRS002,2025-11-03,2025-12-20,In Progress,1.23,6
PRG0001797,STU00105,MOD00014,CRS002,2025-11-10,2026-01-06,In Progress,6.22,36
PRG0001798,STU00105,MOD00015,CRS002,2025-11-21,2025-10-26,In Progress,6.66,32
PRG0001799,STU00105,MOD00016,CRS002,2025-10-28,2025-12-14,In Progress,8.77,79
PRG0001800,STU00105,MOD00097,CRS013,2026-01-14,2026-03-10,In Progress,13.17,84
PRG0001801,STU00105,MOD00098,CRS013,2026-01-12,2026-03-19,In Progress,5.8,93
PRG0001802,STU00105,MOD00099,CRS013,2026-01-19,2026-02-23,Completed,5.18,18
PRG0001803,STU00105,MOD00100,CRS013,2026-01-06,2026-03-11,Completed,7.19,31
PRG0001804,STU00105,MOD00101,CRS013,2026-01-13,2026-01-09,Completed,2.54,39
PRG0001805,STU00105,MOD00102,CRS013,2026-01-20,2026-01-20,Not Started,4.12,13
PRG0001806,STU00105,MOD00103,CRS013,2026-01-19,2026-01-24,Completed,1.49,55
PRG0001807,STU00105,MOD00104,CRS013,2026-01-12,2026-01-03,Completed,6.6,71
PRG0001808,STU00105,MOD00017,CRS003,2025-07-19,2025-09-13,In Progress,7.32,3
PRG0001809,STU00105,MOD00019,CRS003,2025-07-22,2025-08-25,Completed,13.43,29
PRG0001810,STU00105,MOD00020,CRS003,2025-07-23,2025-08-27,In Progress,4.01,46
PRG0001811,STU00105,MOD00023,CRS003,2025-08-06,2025-09-26,In Progress,5.18,36
PRG0001812,STU00105,MOD00113,CRS015,2025-09-25,2025-10-18,In Progress,2.65,18
PRG0001813,STU00105,MOD00114,CRS015,2025-09-13,2025-11-13,Completed,1.33,100
PRG0001814,STU00105,MOD00115,CRS015,2025-09-13,2025-10-11,Completed,2.83,84
PRG0001815,STU00105,MOD00116,CRS015,2025-09-20,2025-11-05,Completed,4.03,52
PRG0001816,STU00105,MOD00117,CRS015,2025-09-24,2025-09-23,Completed,2.69,54
PRG0001817,STU00105,MOD00118,CRS015,2025-09-21,2025-11-22,In Progress,9.43,67
PRG0001818,STU00105,MOD00119,CRS015,2025-09-05,2025-09-11,Completed,2.25,34
PRG0001819,STU00105,MOD00120,CRS015,2025-08-30,2025-09-26,Completed,3.71,65
PRG0001820,STU00105,MOD00076,CRS010,2025-12-15,2025-12-20,Completed,7.34,65
PRG0001821,STU00105,MOD00077,CRS010,2025-12-03,2026-01-10,Completed,1.19,97
PRG0001822,STU00105,MOD00078,CRS010,2025-11-27,2025-12-01,Completed,1.97,78
PRG0001823,STU00105,MOD00079,CRS010,2025-12-17,2025-11-25,Completed,1.93,67
PRG0001824,STU00105,MOD00080,CRS010,2025-12-11,2025-12-27,Completed,3.2,9
PRG0001825,STU00106,MOD00145,CRS019,2025-09-05,2025-09-02,Completed,3.71,80
PRG0001826,STU00106,MOD00146,CRS019,2025-09-22,2025-11-09,Not Started,5.17,80
PRG0001827,STU00106,MOD00147,CRS019,2025-09-18,2025-10-13,Completed,4.08,2
PRG0001828,STU00106,MOD00148,CRS019,2025-09-09,2025-10-22,Completed,1.78,7
PRG0001829,STU00106,MOD00149,CRS019,2025-09-09,2025-09-13,In Progress,11.68,52
PRG0001830,STU00106,MOD00150,CRS019,2025-09-14,2025-09-13,Completed,4.61,11
PRG0001831,STU00106,MOD00151,CRS019,2025-09-10,2025-11-15,In Progress,2.85,6
PRG0001832,STU00106,MOD00152,CRS019,2025-09-13,2025-11-24,Not Started,1.23,99
PRG0001833,STU00106,MOD00073,CRS010,2026-04-01,2026-05-27,In Progress,2.71,24
PRG0001834,STU00106,MOD00074,CRS010,2026-04-03,2026-04-19,Completed,2.26,40
PRG0001835,STU00106,MOD00075,CRS010,2026-04-18,2026-04-11,Completed,2.83,51
PRG0001836,STU00106,MOD00076,CRS010,2026-04-06,2026-03-31,Completed,2.95,21
PRG0001837,STU00106,MOD00077,CRS010,2026-03-22,2026-06-06,Completed,2.33,28
PRG0001838,STU00106,MOD00078,CRS010,2026-03-27,2026-05-25,Not Started,2.59,59
PRG0001839,STU00106,MOD00079,CRS010,2026-04-07,2026-05-04,Completed,3.67,57
PRG0001840,STU00106,MOD00080,CRS010,2026-04-10,2026-05-29,Completed,1.93,6
PRG0001841,STU00106,MOD00057,CRS008,2025-08-31,2025-11-09,Completed,2.13,50
PRG0001842,STU00106,MOD00058,CRS008,2025-08-27,2025-09-08,Completed,3.28,6
PRG0001843,STU00106,MOD00059,CRS008,2025-09-01,2025-11-22,Completed,1.36,60
PRG0001844,STU00106,MOD00060,CRS008,2025-09-24,2025-09-14,Not Started,10.26,63
PRG0001845,STU00106,MOD00061,CRS008,2025-08-31,2025-09-19,Completed,11.42,81
PRG0001846,STU00106,MOD00062,CRS008,2025-09-10,2025-11-10,Completed,3.28,80
PRG0001847,STU00106,MOD00063,CRS008,2025-09-11,2025-10-19,Completed,2.91,94
PRG0001848,STU00106,MOD00064,CRS008,2025-09-20,2025-11-22,In Progress,3.92,54
PRG0001849,STU00107,MOD00137,CRS018,2025-11-05,2025-12-19,Completed,2.61,65
PRG0001850,STU00107,MOD00138,CRS018,2025-10-31,2025-11-20,Completed,3.2,73
PRG0001851,STU00107,MOD00139,CRS018,2025-11-09,2025-10-13,Completed,4.51,69
PRG0001852,STU00107,MOD00140,CRS018,2025-10-23,2025-12-01,In Progress,14.92,58
PRG0001853,STU00107,MOD00141,CRS018,2025-10-11,2025-12-01,In Progress,7.95,51
PRG0001854,STU00107,MOD00142,CRS018,2025-11-04,2025-10-29,In Progress,1.17,97
PRG0001855,STU00107,MOD00143,CRS018,2025-10-27,2025-10-29,Completed,6.46,23
PRG0001856,STU00107,MOD00144,CRS018,2025-10-21,2025-11-21,In Progress,1.3,50
PRG0001857,STU00107,MOD00058,CRS008,2026-03-15,2026-05-14,Not Started,8.5,87
PRG0001858,STU00107,MOD00059,CRS008,2026-03-23,2026-03-25,In Progress,2.83,98
PRG0001859,STU00107,MOD00061,CRS008,2026-03-23,2026-03-23,Completed,5.97,58
PRG0001860,STU00108,MOD00057,CRS008,2025-06-03,2025-06-17,Completed,5.99,69
PRG0001861,STU00108,MOD00058,CRS008,2025-05-30,2025-05-16,Not Started,2.01,4
PRG0001862,STU00108,MOD00059,CRS008,2025-06-07,2025-05-18,Not Started,3.42,29
PRG0001863,STU00108,MOD00060,CRS008,2025-05-30,2025-07-08,Not Started,8.48,88
PRG0001864,STU00108,MOD00061,CRS008,2025-05-22,2025-08-04,Completed,12.03,43
PRG0001865,STU00108,MOD00062,CRS008,2025-06-01,2025-07-18,Completed,1.83,10
PRG0001866,STU00108,MOD00063,CRS008,2025-05-27,2025-08-02,Completed,2.6,96
PRG0001867,STU00108,MOD00064,CRS008,2025-06-04,2025-08-05,Completed,5.46,22
PRG0001868,STU00109,MOD00086,CRS011,2026-03-02,2026-04-21,Completed,2.33,9
PRG0001869,STU00109,MOD00088,CRS011,2026-02-21,2026-04-27,Not Started,2.73,68
PRG0001870,STU00110,MOD00080,CRS010,2025-12-04,2026-01-31,Completed,4.48,4
PRG0001871,STU00110,MOD00025,CRS004,2025-12-05,2025-12-29,In Progress,1.01,82
PRG0001872,STU00110,MOD00026,CRS004,2025-12-08,2025-12-19,Completed,7.61,3
PRG0001873,STU00110,MOD00027,CRS004,2025-12-15,2026-01-04,In Progress,6.46,93
PRG0001874,STU00110,MOD00028,CRS004,2025-12-09,2026-01-16,Completed,1.29,15
PRG0001875,STU00110,MOD00029,CRS004,2025-12-16,2026-01-27,Completed,10.33,47
PRG0001876,STU00110,MOD00030,CRS004,2025-11-23,2026-01-25,Completed,5.75,25
PRG0001877,STU00110,MOD00031,CRS004,2025-12-14,2026-02-05,Completed,5.15,81
PRG0001878,STU00110,MOD00032,CRS004,2025-12-09,2026-01-26,In Progress,6.5,50
PRG0001879,STU00110,MOD00049,CRS007,2026-04-22,2026-04-17,Completed,5.51,73
PRG0001880,STU00110,MOD00051,CRS007,2026-03-28,2026-04-26,Completed,5.42,41
PRG0001881,STU00110,MOD00052,CRS007,2026-04-16,2026-05-06,In Progress,8.46,22
PRG0001882,STU00110,MOD00054,CRS007,2026-03-28,2026-06-05,Completed,2.89,28
PRG0001883,STU00110,MOD00056,CRS007,2026-04-08,2026-06-09,In Progress,5.63,28
PRG0001884,STU00110,MOD00130,CRS017,2025-12-10,2026-01-08,Completed,1.28,82
PRG0001885,STU00110,MOD00132,CRS017,2025-11-30,2026-01-29,Completed,4.05,96
PRG0001886,STU00110,MOD00136,CRS017,2025-11-24,2025-12-28,In Progress,1.96,86
PRG0001887,STU00111,MOD00065,CRS009,2025-08-29,2025-09-11,Not Started,4.0,21
PRG0001888,STU00111,MOD00066,CRS009,2025-09-12,2025-10-09,Completed,3.56,4
PRG0001889,STU00111,MOD00067,CRS009,2025-09-07,2025-09-23,Completed,1.57,37
PRG0001890,STU00111,MOD00068,CRS009,2025-09-06,2025-10-08,Completed,3.38,22
PRG0001891,STU00111,MOD00069,CRS009,2025-09-24,2025-09-24,In Progress,5.52,67
PRG0001892,STU00111,MOD00070,CRS009,2025-09-21,2025-10-21,Completed,2.11,2
PRG0001893,STU00111,MOD00072,CRS009,2025-09-23,2025-09-16,In Progress,2.29,13
PRG0001894,STU00111,MOD00018,CRS003,2026-01-22,2026-02-13,Completed,2.34,67
PRG0001895,STU00111,MOD00020,CRS003,2026-01-16,2026-03-07,Completed,1.3,93
PRG0001896,STU00111,MOD00023,CRS003,2026-01-09,2026-01-15,Completed,3.57,71
PRG0001897,STU00112,MOD00105,CRS014,2026-02-14,2026-02-27,Not Started,3.79,99
PRG0001898,STU00112,MOD00106,CRS014,2026-02-10,2026-03-23,In Progress,7.42,53
PRG0001899,STU00112,MOD00107,CRS014,2026-02-23,2026-04-19,Completed,4.29,21
PRG0001900,STU00112,MOD00108,CRS014,2026-03-03,2026-03-25,Completed,14.76,85
PRG0001901,STU00112,MOD00109,CRS014,2026-03-01,2026-03-25,In Progress,5.01,46
PRG0001902,STU00112,MOD00110,CRS014,2026-02-19,2026-04-29,Completed,8.03,38
PRG0001903,STU00112,MOD00111,CRS014,2026-03-10,2026-02-25,Not Started,5.06,54
PRG0001904,STU00112,MOD00112,CRS014,2026-02-09,2026-02-27,Not Started,1.01,5
PRG0001905,STU00112,MOD00089,CRS012,2025-08-14,2025-08-29,Completed,4.21,82
PRG0001906,STU00112,MOD00090,CRS012,2025-07-22,2025-08-20,Completed,13.28,14
PRG0001907,STU00112,MOD00091,CRS012,2025-08-16,2025-08-30,Completed,1.05,43
PRG0001908,STU00112,MOD00092,CRS012,2025-08-05,2025-08-16,In Progress,2.49,94
PRG0001909,STU00112,MOD00093,CRS012,2025-07-23,2025-08-26,Completed,11.64,67
PRG0001910,STU00112,MOD00094,CRS012,2025-08-01,2025-10-04,In Progress,9.96,18
PRG0001911,STU00112,MOD00095,CRS012,2025-08-16,2025-10-17,Not Started,2.11,57
PRG0001912,STU00112,MOD00096,CRS012,2025-08-14,2025-09-15,In Progress,4.66,52
PRG0001913,STU00112,MOD00113,CRS015,2025-05-09,2025-07-03,Not Started,10.85,47
PRG0001914,STU00112,MOD00114,CRS015,2025-05-28,2025-05-07,Completed,9.86,22
PRG0001915,STU00112,MOD00117,CRS015,2025-05-02,2025-05-23,In Progress,1.44,77
PRG0001916,STU00112,MOD00118,CRS015,2025-05-24,2025-07-20,Completed,4.35,11
PRG0001917,STU00112,MOD00119,CRS015,2025-05-21,2025-04-30,In Progress,4.38,53
PRG0001918,STU00112,MOD00120,CRS015,2025-05-03,2025-05-25,In Progress,2.62,3
PRG0001919,STU00112,MOD00017,CRS003,2025-06-02,2025-07-09,Completed,5.59,85
PRG0001920,STU00112,MOD00018,CRS003,2025-06-03,2025-06-02,In Progress,2.68,41
PRG0001921,STU00112,MOD00019,CRS003,2025-05-20,2025-07-20,In Progress,7.05,48
PRG0001922,STU00112,MOD00020,CRS003,2025-05-27,2025-05-14,Completed,4.09,65
PRG0001923,STU00112,MOD00021,CRS003,2025-06-05,2025-08-03,In Progress,3.49,84
PRG0001924,STU00112,MOD00022,CRS003,2025-06-01,2025-05-23,Completed,7.87,23
PRG0001925,STU00112,MOD00023,CRS003,2025-06-08,2025-05-25,In Progress,1.88,58
PRG0001926,STU00112,MOD00024,CRS003,2025-05-15,2025-07-05,In Progress,11.2,72
PRG0001927,STU00112,MOD00028,CRS004,2025-08-08,2025-08-23,Completed,6.39,78
PRG0001928,STU00112,MOD00029,CRS004,2025-08-16,2025-08-25,Not Started,10.16,41
PRG0001929,STU00112,MOD00030,CRS004,2025-08-21,2025-08-13,In Progress,2.89,70
PRG0001930,STU00112,MOD00031,CRS004,2025-08-31,2025-08-25,Completed,3.36,31
PRG0001931,STU00113,MOD00057,CRS008,2026-04-04,2026-06-05,Not Started,3.13,15
PRG0001932,STU00113,MOD00058,CRS008,2026-04-14,2026-05-24,In Progress,8.06,28
PRG0001933,STU00113,MOD00059,CRS008,2026-04-06,2026-05-02,Completed,1.07,42
PRG0001934,STU00113,MOD00060,CRS008,2026-04-02,2026-06-07,In Progress,10.69,78
PRG0001935,STU00113,MOD00061,CRS008,2026-03-28,2026-04-18,In Progress,8.55,74
PRG0001936,STU00113,MOD00062,CRS008,2026-03-30,2026-06-07,Completed,1.87,7
PRG0001937,STU00113,MOD00063,CRS008,2026-04-15,2026-06-10,Completed,2.84,63
PRG0001938,STU00113,MOD00064,CRS008,2026-03-31,2026-05-27,In Progress,11.22,17
PRG0001939,STU00113,MOD00073,CRS010,2026-04-29,2026-06-06,Completed,1.97,86
PRG0001940,STU00113,MOD00075,CRS010,2026-04-25,2026-05-17,Completed,2.58,6
PRG0001941,STU00113,MOD00076,CRS010,2026-04-05,2026-04-05,In Progress,3.52,70
PRG0001942,STU00113,MOD00077,CRS010,2026-04-25,2026-06-27,In Progress,2.82,64
PRG0001943,STU00113,MOD00079,CRS010,2026-04-21,2026-04-27,In Progress,11.11,47
PRG0001944,STU00114,MOD00081,CRS011,2025-12-10,2026-01-13,Not Started,6.19,96
PRG0001945,STU00114,MOD00084,CRS011,2025-11-23,2025-12-29,Not Started,4.31,49
PRG0001946,STU00114,MOD00153,CRS020,2026-01-30,2026-01-25,Not Started,6.67,73
PRG0001947,STU00114,MOD00156,CRS020,2026-01-08,2026-03-28,Completed,8.4,93
PRG0001948,STU00114,MOD00160,CRS020,2026-01-10,2026-03-07,Completed,9.24,65
PRG0001949,STU00114,MOD00114,CRS015,2025-11-23,2026-02-05,Completed,6.17,26
PRG0001950,STU00114,MOD00118,CRS015,2025-12-05,2025-11-30,In Progress,9.05,14
PRG0001951,STU00114,MOD00119,CRS015,2025-11-26,2026-02-19,Not Started,7.24,52
PRG0001952,STU00114,MOD00065,CRS009,2025-11-24,2025-12-08,In Progress,4.73,11
PRG0001953,STU00114,MOD00066,CRS009,2025-12-05,2026-01-14,Completed,9.68,5
PRG0001954,STU00114,MOD00067,CRS009,2025-12-16,2025-11-28,Completed,5.7,84
PRG0001955,STU00114,MOD00068,CRS009,2025-12-09,2026-01-19,Not Started,3.18,79
PRG0001956,STU00114,MOD00069,CRS009,2025-11-29,2025-11-28,Completed,2.83,48
PRG0001957,STU00114,MOD00070,CRS009,2025-12-10,2025-11-25,In Progress,2.59,85
PRG0001958,STU00114,MOD00071,CRS009,2025-12-17,2026-01-29,Completed,10.55,36
PRG0001959,STU00114,MOD00072,CRS009,2025-11-25,2025-12-30,Completed,2.12,50
PRG0001960,STU00115,MOD00033,CRS005,2025-11-02,2025-10-25,Completed,5.08,17
PRG0001961,STU00115,MOD00034,CRS005,2025-11-01,2025-12-11,Completed,7.72,75
PRG0001962,STU00115,MOD00035,CRS005,2025-11-19,2025-12-09,Not Started,5.9,48
PRG0001963,STU00115,MOD00037,CRS005,2025-11-15,2026-01-15,Completed,2.86,91
PRG0001964,STU00115,MOD00038,CRS005,2025-11-11,2025-12-07,Completed,3.43,63
PRG0001965,STU00116,MOD00113,CRS015,2026-02-26,2026-02-28,Completed,3.67,45
PRG0001966,STU00116,MOD00114,CRS015,2026-03-01,2026-03-31,Completed,9.39,16
PRG0001967,STU00116,MOD00115,CRS015,2026-02-12,2026-03-18,Not Started,12.1,99
PRG0001968,STU00116,MOD00116,CRS015,2026-02-16,2026-04-15,Not Started,4.38,46
PRG0001969,STU00116,MOD00117,CRS015,2026-02-27,2026-03-14,Completed,1.97,21
PRG0001970,STU00116,MOD00118,CRS015,2026-02-13,2026-04-10,In Progress,11.6,55
PRG0001971,STU00116,MOD00119,CRS015,2026-03-02,2026-02-15,Completed,1.84,36
PRG0001972,STU00116,MOD00120,CRS015,2026-03-14,2026-02-26,Completed,1.91,20
PRG0001973,STU00116,MOD00083,CRS011,2026-03-06,2026-03-21,Completed,1.56,2
PRG0001974,STU00116,MOD00086,CRS011,2026-02-27,2026-04-26,Not Started,3.24,47
PRG0001975,STU00116,MOD00087,CRS011,2026-03-09,2026-03-24,In Progress,6.19,75
PRG0001976,STU00116,MOD00105,CRS014,2026-02-25,2026-03-07,Not Started,2.26,13
PRG0001977,STU00116,MOD00106,CRS014,2026-03-09,2026-03-17,Completed,1.03,5
PRG0001978,STU00116,MOD00107,CRS014,2026-03-08,2026-02-28,In Progress,6.66,4
PRG0001979,STU00116,MOD00108,CRS014,2026-03-09,2026-04-06,Completed,2.41,51
PRG0001980,STU00116,MOD00109,CRS014,2026-03-14,2026-02-24,Completed,5.03,5
PRG0001981,STU00116,MOD00110,CRS014,2026-02-28,2026-02-25,In Progress,10.38,57
PRG0001982,STU00116,MOD00111,CRS014,2026-03-02,2026-02-16,In Progress,1.54,43
PRG0001983,STU00116,MOD00112,CRS014,2026-02-26,2026-02-23,Completed,1.08,57
PRG0001984,STU00116,MOD00025,CRS004,2026-03-06,2026-03-14,Completed,13.11,36
PRG0001985,STU00116,MOD00028,CRS004,2026-02-21,2026-03-10,In Progress,2.66,90
PRG0001986,STU00116,MOD00029,CRS004,2026-02-12,2026-04-26,Completed,5.36,67
PRG0001987,STU00117,MOD00026,CRS004,2025-09-29,2025-09-13,Completed,10.5,99
PRG0001988,STU00117,MOD00027,CRS004,2025-09-24,2025-10-03,In Progress,13.87,56
PRG0001989,STU00117,MOD00032,CRS004,2025-09-23,2025-11-26,Completed,2.56,17
PRG0001990,STU00117,MOD00017,CRS003,2025-05-23,2025-05-30,Not Started,3.62,54
PRG0001991,STU00117,MOD00018,CRS003,2025-06-21,2025-07-04,In Progress,1.09,8
PRG0001992,STU00117,MOD00020,CRS003,2025-06-09,2025-07-24,In Progress,1.62,32
PRG0001993,STU00117,MOD00021,CRS003,2025-06-14,2025-08-14,Completed,2.53,98
PRG0001994,STU00117,MOD00023,CRS003,2025-06-13,2025-08-03,In Progress,5.29,80
PRG0001995,STU00117,MOD00024,CRS003,2025-06-09,2025-05-23,Completed,10.35,90
PRG0001996,STU00117,MOD00041,CRS006,2025-12-28,2025-12-26,Completed,9.55,64
PRG0001997,STU00117,MOD00042,CRS006,2025-12-21,2026-01-11,In Progress,3.09,63
PRG0001998,STU00117,MOD00043,CRS006,2025-12-15,2026-02-19,Completed,4.2,28
PRG0001999,STU00117,MOD00044,CRS006,2025-12-09,2026-02-01,Completed,10.59,53
PRG0002000,STU00117,MOD00045,CRS006,2025-12-20,2026-01-10,Completed,6.9,12
PRG0002001,STU00117,MOD00046,CRS006,2025-12-18,2026-01-09,Not Started,6.34,73
PRG0002002,STU00117,MOD00047,CRS006,2025-12-10,2025-12-26,In Progress,6.46,26
PRG0002003,STU00117,MOD00048,CRS006,2026-01-02,2026-02-07,In Progress,3.98,74
PRG0002004,STU00118,MOD00009,CRS002,2026-03-09,2026-05-24,Completed,1.18,91
PRG0002005,STU00118,MOD00010,CRS002,2026-03-14,2026-03-28,In Progress,11.6,84
PRG0002006,STU00118,MOD00011,CRS002,2026-03-12,2026-05-05,Completed,5.38,69
PRG0002007,STU00118,MOD00012,CRS002,2026-03-09,2026-03-18,Completed,7.73,84
PRG0002008,STU00118,MOD00013,CRS002,2026-03-06,2026-05-26,In Progress,8.85,12
PRG0002009,STU00118,MOD00014,CRS002,2026-04-03,2026-05-15,Not Started,6.19,30
PRG0002010,STU00118,MOD00015,CRS002,2026-03-28,2026-05-24,Completed,8.44,99
PRG0002011,STU00118,MOD00016,CRS002,2026-04-03,2026-03-25,In Progress,1.92,56
PRG0002012,STU00118,MOD00083,CRS011,2026-03-10,2026-03-27,In Progress,5.29,45
PRG0002013,STU00118,MOD00084,CRS011,2026-03-29,2026-04-05,Completed,7.16,64
PRG0002014,STU00118,MOD00085,CRS011,2026-04-04,2026-03-08,Completed,1.4,3
PRG0002015,STU00118,MOD00086,CRS011,2026-03-07,2026-04-29,Completed,2.66,11
PRG0002016,STU00118,MOD00087,CRS011,2026-03-11,2026-03-31,Completed,2.19,76
PRG0002017,STU00118,MOD00088,CRS011,2026-03-30,2026-05-28,In Progress,4.27,65
PRG0002018,STU00118,MOD00033,CRS005,2026-03-24,2026-04-10,In Progress,8.5,54
PRG0002019,STU00118,MOD00034,CRS005,2026-03-22,2026-03-26,Completed,7.02,74
PRG0002020,STU00118,MOD00036,CRS005,2026-04-02,2026-05-07,In Progress,1.48,5
PRG0002021,STU00118,MOD00037,CRS005,2026-03-13,2026-03-22,Completed,2.58,74
PRG0002022,STU00118,MOD00038,CRS005,2026-03-17,2026-04-30,Completed,4.15,82
PRG0002023,STU00118,MOD00039,CRS005,2026-03-21,2026-04-12,In Progress,7.47,70
PRG0002024,STU00118,MOD00040,CRS005,2026-03-16,2026-04-24,Completed,6.06,58
PRG0002025,STU00118,MOD00019,CRS003,2026-03-11,2026-04-13,In Progress,12.06,53
PRG0002026,STU00118,MOD00021,CRS003,2026-03-25,2026-04-24,Completed,2.62,33
PRG0002027,STU00118,MOD00023,CRS003,2026-03-14,2026-05-03,Completed,1.76,56
PRG0002028,STU00118,MOD00024,CRS003,2026-03-23,2026-04-19,Completed,2.99,45
PRG0002029,STU00119,MOD00001,CRS001,2026-03-21,2026-04-23,Completed,7.01,0
PRG0002030,STU00119,MOD00005,CRS001,2026-03-18,2026-04-22,Completed,8.03,78
PRG0002031,STU00119,MOD00006,CRS001,2026-03-14,2026-03-19,Not Started,4.75,19
PRG0002032,STU00119,MOD00097,CRS013,2026-03-19,2026-03-10,Completed,9.73,8
PRG0002033,STU00119,MOD00098,CRS013,2026-03-03,2026-03-29,Not Started,1.9,96
PRG0002034,STU00119,MOD00099,CRS013,2026-03-08,2026-04-16,In Progress,8.9,81
PRG0002035,STU00119,MOD00100,CRS013,2026-03-27,2026-03-28,In Progress,1.7,27
PRG0002036,STU00119,MOD00101,CRS013,2026-03-14,2026-03-02,Completed,2.96,5
PRG0002037,STU00119,MOD00102,CRS013,2026-03-11,2026-05-12,Completed,2.4,99
PRG0002038,STU00119,MOD00103,CRS013,2026-03-01,2026-03-23,Completed,4.35,96
PRG0002039,STU00119,MOD00104,CRS013,2026-03-05,2026-04-04,Completed,1.78,40
PRG0002040,STU00120,MOD00059,CRS008,2025-09-09,2025-10-27,Completed,3.96,60
PRG0002041,STU00120,MOD00061,CRS008,2025-09-13,2025-08-24,In Progress,2.58,33
PRG0002042,STU00120,MOD00062,CRS008,2025-09-02,2025-10-24,In Progress,7.83,93
PRG0002043,STU00120,MOD00063,CRS008,2025-08-27,2025-10-14,In Progress,1.51,34
PRG0002044,STU00120,MOD00064,CRS008,2025-08-23,2025-10-07,Completed,13.44,100
PRG0002045,STU00120,MOD00025,CRS004,2025-06-15,2025-07-31,In Progress,12.84,69
PRG0002046,STU00120,MOD00026,CRS004,2025-07-01,2025-08-18,In Progress,9.69,89
PRG0002047,STU00120,MOD00028,CRS004,2025-06-29,2025-08-20,Completed,9.84,48
PRG0002048,STU00120,MOD00032,CRS004,2025-06-28,2025-07-14,Not Started,6.22,6
PRG0002049,STU00120,MOD00113,CRS015,2026-05-03,2026-05-02,In Progress,10.51,7
PRG0002050,STU00120,MOD00114,CRS015,2026-05-08,2026-06-15,Not Started,3.71,48
PRG0002051,STU00120,MOD00115,CRS015,2026-04-15,2026-05-29,Completed,6.93,54
PRG0002052,STU00120,MOD00116,CRS015,2026-04-15,2026-05-14,In Progress,5.3,98
PRG0002053,STU00120,MOD00117,CRS015,2026-04-26,2026-05-11,Completed,1.87,90
PRG0002054,STU00120,MOD00118,CRS015,2026-04-17,2026-06-19,Completed,4.6,76
PRG0002055,STU00120,MOD00119,CRS015,2026-04-29,2026-04-15,Completed,4.86,83
PRG0002056,STU00120,MOD00120,CRS015,2026-05-09,2026-05-02,Completed,4.4,32
PRG0002057,STU00120,MOD00145,CRS019,2025-10-05,2025-11-11,In Progress,1.96,94
PRG0002058,STU00120,MOD00150,CRS019,2025-10-06,2025-10-27,Completed,6.33,39
PRG0002059,STU00120,MOD00151,CRS019,2025-10-20,2025-11-09,Completed,1.89,68
PRG0002060,STU00120,MOD00034,CRS005,2025-08-30,2025-09-18,Completed,5.05,77
PRG0002061,STU00120,MOD00035,CRS005,2025-08-24,2025-09-21,In Progress,6.17,51
PRG0002062,STU00120,MOD00039,CRS005,2025-09-02,2025-10-03,In Progress,1.43,50
PRG0002063,STU00120,MOD00040,CRS005,2025-09-08,2025-11-06,Completed,7.01,1
PRG0002064,STU00121,MOD00089,CRS012,2025-08-12,2025-08-31,Completed,3.13,23
PRG0002065,STU00121,MOD00092,CRS012,2025-09-04,2025-10-08,In Progress,2.66,51
PRG0002066,STU00121,MOD00093,CRS012,2025-08-17,2025-10-25,Completed,1.35,10
PRG0002067,STU00121,MOD00094,CRS012,2025-08-29,2025-08-20,Completed,12.38,64
PRG0002068,STU00121,MOD00096,CRS012,2025-09-01,2025-10-13,In Progress,13.42,0
PRG0002069,STU00121,MOD00018,CRS003,2026-04-26,2026-06-26,Completed,2.39,91
PRG0002070,STU00121,MOD00019,CRS003,2026-04-28,2026-04-28,Completed,1.99,73
PRG0002071,STU00121,MOD00020,CRS003,2026-05-11,2026-05-27,Completed,4.93,1
PRG0002072,STU00121,MOD00022,CRS003,2026-04-15,2026-06-03,In Progress,11.66,81
PRG0002073,STU00121,MOD00024,CRS003,2026-05-04,2026-04-26,Not Started,1.75,67
PRG0002074,STU00121,MOD00145,CRS019,2025-09-08,2025-11-18,Completed,4.44,65
PRG0002075,STU00121,MOD00146,CRS019,2025-09-01,2025-09-13,In Progress,5.52,29
PRG0002076,STU00121,MOD00147,CRS019,2025-09-25,2025-09-30,Completed,9.28,34
PRG0002077,STU00121,MOD00148,CRS019,2025-09-18,2025-10-22,Completed,2.31,36
PRG0002078,STU00121,MOD00149,CRS019,2025-09-07,2025-09-16,In Progress,12.84,9
PRG0002079,STU00121,MOD00150,CRS019,2025-09-27,2025-09-22,Completed,5.63,57
PRG0002080,STU00121,MOD00151,CRS019,2025-09-14,2025-11-15,In Progress,2.46,62
PRG0002081,STU00121,MOD00152,CRS019,2025-09-16,2025-09-08,Completed,4.15,50
PRG0002082,STU00122,MOD00017,CRS003,2026-01-27,2026-04-11,In Progress,5.82,62
PRG0002083,STU00122,MOD00018,CRS003,2026-01-24,2026-03-31,Completed,3.4,9
PRG0002084,STU00122,MOD00020,CRS003,2026-01-18,2026-04-12,Completed,5.01,8
PRG0002085,STU00122,MOD00021,CRS003,2026-01-30,2026-02-19,In Progress,2.66,91
PRG0002086,STU00122,MOD00022,CRS003,2026-01-19,2026-03-09,In Progress,10.91,29
PRG0002087,STU00122,MOD00023,CRS003,2026-02-04,2026-03-24,In Progress,2.33,29
PRG0002088,STU00122,MOD00024,CRS003,2026-01-25,2026-02-27,Completed,13.01,89
PRG0002089,STU00122,MOD00084,CRS011,2025-12-26,2026-02-14,Completed,13.67,54
PRG0002090,STU00122,MOD00085,CRS011,2025-12-16,2026-01-16,Completed,6.96,46
PRG0002091,STU00122,MOD00086,CRS011,2025-12-24,2025-12-18,In Progress,1.74,68
PRG0002092,STU00123,MOD00044,CRS006,2026-01-24,2026-04-02,In Progress,13.74,92
PRG0002093,STU00123,MOD00046,CRS006,2026-01-23,2026-01-20,Completed,6.02,64
PRG0002094,STU00123,MOD00048,CRS006,2026-01-21,2026-02-23,In Progress,3.84,54
PRG0002095,STU00124,MOD00097,CRS013,2025-12-08,2026-01-27,In Progress,13.39,97
PRG0002096,STU00124,MOD00098,CRS013,2025-11-23,2026-01-01,Not Started,3.52,74
PRG0002097,STU00124,MOD00099,CRS013,2025-12-18,2026-01-23,Completed,7.72,87
PRG0002098,STU00124,MOD00100,CRS013,2025-12-04,2025-12-22,Completed,1.58,93
PRG0002099,STU00124,MOD00101,CRS013,2025-12-09,2026-01-10,In Progress,1.35,16
PRG0002100,STU00124,MOD00102,CRS013,2025-12-18,2026-02-02,In Progress,3.07,20
PRG0002101,STU00124,MOD00103,CRS013,2025-11-29,2026-02-03,In Progress,1.53,14
PRG0002102,STU00124,MOD00104,CRS013,2025-12-13,2026-02-01,Completed,4.14,20
PRG0002103,STU00124,MOD00121,CRS016,2025-11-17,2026-01-18,In Progress,12.55,91
PRG0002104,STU00124,MOD00122,CRS016,2025-12-11,2025-12-10,Completed,1.24,14
PRG0002105,STU00124,MOD00123,CRS016,2025-11-19,2025-12-05,In Progress,1.03,88
PRG0002106,STU00124,MOD00124,CRS016,2025-11-26,2026-01-07,Completed,1.29,3
PRG0002107,STU00124,MOD00125,CRS016,2025-12-02,2026-01-28,In Progress,2.12,86
PRG0002108,STU00124,MOD00126,CRS016,2025-11-24,2025-11-28,Completed,1.67,37
PRG0002109,STU00124,MOD00127,CRS016,2025-11-24,2025-11-24,Completed,9.71,30
PRG0002110,STU00124,MOD00001,CRS001,2025-11-19,2026-02-03,Not Started,7.49,96
PRG0002111,STU00124,MOD00002,CRS001,2025-11-27,2025-12-18,Completed,2.5,70
PRG0002112,STU00124,MOD00004,CRS001,2025-11-21,2026-01-04,In Progress,8.36,86
PRG0002113,STU00124,MOD00006,CRS001,2025-11-18,2025-11-15,Completed,8.14,23
PRG0002114,STU00124,MOD00007,CRS001,2025-12-08,2025-12-18,Not Started,8.62,75
PRG0002115,STU00124,MOD00008,CRS001,2025-12-08,2025-11-22,Completed,13.64,5
PRG0002116,STU00124,MOD00155,CRS020,2026-01-21,2026-01-29,Completed,8.12,47
PRG0002117,STU00124,MOD00156,CRS020,2026-01-21,2026-01-31,In Progress,9.47,28
PRG0002118,STU00124,MOD00158,CRS020,2026-02-02,2026-03-30,Completed,5.99,75
PRG0002119,STU00124,MOD00159,CRS020,2026-02-07,2026-03-21,Completed,8.69,47
PRG0002120,STU00125,MOD00113,CRS015,2026-03-31,2026-05-11,Completed,5.12,18
PRG0002121,STU00125,MOD00114,CRS015,2026-04-10,2026-05-30,Completed,5.46,49
PRG0002122,STU00125,MOD00115,CRS015,2026-04-12,2026-03-20,Completed,7.75,71
PRG0002123,STU00125,MOD00116,CRS015,2026-04-15,2026-06-08,Completed,4.78,87
PRG0002124,STU00125,MOD00117,CRS015,2026-04-02,2026-06-05,Completed,1.11,75
PRG0002125,STU00125,MOD00118,CRS015,2026-03-29,2026-05-16,In Progress,7.26,48
PRG0002126,STU00125,MOD00119,CRS015,2026-04-06,2026-04-18,Completed,7.13,16
PRG0002127,STU00125,MOD00120,CRS015,2026-04-09,2026-05-03,Completed,4.37,66
PRG0002128,STU00125,MOD00033,CRS005,2025-08-10,2025-08-08,Completed,4.78,10
PRG0002129,STU00125,MOD00034,CRS005,2025-07-15,2025-09-27,Completed,2.11,9
PRG0002130,STU00125,MOD00035,CRS005,2025-07-26,2025-08-27,Completed,14.6,15
PRG0002131,STU00125,MOD00036,CRS005,2025-07-29,2025-08-22,In Progress,7.37,17
PRG0002132,STU00125,MOD00037,CRS005,2025-07-27,2025-10-01,Completed,1.15,69
PRG0002133,STU00125,MOD00038,CRS005,2025-08-10,2025-10-06,Completed,1.98,77
PRG0002134,STU00125,MOD00039,CRS005,2025-07-27,2025-08-02,Completed,2.42,18
PRG0002135,STU00125,MOD00040,CRS005,2025-07-30,2025-08-27,Completed,1.48,6
PRG0002136,STU00125,MOD00009,CRS002,2026-04-28,2026-05-04,In Progress,5.58,16
PRG0002137,STU00125,MOD00010,CRS002,2026-04-17,2026-05-15,In Progress,5.66,5
PRG0002138,STU00125,MOD00011,CRS002,2026-04-24,2026-06-04,Completed,9.03,18
PRG0002139,STU00125,MOD00012,CRS002,2026-04-27,2026-05-17,Completed,1.0,73
PRG0002140,STU00125,MOD00013,CRS002,2026-04-23,2026-04-07,Completed,5.99,90
PRG0002141,STU00125,MOD00014,CRS002,2026-04-13,2026-05-06,Not Started,3.99,27
PRG0002142,STU00125,MOD00015,CRS002,2026-04-08,2026-05-31,Not Started,7.29,71
PRG0002143,STU00125,MOD00016,CRS002,2026-04-28,2026-05-06,Completed,1.98,66
PRG0002144,STU00126,MOD00106,CRS014,2025-11-12,2026-02-04,Completed,5.98,11
PRG0002145,STU00126,MOD00107,CRS014,2025-11-20,2025-11-17,Completed,11.27,98
PRG0002146,STU00126,MOD00108,CRS014,2025-11-22,2025-11-16,Completed,5.92,71
PRG0002147,STU00126,MOD00109,CRS014,2025-12-01,2025-11-15,Completed,6.46,0
PRG0002148,STU00126,MOD00110,CRS014,2025-12-04,2026-01-06,In Progress,2.53,84
PRG0002149,STU00126,MOD00111,CRS014,2025-11-12,2026-01-01,Completed,5.4,95
PRG0002150,STU00126,MOD00112,CRS014,2025-12-07,2026-01-03,Completed,2.14,25
PRG0002151,STU00126,MOD00141,CRS018,2025-11-22,2025-12-10,Not Started,12.62,83
PRG0002152,STU00126,MOD00142,CRS018,2025-11-23,2026-01-20,In Progress,7.18,41
PRG0002153,STU00126,MOD00144,CRS018,2025-11-27,2025-11-26,In Progress,2.83,52
PRG0002154,STU00126,MOD00121,CRS016,2026-01-22,2026-02-01,In Progress,6.15,16
PRG0002155,STU00126,MOD00122,CRS016,2026-01-12,2026-03-06,In Progress,1.83,93
PRG0002156,STU00126,MOD00123,CRS016,2026-01-23,2026-03-11,Not Started,2.95,25
PRG0002157,STU00126,MOD00124,CRS016,2026-01-29,2026-03-14,Completed,6.86,92
PRG0002158,STU00126,MOD00125,CRS016,2026-01-05,2026-02-07,Completed,1.31,99
PRG0002159,STU00126,MOD00126,CRS016,2026-01-23,2026-02-25,Completed,2.47,59
PRG0002160,STU00126,MOD00127,CRS016,2026-01-10,2026-02-20,Completed,5.98,30
PRG0002161,STU00126,MOD00128,CRS016,2026-02-02,2026-01-24,Completed,1.57,34
PRG0002162,STU00126,MOD00009,CRS002,2026-04-21,2026-04-13,In Progress,6.6,75
PRG0002163,STU00126,MOD00010,CRS002,2026-04-30,2026-05-11,In Progress,12.64,64
PRG0002164,STU00126,MOD00011,CRS002,2026-04-17,2026-05-01,Completed,3.16,80
PRG0002165,STU00126,MOD00012,CRS002,2026-04-17,2026-05-30,Not Started,5.32,42
PRG0002166,STU00126,MOD00013,CRS002,2026-04-22,2026-06-04,Not Started,9.81,50
PRG0002167,STU00126,MOD00014,CRS002,2026-04-27,2026-05-21,Completed,3.37,50
PRG0002168,STU00126,MOD00015,CRS002,2026-04-26,2026-05-02,In Progress,1.12,4
PRG0002169,STU00126,MOD00016,CRS002,2026-04-18,2026-05-20,Completed,6.43,89
PRG0002170,STU00127,MOD00057,CRS008,2025-11-18,2026-02-12,Not Started,1.81,29
PRG0002171,STU00127,MOD00058,CRS008,2025-11-20,2025-12-01,Completed,5.06,49
PRG0002172,STU00127,MOD00059,CRS008,2025-12-09,2025-11-21,Completed,3.82,90
PRG0002173,STU00127,MOD00060,CRS008,2025-12-09,2026-01-07,Completed,9.78,21
PRG0002174,STU00127,MOD00061,CRS008,2025-11-30,2026-02-06,Completed,3.92,34
PRG0002175,STU00127,MOD00062,CRS008,2025-11-20,2026-02-14,Completed,1.01,10
PRG0002176,STU00127,MOD00063,CRS008,2025-11-23,2026-01-14,Not Started,3.75,72
PRG0002177,STU00127,MOD00064,CRS008,2025-12-18,2025-11-26,Completed,11.75,97
PRG0002178,STU00127,MOD00137,CRS018,2025-11-18,2025-10-27,Completed,2.55,27
PRG0002179,STU00127,MOD00138,CRS018,2025-11-18,2025-11-13,Not Started,3.26,83
PRG0002180,STU00127,MOD00139,CRS018,2025-11-07,2025-11-23,Completed,5.45,43
PRG0002181,STU00127,MOD00140,CRS018,2025-10-29,2025-10-26,Not Started,7.89,97
PRG0002182,STU00127,MOD00141,CRS018,2025-10-26,2025-11-06,Completed,8.71,45
PRG0002183,STU00127,MOD00142,CRS018,2025-11-07,2026-01-15,Completed,1.31,29
PRG0002184,STU00127,MOD00143,CRS018,2025-11-15,2025-10-29,Completed,7.39,36
PRG0002185,STU00127,MOD00144,CRS018,2025-11-08,2025-11-17,Not Started,3.71,1
PRG0002186,STU00127,MOD00002,CRS001,2026-04-20,2026-05-27,Completed,1.06,27
PRG0002187,STU00127,MOD00007,CRS001,2026-04-29,2026-05-21,In Progress,8.28,28
PRG0002188,STU00127,MOD00097,CRS013,2025-09-16,2025-11-15,In Progress,14.44,45
PRG0002189,STU00127,MOD00098,CRS013,2025-09-21,2025-09-29,Not Started,6.49,43
PRG0002190,STU00127,MOD00099,CRS013,2025-09-08,2025-10-17,Completed,1.47,62
PRG0002191,STU00127,MOD00100,CRS013,2025-09-15,2025-08-30,In Progress,3.59,54
PRG0002192,STU00127,MOD00101,CRS013,2025-09-26,2025-11-07,Completed,2.09,91
PRG0002193,STU00127,MOD00102,CRS013,2025-09-05,2025-09-03,In Progress,4.13,61
PRG0002194,STU00127,MOD00103,CRS013,2025-09-19,2025-11-24,Completed,4.11,27
PRG0002195,STU00127,MOD00104,CRS013,2025-09-15,2025-10-04,Completed,6.59,47
PRG0002196,STU00127,MOD00089,CRS012,2025-09-09,2025-10-30,Completed,11.62,20
PRG0002197,STU00127,MOD00090,CRS012,2025-08-28,2025-09-25,Completed,5.87,1
PRG0002198,STU00127,MOD00091,CRS012,2025-09-03,2025-10-16,Completed,2.24,50
PRG0002199,STU00127,MOD00092,CRS012,2025-08-31,2025-10-26,Completed,1.64,7
PRG0002200,STU00127,MOD00093,CRS012,2025-09-18,2025-11-10,In Progress,2.87,28
PRG0002201,STU00127,MOD00094,CRS012,2025-09-24,2025-09-10,Completed,10.22,4
PRG0002202,STU00127,MOD00095,CRS012,2025-09-17,2025-10-21,In Progress,1.23,31
PRG0002203,STU00127,MOD00096,CRS012,2025-09-21,2025-11-06,Completed,6.18,32
PRG0002204,STU00128,MOD00041,CRS006,2025-07-08,2025-07-19,Completed,6.5,28
PRG0002205,STU00128,MOD00042,CRS006,2025-07-23,2025-07-05,Completed,3.37,58
PRG0002206,STU00128,MOD00043,CRS006,2025-08-01,2025-09-15,Completed,7.38,57
PRG0002207,STU00128,MOD00044,CRS006,2025-07-22,2025-07-28,Completed,9.31,75
PRG0002208,STU00128,MOD00045,CRS006,2025-07-13,2025-07-26,Completed,2.5,30
PRG0002209,STU00128,MOD00046,CRS006,2025-07-29,2025-07-27,In Progress,10.73,18
PRG0002210,STU00128,MOD00047,CRS006,2025-07-15,2025-09-09,Completed,4.2,59
PRG0002211,STU00128,MOD00048,CRS006,2025-07-26,2025-09-19,Completed,5.54,14
PRG0002212,STU00128,MOD00001,CRS001,2026-02-26,2026-03-22,In Progress,7.06,23
PRG0002213,STU00128,MOD00002,CRS001,2026-03-15,2026-03-15,Completed,2.59,92
PRG0002214,STU00128,MOD00004,CRS001,2026-03-22,2026-04-30,In Progress,7.53,62
PRG0002215,STU00128,MOD00082,CRS011,2025-05-30,2025-07-01,Completed,2.02,75
PRG0002216,STU00128,MOD00087,CRS011,2025-06-10,2025-06-01,Completed,8.23,90
PRG0002217,STU00128,MOD00088,CRS011,2025-06-12,2025-07-02,Not Started,2.68,97
PRG0002218,STU00129,MOD00009,CRS002,2026-02-14,2026-02-17,Completed,5.69,19
PRG0002219,STU00129,MOD00010,CRS002,2026-02-26,2026-04-11,In Progress,11.05,35
PRG0002220,STU00129,MOD00011,CRS002,2026-03-08,2026-03-20,In Progress,7.24,65
PRG0002221,STU00129,MOD00012,CRS002,2026-03-03,2026-04-11,Completed,1.43,70
PRG0002222,STU00129,MOD00013,CRS002,2026-02-17,2026-04-18,Completed,12.58,29
PRG0002223,STU00129,MOD00014,CRS002,2026-03-10,2026-02-28,Completed,1.58,35
PRG0002224,STU00129,MOD00015,CRS002,2026-02-16,2026-05-03,Completed,2.65,95
PRG0002225,STU00129,MOD00121,CRS016,2025-12-24,2026-02-14,Not Started,12.96,73
PRG0002226,STU00129,MOD00122,CRS016,2025-12-28,2026-03-22,Completed,1.25,80
PRG0002227,STU00129,MOD00123,CRS016,2025-12-26,2025-12-27,In Progress,2.96,35
PRG0002228,STU00129,MOD00124,CRS016,2026-01-13,2026-01-11,Completed,1.85,91
PRG0002229,STU00129,MOD00125,CRS016,2026-01-02,2026-01-08,In Progress,1.21,47
PRG0002230,STU00129,MOD00126,CRS016,2025-12-23,2026-01-08,Completed,4.34,6
PRG0002231,STU00129,MOD00127,CRS016,2026-01-03,2026-01-17,Completed,10.35,7
PRG0002232,STU00129,MOD00128,CRS016,2026-01-16,2026-03-09,Completed,8.87,58
PRG0002233,STU00129,MOD00129,CRS017,2025-09-27,2025-09-22,In Progress,2.12,98
PRG0002234,STU00129,MOD00130,CRS017,2025-09-09,2025-12-02,Completed,7.58,53
PRG0002235,STU00129,MOD00134,CRS017,2025-09-18,2025-10-28,In Progress,1.45,20
PRG0002236,STU00130,MOD00025,CRS004,2026-01-08,2025-12-13,Completed,11.53,94
PRG0002237,STU00130,MOD00026,CRS004,2025-12-17,2025-12-18,In Progress,4.72,19
PRG0002238,STU00130,MOD00027,CRS004,2026-01-03,2026-01-04,Not Started,6.88,1
PRG0002239,STU00130,MOD00028,CRS004,2025-12-20,2026-01-30,Completed,4.5,53
PRG0002240,STU00130,MOD00029,CRS004,2026-01-07,2026-01-29,Completed,10.41,5
PRG0002241,STU00130,MOD00030,CRS004,2025-12-31,2026-01-29,Not Started,1.67,65
PRG0002242,STU00130,MOD00031,CRS004,2025-12-20,2026-01-25,Completed,4.78,99
PRG0002243,STU00130,MOD00032,CRS004,2025-12-17,2026-01-17,In Progress,3.87,55
PRG0002244,STU00130,MOD00057,CRS008,2025-12-18,2026-02-25,In Progress,6.74,72
PRG0002245,STU00130,MOD00058,CRS008,2025-12-09,2026-01-17,In Progress,4.02,58
PRG0002246,STU00130,MOD00059,CRS008,2026-01-05,2025-12-31,Completed,2.52,15
PRG0002247,STU00130,MOD00060,CRS008,2026-01-08,2025-12-28,Completed,10.82,85
PRG0002248,STU00130,MOD00061,CRS008,2026-01-04,2026-01-22,Not Started,7.94,41
PRG0002249,STU00130,MOD00062,CRS008,2025-12-13,2025-12-22,In Progress,11.63,81
PRG0002250,STU00130,MOD00064,CRS008,2026-01-01,2026-02-11,Not Started,8.43,87
PRG0002251,STU00131,MOD00057,CRS008,2026-04-10,2026-06-06,Not Started,2.18,30
PRG0002252,STU00131,MOD00058,CRS008,2026-04-16,2026-03-29,In Progress,5.57,48
PRG0002253,STU00131,MOD00059,CRS008,2026-03-24,2026-05-29,Completed,1.84,17
PRG0002254,STU00131,MOD00060,CRS008,2026-04-17,2026-04-24,Not Started,13.18,23
PRG0002255,STU00131,MOD00061,CRS008,2026-04-08,2026-03-26,Completed,3.95,31
PRG0002256,STU00131,MOD00062,CRS008,2026-03-24,2026-03-23,In Progress,4.01,10
PRG0002257,STU00131,MOD00063,CRS008,2026-03-29,2026-06-12,Completed,2.42,47
PRG0002258,STU00131,MOD00064,CRS008,2026-03-26,2026-05-05,In Progress,10.73,49
PRG0002259,STU00132,MOD00089,CRS012,2025-06-27,2025-09-04,Completed,5.63,58
PRG0002260,STU00132,MOD00090,CRS012,2025-07-01,2025-07-14,In Progress,14.2,81
PRG0002261,STU00132,MOD00091,CRS012,2025-06-15,2025-07-26,Not Started,5.15,72
PRG0002262,STU00132,MOD00092,CRS012,2025-07-06,2025-07-14,Completed,4.26,76
PRG0002263,STU00132,MOD00093,CRS012,2025-06-21,2025-06-18,Completed,12.32,16
PRG0002264,STU00132,MOD00094,CRS012,2025-06-19,2025-07-16,Completed,7.69,1
PRG0002265,STU00132,MOD00095,CRS012,2025-07-08,2025-08-28,Not Started,2.53,11
PRG0002266,STU00132,MOD00096,CRS012,2025-06-14,2025-07-31,Completed,5.04,47
PRG0002267,STU00132,MOD00043,CRS006,2025-06-25,2025-06-29,Completed,6.66,35
PRG0002268,STU00132,MOD00044,CRS006,2025-06-09,2025-08-13,Not Started,4.72,49
PRG0002269,STU00132,MOD00045,CRS006,2025-06-24,2025-07-05,Completed,5.34,33
PRG0002270,STU00132,MOD00048,CRS006,2025-06-26,2025-06-19,Not Started,5.08,38
PRG0002271,STU00132,MOD00145,CRS019,2025-09-19,2025-10-01,Completed,3.83,57
PRG0002272,STU00132,MOD00146,CRS019,2025-08-29,2025-11-15,In Progress,2.47,87
PRG0002273,STU00132,MOD00147,CRS019,2025-08-22,2025-10-30,In Progress,9.04,63
PRG0002274,STU00132,MOD00148,CRS019,2025-09-17,2025-10-07,Not Started,1.28,15
PRG0002275,STU00132,MOD00149,CRS019,2025-09-14,2025-11-01,Completed,13.83,71
PRG0002276,STU00132,MOD00150,CRS019,2025-08-27,2025-09-18,Completed,7.3,35
PRG0002277,STU00132,MOD00151,CRS019,2025-08-27,2025-10-17,In Progress,2.01,58
PRG0002278,STU00132,MOD00152,CRS019,2025-09-18,2025-11-18,In Progress,3.38,6
PRG0002279,STU00133,MOD00089,CRS012,2025-09-23,2025-10-22,Completed,2.85,55
PRG0002280,STU00133,MOD00091,CRS012,2025-09-01,2025-09-20,Completed,2.06,7
PRG0002281,STU00133,MOD00093,CRS012,2025-09-19,2025-11-15,In Progress,11.19,56
PRG0002282,STU00133,MOD00095,CRS012,2025-09-24,2025-10-13,Completed,3.6,5
PRG0002283,STU00133,MOD00096,CRS012,2025-09-24,2025-09-15,Completed,9.53,93
PRG0002284,STU00134,MOD00033,CRS005,2025-11-23,2026-01-12,In Progress,12.82,15
PRG0002285,STU00134,MOD00036,CRS005,2025-12-01,2026-02-10,In Progress,8.31,27
PRG0002286,STU00134,MOD00040,CRS005,2025-11-18,2025-11-18,Completed,2.29,79
PRG0002287,STU00134,MOD00147,CRS019,2025-08-06,2025-07-12,In Progress,3.05,92
PRG0002288,STU00134,MOD00149,CRS019,2025-07-15,2025-08-22,Completed,6.23,78
PRG0002289,STU00134,MOD00150,CRS019,2025-08-05,2025-10-01,In Progress,6.91,18
PRG0002290,STU00134,MOD00151,CRS019,2025-07-28,2025-10-05,In Progress,1.89,89
PRG0002291,STU00134,MOD00049,CRS007,2026-02-09,2026-02-05,Completed,5.26,88
PRG0002292,STU00134,MOD00050,CRS007,2026-03-04,2026-03-05,In Progress,3.82,29
PRG0002293,STU00134,MOD00051,CRS007,2026-02-06,2026-04-10,Completed,1.23,50
PRG0002294,STU00134,MOD00052,CRS007,2026-02-05,2026-04-16,Not Started,1.36,23
PRG0002295,STU00134,MOD00053,CRS007,2026-02-19,2026-02-20,In Progress,6.25,25
PRG0002296,STU00134,MOD00054,CRS007,2026-02-07,2026-02-06,Completed,1.31,12
PRG0002297,STU00134,MOD00055,CRS007,2026-03-03,2026-04-16,Completed,5.81,86
PRG0002298,STU00134,MOD00056,CRS007,2026-03-06,2026-02-28,In Progress,13.05,63
PRG0002299,STU00134,MOD00121,CRS016,2025-06-20,2025-08-14,Completed,9.84,33
PRG0002300,STU00134,MOD00122,CRS016,2025-06-02,2025-07-16,Completed,1.65,96
PRG0002301,STU00134,MOD00123,CRS016,2025-05-29,2025-06-21,Not Started,2.93,88
PRG0002302,STU00134,MOD00124,CRS016,2025-05-29,2025-06-15,Not Started,4.3,81
PRG0002303,STU00134,MOD00125,CRS016,2025-06-13,2025-07-02,Completed,1.31,71
PRG0002304,STU00134,MOD00126,CRS016,2025-06-21,2025-08-06,Completed,7.53,87
PRG0002305,STU00134,MOD00127,CRS016,2025-05-30,2025-06-17,In Progress,4.36,7
PRG0002306,STU00134,MOD00128,CRS016,2025-06-20,2025-08-13,Not Started,4.21,47
PRG0002307,STU00134,MOD00074,CRS010,2025-10-05,2025-11-28,In Progress,5.55,31
PRG0002308,STU00134,MOD00075,CRS010,2025-09-27,2025-09-22,Completed,1.54,87
PRG0002309,STU00134,MOD00077,CRS010,2025-10-03,2025-10-08,Completed,3.34,29
PRG0002310,STU00135,MOD00001,CRS001,2026-03-15,2026-06-08,Completed,9.52,22
PRG0002311,STU00135,MOD00002,CRS001,2026-03-16,2026-05-20,In Progress,2.33,29
PRG0002312,STU00135,MOD00003,CRS001,2026-04-07,2026-05-15,In Progress,4.67,40
PRG0002313,STU00135,MOD00006,CRS001,2026-03-25,2026-04-17,Completed,8.59,80
PRG0002314,STU00135,MOD00007,CRS001,2026-03-26,2026-03-27,Completed,6.76,9
PRG0002315,STU00135,MOD00008,CRS001,2026-04-08,2026-06-10,Completed,7.0,2
PRG0002316,STU00135,MOD00082,CRS011,2026-01-19,2026-03-24,Not Started,8.39,57
PRG0002317,STU00135,MOD00083,CRS011,2026-01-18,2026-01-31,Completed,8.63,17
PRG0002318,STU00135,MOD00084,CRS011,2026-01-12,2026-03-04,Not Started,10.33,9
PRG0002319,STU00135,MOD00085,CRS011,2026-01-27,2026-03-12,Completed,5.74,11
PRG0002320,STU00135,MOD00086,CRS011,2026-01-09,2026-02-02,Completed,3.63,55
PRG0002321,STU00135,MOD00088,CRS011,2026-01-21,2026-03-17,Completed,2.59,4
PRG0002322,STU00135,MOD00050,CRS007,2026-01-08,2026-02-27,Completed,7.05,10
PRG0002323,STU00135,MOD00053,CRS007,2026-01-17,2026-03-28,Completed,5.97,58
PRG0002324,STU00136,MOD00001,CRS001,2025-06-19,2025-09-02,Completed,9.47,42
PRG0002325,STU00136,MOD00002,CRS001,2025-06-16,2025-08-21,In Progress,2.57,81
PRG0002326,STU00136,MOD00003,CRS001,2025-06-23,2025-07-02,Completed,2.51,75
PRG0002327,STU00136,MOD00004,CRS001,2025-07-12,2025-06-20,In Progress,7.08,48
PRG0002328,STU00136,MOD00005,CRS001,2025-06-25,2025-08-28,In Progress,12.19,36
PRG0002329,STU00136,MOD00006,CRS001,2025-07-08,2025-06-23,Completed,5.0,71
PRG0002330,STU00136,MOD00007,CRS001,2025-06-25,2025-07-26,Completed,7.1,63
PRG0002331,STU00136,MOD00008,CRS001,2025-07-04,2025-08-13,Completed,13.93,11
PRG0002332,STU00137,MOD00025,CRS004,2026-03-10,2026-03-27,Completed,13.38,32
PRG0002333,STU00137,MOD00027,CRS004,2026-02-23,2026-03-14,Completed,10.79,60
PRG0002334,STU00137,MOD00028,CRS004,2026-02-28,2026-04-01,Not Started,6.37,78
PRG0002335,STU00137,MOD00029,CRS004,2026-02-24,2026-04-08,Completed,12.03,72
PRG0002336,STU00137,MOD00031,CRS004,2026-03-04,2026-03-31,Completed,2.34,88
PRG0002337,STU00137,MOD00129,CRS017,2026-01-02,2026-02-05,Completed,3.65,59
PRG0002338,STU00137,MOD00131,CRS017,2025-12-31,2026-01-22,Not Started,2.71,78
PRG0002339,STU00138,MOD00097,CRS013,2025-11-19,2026-01-02,In Progress,4.47,42
PRG0002340,STU00138,MOD00101,CRS013,2025-11-17,2025-12-20,In Progress,2.57,39
PRG0002341,STU00138,MOD00102,CRS013,2025-11-22,2026-01-22,Not Started,3.06,96
PRG0002342,STU00138,MOD00103,CRS013,2025-12-06,2025-12-14,Completed,2.58,28
PRG0002343,STU00138,MOD00104,CRS013,2025-11-18,2026-01-02,Completed,5.21,86
PRG0002344,STU00138,MOD00145,CRS019,2026-03-17,2026-03-31,Completed,3.08,64
PRG0002345,STU00138,MOD00146,CRS019,2026-03-31,2026-05-13,In Progress,2.42,73
PRG0002346,STU00138,MOD00147,CRS019,2026-03-29,2026-06-03,In Progress,6.75,34
PRG0002347,STU00138,MOD00148,CRS019,2026-03-17,2026-03-26,Not Started,3.0,97
PRG0002348,STU00138,MOD00149,CRS019,2026-03-16,2026-03-20,In Progress,2.61,61
PRG0002349,STU00138,MOD00150,CRS019,2026-03-27,2026-04-23,Completed,6.54,44
PRG0002350,STU00138,MOD00151,CRS019,2026-04-01,2026-05-04,Completed,1.95,74
PRG0002351,STU00138,MOD00152,CRS019,2026-04-05,2026-03-29,Completed,1.04,38
PRG0002352,STU00138,MOD00028,CRS004,2025-12-06,2025-12-16,Completed,8.82,18
PRG0002353,STU00138,MOD00031,CRS004,2025-12-11,2025-12-02,Completed,6.61,42
PRG0002354,STU00139,MOD00121,CRS016,2025-08-20,2025-09-21,Completed,8.28,80
PRG0002355,STU00139,MOD00122,CRS016,2025-08-16,2025-08-02,Completed,1.86,10
PRG0002356,STU00139,MOD00124,CRS016,2025-08-31,2025-08-10,Completed,3.34,38
PRG0002357,STU00139,MOD00125,CRS016,2025-08-23,2025-09-12,Completed,1.44,9
PRG0002358,STU00139,MOD00126,CRS016,2025-08-18,2025-10-11,Completed,8.08,37
PRG0002359,STU00139,MOD00128,CRS016,2025-08-14,2025-08-22,Not Started,8.04,4
PRG0002360,STU00139,MOD00081,CRS011,2026-01-12,2026-02-15,Completed,2.19,52
PRG0002361,STU00139,MOD00082,CRS011,2026-01-09,2026-01-09,Completed,9.29,91
PRG0002362,STU00139,MOD00083,CRS011,2026-01-22,2026-04-05,In Progress,7.25,100
PRG0002363,STU00139,MOD00084,CRS011,2026-02-01,2026-01-10,Completed,12.08,83
PRG0002364,STU00139,MOD00085,CRS011,2026-01-28,2026-01-25,Completed,2.82,96
PRG0002365,STU00139,MOD00086,CRS011,2026-01-07,2026-01-26,In Progress,3.29,82
PRG0002366,STU00139,MOD00087,CRS011,2026-01-21,2026-03-04,In Progress,1.9,33
PRG0002367,STU00139,MOD00088,CRS011,2026-01-07,2026-02-14,Completed,2.11,19
PRG0002368,STU00139,MOD00044,CRS006,2025-12-06,2026-01-21,In Progress,4.92,50
PRG0002369,STU00139,MOD00045,CRS006,2025-11-24,2025-12-24,In Progress,5.9,97
PRG0002370,STU00139,MOD00046,CRS006,2025-11-16,2025-11-28,Completed,2.69,29
PRG0002371,STU00139,MOD00047,CRS006,2025-11-10,2025-11-28,Completed,8.17,13
PRG0002372,STU00139,MOD00048,CRS006,2025-12-08,2025-11-12,Completed,2.1,32
PRG0002373,STU00139,MOD00089,CRS012,2025-06-04,2025-08-09,Completed,13.61,100
PRG0002374,STU00139,MOD00090,CRS012,2025-06-10,2025-05-14,Completed,6.98,99
PRG0002375,STU00139,MOD00091,CRS012,2025-05-31,2025-06-26,In Progress,3.99,95
PRG0002376,STU00139,MOD00092,CRS012,2025-05-20,2025-08-03,Completed,1.2,22
PRG0002377,STU00139,MOD00096,CRS012,2025-05-27,2025-06-03,Completed,3.71,91
PRG0002378,STU00140,MOD00034,CRS005,2025-08-31,2025-09-21,Completed,8.57,74
PRG0002379,STU00140,MOD00038,CRS005,2025-08-28,2025-09-04,Not Started,3.32,16
PRG0002380,STU00140,MOD00039,CRS005,2025-09-11,2025-10-01,Completed,7.51,92
PRG0002381,STU00140,MOD00040,CRS005,2025-09-09,2025-09-17,In Progress,4.55,93
PRG0002382,STU00140,MOD00041,CRS006,2026-02-19,2026-03-23,In Progress,10.67,41
PRG0002383,STU00140,MOD00047,CRS006,2026-01-29,2026-01-28,Completed,9.0,29
PRG0002384,STU00140,MOD00001,CRS001,2025-09-09,2025-10-19,In Progress,4.73,8
PRG0002385,STU00140,MOD00002,CRS001,2025-08-29,2025-11-04,Completed,2.91,100
PRG0002386,STU00140,MOD00003,CRS001,2025-08-31,2025-10-09,In Progress,3.68,32
PRG0002387,STU00140,MOD00005,CRS001,2025-08-23,2025-09-20,Completed,9.78,57
PRG0002388,STU00140,MOD00006,CRS001,2025-09-18,2025-08-29,In Progress,1.95,10
PRG0002389,STU00140,MOD00007,CRS001,2025-08-20,2025-09-04,Completed,8.73,5
PRG0002390,STU00140,MOD00008,CRS001,2025-08-30,2025-11-16,Completed,12.3,95
PRG0002391,STU00141,MOD00013,CRS002,2026-03-05,2026-04-11,Completed,1.45,80
PRG0002392,STU00141,MOD00041,CRS006,2025-09-21,2025-12-11,Completed,9.37,94
PRG0002393,STU00141,MOD00044,CRS006,2025-09-18,2025-10-06,Completed,7.89,49
PRG0002394,STU00141,MOD00046,CRS006,2025-09-30,2025-11-11,Completed,1.24,37
PRG0002395,STU00141,MOD00047,CRS006,2025-09-16,2025-11-01,Completed,9.49,87
PRG0002396,STU00141,MOD00081,CRS011,2026-03-17,2026-04-15,In Progress,2.25,24
PRG0002397,STU00141,MOD00082,CRS011,2026-02-25,2026-05-25,Completed,3.44,37
PRG0002398,STU00141,MOD00083,CRS011,2026-03-11,2026-02-28,Completed,8.99,63
PRG0002399,STU00141,MOD00084,CRS011,2026-03-15,2026-04-09,Completed,7.5,21
PRG0002400,STU00141,MOD00085,CRS011,2026-03-08,2026-05-15,In Progress,5.98,87
PRG0002401,STU00141,MOD00086,CRS011,2026-03-16,2026-04-07,Completed,3.39,63
PRG0002402,STU00141,MOD00087,CRS011,2026-03-19,2026-03-21,Completed,9.89,26
PRG0002403,STU00141,MOD00088,CRS011,2026-03-25,2026-05-13,In Progress,2.45,34
PRG0002404,STU00141,MOD00060,CRS008,2026-03-09,2026-05-10,Completed,6.23,51
PRG0002405,STU00141,MOD00061,CRS008,2026-02-28,2026-03-17,In Progress,2.67,83
PRG0002406,STU00141,MOD00062,CRS008,2026-03-21,2026-03-19,Completed,4.57,9
PRG0002407,STU00141,MOD00063,CRS008,2026-03-25,2026-04-20,Completed,1.53,40
PRG0002408,STU00141,MOD00064,CRS008,2026-03-19,2026-05-27,Completed,3.91,31
PRG0002409,STU00141,MOD00026,CRS004,2025-07-18,2025-07-28,In Progress,7.87,85
PRG0002410,STU00141,MOD00028,CRS004,2025-07-18,2025-08-23,Completed,7.3,79
PRG0002411,STU00141,MOD00032,CRS004,2025-07-11,2025-07-19,Completed,4.5,5
PRG0002412,STU00142,MOD00017,CRS003,2025-12-26,2026-02-15,In Progress,2.46,20
PRG0002413,STU00142,MOD00018,CRS003,2025-12-28,2025-12-19,Completed,1.53,22
PRG0002414,STU00142,MOD00019,CRS003,2025-12-19,2026-01-15,Completed,12.4,14
PRG0002415,STU00142,MOD00020,CRS003,2025-12-25,2025-12-28,In Progress,3.72,68
PRG0002416,STU00142,MOD00021,CRS003,2025-12-20,2026-01-16,In Progress,1.68,74
PRG0002417,STU00142,MOD00022,CRS003,2025-12-18,2026-01-11,Completed,1.73,39
PRG0002418,STU00142,MOD00023,CRS003,2026-01-01,2025-12-26,In Progress,4.37,5
PRG0002419,STU00142,MOD00024,CRS003,2025-12-13,2026-02-19,Not Started,13.82,63
PRG0002420,STU00142,MOD00081,CRS011,2025-11-27,2025-12-31,Completed,6.04,49
PRG0002421,STU00142,MOD00083,CRS011,2025-12-17,2026-01-11,In Progress,8.36,15
PRG0002422,STU00142,MOD00086,CRS011,2025-12-11,2025-12-14,Completed,1.49,55
PRG0002423,STU00142,MOD00088,CRS011,2025-11-26,2025-12-14,Completed,3.42,5
PRG0002424,STU00143,MOD00020,CRS003,2025-05-11,2025-06-20,Not Started,5.59,72
PRG0002425,STU00143,MOD00023,CRS003,2025-05-03,2025-07-06,Completed,5.13,52
PRG0002426,STU00143,MOD00089,CRS012,2026-02-10,2026-04-22,Completed,10.12,65
PRG0002427,STU00143,MOD00091,CRS012,2026-02-09,2026-01-26,Completed,9.31,54
PRG0002428,STU00143,MOD00092,CRS012,2026-02-15,2026-04-22,In Progress,3.47,7
PRG0002429,STU00143,MOD00093,CRS012,2026-02-21,2026-02-18,In Progress,7.74,24
PRG0002430,STU00143,MOD00094,CRS012,2026-01-29,2026-02-05,Completed,8.9,41
PRG0002431,STU00143,MOD00096,CRS012,2026-02-20,2026-04-01,In Progress,7.87,0
PRG0002432,STU00144,MOD00009,CRS002,2026-03-12,2026-04-30,In Progress,8.7,84
PRG0002433,STU00144,MOD00010,CRS002,2026-03-31,2026-05-25,Completed,6.64,68
PRG0002434,STU00144,MOD00011,CRS002,2026-03-12,2026-05-05,In Progress,9.87,29
PRG0002435,STU00144,MOD00012,CRS002,2026-03-24,2026-04-03,In Progress,5.01,49
PRG0002436,STU00144,MOD00013,CRS002,2026-04-04,2026-04-03,Completed,7.05,95
PRG0002437,STU00144,MOD00014,CRS002,2026-03-17,2026-05-28,Completed,5.1,69
PRG0002438,STU00144,MOD00016,CRS002,2026-03-31,2026-04-28,Completed,6.0,31
PRG0002439,STU00145,MOD00041,CRS006,2025-08-27,2025-08-17,Completed,2.04,19
PRG0002440,STU00145,MOD00044,CRS006,2025-08-10,2025-10-20,Completed,10.42,65
PRG0002441,STU00145,MOD00046,CRS006,2025-08-31,2025-08-27,Completed,7.6,8
PRG0002442,STU00145,MOD00047,CRS006,2025-08-13,2025-11-01,Completed,12.91,61
PRG0002443,STU00145,MOD00048,CRS006,2025-08-06,2025-10-26,Completed,4.78,92
PRG0002444,STU00145,MOD00106,CRS014,2025-05-27,2025-07-07,Completed,10.42,34
PRG0002445,STU00145,MOD00107,CRS014,2025-05-01,2025-07-18,Completed,7.67,52
PRG0002446,STU00145,MOD00108,CRS014,2025-05-28,2025-07-03,In Progress,5.93,75
PRG0002447,STU00145,MOD00109,CRS014,2025-05-26,2025-07-07,In Progress,6.14,38
PRG0002448,STU00145,MOD00110,CRS014,2025-05-14,2025-05-22,In Progress,1.23,91
PRG0002449,STU00145,MOD00112,CRS014,2025-05-11,2025-06-17,Completed,2.91,51
PRG0002450,STU00145,MOD00125,CRS016,2025-11-11,2025-11-24,Completed,2.01,72
PRG0002451,STU00145,MOD00127,CRS016,2025-11-07,2025-11-26,In Progress,7.38,80
PRG0002452,STU00145,MOD00097,CRS013,2025-06-30,2025-07-16,In Progress,9.11,77
PRG0002453,STU00145,MOD00098,CRS013,2025-06-15,2025-08-27,Completed,7.12,52
PRG0002454,STU00145,MOD00099,CRS013,2025-06-16,2025-06-16,In Progress,5.59,50
PRG0002455,STU00145,MOD00100,CRS013,2025-06-24,2025-06-08,Completed,4.87,39
PRG0002456,STU00145,MOD00101,CRS013,2025-06-22,2025-07-10,Completed,2.37,73
PRG0002457,STU00145,MOD00102,CRS013,2025-06-15,2025-06-17,Not Started,1.68,77
PRG0002458,STU00145,MOD00103,CRS013,2025-07-04,2025-07-16,Completed,2.62,36
PRG0002459,STU00145,MOD00104,CRS013,2025-06-23,2025-08-27,Completed,4.19,74
PRG0002460,STU00146,MOD00057,CRS008,2025-10-26,2025-11-21,In Progress,5.27,33
PRG0002461,STU00146,MOD00058,CRS008,2025-10-14,2025-12-31,Completed,6.12,50
PRG0002462,STU00146,MOD00060,CRS008,2025-10-19,2025-10-30,In Progress,13.33,20
PRG0002463,STU00146,MOD00061,CRS008,2025-11-13,2025-12-12,Completed,6.0,70
PRG0002464,STU00146,MOD00062,CRS008,2025-10-15,2025-10-17,In Progress,3.24,68
PRG0002465,STU00146,MOD00064,CRS008,2025-10-17,2025-11-12,Completed,11.97,73
PRG0002466,STU00146,MOD00043,CRS006,2025-07-12,2025-09-27,In Progress,4.58,79
PRG0002467,STU00146,MOD00044,CRS006,2025-07-18,2025-08-06,In Progress,11.41,13
PRG0002468,STU00146,MOD00045,CRS006,2025-07-16,2025-08-03,Completed,7.02,57
PRG0002469,STU00146,MOD00048,CRS006,2025-07-09,2025-07-09,In Progress,4.6,97
PRG0002470,STU00146,MOD00113,CRS015,2025-05-30,2025-07-18,Completed,3.85,45
PRG0002471,STU00146,MOD00115,CRS015,2025-05-10,2025-07-14,Completed,6.48,69
PRG0002472,STU00146,MOD00118,CRS015,2025-05-16,2025-07-14,Completed,9.37,92
PRG0002473,STU00146,MOD00017,CRS003,2026-02-03,2026-03-30,In Progress,1.2,80
PRG0002474,STU00146,MOD00019,CRS003,2026-02-03,2026-04-05,Completed,3.89,37
PRG0002475,STU00146,MOD00020,CRS003,2026-01-14,2026-01-23,In Progress,5.69,50
PRG0002476,STU00146,MOD00021,CRS003,2026-01-27,2026-02-19,Not Started,4.63,51
PRG0002477,STU00146,MOD00023,CRS003,2026-01-15,2026-01-11,Completed,4.94,16
PRG0002478,STU00146,MOD00024,CRS003,2026-02-04,2026-02-20,In Progress,7.11,61
PRG0002479,STU00146,MOD00011,CRS002,2025-10-01,2025-09-28,Completed,1.08,30
PRG0002480,STU00146,MOD00012,CRS002,2025-09-24,2025-11-26,In Progress,4.52,3
PRG0002481,STU00146,MOD00013,CRS002,2025-09-13,2025-11-05,Not Started,4.79,36
PRG0002482,STU00146,MOD00015,CRS002,2025-09-23,2025-10-03,In Progress,5.08,12
PRG0002483,STU00147,MOD00041,CRS006,2025-10-04,2025-09-25,Completed,2.15,17
PRG0002484,STU00147,MOD00042,CRS006,2025-10-17,2025-11-08,Completed,1.58,76
PRG0002485,STU00147,MOD00043,CRS006,2025-10-17,2025-10-26,Completed,5.28,11
PRG0002486,STU00147,MOD00045,CRS006,2025-10-16,2025-11-24,Completed,6.06,18
PRG0002487,STU00147,MOD00046,CRS006,2025-10-08,2025-11-27,Completed,9.5,68
PRG0002488,STU00147,MOD00047,CRS006,2025-10-17,2025-10-26,In Progress,7.95,91
PRG0002489,STU00147,MOD00048,CRS006,2025-10-11,2025-11-05,Completed,3.92,39
PRG0002490,STU00147,MOD00018,CRS003,2025-12-14,2025-12-28,Completed,1.4,64
PRG0002491,STU00147,MOD00021,CRS003,2025-11-19,2025-11-25,Completed,1.34,81
PRG0002492,STU00147,MOD00022,CRS003,2025-11-26,2026-02-02,Completed,6.6,39
PRG0002493,STU00147,MOD00137,CRS018,2025-11-08,2025-11-03,Completed,13.23,93
PRG0002494,STU00147,MOD00140,CRS018,2025-11-09,2025-12-14,Completed,9.13,89
PRG0002495,STU00147,MOD00143,CRS018,2025-10-24,2026-01-01,Completed,3.17,62
PRG0002496,STU00147,MOD00145,CRS019,2025-07-10,2025-07-20,Completed,2.47,100
PRG0002497,STU00147,MOD00146,CRS019,2025-07-10,2025-08-04,In Progress,4.39,76
PRG0002498,STU00147,MOD00147,CRS019,2025-07-17,2025-07-09,Completed,6.57,22
PRG0002499,STU00147,MOD00148,CRS019,2025-07-21,2025-07-13,Completed,1.35,69
PRG0002500,STU00147,MOD00149,CRS019,2025-07-04,2025-08-10,In Progress,7.09,40
PRG0002501,STU00147,MOD00150,CRS019,2025-07-14,2025-07-28,Completed,5.49,52
PRG0002502,STU00147,MOD00151,CRS019,2025-07-25,2025-08-01,Not Started,2.46,61
PRG0002503,STU00147,MOD00152,CRS019,2025-07-29,2025-09-08,Completed,2.79,13
PRG0002504,STU00148,MOD00042,CRS006,2025-09-01,2025-10-12,Completed,3.57,56
PRG0002505,STU00148,MOD00046,CRS006,2025-09-22,2025-09-02,Not Started,3.47,50
PRG0002506,STU00148,MOD00047,CRS006,2025-09-12,2025-11-06,Completed,5.7,55
PRG0002507,STU00148,MOD00048,CRS006,2025-09-21,2025-10-07,Completed,3.94,74
PRG0002508,STU00148,MOD00105,CRS014,2025-09-08,2025-09-12,Completed,3.77,61
PRG0002509,STU00148,MOD00106,CRS014,2025-09-05,2025-11-13,Not Started,10.16,87
PRG0002510,STU00148,MOD00107,CRS014,2025-09-10,2025-09-18,In Progress,6.94,52
PRG0002511,STU00148,MOD00108,CRS014,2025-09-14,2025-10-12,Completed,5.13,35
PRG0002512,STU00148,MOD00109,CRS014,2025-09-21,2025-11-11,Completed,8.14,85
PRG0002513,STU00148,MOD00110,CRS014,2025-09-19,2025-11-19,Completed,3.39,47
PRG0002514,STU00148,MOD00154,CRS020,2025-09-09,2025-09-10,Not Started,11.39,75
PRG0002515,STU00148,MOD00155,CRS020,2025-08-28,2025-09-03,Completed,7.42,93
PRG0002516,STU00148,MOD00160,CRS020,2025-08-28,2025-10-02,Completed,2.78,77
PRG0002517,STU00148,MOD00009,CRS002,2025-09-07,2025-09-04,Completed,12.58,96
PRG0002518,STU00148,MOD00010,CRS002,2025-09-02,2025-09-27,Not Started,11.14,34
PRG0002519,STU00148,MOD00011,CRS002,2025-08-30,2025-10-18,Completed,9.3,66
PRG0002520,STU00148,MOD00012,CRS002,2025-09-09,2025-09-07,Completed,6.81,81
PRG0002521,STU00148,MOD00013,CRS002,2025-09-09,2025-10-28,Completed,6.43,68
PRG0002522,STU00148,MOD00014,CRS002,2025-08-26,2025-11-06,Completed,7.41,62
PRG0002523,STU00148,MOD00015,CRS002,2025-08-26,2025-09-29,Not Started,5.21,1
PRG0002524,STU00148,MOD00016,CRS002,2025-08-24,2025-11-12,In Progress,10.53,92
PRG0002525,STU00149,MOD00067,CRS009,2025-11-27,2025-11-16,Completed,1.96,54
PRG0002526,STU00149,MOD00069,CRS009,2025-11-16,2025-12-27,Completed,8.88,40
PRG0002527,STU00149,MOD00071,CRS009,2025-11-09,2026-01-08,Not Started,1.15,85
PRG0002528,STU00149,MOD00072,CRS009,2025-11-13,2026-02-04,Completed,2.49,15
PRG0002529,STU00149,MOD00073,CRS010,2025-05-09,2025-07-16,Completed,2.62,68
PRG0002530,STU00149,MOD00074,CRS010,2025-05-20,2025-07-02,Completed,7.14,40
PRG0002531,STU00149,MOD00075,CRS010,2025-05-09,2025-06-26,Completed,1.12,67
PRG0002532,STU00149,MOD00076,CRS010,2025-05-19,2025-05-15,In Progress,7.81,5
PRG0002533,STU00149,MOD00077,CRS010,2025-05-03,2025-05-20,Completed,3.5,26
PRG0002534,STU00149,MOD00078,CRS010,2025-05-30,2025-06-15,Not Started,4.98,67
PRG0002535,STU00149,MOD00079,CRS010,2025-05-14,2025-06-23,Completed,7.16,27
PRG0002536,STU00149,MOD00080,CRS010,2025-05-18,2025-07-18,Completed,1.86,45
PRG0002537,STU00149,MOD00058,CRS008,2025-05-22,2025-05-27,In Progress,7.89,48
PRG0002538,STU00149,MOD00059,CRS008,2025-05-30,2025-07-27,Completed,2.21,14
PRG0002539,STU00149,MOD00060,CRS008,2025-05-24,2025-06-16,Completed,9.49,5
PRG0002540,STU00149,MOD00064,CRS008,2025-05-20,2025-07-13,Completed,2.98,76
PRG0002541,STU00149,MOD00026,CRS004,2025-10-14,2025-11-27,Not Started,3.8,66
PRG0002542,STU00149,MOD00027,CRS004,2025-11-08,2025-11-16,Completed,12.44,87
PRG0002543,STU00149,MOD00028,CRS004,2025-10-15,2025-10-28,In Progress,7.62,41
PRG0002544,STU00149,MOD00030,CRS004,2025-10-31,2026-01-04,Not Started,4.28,33
PRG0002545,STU00149,MOD00031,CRS004,2025-10-25,2025-10-30,Completed,5.35,69
PRG0002546,STU00149,MOD00032,CRS004,2025-10-29,2025-11-11,Completed,1.93,53
PRG0002547,STU00150,MOD00017,CRS003,2026-02-18,2026-03-29,In Progress,2.71,33
PRG0002548,STU00150,MOD00073,CRS010,2025-06-01,2025-07-24,Completed,2.69,96
PRG0002549,STU00150,MOD00076,CRS010,2025-06-30,2025-08-28,Not Started,6.41,22
PRG0002550,STU00150,MOD00077,CRS010,2025-06-24,2025-07-06,Not Started,2.78,97
PRG0002551,STU00150,MOD00078,CRS010,2025-06-10,2025-07-15,Completed,4.53,98
PRG0002552,STU00150,MOD00079,CRS010,2025-06-23,2025-07-29,Completed,7.87,58
PRG0002553,STU00150,MOD00080,CRS010,2025-06-06,2025-06-03,In Progress,2.49,70
PRG0002554,STU00150,MOD00121,CRS016,2025-06-05,2025-06-16,In Progress,11.49,34
PRG0002555,STU00150,MOD00122,CRS016,2025-06-26,2025-06-07,Completed,2.89,75
PRG0002556,STU00150,MOD00123,CRS016,2025-06-18,2025-06-11,Completed,1.41,60
PRG0002557,STU00150,MOD00124,CRS016,2025-06-25,2025-07-18,Not Started,2.45,29
PRG0002558,STU00150,MOD00125,CRS016,2025-06-11,2025-08-02,Completed,2.66,12
PRG0002559,STU00150,MOD00126,CRS016,2025-06-02,2025-08-19,Completed,8.31,44
PRG0002560,STU00150,MOD00127,CRS016,2025-06-28,2025-08-23,In Progress,10.21,23
PRG0002561,STU00150,MOD00128,CRS016,2025-06-14,2025-06-20,Completed,8.48,5
PRG0002562,STU00150,MOD00049,CRS007,2025-12-01,2025-11-26,In Progress,2.16,10
PRG0002563,STU00150,MOD00052,CRS007,2025-11-18,2025-11-22,Completed,7.06,8
PRG0002564,STU00150,MOD00053,CRS007,2025-11-26,2026-02-01,Completed,4.85,90
PRG0002565,STU00150,MOD00054,CRS007,2025-11-22,2025-12-02,Completed,1.74,99
PRG0002566,STU00150,MOD00055,CRS007,2025-11-21,2026-01-26,Completed,4.11,91
PRG0002567,STU00151,MOD00025,CRS004,2025-10-29,2025-10-28,Completed,4.46,59
PRG0002568,STU00151,MOD00026,CRS004,2025-11-01,2025-12-20,Completed,8.07,32
PRG0002569,STU00151,MOD00027,CRS004,2025-10-27,2025-12-01,Completed,3.48,10
PRG0002570,STU00151,MOD00028,CRS004,2025-11-04,2025-11-17,In Progress,2.76,1
PRG0002571,STU00151,MOD00029,CRS004,2025-11-06,2026-01-06,In Progress,3.67,53
PRG0002572,STU00151,MOD00030,CRS004,2025-10-26,2025-12-28,Completed,2.54,48
PRG0002573,STU00151,MOD00031,CRS004,2025-10-12,2026-01-06,Completed,1.33,1
PRG0002574,STU00151,MOD00032,CRS004,2025-10-21,2025-12-06,In Progress,2.1,19
PRG0002575,STU00151,MOD00073,CRS010,2025-12-09,2026-02-23,Completed,6.15,50
PRG0002576,STU00151,MOD00074,CRS010,2025-12-21,2025-12-26,Completed,4.42,52
PRG0002577,STU00151,MOD00075,CRS010,2025-12-26,2025-12-12,Completed,1.93,77
PRG0002578,STU00151,MOD00076,CRS010,2025-12-09,2025-12-21,Completed,2.3,72
PRG0002579,STU00151,MOD00077,CRS010,2025-12-08,2026-02-06,Completed,2.62,24
PRG0002580,STU00151,MOD00078,CRS010,2025-12-09,2026-03-02,Completed,1.8,13
PRG0002581,STU00151,MOD00079,CRS010,2026-01-03,2026-01-26,Completed,11.41,60
PRG0002582,STU00151,MOD00080,CRS010,2025-12-28,2026-01-27,Completed,1.65,3
PRG0002583,STU00151,MOD00097,CRS013,2025-07-21,2025-07-30,In Progress,12.09,63
PRG0002584,STU00151,MOD00098,CRS013,2025-06-29,2025-09-03,In Progress,8.72,60
PRG0002585,STU00151,MOD00100,CRS013,2025-07-03,2025-07-26,Completed,7.39,18
PRG0002586,STU00151,MOD00102,CRS013,2025-07-03,2025-07-11,Completed,1.5,82
PRG0002587,STU00151,MOD00103,CRS013,2025-06-28,2025-08-07,Completed,4.19,34
PRG0002588,STU00151,MOD00104,CRS013,2025-06-28,2025-09-18,In Progress,5.67,39
PRG0002589,STU00151,MOD00121,CRS016,2025-12-09,2026-01-25,In Progress,5.7,2
PRG0002590,STU00151,MOD00122,CRS016,2025-11-30,2026-01-18,In Progress,1.71,12
PRG0002591,STU00151,MOD00123,CRS016,2025-11-29,2026-01-25,Completed,2.3,77
PRG0002592,STU00151,MOD00124,CRS016,2025-12-18,2026-02-05,Completed,7.31,17
PRG0002593,STU00151,MOD00125,CRS016,2025-12-06,2026-02-22,Completed,2.08,14
PRG0002594,STU00151,MOD00126,CRS016,2025-11-29,2025-12-09,Completed,6.34,40
PRG0002595,STU00151,MOD00127,CRS016,2025-12-12,2026-02-08,Not Started,1.86,55
PRG0002596,STU00151,MOD00128,CRS016,2025-12-07,2026-02-23,Completed,6.76,68
PRG0002597,STU00152,MOD00089,CRS012,2026-01-25,2026-03-04,In Progress,13.72,65
PRG0002598,STU00152,MOD00090,CRS012,2026-01-12,2026-02-05,Completed,14.99,1
PRG0002599,STU00152,MOD00091,CRS012,2026-01-16,2026-02-17,Completed,1.22,95
PRG0002600,STU00152,MOD00092,CRS012,2026-02-03,2026-04-03,Completed,1.31,72
PRG0002601,STU00152,MOD00093,CRS012,2026-01-09,2026-03-12,Completed,11.58,16
PRG0002602,STU00152,MOD00094,CRS012,2026-01-17,2026-01-14,Completed,8.14,92
PRG0002603,STU00152,MOD00095,CRS012,2026-02-06,2026-02-03,Completed,5.81,80
PRG0002604,STU00152,MOD00096,CRS012,2026-01-14,2026-02-19,Not Started,4.48,34
PRG0002605,STU00152,MOD00097,CRS013,2025-07-21,2025-09-09,Not Started,1.55,20
PRG0002606,STU00152,MOD00098,CRS013,2025-07-31,2025-09-19,Completed,3.19,23
PRG0002607,STU00152,MOD00099,CRS013,2025-08-09,2025-07-15,Completed,8.98,25
PRG0002608,STU00152,MOD00100,CRS013,2025-07-28,2025-10-09,Not Started,1.96,1
PRG0002609,STU00152,MOD00101,CRS013,2025-07-23,2025-07-14,In Progress,2.52,0
PRG0002610,STU00152,MOD00102,CRS013,2025-07-13,2025-09-22,Completed,1.87,37
PRG0002611,STU00152,MOD00103,CRS013,2025-07-25,2025-09-10,Completed,1.39,0
PRG0002612,STU00152,MOD00104,CRS013,2025-07-29,2025-09-25,In Progress,5.55,11
PRG0002613,STU00153,MOD00113,CRS015,2025-06-04,2025-05-11,Completed,14.37,11
PRG0002614,STU00153,MOD00118,CRS015,2025-05-25,2025-06-05,Not Started,9.16,74
PRG0002615,STU00153,MOD00153,CRS020,2026-02-14,2026-04-13,Completed,1.06,93
PRG0002616,STU00153,MOD00154,CRS020,2026-02-09,2026-02-03,Not Started,13.13,70
PRG0002617,STU00153,MOD00155,CRS020,2026-01-31,2026-03-14,Completed,1.56,76
PRG0002618,STU00153,MOD00158,CRS020,2026-02-13,2026-02-21,Completed,2.48,12
PRG0002619,STU00153,MOD00160,CRS020,2026-02-06,2026-02-03,Not Started,5.97,10
PRG0002620,STU00153,MOD00067,CRS009,2025-08-18,2025-09-22,Completed,5.93,39
PRG0002621,STU00153,MOD00068,CRS009,2025-08-10,2025-09-04,In Progress,9.85,85
PRG0002622,STU00153,MOD00069,CRS009,2025-08-21,2025-09-06,Completed,3.27,52
PRG0002623,STU00153,MOD00070,CRS009,2025-08-24,2025-09-21,Completed,3.01,76
PRG0002624,STU00153,MOD00071,CRS009,2025-08-28,2025-09-14,In Progress,6.4,18
PRG0002625,STU00154,MOD00017,CRS003,2026-04-04,2026-04-05,Completed,5.19,2
PRG0002626,STU00154,MOD00018,CRS003,2026-04-09,2026-05-27,Not Started,3.41,19
PRG0002627,STU00154,MOD00019,CRS003,2026-04-07,2026-04-16,Completed,8.46,98
PRG0002628,STU00154,MOD00020,CRS003,2026-03-18,2026-04-07,Not Started,2.96,4
PRG0002629,STU00154,MOD00021,CRS003,2026-04-03,2026-03-27,Completed,5.48,17
PRG0002630,STU00154,MOD00022,CRS003,2026-04-12,2026-05-03,In Progress,3.41,39
PRG0002631,STU00154,MOD00023,CRS003,2026-04-16,2026-04-16,Completed,3.27,1
PRG0002632,STU00154,MOD00024,CRS003,2026-03-23,2026-06-06,Completed,11.8,17
PRG0002633,STU00155,MOD00145,CRS019,2026-01-17,2026-02-16,Completed,1.11,59
PRG0002634,STU00155,MOD00146,CRS019,2026-01-03,2026-01-04,Completed,3.65,6
PRG0002635,STU00155,MOD00147,CRS019,2026-01-13,2026-01-28,Completed,6.04,3
PRG0002636,STU00155,MOD00148,CRS019,2026-01-24,2026-01-19,Completed,2.81,72
PRG0002637,STU00155,MOD00149,CRS019,2026-01-25,2026-03-18,Completed,5.91,16
PRG0002638,STU00155,MOD00150,CRS019,2026-01-24,2026-01-30,Not Started,5.65,1
PRG0002639,STU00155,MOD00151,CRS019,2026-01-09,2026-02-21,In Progress,1.45,98
PRG0002640,STU00155,MOD00152,CRS019,2026-01-25,2026-01-30,Completed,3.54,39
PRG0002641,STU00155,MOD00057,CRS008,2026-01-24,2026-01-15,Not Started,4.35,28
PRG0002642,STU00155,MOD00058,CRS008,2026-01-05,2026-02-15,In Progress,1.2,79
PRG0002643,STU00155,MOD00059,CRS008,2026-01-03,2025-12-28,Completed,3.52,80
PRG0002644,STU00155,MOD00060,CRS008,2026-01-26,2026-02-05,Completed,2.86,30
PRG0002645,STU00155,MOD00061,CRS008,2026-01-26,2026-02-19,Completed,13.49,68
PRG0002646,STU00155,MOD00062,CRS008,2026-01-26,2026-02-06,In Progress,10.37,16
PRG0002647,STU00155,MOD00063,CRS008,2026-01-17,2026-01-20,Completed,4.45,65
PRG0002648,STU00155,MOD00064,CRS008,2026-01-09,2026-02-15,Not Started,12.65,100
PRG0002649,STU00155,MOD00009,CRS002,2025-12-31,2026-02-01,Not Started,12.95,79
PRG0002650,STU00155,MOD00097,CRS013,2026-01-10,2026-01-07,In Progress,9.09,81
PRG0002651,STU00155,MOD00098,CRS013,2025-12-27,2026-01-01,Completed,8.46,65
PRG0002652,STU00155,MOD00099,CRS013,2026-01-14,2026-02-27,Not Started,8.79,16
PRG0002653,STU00155,MOD00100,CRS013,2026-01-23,2026-01-31,In Progress,3.0,39
PRG0002654,STU00155,MOD00101,CRS013,2026-01-24,2026-02-14,Completed,2.89,19
PRG0002655,STU00155,MOD00102,CRS013,2026-01-21,2026-03-19,Completed,1.88,94
PRG0002656,STU00155,MOD00103,CRS013,2026-01-01,2026-02-11,Completed,3.75,2
PRG0002657,STU00155,MOD00104,CRS013,2026-01-17,2026-03-26,Completed,3.26,11
PRG0002658,STU00156,MOD00121,CRS016,2026-04-13,2026-06-09,Completed,3.44,70
PRG0002659,STU00156,MOD00122,CRS016,2026-03-26,2026-05-21,Completed,2.71,54
PRG0002660,STU00156,MOD00123,CRS016,2026-03-29,2026-05-05,In Progress,2.58,64
PRG0002661,STU00156,MOD00125,CRS016,2026-03-27,2026-03-31,Completed,1.55,53
PRG0002662,STU00156,MOD00126,CRS016,2026-04-03,2026-05-13,Completed,7.19,44
PRG0002663,STU00156,MOD00073,CRS010,2026-03-27,2026-05-09,Completed,5.27,35
PRG0002664,STU00156,MOD00074,CRS010,2026-04-14,2026-04-15,Completed,1.28,90
PRG0002665,STU00156,MOD00075,CRS010,2026-03-31,2026-06-09,In Progress,2.06,0
PRG0002666,STU00156,MOD00077,CRS010,2026-03-26,2026-04-04,In Progress,3.25,64
PRG0002667,STU00156,MOD00078,CRS010,2026-03-23,2026-04-17,Completed,6.0,25
PRG0002668,STU00156,MOD00079,CRS010,2026-04-05,2026-06-01,In Progress,9.72,6
PRG0002669,STU00156,MOD00080,CRS010,2026-04-16,2026-04-27,Completed,1.05,38
PRG0002670,STU00157,MOD00129,CRS017,2025-08-18,2025-08-18,Completed,4.75,63
PRG0002671,STU00157,MOD00130,CRS017,2025-08-21,2025-10-02,In Progress,7.1,5
PRG0002672,STU00157,MOD00131,CRS017,2025-08-06,2025-10-23,In Progress,2.77,19
PRG0002673,STU00157,MOD00132,CRS017,2025-09-02,2025-09-18,In Progress,4.08,96
PRG0002674,STU00157,MOD00133,CRS017,2025-08-26,2025-10-07,Completed,8.27,36
PRG0002675,STU00157,MOD00134,CRS017,2025-08-23,2025-10-02,In Progress,4.62,46
PRG0002676,STU00157,MOD00135,CRS017,2025-08-23,2025-08-19,Completed,11.54,43
PRG0002677,STU00157,MOD00136,CRS017,2025-08-19,2025-08-25,In Progress,1.18,21
PRG0002678,STU00158,MOD00148,CRS019,2026-04-14,2026-06-09,Completed,1.11,29
PRG0002679,STU00158,MOD00151,CRS019,2026-04-10,2026-06-20,In Progress,1.22,78
PRG0002680,STU00158,MOD00033,CRS005,2025-12-01,2026-02-20,Completed,10.48,81
PRG0002681,STU00158,MOD00035,CRS005,2025-12-10,2025-12-11,Completed,7.79,29
PRG0002682,STU00158,MOD00036,CRS005,2025-12-23,2026-01-18,Completed,2.01,0
PRG0002683,STU00158,MOD00037,CRS005,2025-12-04,2026-02-04,Completed,2.45,70
PRG0002684,STU00158,MOD00038,CRS005,2025-12-06,2026-01-24,In Progress,2.75,1
PRG0002685,STU00158,MOD00039,CRS005,2025-12-03,2026-02-19,In Progress,2.55,98
PRG0002686,STU00158,MOD00040,CRS005,2025-12-23,2026-01-15,Not Started,2.05,15
PRG0002687,STU00158,MOD00025,CRS004,2026-04-23,2026-06-28,In Progress,5.78,45
PRG0002688,STU00158,MOD00027,CRS004,2026-05-02,2026-06-11,Completed,12.21,87
PRG0002689,STU00158,MOD00029,CRS004,2026-04-30,2026-07-09,Completed,8.23,46
PRG0002690,STU00158,MOD00113,CRS015,2025-09-25,2025-11-14,In Progress,12.53,49
PRG0002691,STU00158,MOD00114,CRS015,2025-10-07,2025-09-24,Completed,5.0,83
PRG0002692,STU00158,MOD00116,CRS015,2025-10-17,2025-10-13,Completed,2.7,95
PRG0002693,STU00158,MOD00043,CRS006,2025-06-06,2025-07-15,Not Started,5.8,76
PRG0002694,STU00158,MOD00045,CRS006,2025-06-06,2025-07-17,In Progress,1.3,12
PRG0002695,STU00158,MOD00046,CRS006,2025-06-08,2025-07-25,Completed,5.01,91
PRG0002696,STU00158,MOD00048,CRS006,2025-06-15,2025-07-28,In Progress,2.23,85
PRG0002697,STU00159,MOD00105,CRS014,2025-05-10,2025-05-30,Completed,1.45,0
PRG0002698,STU00159,MOD00106,CRS014,2025-05-26,2025-05-16,In Progress,4.04,63
PRG0002699,STU00159,MOD00107,CRS014,2025-05-24,2025-05-20,Completed,10.02,74
PRG0002700,STU00159,MOD00108,CRS014,2025-05-27,2025-05-16,Completed,4.45,43
PRG0002701,STU00159,MOD00109,CRS014,2025-05-24,2025-05-15,Completed,8.32,57
PRG0002702,STU00159,MOD00111,CRS014,2025-05-03,2025-05-18,Completed,2.86,72
PRG0002703,STU00159,MOD00112,CRS014,2025-05-03,2025-06-13,Completed,1.31,81
PRG0002704,STU00160,MOD00155,CRS020,2026-03-02,2026-03-29,Completed,4.25,37
PRG0002705,STU00160,MOD00065,CRS009,2025-06-30,2025-07-01,Completed,3.21,3
PRG0002706,STU00160,MOD00066,CRS009,2025-06-27,2025-08-30,Completed,4.44,33
PRG0002707,STU00160,MOD00067,CRS009,2025-07-11,2025-09-03,Not Started,5.89,61
PRG0002708,STU00160,MOD00068,CRS009,2025-06-27,2025-07-24,Completed,4.5,29
PRG0002709,STU00160,MOD00069,CRS009,2025-07-20,2025-07-20,In Progress,3.82,9
PRG0002710,STU00160,MOD00070,CRS009,2025-07-12,2025-08-07,In Progress,3.35,49
PRG0002711,STU00160,MOD00071,CRS009,2025-07-14,2025-07-19,Completed,10.63,50
PRG0002712,STU00160,MOD00072,CRS009,2025-07-08,2025-07-15,In Progress,1.37,66
PRG0002713,STU00161,MOD00018,CRS003,2025-10-05,2025-10-25,Completed,2.56,48
PRG0002714,STU00161,MOD00019,CRS003,2025-09-26,2025-11-23,Not Started,11.75,90
PRG0002715,STU00161,MOD00020,CRS003,2025-10-02,2025-10-19,In Progress,5.83,51
PRG0002716,STU00161,MOD00021,CRS003,2025-10-14,2025-10-10,Completed,1.81,67
PRG0002717,STU00161,MOD00022,CRS003,2025-10-08,2025-11-22,In Progress,6.08,85
PRG0002718,STU00161,MOD00023,CRS003,2025-10-17,2025-10-26,Completed,5.68,50
PRG0002719,STU00161,MOD00024,CRS003,2025-09-29,2025-10-15,Completed,5.68,47
PRG0002720,STU00162,MOD00137,CRS018,2026-01-24,2026-01-17,Completed,1.36,67
PRG0002721,STU00162,MOD00138,CRS018,2026-02-04,2026-02-04,Completed,4.76,95
PRG0002722,STU00162,MOD00139,CRS018,2026-02-13,2026-02-27,Completed,3.25,32
PRG0002723,STU00162,MOD00140,CRS018,2026-01-26,2026-02-10,In Progress,11.33,52
PRG0002724,STU00162,MOD00141,CRS018,2026-02-08,2026-03-18,Completed,13.35,63
PRG0002725,STU00162,MOD00142,CRS018,2026-01-27,2026-02-18,Completed,10.36,75
PRG0002726,STU00162,MOD00143,CRS018,2026-01-16,2026-02-16,In Progress,4.43,18
PRG0002727,STU00162,MOD00144,CRS018,2026-01-31,2026-02-12,In Progress,3.62,16
PRG0002728,STU00162,MOD00081,CRS011,2026-02-21,2026-03-15,Completed,5.18,61
PRG0002729,STU00162,MOD00082,CRS011,2026-03-16,2026-03-02,In Progress,11.38,83
PRG0002730,STU00162,MOD00085,CRS011,2026-03-07,2026-03-06,Completed,1.37,37
PRG0002731,STU00162,MOD00086,CRS011,2026-03-20,2026-05-01,Completed,2.01,70
PRG0002732,STU00162,MOD00065,CRS009,2025-11-13,2025-11-22,In Progress,5.78,1
PRG0002733,STU00162,MOD00066,CRS009,2025-12-05,2025-12-01,Completed,9.54,95
PRG0002734,STU00162,MOD00067,CRS009,2025-12-08,2026-01-20,In Progress,1.09,34
PRG0002735,STU00162,MOD00068,CRS009,2025-11-20,2025-12-13,Completed,1.85,54
PRG0002736,STU00162,MOD00069,CRS009,2025-12-05,2025-11-18,Completed,9.39,97
PRG0002737,STU00162,MOD00070,CRS009,2025-11-14,2025-11-19,Completed,1.68,99
PRG0002738,STU00162,MOD00071,CRS009,2025-11-18,2026-02-04,Completed,1.41,74
PRG0002739,STU00162,MOD00072,CRS009,2025-11-13,2025-12-31,In Progress,1.37,35
PRG0002740,STU00162,MOD00129,CRS017,2025-11-15,2025-11-23,In Progress,3.2,72
PRG0002741,STU00162,MOD00130,CRS017,2025-11-22,2026-01-03,Not Started,11.07,0
PRG0002742,STU00162,MOD00131,CRS017,2025-12-08,2026-01-20,Completed,1.8,41
PRG0002743,STU00162,MOD00132,CRS017,2025-11-13,2025-12-23,In Progress,4.06,70
PRG0002744,STU00162,MOD00133,CRS017,2025-11-30,2026-01-25,Completed,8.56,16
PRG0002745,STU00162,MOD00134,CRS017,2025-11-13,2026-01-11,Completed,10.47,20
PRG0002746,STU00162,MOD00135,CRS017,2025-11-11,2025-12-28,Completed,8.17,38
PRG0002747,STU00162,MOD00136,CRS017,2025-11-26,2026-01-02,Completed,7.64,91
PRG0002748,STU00163,MOD00105,CRS014,2026-04-08,2026-06-18,Completed,1.86,21
PRG0002749,STU00163,MOD00106,CRS014,2026-04-05,2026-05-12,Not Started,7.47,33
PRG0002750,STU00163,MOD00107,CRS014,2026-04-16,2026-06-11,Completed,5.98,0
PRG0002751,STU00163,MOD00108,CRS014,2026-04-13,2026-05-22,Completed,1.04,95
PRG0002752,STU00163,MOD00109,CRS014,2026-04-07,2026-05-19,In Progress,1.21,5
PRG0002753,STU00163,MOD00110,CRS014,2026-04-17,2026-04-10,Completed,12.79,21
PRG0002754,STU00163,MOD00111,CRS014,2026-04-01,2026-04-20,In Progress,5.52,99
PRG0002755,STU00163,MOD00112,CRS014,2026-04-05,2026-04-27,In Progress,1.56,69
PRG0002756,STU00163,MOD00025,CRS004,2026-03-20,2026-06-02,Completed,12.23,44
PRG0002757,STU00163,MOD00026,CRS004,2026-03-26,2026-04-15,Completed,10.1,31
PRG0002758,STU00163,MOD00027,CRS004,2026-03-20,2026-04-08,In Progress,13.68,42
PRG0002759,STU00163,MOD00028,CRS004,2026-03-20,2026-04-03,In Progress,7.93,43
PRG0002760,STU00163,MOD00029,CRS004,2026-04-13,2026-06-15,In Progress,3.83,51
PRG0002761,STU00163,MOD00030,CRS004,2026-04-14,2026-05-29,In Progress,3.28,100
PRG0002762,STU00163,MOD00031,CRS004,2026-03-25,2026-04-20,Completed,2.05,31
PRG0002763,STU00163,MOD00032,CRS004,2026-03-24,2026-06-03,Completed,1.05,68
PRG0002764,STU00163,MOD00035,CRS005,2026-02-27,2026-03-31,Completed,13.24,76
PRG0002765,STU00163,MOD00038,CRS005,2026-02-15,2026-04-13,Completed,1.26,58
PRG0002766,STU00163,MOD00039,CRS005,2026-02-19,2026-03-16,Completed,8.25,49
PRG0002767,STU00163,MOD00040,CRS005,2026-03-04,2026-03-15,In Progress,4.68,57
PRG0002768,STU00163,MOD00130,CRS017,2025-05-08,2025-05-28,Completed,1.84,29
PRG0002769,STU00163,MOD00131,CRS017,2025-05-15,2025-06-03,In Progress,1.26,54
PRG0002770,STU00163,MOD00133,CRS017,2025-05-14,2025-05-24,In Progress,7.36,51
PRG0002771,STU00163,MOD00134,CRS017,2025-05-07,2025-05-23,In Progress,10.79,54
PRG0002772,STU00163,MOD00135,CRS017,2025-05-29,2025-06-03,Completed,7.28,20
PRG0002773,STU00164,MOD00074,CRS010,2025-12-27,2026-01-27,Completed,2.58,13
PRG0002774,STU00164,MOD00075,CRS010,2026-01-14,2026-01-22,In Progress,1.71,40
PRG0002775,STU00164,MOD00076,CRS010,2025-12-29,2026-01-10,Completed,7.08,38
PRG0002776,STU00164,MOD00077,CRS010,2026-01-18,2025-12-30,Completed,2.55,75
PRG0002777,STU00164,MOD00079,CRS010,2026-01-06,2026-03-11,Not Started,6.24,94
PRG0002778,STU00164,MOD00080,CRS010,2025-12-27,2026-01-12,Not Started,2.76,30
PRG0002779,STU00165,MOD00105,CRS014,2026-02-12,2026-04-26,In Progress,2.61,69
PRG0002780,STU00165,MOD00106,CRS014,2026-02-22,2026-02-28,In Progress,11.66,38
PRG0002781,STU00165,MOD00107,CRS014,2026-02-19,2026-04-09,Completed,6.42,48
PRG0002782,STU00165,MOD00108,CRS014,2026-02-10,2026-03-03,In Progress,11.61,75
PRG0002783,STU00165,MOD00109,CRS014,2026-02-21,2026-04-01,Completed,4.4,79
PRG0002784,STU00165,MOD00110,CRS014,2026-02-09,2026-03-20,Completed,8.6,37
PRG0002785,STU00165,MOD00111,CRS014,2026-02-12,2026-02-12,In Progress,2.67,64
PRG0002786,STU00165,MOD00112,CRS014,2026-02-15,2026-04-13,Completed,2.66,69
PRG0002787,STU00165,MOD00065,CRS009,2026-02-28,2026-03-18,In Progress,4.55,61
PRG0002788,STU00165,MOD00066,CRS009,2026-03-01,2026-02-27,Completed,5.83,50
PRG0002789,STU00165,MOD00067,CRS009,2026-02-25,2026-04-20,In Progress,3.36,27
PRG0002790,STU00165,MOD00068,CRS009,2026-02-24,2026-03-17,In Progress,1.88,74
PRG0002791,STU00165,MOD00069,CRS009,2026-02-21,2026-02-25,Completed,9.26,1
PRG0002792,STU00165,MOD00070,CRS009,2026-02-21,2026-02-28,Completed,3.79,81
PRG0002793,STU00165,MOD00071,CRS009,2026-02-28,2026-03-15,Completed,7.91,24
PRG0002794,STU00165,MOD00072,CRS009,2026-02-12,2026-02-28,In Progress,1.18,21
PRG0002795,STU00165,MOD00097,CRS013,2026-02-11,2026-03-12,Completed,8.98,22
PRG0002796,STU00165,MOD00098,CRS013,2026-03-01,2026-02-06,In Progress,6.24,50
PRG0002797,STU00165,MOD00099,CRS013,2026-02-26,2026-04-02,Completed,4.28,0
PRG0002798,STU00165,MOD00100,CRS013,2026-03-02,2026-03-20,In Progress,1.34,74
PRG0002799,STU00165,MOD00101,CRS013,2026-02-10,2026-02-28,Completed,2.67,82
PRG0002800,STU00165,MOD00102,CRS013,2026-02-26,2026-03-06,In Progress,1.17,97
PRG0002801,STU00165,MOD00103,CRS013,2026-02-11,2026-03-08,Completed,1.7,79
PRG0002802,STU00165,MOD00104,CRS013,2026-02-09,2026-03-15,In Progress,1.75,75
PRG0002803,STU00166,MOD00067,CRS009,2025-06-29,2025-09-05,Completed,4.16,4
PRG0002804,STU00166,MOD00068,CRS009,2025-07-07,2025-08-20,Completed,8.54,53
PRG0002805,STU00166,MOD00070,CRS009,2025-07-12,2025-07-16,Completed,1.76,67
PRG0002806,STU00166,MOD00072,CRS009,2025-06-29,2025-09-11,Completed,1.93,25
PRG0002807,STU00166,MOD00097,CRS013,2025-10-29,2025-12-23,In Progress,10.23,28
PRG0002808,STU00166,MOD00098,CRS013,2025-11-02,2025-11-22,In Progress,1.92,82
PRG0002809,STU00166,MOD00099,CRS013,2025-11-15,2025-11-30,Completed,1.75,55
PRG0002810,STU00166,MOD00100,CRS013,2025-11-26,2025-11-22,In Progress,3.53,35
PRG0002811,STU00166,MOD00101,CRS013,2025-11-05,2025-11-11,Not Started,1.39,22
PRG0002812,STU00166,MOD00102,CRS013,2025-11-17,2025-12-16,Completed,2.67,53
PRG0002813,STU00166,MOD00103,CRS013,2025-11-20,2025-11-01,Completed,3.42,32
PRG0002814,STU00166,MOD00104,CRS013,2025-11-01,2026-01-15,Not Started,7.55,54
PRG0002815,STU00167,MOD00009,CRS002,2025-07-24,2025-08-10,Completed,7.88,2
PRG0002816,STU00167,MOD00012,CRS002,2025-07-16,2025-09-08,Completed,3.4,23
PRG0002817,STU00167,MOD00013,CRS002,2025-07-02,2025-08-03,Completed,6.57,34
PRG0002818,STU00167,MOD00014,CRS002,2025-06-29,2025-08-30,Completed,2.75,54
PRG0002819,STU00167,MOD00015,CRS002,2025-07-22,2025-07-23,Completed,5.86,32
PRG0002820,STU00167,MOD00016,CRS002,2025-07-21,2025-06-29,Completed,10.62,98
PRG0002821,STU00167,MOD00097,CRS013,2025-11-14,2025-11-20,Completed,11.65,53
PRG0002822,STU00167,MOD00098,CRS013,2025-10-23,2025-11-27,In Progress,2.38,66
PRG0002823,STU00167,MOD00099,CRS013,2025-11-13,2025-11-26,Completed,1.1,0
PRG0002824,STU00167,MOD00100,CRS013,2025-10-29,2025-12-26,In Progress,5.07,40
PRG0002825,STU00167,MOD00101,CRS013,2025-11-21,2025-11-26,Completed,1.78,35
PRG0002826,STU00167,MOD00102,CRS013,2025-11-15,2026-01-06,In Progress,3.92,4
PRG0002827,STU00167,MOD00103,CRS013,2025-10-29,2025-12-23,Completed,1.92,54
PRG0002828,STU00167,MOD00104,CRS013,2025-11-06,2026-01-13,In Progress,6.9,37
PRG0002829,STU00167,MOD00083,CRS011,2025-07-23,2025-09-14,Completed,7.91,10
PRG0002830,STU00167,MOD00057,CRS008,2025-10-21,2025-10-24,In Progress,4.1,29
PRG0002831,STU00167,MOD00058,CRS008,2025-11-05,2025-10-16,Completed,3.38,88
PRG0002832,STU00167,MOD00059,CRS008,2025-10-18,2025-12-13,In Progress,3.0,7
PRG0002833,STU00167,MOD00060,CRS008,2025-10-22,2026-01-05,Completed,11.54,1
PRG0002834,STU00167,MOD00062,CRS008,2025-10-08,2026-01-05,Completed,11.52,71
PRG0002835,STU00167,MOD00063,CRS008,2025-10-16,2025-11-07,Completed,3.64,54
PRG0002836,STU00167,MOD00064,CRS008,2025-11-04,2025-10-12,Completed,4.1,34
PRG0002837,STU00168,MOD00074,CRS010,2026-01-06,2026-02-26,Completed,5.18,27
PRG0002838,STU00168,MOD00075,CRS010,2026-01-18,2026-03-08,In Progress,2.78,15
PRG0002839,STU00168,MOD00077,CRS010,2026-01-29,2026-01-30,Completed,4.11,60
PRG0002840,STU00168,MOD00157,CRS020,2025-06-28,2025-07-17,In Progress,8.68,5
PRG0002841,STU00168,MOD00065,CRS009,2026-01-15,2026-01-16,In Progress,4.47,64
PRG0002842,STU00168,MOD00066,CRS009,2026-01-06,2025-12-29,In Progress,3.99,81
PRG0002843,STU00168,MOD00067,CRS009,2025-12-25,2026-03-21,In Progress,4.71,17
PRG0002844,STU00168,MOD00068,CRS009,2026-01-16,2026-02-22,Completed,8.13,71
PRG0002845,STU00168,MOD00069,CRS009,2026-01-16,2026-01-04,Completed,4.81,92
PRG0002846,STU00168,MOD00070,CRS009,2026-01-07,2026-02-14,Completed,3.94,97
PRG0002847,STU00168,MOD00071,CRS009,2026-01-18,2026-01-15,Completed,13.03,1
PRG0002848,STU00168,MOD00072,CRS009,2026-01-24,2026-03-10,Completed,2.53,65
PRG0002849,STU00169,MOD00033,CRS005,2025-05-08,2025-06-28,Not Started,7.13,71
PRG0002850,STU00169,MOD00034,CRS005,2025-05-12,2025-06-01,Not Started,7.16,98
PRG0002851,STU00169,MOD00039,CRS005,2025-05-03,2025-05-30,In Progress,2.37,75
PRG0002852,STU00169,MOD00040,CRS005,2025-04-20,2025-05-17,In Progress,4.84,87
PRG0002853,STU00169,MOD00073,CRS010,2025-11-20,2025-11-25,In Progress,2.54,41
PRG0002854,STU00169,MOD00074,CRS010,2025-12-03,2026-01-29,In Progress,2.07,45
PRG0002855,STU00169,MOD00075,CRS010,2025-12-02,2026-01-06,Completed,2.99,76
PRG0002856,STU00169,MOD00076,CRS010,2025-12-02,2025-12-27,In Progress,5.17,0
PRG0002857,STU00169,MOD00077,CRS010,2025-12-02,2026-01-20,Completed,4.5,29
PRG0002858,STU00169,MOD00078,CRS010,2025-11-29,2025-12-19,In Progress,2.23,6
PRG0002859,STU00169,MOD00079,CRS010,2025-12-08,2026-02-10,In Progress,11.37,59
PRG0002860,STU00169,MOD00080,CRS010,2025-11-16,2026-01-06,Completed,4.01,0
PRG0002861,STU00170,MOD00065,CRS009,2026-01-01,2026-01-16,In Progress,4.39,43
PRG0002862,STU00170,MOD00067,CRS009,2026-01-08,2025-12-19,Completed,5.23,32
PRG0002863,STU00170,MOD00071,CRS009,2026-01-08,2026-03-06,Completed,5.11,25
PRG0002864,STU00170,MOD00105,CRS014,2025-04-30,2025-07-15,Not Started,3.06,38
PRG0002865,STU00170,MOD00106,CRS014,2025-05-27,2025-05-06,Completed,6.64,69
PRG0002866,STU00170,MOD00107,CRS014,2025-05-19,2025-05-08,Completed,5.42,67
PRG0002867,STU00170,MOD00108,CRS014,2025-05-29,2025-06-22,Completed,10.12,98
PRG0002868,STU00170,MOD00109,CRS014,2025-05-08,2025-07-06,Completed,9.99,84
PRG0002869,STU00170,MOD00111,CRS014,2025-05-15,2025-07-03,In Progress,5.83,72
PRG0002870,STU00170,MOD00112,CRS014,2025-05-19,2025-06-28,In Progress,1.18,53
PRG0002871,STU00170,MOD00019,CRS003,2025-07-04,2025-08-04,In Progress,3.14,60
PRG0002872,STU00170,MOD00021,CRS003,2025-07-02,2025-06-20,Completed,6.46,30
PRG0002873,STU00171,MOD00129,CRS017,2025-08-24,2025-09-18,Completed,5.51,33
PRG0002874,STU00171,MOD00130,CRS017,2025-08-01,2025-09-06,In Progress,5.2,83
PRG0002875,STU00171,MOD00131,CRS017,2025-08-03,2025-09-07,Not Started,2.36,62
PRG0002876,STU00171,MOD00132,CRS017,2025-07-28,2025-08-18,Completed,4.73,84
PRG0002877,STU00171,MOD00133,CRS017,2025-07-30,2025-09-03,Completed,11.96,27
PRG0002878,STU00171,MOD00134,CRS017,2025-07-26,2025-10-09,Completed,11.19,28
PRG0002879,STU00171,MOD00135,CRS017,2025-08-02,2025-07-28,Completed,11.0,72
PRG0002880,STU00171,MOD00136,CRS017,2025-08-21,2025-08-03,Completed,4.01,97
PRG0002881,STU00171,MOD00089,CRS012,2026-02-20,2026-03-06,Completed,5.46,97
PRG0002882,STU00171,MOD00091,CRS012,2026-02-07,2026-03-14,Completed,8.26,32
PRG0002883,STU00171,MOD00092,CRS012,2026-01-29,2026-04-27,Completed,2.54,47
PRG0002884,STU00171,MOD00094,CRS012,2026-01-27,2026-02-28,In Progress,11.34,34
PRG0002885,STU00171,MOD00009,CRS002,2025-11-29,2026-01-11,In Progress,8.12,63
PRG0002886,STU00171,MOD00010,CRS002,2025-12-07,2026-01-01,Not Started,6.0,19
PRG0002887,STU00171,MOD00011,CRS002,2025-12-26,2025-12-13,Completed,1.37,51
PRG0002888,STU00171,MOD00012,CRS002,2025-12-15,2026-02-14,Not Started,4.26,74
PRG0002889,STU00171,MOD00013,CRS002,2025-12-07,2026-02-09,Completed,11.21,85
PRG0002890,STU00171,MOD00014,CRS002,2025-11-30,2025-12-03,Not Started,2.21,67
PRG0002891,STU00171,MOD00015,CRS002,2025-12-01,2026-01-18,Completed,2.61,49
PRG0002892,STU00171,MOD00016,CRS002,2025-11-28,2026-01-24,Not Started,7.26,52
PRG0002893,STU00171,MOD00153,CRS020,2025-05-31,2025-06-17,Completed,7.4,76
PRG0002894,STU00171,MOD00154,CRS020,2025-05-07,2025-07-18,Not Started,9.44,93
PRG0002895,STU00171,MOD00155,CRS020,2025-05-09,2025-06-14,In Progress,9.08,51
PRG0002896,STU00171,MOD00156,CRS020,2025-05-17,2025-07-06,Completed,2.78,99
PRG0002897,STU00171,MOD00157,CRS020,2025-05-12,2025-05-19,Completed,5.99,6
PRG0002898,STU00171,MOD00158,CRS020,2025-05-30,2025-06-05,In Progress,11.16,12
PRG0002899,STU00171,MOD00159,CRS020,2025-05-22,2025-07-10,In Progress,13.2,76
PRG0002900,STU00171,MOD00160,CRS020,2025-05-07,2025-06-24,Completed,1.04,8
PRG0002901,STU00172,MOD00145,CRS019,2026-04-27,2026-07-05,Completed,2.4,78
PRG0002902,STU00172,MOD00152,CRS019,2026-04-15,2026-06-18,Completed,2.05,2
PRG0002903,STU00172,MOD00003,CRS001,2026-04-26,2026-06-15,Completed,1.32,78
PRG0002904,STU00172,MOD00007,CRS001,2026-04-11,2026-07-01,Not Started,2.08,1
PRG0002905,STU00172,MOD00008,CRS001,2026-04-28,2026-06-29,Completed,8.26,29
PRG0002906,STU00172,MOD00041,CRS006,2026-04-13,2026-04-10,Completed,7.78,54
PRG0002907,STU00172,MOD00042,CRS006,2026-05-06,2026-04-20,In Progress,1.91,79
PRG0002908,STU00172,MOD00043,CRS006,2026-05-05,2026-06-18,Not Started,6.38,69
PRG0002909,STU00172,MOD00044,CRS006,2026-05-02,2026-04-11,In Progress,13.0,51
PRG0002910,STU00172,MOD00045,CRS006,2026-05-04,2026-04-07,Completed,5.28,31
PRG0002911,STU00172,MOD00046,CRS006,2026-04-06,2026-06-03,In Progress,5.5,67
PRG0002912,STU00172,MOD00047,CRS006,2026-04-16,2026-06-07,Completed,10.56,93
PRG0002913,STU00172,MOD00048,CRS006,2026-04-30,2026-05-14,In Progress,1.03,31
PRG0002914,STU00172,MOD00049,CRS007,2026-04-14,2026-04-22,In Progress,2.59,9
PRG0002915,STU00172,MOD00054,CRS007,2026-04-07,2026-06-09,Completed,1.39,21
PRG0002916,STU00172,MOD00055,CRS007,2026-04-17,2026-04-14,Completed,1.43,73
PRG0002917,STU00172,MOD00129,CRS017,2026-04-07,2026-04-25,In Progress,5.17,95
PRG0002918,STU00172,MOD00130,CRS017,2026-04-25,2026-04-16,Completed,6.67,24
PRG0002919,STU00172,MOD00131,CRS017,2026-04-07,2026-05-01,Completed,1.37,37
PRG0002920,STU00172,MOD00132,CRS017,2026-04-15,2026-05-12,In Progress,2.43,77
PRG0002921,STU00172,MOD00133,CRS017,2026-04-14,2026-06-09,Completed,6.55,68
PRG0002922,STU00172,MOD00134,CRS017,2026-04-10,2026-05-05,Completed,1.72,0
PRG0002923,STU00172,MOD00135,CRS017,2026-04-21,2026-05-29,Completed,9.55,77
PRG0002924,STU00172,MOD00136,CRS017,2026-04-21,2026-06-26,Completed,8.35,71
PRG0002925,STU00173,MOD00090,CRS012,2026-01-02,2026-01-11,Not Started,3.33,68
PRG0002926,STU00173,MOD00091,CRS012,2025-12-13,2026-01-15,Completed,2.83,32
PRG0002927,STU00173,MOD00092,CRS012,2026-01-06,2025-12-21,Completed,2.24,0
PRG0002928,STU00173,MOD00093,CRS012,2025-12-28,2025-12-22,In Progress,11.1,41
PRG0002929,STU00173,MOD00095,CRS012,2025-12-19,2026-03-01,Completed,2.83,77
PRG0002930,STU00173,MOD00096,CRS012,2026-01-09,2026-01-31,Completed,7.15,60
PRG0002931,STU00173,MOD00129,CRS017,2025-05-14,2025-05-22,In Progress,4.94,69
PRG0002932,STU00173,MOD00130,CRS017,2025-04-22,2025-06-29,Completed,3.3,48
PRG0002933,STU00173,MOD00131,CRS017,2025-04-25,2025-04-26,Completed,1.74,69
PRG0002934,STU00173,MOD00132,CRS017,2025-05-11,2025-05-26,In Progress,4.47,2
PRG0002935,STU00173,MOD00133,CRS017,2025-05-07,2025-06-29,Completed,5.9,20
PRG0002936,STU00173,MOD00134,CRS017,2025-04-30,2025-05-02,Not Started,5.2,88
PRG0002937,STU00173,MOD00135,CRS017,2025-05-09,2025-05-17,In Progress,8.95,43
PRG0002938,STU00173,MOD00136,CRS017,2025-04-24,2025-05-16,Completed,2.52,59
PRG0002939,STU00174,MOD00089,CRS012,2026-03-24,2026-02-28,Completed,8.1,6
PRG0002940,STU00174,MOD00090,CRS012,2026-03-23,2026-04-22,Completed,8.08,77
PRG0002941,STU00174,MOD00091,CRS012,2026-02-26,2026-05-13,Completed,10.3,91
PRG0002942,STU00174,MOD00092,CRS012,2026-03-19,2026-05-15,Completed,3.94,88
PRG0002943,STU00174,MOD00093,CRS012,2026-03-06,2026-03-26,Completed,3.5,18
PRG0002944,STU00174,MOD00094,CRS012,2026-03-09,2026-03-10,Completed,7.71,70
PRG0002945,STU00174,MOD00095,CRS012,2026-02-26,2026-04-10,Completed,3.0,23
PRG0002946,STU00174,MOD00096,CRS012,2026-02-28,2026-05-13,In Progress,1.4,58
PRG0002947,STU00174,MOD00121,CRS016,2025-12-12,2025-12-26,Completed,3.82,60
PRG0002948,STU00174,MOD00122,CRS016,2025-12-22,2026-02-07,Not Started,1.73,35
PRG0002949,STU00174,MOD00123,CRS016,2025-12-30,2026-03-07,Not Started,1.11,68
PRG0002950,STU00174,MOD00124,CRS016,2025-12-28,2025-12-25,Not Started,6.82,10
PRG0002951,STU00174,MOD00125,CRS016,2025-12-09,2026-01-14,Completed,1.15,79
PRG0002952,STU00174,MOD00126,CRS016,2025-12-30,2026-01-08,Completed,4.37,62
PRG0002953,STU00175,MOD00146,CRS019,2025-12-20,2026-02-10,Completed,1.02,29
PRG0002954,STU00175,MOD00148,CRS019,2025-12-10,2025-12-08,In Progress,1.6,16
PRG0002955,STU00175,MOD00149,CRS019,2025-12-24,2026-02-08,Not Started,1.08,49
PRG0002956,STU00175,MOD00151,CRS019,2025-12-27,2025-12-05,Completed,1.08,50
PRG0002957,STU00175,MOD00152,CRS019,2025-12-24,2025-11-30,Completed,1.45,67
PRG0002958,STU00175,MOD00137,CRS018,2025-12-18,2026-01-22,Completed,1.11,69
PRG0002959,STU00175,MOD00139,CRS018,2025-12-04,2026-02-12,Completed,1.59,21
PRG0002960,STU00175,MOD00140,CRS018,2025-12-21,2025-12-29,In Progress,3.0,17
PRG0002961,STU00175,MOD00141,CRS018,2025-12-06,2026-01-11,Completed,3.8,58
PRG0002962,STU00175,MOD00089,CRS012,2026-05-03,2026-04-21,Completed,12.54,50
PRG0002963,STU00175,MOD00090,CRS012,2026-04-25,2026-06-14,Completed,2.86,59
PRG0002964,STU00175,MOD00091,CRS012,2026-05-02,2026-06-09,Not Started,7.29,32
PRG0002965,STU00175,MOD00092,CRS012,2026-04-26,2026-06-21,Not Started,1.15,36
PRG0002966,STU00175,MOD00093,CRS012,2026-05-06,2026-06-23,Completed,4.57,42
PRG0002967,STU00175,MOD00094,CRS012,2026-04-08,2026-04-22,Completed,8.88,15
PRG0002968,STU00175,MOD00095,CRS012,2026-04-25,2026-05-26,Completed,2.75,27
PRG0002969,STU00175,MOD00096,CRS012,2026-05-02,2026-05-13,In Progress,5.98,51
PRG0002970,STU00175,MOD00153,CRS020,2025-12-03,2026-02-13,In Progress,3.41,15
PRG0002971,STU00175,MOD00154,CRS020,2025-12-13,2025-12-05,Completed,6.7,1
PRG0002972,STU00175,MOD00155,CRS020,2025-12-23,2026-01-20,Completed,5.62,17
PRG0002973,STU00175,MOD00156,CRS020,2025-12-11,2025-12-02,Completed,3.82,81
PRG0002974,STU00175,MOD00157,CRS020,2025-12-11,2026-01-19,Completed,2.87,8
PRG0002975,STU00175,MOD00158,CRS020,2025-12-09,2025-12-02,Completed,12.94,87
PRG0002976,STU00175,MOD00159,CRS020,2025-12-12,2025-12-28,In Progress,8.94,11
PRG0002977,STU00175,MOD00160,CRS020,2025-12-23,2025-12-11,Completed,1.51,67
PRG0002978,STU00176,MOD00001,CRS001,2025-08-11,2025-08-30,Completed,1.83,31
PRG0002979,STU00176,MOD00003,CRS001,2025-08-25,2025-09-10,Completed,4.57,33
PRG0002980,STU00176,MOD00005,CRS001,2025-08-10,2025-11-03,In Progress,10.72,59
PRG0002981,STU00176,MOD00007,CRS001,2025-08-21,2025-08-23,Completed,6.88,97
PRG0002982,STU00176,MOD00097,CRS013,2026-03-15,2026-05-05,Completed,14.5,38
PRG0002983,STU00176,MOD00098,CRS013,2026-03-09,2026-05-11,Completed,3.64,15
PRG0002984,STU00176,MOD00099,CRS013,2026-03-03,2026-04-08,In Progress,4.96,80
PRG0002985,STU00176,MOD00100,CRS013,2026-03-11,2026-04-17,Completed,1.04,87
PRG0002986,STU00176,MOD00101,CRS013,2026-03-21,2026-03-21,Not Started,2.99,88
PRG0002987,STU00176,MOD00102,CRS013,2026-03-12,2026-03-09,Completed,1.86,0
PRG0002988,STU00176,MOD00103,CRS013,2026-02-28,2026-05-09,Completed,1.09,46
PRG0002989,STU00176,MOD00104,CRS013,2026-03-04,2026-03-25,Completed,7.54,88
PRG0002990,STU00176,MOD00010,CRS002,2025-11-15,2025-11-12,Completed,13.48,51
PRG0002991,STU00176,MOD00011,CRS002,2025-10-26,2025-11-18,In Progress,9.75,41
PRG0002992,STU00176,MOD00012,CRS002,2025-10-30,2025-12-15,Not Started,8.17,58
PRG0002993,STU00176,MOD00013,CRS002,2025-11-21,2026-01-09,In Progress,4.23,56
PRG0002994,STU00176,MOD00015,CRS002,2025-11-23,2025-11-15,Completed,7.69,43
PRG0002995,STU00177,MOD00057,CRS008,2025-11-10,2025-11-08,Completed,3.01,0
PRG0002996,STU00177,MOD00058,CRS008,2025-11-24,2025-11-30,Completed,7.39,66
PRG0002997,STU00177,MOD00059,CRS008,2025-11-09,2025-12-03,Not Started,2.73,9
PRG0002998,STU00177,MOD00063,CRS008,2025-11-26,2026-01-06,Completed,2.12,10
PRG0002999,STU00177,MOD00049,CRS007,2025-11-15,2025-11-22,In Progress,1.29,56
PRG0003000,STU00177,MOD00050,CRS007,2025-11-23,2026-02-02,In Progress,1.87,70
PRG0003001,STU00177,MOD00051,CRS007,2025-11-08,2025-11-09,Completed,6.41,100
PRG0003002,STU00177,MOD00052,CRS007,2025-11-12,2025-12-03,In Progress,2.47,97
PRG0003003,STU00177,MOD00053,CRS007,2025-11-25,2025-11-25,Not Started,4.2,59
PRG0003004,STU00177,MOD00054,CRS007,2025-11-11,2025-11-15,Completed,2.45,89
PRG0003005,STU00177,MOD00055,CRS007,2025-12-05,2025-12-26,Completed,2.49,61
PRG0003006,STU00177,MOD00056,CRS007,2025-11-30,2026-01-01,Completed,7.98,6
PRG0003007,STU00178,MOD00001,CRS001,2026-04-20,2026-03-31,Completed,4.45,79
PRG0003008,STU00178,MOD00002,CRS001,2026-04-04,2026-04-13,In Progress,1.17,4
PRG0003009,STU00178,MOD00003,CRS001,2026-04-20,2026-05-04,In Progress,2.26,63
PRG0003010,STU00178,MOD00004,CRS001,2026-04-16,2026-06-17,In Progress,6.92,97
PRG0003011,STU00178,MOD00005,CRS001,2026-03-31,2026-05-20,Completed,2.93,72
PRG0003012,STU00178,MOD00006,CRS001,2026-04-21,2026-05-21,In Progress,1.13,5
PRG0003013,STU00178,MOD00007,CRS001,2026-04-07,2026-04-20,In Progress,6.3,45
PRG0003014,STU00178,MOD00008,CRS001,2026-04-20,2026-05-17,In Progress,12.14,52
PRG0003015,STU00179,MOD00041,CRS006,2026-04-02,2026-04-23,Completed,7.8,75
PRG0003016,STU00179,MOD00042,CRS006,2026-04-04,2026-04-16,Not Started,3.45,73
PRG0003017,STU00179,MOD00043,CRS006,2026-04-11,2026-06-01,In Progress,5.6,76
PRG0003018,STU00179,MOD00045,CRS006,2026-04-17,2026-05-23,Completed,4.83,79
PRG0003019,STU00179,MOD00048,CRS006,2026-03-28,2026-06-04,In Progress,4.31,18
PRG0003020,STU00179,MOD00001,CRS001,2025-05-15,2025-06-16,Completed,2.4,95
PRG0003021,STU00179,MOD00002,CRS001,2025-05-09,2025-05-24,In Progress,1.2,12
PRG0003022,STU00179,MOD00003,CRS001,2025-05-08,2025-07-05,In Progress,9.36,83
PRG0003023,STU00179,MOD00004,CRS001,2025-05-18,2025-05-05,Completed,4.6,43
PRG0003024,STU00179,MOD00005,CRS001,2025-04-21,2025-04-22,In Progress,3.55,57
PRG0003025,STU00179,MOD00006,CRS001,2025-05-13,2025-05-12,Completed,2.83,75
PRG0003026,STU00179,MOD00007,CRS001,2025-05-13,2025-05-30,Not Started,3.4,81
PRG0003027,STU00179,MOD00008,CRS001,2025-05-03,2025-06-20,In Progress,10.75,8
PRG0003028,STU00180,MOD00068,CRS009,2025-07-27,2025-09-19,In Progress,8.14,7
PRG0003029,STU00180,MOD00069,CRS009,2025-07-30,2025-08-20,Completed,5.96,49
PRG0003030,STU00180,MOD00072,CRS009,2025-08-05,2025-08-15,Completed,1.74,39
PRG0003031,STU00180,MOD00105,CRS014,2025-11-11,2026-01-09,Completed,5.35,34
PRG0003032,STU00180,MOD00106,CRS014,2025-11-17,2026-01-19,Completed,5.71,56
PRG0003033,STU00180,MOD00107,CRS014,2025-11-11,2025-12-13,Completed,8.46,30
PRG0003034,STU00180,MOD00108,CRS014,2025-11-20,2026-01-12,In Progress,7.23,25
PRG0003035,STU00180,MOD00109,CRS014,2025-10-27,2025-10-31,In Progress,1.56,18
PRG0003036,STU00180,MOD00110,CRS014,2025-11-05,2025-12-15,Completed,2.39,41
PRG0003037,STU00180,MOD00111,CRS014,2025-11-03,2025-12-21,In Progress,3.03,35
PRG0003038,STU00180,MOD00112,CRS014,2025-11-14,2025-12-30,Not Started,1.64,96
PRG0003039,STU00180,MOD00098,CRS013,2025-09-13,2025-09-06,Completed,4.45,0
PRG0003040,STU00180,MOD00099,CRS013,2025-08-26,2025-10-21,Completed,5.17,53
PRG0003041,STU00180,MOD00102,CRS013,2025-08-15,2025-09-29,Completed,2.34,32
PRG0003042,STU00180,MOD00103,CRS013,2025-08-18,2025-09-06,In Progress,4.02,33
PRG0003043,STU00180,MOD00104,CRS013,2025-08-30,2025-10-29,In Progress,8.46,0
PRG0003044,STU00181,MOD00130,CRS017,2025-09-20,2025-10-27,Not Started,11.98,2
PRG0003045,STU00181,MOD00132,CRS017,2025-09-14,2025-11-04,In Progress,4.65,57
PRG0003046,STU00181,MOD00133,CRS017,2025-09-11,2025-10-27,Completed,12.02,38
PRG0003047,STU00181,MOD00135,CRS017,2025-10-03,2025-10-02,Completed,5.52,22
PRG0003048,STU00181,MOD00136,CRS017,2025-09-26,2025-10-17,In Progress,5.32,94
PRG0003049,STU00181,MOD00097,CRS013,2025-09-05,2025-09-22,In Progress,3.98,85
PRG0003050,STU00181,MOD00101,CRS013,2025-09-05,2025-10-17,Completed,2.74,73
PRG0003051,STU00181,MOD00103,CRS013,2025-08-25,2025-09-30,Not Started,2.94,14
PRG0003052,STU00181,MOD00104,CRS013,2025-08-29,2025-11-04,Completed,1.11,40
PRG0003053,STU00181,MOD00025,CRS004,2025-08-29,2025-10-06,In Progress,7.15,65
PRG0003054,STU00181,MOD00027,CRS004,2025-08-28,2025-10-21,In Progress,14.35,73
PRG0003055,STU00181,MOD00028,CRS004,2025-08-18,2025-10-01,Completed,6.97,70
PRG0003056,STU00181,MOD00029,CRS004,2025-09-08,2025-10-13,Completed,9.97,32
PRG0003057,STU00181,MOD00030,CRS004,2025-09-07,2025-08-24,In Progress,8.76,45
PRG0003058,STU00182,MOD00137,CRS018,2025-11-16,2026-01-12,Completed,12.78,2
PRG0003059,STU00182,MOD00138,CRS018,2025-12-03,2025-12-16,Completed,2.48,72
PRG0003060,STU00182,MOD00139,CRS018,2025-11-27,2026-01-04,Completed,3.66,58
PRG0003061,STU00182,MOD00140,CRS018,2025-11-17,2025-11-21,In Progress,1.93,54
PRG0003062,STU00182,MOD00141,CRS018,2025-12-05,2026-02-02,Completed,3.23,0
PRG0003063,STU00182,MOD00142,CRS018,2025-11-30,2025-11-23,In Progress,4.52,82
PRG0003064,STU00182,MOD00143,CRS018,2025-11-18,2026-02-04,Completed,7.09,13
PRG0003065,STU00182,MOD00144,CRS018,2025-11-11,2025-12-08,In Progress,1.77,54
PRG0003066,STU00182,MOD00073,CRS010,2025-12-18,2026-01-14,In Progress,3.45,79
PRG0003067,STU00182,MOD00074,CRS010,2025-12-03,2026-01-26,Completed,5.57,66
PRG0003068,STU00182,MOD00075,CRS010,2025-12-25,2026-01-24,Completed,1.0,51
PRG0003069,STU00182,MOD00076,CRS010,2025-12-16,2025-12-26,In Progress,7.1,87
PRG0003070,STU00182,MOD00077,CRS010,2025-11-30,2026-02-04,Not Started,3.79,11
PRG0003071,STU00182,MOD00078,CRS010,2025-12-14,2025-12-18,Completed,1.73,48
PRG0003072,STU00182,MOD00079,CRS010,2025-12-24,2026-01-11,Completed,6.8,70
PRG0003073,STU00182,MOD00080,CRS010,2025-11-28,2026-01-21,Not Started,1.82,58
PRG0003074,STU00182,MOD00145,CRS019,2025-11-21,2025-11-22,Completed,2.76,74
PRG0003075,STU00182,MOD00146,CRS019,2025-11-10,2025-11-28,Completed,5.42,73
PRG0003076,STU00182,MOD00147,CRS019,2025-11-28,2025-12-31,Completed,4.0,91
PRG0003077,STU00182,MOD00148,CRS019,2025-11-26,2026-01-03,Completed,2.78,35
PRG0003078,STU00182,MOD00151,CRS019,2025-11-28,2025-12-10,Completed,2.58,53
PRG0003079,STU00182,MOD00152,CRS019,2025-11-16,2025-12-02,Completed,1.27,69
PRG0003080,STU00183,MOD00081,CRS011,2026-04-28,2026-04-13,In Progress,5.87,59
PRG0003081,STU00183,MOD00082,CRS011,2026-04-18,2026-06-21,Completed,7.18,7
PRG0003082,STU00183,MOD00083,CRS011,2026-04-16,2026-05-25,Completed,6.78,91
PRG0003083,STU00183,MOD00084,CRS011,2026-04-12,2026-05-29,In Progress,3.94,33
PRG0003084,STU00183,MOD00085,CRS011,2026-04-21,2026-05-30,Completed,1.15,19
PRG0003085,STU00183,MOD00086,CRS011,2026-04-28,2026-06-08,Completed,1.53,75
PRG0003086,STU00183,MOD00087,CRS011,2026-04-10,2026-05-01,Completed,9.84,85
PRG0003087,STU00183,MOD00088,CRS011,2026-04-27,2026-05-20,In Progress,2.92,69
PRG0003088,STU00183,MOD00071,CRS009,2025-11-07,2025-11-01,In Progress,1.33,62
PRG0003089,STU00183,MOD00072,CRS009,2025-10-26,2025-12-03,In Progress,2.7,76
PRG0003090,STU00183,MOD00145,CRS019,2026-02-08,2026-02-12,Completed,1.46,61
PRG0003091,STU00183,MOD00146,CRS019,2026-02-23,2026-04-18,Completed,4.6,29
PRG0003092,STU00183,MOD00147,CRS019,2026-03-05,2026-04-12,In Progress,10.34,84
PRG0003093,STU00183,MOD00148,CRS019,2026-03-05,2026-04-05,Not Started,1.49,40
PRG0003094,STU00183,MOD00149,CRS019,2026-02-20,2026-03-19,Completed,9.6,66
PRG0003095,STU00183,MOD00150,CRS019,2026-03-04,2026-03-06,Not Started,2.24,45
PRG0003096,STU00183,MOD00151,CRS019,2026-02-05,2026-04-09,Completed,2.48,98
PRG0003097,STU00183,MOD00152,CRS019,2026-03-02,2026-05-01,In Progress,1.76,41
PRG0003098,STU00184,MOD00033,CRS005,2025-12-19,2025-12-05,In Progress,10.6,56
PRG0003099,STU00184,MOD00034,CRS005,2025-11-30,2026-01-14,Completed,1.75,61
PRG0003100,STU00184,MOD00035,CRS005,2025-12-20,2025-12-28,Completed,10.95,35
PRG0003101,STU00184,MOD00036,CRS005,2025-12-08,2026-01-16,Not Started,6.11,13
PRG0003102,STU00184,MOD00037,CRS005,2025-12-08,2025-12-08,Completed,1.97,6
PRG0003103,STU00184,MOD00038,CRS005,2025-12-21,2025-12-13,In Progress,4.28,82
PRG0003104,STU00184,MOD00039,CRS005,2025-12-26,2025-12-06,Completed,5.29,56
PRG0003105,STU00184,MOD00040,CRS005,2025-12-19,2026-01-19,In Progress,6.05,77
PRG0003106,STU00184,MOD00129,CRS017,2026-03-21,2026-04-27,In Progress,3.25,57
PRG0003107,STU00185,MOD00101,CRS013,2026-03-29,2026-04-04,In Progress,1.85,54
PRG0003108,STU00185,MOD00104,CRS013,2026-03-11,2026-03-23,In Progress,4.84,97
PRG0003109,STU00185,MOD00083,CRS011,2026-03-08,2026-04-11,Completed,7.71,20
PRG0003110,STU00185,MOD00086,CRS011,2026-02-20,2026-03-08,Completed,2.38,71
PRG0003111,STU00185,MOD00088,CRS011,2026-02-07,2026-02-24,Completed,1.31,71
PRG0003112,STU00185,MOD00033,CRS005,2025-05-16,2025-07-18,Completed,3.05,29
PRG0003113,STU00185,MOD00034,CRS005,2025-05-03,2025-05-06,Completed,8.94,47
PRG0003114,STU00185,MOD00035,CRS005,2025-05-05,2025-07-14,In Progress,8.53,74
PRG0003115,STU00185,MOD00036,CRS005,2025-05-06,2025-04-28,Not Started,9.65,38
PRG0003116,STU00185,MOD00037,CRS005,2025-05-06,2025-06-24,In Progress,1.78,93
PRG0003117,STU00185,MOD00038,CRS005,2025-05-17,2025-07-14,Completed,2.91,83
PRG0003118,STU00185,MOD00039,CRS005,2025-05-14,2025-06-26,Completed,8.46,78
PRG0003119,STU00185,MOD00040,CRS005,2025-04-26,2025-06-20,Completed,1.09,20
PRG0003120,STU00185,MOD00001,CRS001,2025-11-24,2025-11-16,Completed,7.07,82
PRG0003121,STU00185,MOD00002,CRS001,2025-11-12,2025-11-16,Completed,2.53,35
PRG0003122,STU00185,MOD00003,CRS001,2025-11-15,2026-02-01,In Progress,7.7,32
PRG0003123,STU00185,MOD00004,CRS001,2025-11-09,2026-01-31,Completed,6.62,3
PRG0003124,STU00185,MOD00005,CRS001,2025-11-07,2026-01-18,In Progress,13.03,68
PRG0003125,STU00185,MOD00006,CRS001,2025-11-24,2026-01-24,Not Started,10.23,98
PRG0003126,STU00185,MOD00008,CRS001,2025-11-16,2026-01-24,Completed,14.06,3
PRG0003127,STU00185,MOD00122,CRS016,2025-08-20,2025-08-18,Completed,2.78,53
PRG0003128,STU00185,MOD00123,CRS016,2025-08-08,2025-08-10,Completed,1.76,53
PRG0003129,STU00185,MOD00124,CRS016,2025-08-24,2025-08-04,Completed,7.48,95
PRG0003130,STU00185,MOD00125,CRS016,2025-08-01,2025-08-30,Completed,2.9,4
PRG0003131,STU00185,MOD00126,CRS016,2025-08-21,2025-08-11,Completed,6.59,28
PRG0003132,STU00185,MOD00127,CRS016,2025-08-12,2025-10-03,Completed,9.55,26
PRG0003133,STU00186,MOD00049,CRS007,2025-06-25,2025-07-07,In Progress,3.44,79
PRG0003134,STU00186,MOD00050,CRS007,2025-06-11,2025-08-08,In Progress,8.68,41
PRG0003135,STU00186,MOD00051,CRS007,2025-06-17,2025-07-14,In Progress,1.78,37
PRG0003136,STU00186,MOD00052,CRS007,2025-06-13,2025-07-06,Completed,7.87,8
PRG0003137,STU00186,MOD00053,CRS007,2025-07-05,2025-07-29,Not Started,3.82,39
PRG0003138,STU00186,MOD00054,CRS007,2025-07-03,2025-07-27,In Progress,1.22,49
PRG0003139,STU00186,MOD00055,CRS007,2025-07-02,2025-06-25,Completed,1.33,74
PRG0003140,STU00186,MOD00056,CRS007,2025-06-19,2025-08-30,Completed,8.65,42
PRG0003141,STU00186,MOD00087,CRS011,2026-03-27,2026-03-14,Completed,13.98,70
PRG0003142,STU00186,MOD00058,CRS008,2025-12-12,2026-01-06,In Progress,7.25,34
PRG0003143,STU00186,MOD00061,CRS008,2025-12-27,2026-01-31,Completed,3.26,68
PRG0003144,STU00186,MOD00062,CRS008,2025-12-10,2026-01-18,Completed,4.02,29
PRG0003145,STU00186,MOD00063,CRS008,2026-01-08,2026-01-26,Completed,3.56,89
PRG0003146,STU00186,MOD00064,CRS008,2025-12-31,2026-02-10,Completed,11.37,19
PRG0003147,STU00186,MOD00121,CRS016,2025-06-07,2025-07-31,Completed,7.46,75
PRG0003148,STU00186,MOD00123,CRS016,2025-05-20,2025-08-13,Completed,1.03,41
PRG0003149,STU00186,MOD00091,CRS012,2025-09-03,2025-11-29,Completed,10.17,10
PRG0003150,STU00186,MOD00092,CRS012,2025-09-18,2025-09-11,Completed,4.28,32
PRG0003151,STU00186,MOD00093,CRS012,2025-09-15,2025-11-08,Completed,8.89,1
PRG0003152,STU00187,MOD00125,CRS016,2026-04-24,2026-05-29,In Progress,1.81,70
PRG0003153,STU00187,MOD00127,CRS016,2026-04-27,2026-05-25,In Progress,7.24,31
PRG0003154,STU00188,MOD00137,CRS018,2025-12-05,2025-12-28,Completed,11.4,1
PRG0003155,STU00188,MOD00138,CRS018,2025-11-25,2025-12-18,Completed,2.2,64
PRG0003156,STU00188,MOD00139,CRS018,2025-12-04,2026-02-15,In Progress,2.68,89
PRG0003157,STU00188,MOD00140,CRS018,2025-12-04,2025-12-12,Completed,11.37,12
PRG0003158,STU00188,MOD00141,CRS018,2025-11-28,2025-11-28,Completed,7.73,13
PRG0003159,STU00188,MOD00142,CRS018,2025-12-02,2026-01-04,In Progress,7.23,2
PRG0003160,STU00188,MOD00143,CRS018,2025-12-21,2026-01-15,Completed,2.62,94
PRG0003161,STU00188,MOD00144,CRS018,2025-11-28,2025-12-12,In Progress,1.97,4
PRG0003162,STU00188,MOD00041,CRS006,2025-12-16,2025-12-15,Completed,3.47,47
PRG0003163,STU00188,MOD00042,CRS006,2025-12-18,2025-12-02,Completed,3.32,78
PRG0003164,STU00188,MOD00043,CRS006,2025-12-25,2025-12-08,Completed,2.35,68
PRG0003165,STU00188,MOD00044,CRS006,2025-12-05,2026-02-10,Completed,4.19,22
PRG0003166,STU00188,MOD00045,CRS006,2025-12-14,2026-01-16,Not Started,1.76,27
PRG0003167,STU00188,MOD00046,CRS006,2025-12-21,2026-02-13,Completed,10.16,52
PRG0003168,STU00188,MOD00047,CRS006,2025-12-08,2025-12-15,Completed,3.32,51
PRG0003169,STU00188,MOD00048,CRS006,2025-12-23,2026-01-06,In Progress,3.14,0
PRG0003170,STU00188,MOD00083,CRS011,2025-11-19,2025-11-21,In Progress,6.54,45
PRG0003171,STU00188,MOD00084,CRS011,2025-12-08,2026-01-12,In Progress,7.63,31
PRG0003172,STU00188,MOD00085,CRS011,2025-12-02,2026-01-24,In Progress,3.34,79
PRG0003173,STU00188,MOD00087,CRS011,2025-11-26,2025-11-26,Completed,3.49,49
PRG0003174,STU00189,MOD00107,CRS014,2025-07-25,2025-08-29,Not Started,5.07,31
PRG0003175,STU00189,MOD00109,CRS014,2025-07-29,2025-09-02,Completed,2.0,60
PRG0003176,STU00189,MOD00111,CRS014,2025-07-17,2025-08-31,In Progress,4.49,20
PRG0003177,STU00189,MOD00112,CRS014,2025-07-24,2025-08-14,Not Started,1.79,92
PRG0003178,STU00189,MOD00081,CRS011,2025-06-14,2025-08-19,Completed,5.48,52
PRG0003179,STU00189,MOD00082,CRS011,2025-06-28,2025-08-21,Completed,5.24,31
PRG0003180,STU00189,MOD00083,CRS011,2025-06-14,2025-07-28,Completed,6.63,38
PRG0003181,STU00189,MOD00084,CRS011,2025-06-23,2025-06-19,Completed,7.41,82
PRG0003182,STU00189,MOD00086,CRS011,2025-06-14,2025-08-28,Completed,1.79,34
PRG0003183,STU00189,MOD00087,CRS011,2025-06-29,2025-07-15,Completed,5.6,95
PRG0003184,STU00189,MOD00088,CRS011,2025-06-29,2025-08-21,Completed,3.75,50
PRG0003185,STU00189,MOD00089,CRS012,2026-04-22,2026-06-04,Completed,4.31,77
PRG0003186,STU00189,MOD00093,CRS012,2026-04-07,2026-05-20,In Progress,9.42,64
PRG0003187,STU00189,MOD00094,CRS012,2026-04-16,2026-06-09,In Progress,9.68,11
PRG0003188,STU00189,MOD00095,CRS012,2026-04-04,2026-06-07,In Progress,3.37,48
PRG0003189,STU00189,MOD00096,CRS012,2026-04-26,2026-04-26,In Progress,10.67,12
PRG0003190,STU00190,MOD00013,CRS002,2026-04-22,2026-04-12,Completed,4.44,26
PRG0003191,STU00190,MOD00014,CRS002,2026-03-28,2026-05-01,Completed,2.28,98
PRG0003192,STU00190,MOD00145,CRS019,2026-04-04,2026-06-16,Completed,1.5,74
PRG0003193,STU00190,MOD00146,CRS019,2026-04-14,2026-04-16,Completed,5.57,44
PRG0003194,STU00190,MOD00147,CRS019,2026-03-31,2026-04-19,Completed,6.06,95
PRG0003195,STU00190,MOD00148,CRS019,2026-04-21,2026-06-09,In Progress,1.6,27
PRG0003196,STU00190,MOD00149,CRS019,2026-04-12,2026-04-28,Completed,10.31,85
PRG0003197,STU00190,MOD00150,CRS019,2026-04-14,2026-05-17,In Progress,3.49,37
PRG0003198,STU00190,MOD00151,CRS019,2026-03-27,2026-06-13,Completed,2.98,3
PRG0003199,STU00190,MOD00152,CRS019,2026-04-22,2026-06-04,Completed,2.15,76
PRG0003200,STU00190,MOD00017,CRS003,2026-04-06,2026-04-08,Completed,6.1,73
PRG0003201,STU00190,MOD00018,CRS003,2026-04-06,2026-04-26,Completed,1.95,74
PRG0003202,STU00190,MOD00019,CRS003,2026-04-18,2026-04-05,Completed,3.9,34
PRG0003203,STU00190,MOD00121,CRS016,2026-04-19,2026-04-07,Completed,11.32,69
PRG0003204,STU00190,MOD00122,CRS016,2026-04-02,2026-04-06,In Progress,2.91,55
PRG0003205,STU00190,MOD00123,CRS016,2026-03-31,2026-03-30,Completed,1.5,69
PRG0003206,STU00190,MOD00124,CRS016,2026-04-06,2026-03-27,Not Started,4.76,90
PRG0003207,STU00190,MOD00125,CRS016,2026-04-15,2026-04-05,In Progress,1.1,39
PRG0003208,STU00190,MOD00126,CRS016,2026-04-23,2026-04-15,In Progress,1.31,67
PRG0003209,STU00190,MOD00127,CRS016,2026-04-22,2026-05-18,In Progress,9.8,51
PRG0003210,STU00191,MOD00105,CRS014,2026-03-23,2026-06-09,In Progress,2.23,18
PRG0003211,STU00191,MOD00106,CRS014,2026-04-17,2026-04-16,Completed,10.85,42
PRG0003212,STU00191,MOD00107,CRS014,2026-03-29,2026-04-10,Not Started,3.3,25
PRG0003213,STU00191,MOD00108,CRS014,2026-03-22,2026-06-19,Completed,14.78,12
PRG0003214,STU00191,MOD00109,CRS014,2026-04-20,2026-06-05,Completed,9.75,48
PRG0003215,STU00191,MOD00110,CRS014,2026-03-31,2026-05-22,Completed,10.83,11
PRG0003216,STU00191,MOD00111,CRS014,2026-03-24,2026-04-17,In Progress,4.91,12
PRG0003217,STU00191,MOD00112,CRS014,2026-03-30,2026-03-24,Not Started,1.61,59
PRG0003218,STU00191,MOD00009,CRS002,2026-04-19,2026-05-27,Completed,9.19,37
PRG0003219,STU00191,MOD00010,CRS002,2026-03-25,2026-05-29,Completed,8.9,40
PRG0003220,STU00191,MOD00011,CRS002,2026-04-05,2026-06-19,Completed,9.83,27
PRG0003221,STU00191,MOD00013,CRS002,2026-04-06,2026-05-08,Completed,4.68,54
PRG0003222,STU00191,MOD00014,CRS002,2026-03-23,2026-04-21,Completed,7.27,4
PRG0003223,STU00191,MOD00016,CRS002,2026-04-09,2026-04-05,In Progress,5.17,100
PRG0003224,STU00191,MOD00033,CRS005,2026-03-30,2026-04-12,Completed,2.9,44
PRG0003225,STU00191,MOD00034,CRS005,2026-03-22,2026-03-31,In Progress,1.66,42
PRG0003226,STU00191,MOD00035,CRS005,2026-03-22,2026-05-13,Completed,7.07,84
PRG0003227,STU00191,MOD00036,CRS005,2026-03-23,2026-05-13,Completed,8.73,43
PRG0003228,STU00191,MOD00037,CRS005,2026-03-31,2026-04-13,In Progress,1.99,39
PRG0003229,STU00191,MOD00038,CRS005,2026-03-21,2026-04-08,In Progress,1.99,92
PRG0003230,STU00191,MOD00039,CRS005,2026-04-19,2026-05-20,Completed,5.78,78
PRG0003231,STU00191,MOD00040,CRS005,2026-04-06,2026-05-06,Completed,4.93,64
PRG0003232,STU00192,MOD00113,CRS015,2026-03-28,2026-05-14,Completed,1.82,47
PRG0003233,STU00192,MOD00114,CRS015,2026-03-18,2026-05-27,In Progress,5.76,44
PRG0003234,STU00192,MOD00115,CRS015,2026-03-27,2026-04-19,Completed,5.55,64
PRG0003235,STU00192,MOD00116,CRS015,2026-03-02,2026-03-22,Completed,6.8,58
PRG0003236,STU00192,MOD00117,CRS015,2026-03-10,2026-03-16,In Progress,2.27,46
PRG0003237,STU00192,MOD00118,CRS015,2026-03-10,2026-02-28,Completed,8.3,10
PRG0003238,STU00192,MOD00119,CRS015,2026-03-18,2026-04-03,Completed,2.45,48
PRG0003239,STU00192,MOD00120,CRS015,2026-03-28,2026-04-21,In Progress,1.91,100
PRG0003240,STU00192,MOD00033,CRS005,2026-03-12,2026-03-12,In Progress,1.04,81
PRG0003241,STU00192,MOD00034,CRS005,2026-03-11,2026-04-20,Completed,1.47,34
PRG0003242,STU00192,MOD00035,CRS005,2026-03-23,2026-03-11,Completed,8.51,0
PRG0003243,STU00192,MOD00036,CRS005,2026-03-03,2026-03-23,Completed,2.06,44
PRG0003244,STU00192,MOD00037,CRS005,2026-03-19,2026-03-19,Completed,1.29,18
PRG0003245,STU00192,MOD00038,CRS005,2026-03-15,2026-03-18,Completed,2.88,60
PRG0003246,STU00192,MOD00039,CRS005,2026-03-02,2026-05-05,Completed,9.0,75
PRG0003247,STU00192,MOD00040,CRS005,2026-02-27,2026-02-27,Completed,1.25,96
PRG0003248,STU00192,MOD00081,CRS011,2026-03-23,2026-03-13,Completed,6.78,13
PRG0003249,STU00192,MOD00084,CRS011,2026-02-26,2026-04-08,Completed,14.54,56
PRG0003250,STU00192,MOD00086,CRS011,2026-03-18,2026-05-05,Completed,4.23,0
PRG0003251,STU00192,MOD00088,CRS011,2026-03-01,2026-05-19,In Progress,3.33,62
PRG0003252,STU00192,MOD00041,CRS006,2026-02-27,2026-05-14,In Progress,8.34,3
PRG0003253,STU00192,MOD00042,CRS006,2026-03-15,2026-03-01,In Progress,1.08,38
PRG0003254,STU00192,MOD00043,CRS006,2026-03-07,2026-04-10,Completed,1.5,42
PRG0003255,STU00192,MOD00044,CRS006,2026-03-02,2026-05-03,In Progress,2.34,83
PRG0003256,STU00192,MOD00045,CRS006,2026-03-13,2026-05-09,Completed,3.95,93
PRG0003257,STU00192,MOD00046,CRS006,2026-03-02,2026-05-08,Completed,1.94,65
PRG0003258,STU00192,MOD00047,CRS006,2026-03-27,2026-05-16,Completed,5.82,96
PRG0003259,STU00192,MOD00048,CRS006,2026-03-27,2026-05-09,In Progress,5.84,86
PRG0003260,STU00192,MOD00017,CRS003,2026-03-16,2026-03-13,In Progress,1.63,84
PRG0003261,STU00192,MOD00018,CRS003,2026-03-26,2026-04-24,Completed,4.21,30
PRG0003262,STU00192,MOD00019,CRS003,2026-03-10,2026-05-14,Completed,4.99,42
PRG0003263,STU00192,MOD00020,CRS003,2026-03-28,2026-04-12,Not Started,4.92,75
PRG0003264,STU00192,MOD00021,CRS003,2026-03-20,2026-03-01,Completed,2.81,73
PRG0003265,STU00192,MOD00022,CRS003,2026-02-26,2026-04-21,In Progress,6.37,81
PRG0003266,STU00192,MOD00023,CRS003,2026-03-07,2026-04-13,In Progress,3.6,69
PRG0003267,STU00192,MOD00024,CRS003,2026-03-10,2026-03-07,In Progress,6.44,53
PRG0003268,STU00193,MOD00049,CRS007,2026-04-20,2026-06-10,In Progress,2.86,5
PRG0003269,STU00193,MOD00050,CRS007,2026-04-23,2026-05-02,Completed,2.17,28
PRG0003270,STU00193,MOD00051,CRS007,2026-04-30,2026-04-22,Completed,6.84,7
PRG0003271,STU00193,MOD00052,CRS007,2026-04-20,2026-07-04,Completed,3.24,61
PRG0003272,STU00193,MOD00053,CRS007,2026-05-02,2026-07-01,Completed,4.98,50
PRG0003273,STU00193,MOD00054,CRS007,2026-04-22,2026-06-11,In Progress,2.0,23
PRG0003274,STU00193,MOD00055,CRS007,2026-05-11,2026-04-15,Completed,4.38,30
PRG0003275,STU00193,MOD00056,CRS007,2026-05-11,2026-05-16,Completed,4.77,0
PRG0003276,STU00193,MOD00041,CRS006,2026-04-14,2026-04-17,Completed,2.76,14
PRG0003277,STU00193,MOD00042,CRS006,2026-04-16,2026-05-08,Not Started,2.39,13
PRG0003278,STU00193,MOD00043,CRS006,2026-04-16,2026-05-17,Completed,6.5,74
PRG0003279,STU00193,MOD00044,CRS006,2026-04-18,2026-04-29,In Progress,8.88,48
PRG0003280,STU00193,MOD00045,CRS006,2026-04-14,2026-04-28,Completed,1.4,97
PRG0003281,STU00193,MOD00046,CRS006,2026-04-27,2026-04-25,In Progress,4.72,76
PRG0003282,STU00193,MOD00047,CRS006,2026-04-11,2026-05-05,In Progress,5.03,68
PRG0003283,STU00193,MOD00048,CRS006,2026-04-10,2026-06-13,Completed,1.23,2
PRG0003284,STU00193,MOD00145,CRS019,2025-06-19,2025-07-27,Completed,4.09,79
PRG0003285,STU00193,MOD00146,CRS019,2025-06-20,2025-06-27,Completed,2.92,20
PRG0003286,STU00193,MOD00147,CRS019,2025-07-02,2025-06-23,Completed,1.96,59
PRG0003287,STU00193,MOD00148,CRS019,2025-06-30,2025-06-29,Not Started,1.72,30
PRG0003288,STU00193,MOD00149,CRS019,2025-07-04,2025-07-28,Completed,3.94,0
PRG0003289,STU00193,MOD00150,CRS019,2025-06-10,2025-07-22,In Progress,7.31,15
PRG0003290,STU00193,MOD00151,CRS019,2025-06-24,2025-06-27,Completed,1.6,99
PRG0003291,STU00194,MOD00105,CRS014,2026-03-22,2026-05-14,Completed,3.93,13
PRG0003292,STU00194,MOD00108,CRS014,2026-04-09,2026-04-19,Completed,7.82,77
PRG0003293,STU00194,MOD00109,CRS014,2026-03-22,2026-06-12,Completed,7.73,82
PRG0003294,STU00194,MOD00110,CRS014,2026-03-24,2026-05-09,Completed,12.78,48
PRG0003295,STU00194,MOD00153,CRS020,2026-04-07,2026-05-02,Completed,4.9,0
PRG0003296,STU00194,MOD00155,CRS020,2026-04-03,2026-04-03,Completed,4.14,99
PRG0003297,STU00194,MOD00156,CRS020,2026-04-09,2026-04-12,Completed,3.23,49
PRG0003298,STU00194,MOD00157,CRS020,2026-03-29,2026-05-14,Not Started,6.08,9
PRG0003299,STU00194,MOD00158,CRS020,2026-03-27,2026-04-22,Completed,4.6,31
PRG0003300,STU00194,MOD00159,CRS020,2026-04-09,2026-03-31,In Progress,12.81,45
PRG0003301,STU00194,MOD00160,CRS020,2026-04-03,2026-06-13,Not Started,9.74,85
PRG0003302,STU00194,MOD00097,CRS013,2025-08-21,2025-10-02,Completed,5.82,84
PRG0003303,STU00194,MOD00098,CRS013,2025-09-05,2025-10-01,Completed,1.21,73
PRG0003304,STU00194,MOD00099,CRS013,2025-08-10,2025-11-06,In Progress,4.81,7
PRG0003305,STU00194,MOD00100,CRS013,2025-08-10,2025-10-27,Completed,1.86,8
PRG0003306,STU00194,MOD00102,CRS013,2025-08-28,2025-10-18,In Progress,2.55,49
PRG0003307,STU00194,MOD00104,CRS013,2025-08-21,2025-09-04,Completed,2.08,25
PRG0003308,STU00194,MOD00145,CRS019,2025-11-14,2026-01-17,Completed,4.04,48
PRG0003309,STU00194,MOD00147,CRS019,2025-11-12,2026-01-25,Completed,5.55,63
PRG0003310,STU00194,MOD00148,CRS019,2025-11-12,2025-11-23,In Progress,1.39,5
PRG0003311,STU00194,MOD00149,CRS019,2025-11-26,2025-12-05,Completed,5.71,31
PRG0003312,STU00194,MOD00150,CRS019,2025-11-20,2026-01-15,Not Started,1.97,31
PRG0003313,STU00194,MOD00151,CRS019,2025-11-05,2025-11-30,Completed,1.87,76
PRG0003314,STU00194,MOD00152,CRS019,2025-11-19,2025-12-22,Completed,1.73,61
PRG0003315,STU00194,MOD00121,CRS016,2026-04-04,2026-04-10,Completed,7.92,87
PRG0003316,STU00194,MOD00122,CRS016,2026-04-06,2026-06-08,Completed,2.97,26
PRG0003317,STU00194,MOD00124,CRS016,2026-03-30,2026-04-09,In Progress,5.34,3
PRG0003318,STU00194,MOD00127,CRS016,2026-04-09,2026-05-17,Completed,5.1,28
PRG0003319,STU00195,MOD00129,CRS017,2025-08-20,2025-08-14,Completed,5.97,40
PRG0003320,STU00195,MOD00130,CRS017,2025-08-02,2025-08-27,Completed,10.18,86
PRG0003321,STU00195,MOD00131,CRS017,2025-08-24,2025-09-14,In Progress,2.95,33
PRG0003322,STU00195,MOD00132,CRS017,2025-08-11,2025-09-02,Completed,1.8,35
PRG0003323,STU00195,MOD00133,CRS017,2025-08-13,2025-09-01,In Progress,11.38,2
PRG0003324,STU00195,MOD00134,CRS017,2025-08-15,2025-08-13,Completed,11.54,74
PRG0003325,STU00195,MOD00135,CRS017,2025-08-13,2025-09-18,Completed,6.87,42
PRG0003326,STU00195,MOD00136,CRS017,2025-07-30,2025-10-21,Completed,4.37,16
PRG0003327,STU00195,MOD00049,CRS007,2025-09-05,2025-10-01,In Progress,1.9,29
PRG0003328,STU00195,MOD00050,CRS007,2025-08-30,2025-08-11,In Progress,8.3,27
PRG0003329,STU00195,MOD00051,CRS007,2025-09-05,2025-09-12,In Progress,1.47,73
PRG0003330,STU00195,MOD00052,CRS007,2025-08-21,2025-11-01,Completed,1.03,18
PRG0003331,STU00195,MOD00053,CRS007,2025-08-17,2025-10-11,Completed,7.4,88
PRG0003332,STU00195,MOD00054,CRS007,2025-08-30,2025-11-02,In Progress,1.01,44
PRG0003333,STU00195,MOD00055,CRS007,2025-08-31,2025-10-20,Completed,5.39,47
PRG0003334,STU00195,MOD00056,CRS007,2025-08-24,2025-09-15,In Progress,1.65,3
PRG0003335,STU00195,MOD00003,CRS001,2026-03-15,2026-05-12,In Progress,9.99,18
PRG0003336,STU00195,MOD00005,CRS001,2026-03-21,2026-03-21,In Progress,13.97,89
PRG0003337,STU00195,MOD00007,CRS001,2026-03-23,2026-04-21,Completed,7.13,56
PRG0003338,STU00195,MOD00008,CRS001,2026-03-07,2026-04-23,In Progress,10.39,100
PRG0003339,STU00196,MOD00073,CRS010,2026-01-11,2026-01-06,Completed,7.42,19
PRG0003340,STU00196,MOD00074,CRS010,2026-02-04,2026-01-12,In Progress,7.84,66
PRG0003341,STU00196,MOD00075,CRS010,2026-02-03,2026-02-09,Completed,2.63,98
PRG0003342,STU00196,MOD00077,CRS010,2026-01-11,2026-02-02,Completed,2.58,73
PRG0003343,STU00196,MOD00078,CRS010,2026-02-04,2026-03-12,Completed,5.89,69
PRG0003344,STU00196,MOD00079,CRS010,2026-01-20,2026-03-28,Completed,3.9,1
PRG0003345,STU00196,MOD00080,CRS010,2026-01-25,2026-04-02,Completed,4.21,55
PRG0003346,STU00196,MOD00033,CRS005,2026-02-07,2026-02-06,Completed,13.32,53
PRG0003347,STU00196,MOD00034,CRS005,2026-02-10,2026-01-26,Completed,2.5,33
PRG0003348,STU00196,MOD00035,CRS005,2026-02-12,2026-01-31,Not Started,14.03,47
PRG0003349,STU00196,MOD00036,CRS005,2026-02-08,2026-01-20,Completed,9.54,37
PRG0003350,STU00196,MOD00037,CRS005,2026-02-03,2026-03-05,In Progress,2.06,88
PRG0003351,STU00196,MOD00038,CRS005,2026-02-08,2026-01-27,Completed,1.17,67
PRG0003352,STU00196,MOD00039,CRS005,2026-02-06,2026-04-11,In Progress,6.88,36
PRG0003353,STU00196,MOD00040,CRS005,2026-01-21,2026-01-27,Completed,2.77,8
PRG0003354,STU00196,MOD00025,CRS004,2026-03-18,2026-04-15,Completed,3.67,42
PRG0003355,STU00196,MOD00026,CRS004,2026-03-22,2026-05-25,Completed,5.89,27
PRG0003356,STU00196,MOD00027,CRS004,2026-03-16,2026-04-12,Completed,1.7,5
PRG0003357,STU00196,MOD00029,CRS004,2026-03-31,2026-04-23,Completed,4.97,36
PRG0003358,STU00196,MOD00030,CRS004,2026-03-17,2026-04-29,Completed,1.29,77
PRG0003359,STU00196,MOD00031,CRS004,2026-03-30,2026-05-01,In Progress,5.27,51
PRG0003360,STU00197,MOD00076,CRS010,2025-09-14,2025-09-26,Completed,9.81,54
PRG0003361,STU00197,MOD00080,CRS010,2025-09-30,2025-11-12,In Progress,2.35,45
PRG0003362,STU00198,MOD00130,CRS017,2025-09-17,2025-10-02,Completed,6.24,5
PRG0003363,STU00198,MOD00135,CRS017,2025-09-17,2025-10-14,Completed,6.93,75
PRG0003364,STU00198,MOD00081,CRS011,2026-04-02,2026-06-14,Completed,4.04,99
PRG0003365,STU00198,MOD00083,CRS011,2026-03-22,2026-03-30,In Progress,6.12,34
PRG0003366,STU00198,MOD00088,CRS011,2026-04-17,2026-04-16,Completed,3.76,43
PRG0003367,STU00199,MOD00051,CRS007,2026-03-25,2026-05-27,Completed,2.95,13
PRG0003368,STU00199,MOD00053,CRS007,2026-04-07,2026-05-20,In Progress,7.12,0
PRG0003369,STU00199,MOD00054,CRS007,2026-04-08,2026-05-21,Completed,2.44,1
PRG0003370,STU00199,MOD00055,CRS007,2026-04-14,2026-04-19,Completed,4.58,21
PRG0003371,STU00199,MOD00041,CRS006,2025-08-21,2025-08-07,Completed,11.64,37
PRG0003372,STU00199,MOD00042,CRS006,2025-07-27,2025-10-20,In Progress,3.28,49
PRG0003373,STU00199,MOD00043,CRS006,2025-08-16,2025-10-09,Completed,3.88,10
PRG0003374,STU00199,MOD00044,CRS006,2025-07-24,2025-08-11,In Progress,4.9,24
PRG0003375,STU00199,MOD00045,CRS006,2025-08-01,2025-09-24,Completed,5.41,6
PRG0003376,STU00199,MOD00046,CRS006,2025-08-13,2025-09-23,In Progress,8.61,57
PRG0003377,STU00199,MOD00048,CRS006,2025-08-11,2025-09-16,Not Started,4.39,74
PRG0003378,STU00199,MOD00097,CRS013,2026-02-04,2026-04-13,Completed,11.81,51
PRG0003379,STU00199,MOD00100,CRS013,2026-02-12,2026-04-22,Completed,6.56,24
PRG0003380,STU00199,MOD00101,CRS013,2026-02-01,2026-01-27,Completed,2.43,19
PRG0003381,STU00199,MOD00102,CRS013,2026-02-19,2026-03-02,Not Started,4.45,48
PRG0003382,STU00200,MOD00001,CRS001,2025-06-29,2025-07-06,Not Started,3.01,11
PRG0003383,STU00200,MOD00002,CRS001,2025-07-04,2025-07-14,Completed,2.25,1
PRG0003384,STU00200,MOD00003,CRS001,2025-06-21,2025-09-07,Completed,7.38,53
PRG0003385,STU00200,MOD00004,CRS001,2025-06-13,2025-07-23,Completed,9.01,14
PRG0003386,STU00200,MOD00005,CRS001,2025-07-10,2025-07-23,Completed,10.83,5
PRG0003387,STU00200,MOD00006,CRS001,2025-07-02,2025-06-30,Completed,1.29,4
PRG0003388,STU00200,MOD00007,CRS001,2025-06-21,2025-08-21,Completed,2.67,33
PRG0003389,STU00200,MOD00008,CRS001,2025-07-09,2025-07-24,Completed,13.09,26
PRG0003390,STU00200,MOD00145,CRS019,2025-07-06,2025-07-17,Completed,4.13,76
PRG0003391,STU00200,MOD00146,CRS019,2025-06-29,2025-09-02,Completed,4.71,32
PRG0003392,STU00200,MOD00147,CRS019,2025-07-18,2025-08-24,Not Started,11.83,49
PRG0003393,STU00200,MOD00150,CRS019,2025-06-24,2025-06-23,In Progress,1.6,63
PRG0003394,STU00201,MOD00099,CRS013,2026-01-30,2026-03-28,Completed,7.87,75
PRG0003395,STU00201,MOD00103,CRS013,2026-01-18,2026-01-24,In Progress,3.41,94
PRG0003396,STU00202,MOD00137,CRS018,2026-01-07,2026-02-10,In Progress,2.21,85
PRG0003397,STU00202,MOD00138,CRS018,2026-01-15,2025-12-24,Completed,4.83,71
PRG0003398,STU00202,MOD00139,CRS018,2025-12-29,2026-01-17,In Progress,3.48,14
PRG0003399,STU00202,MOD00140,CRS018,2026-01-10,2026-01-16,In Progress,13.31,89
PRG0003400,STU00202,MOD00141,CRS018,2025-12-28,2026-01-31,In Progress,12.83,27
PRG0003401,STU00202,MOD00142,CRS018,2026-01-12,2026-01-16,In Progress,1.98,7
PRG0003402,STU00202,MOD00143,CRS018,2025-12-22,2026-03-07,Completed,6.33,75
PRG0003403,STU00202,MOD00144,CRS018,2026-01-07,2026-02-16,Completed,3.54,39
PRG0003404,STU00202,MOD00009,CRS002,2026-01-07,2025-12-27,Completed,9.05,29
PRG0003405,STU00202,MOD00010,CRS002,2026-01-20,2026-01-26,Completed,7.8,76
PRG0003406,STU00202,MOD00011,CRS002,2026-01-09,2026-03-19,Completed,8.03,6
PRG0003407,STU00202,MOD00012,CRS002,2026-01-12,2026-01-19,In Progress,4.34,11
PRG0003408,STU00202,MOD00013,CRS002,2026-01-03,2026-02-10,Completed,12.45,3
PRG0003409,STU00202,MOD00014,CRS002,2026-01-15,2026-01-01,Completed,1.89,81
PRG0003410,STU00202,MOD00015,CRS002,2025-12-23,2026-02-04,In Progress,11.82,73
PRG0003411,STU00202,MOD00016,CRS002,2026-01-04,2026-03-21,Not Started,9.46,0
PRG0003412,STU00202,MOD00146,CRS019,2026-01-16,2026-01-02,Completed,3.27,70
PRG0003413,STU00202,MOD00148,CRS019,2026-01-13,2026-01-22,Completed,2.23,63
PRG0003414,STU00202,MOD00150,CRS019,2026-01-09,2026-02-24,Completed,1.91,71
PRG0003415,STU00202,MOD00151,CRS019,2025-12-24,2026-01-30,Completed,1.84,29
PRG0003416,STU00202,MOD00152,CRS019,2026-01-03,2026-02-05,In Progress,3.65,13
PRG0003417,STU00203,MOD00105,CRS014,2025-11-08,2025-12-18,Completed,5.33,65
PRG0003418,STU00203,MOD00106,CRS014,2025-11-05,2025-11-10,In Progress,6.97,27
PRG0003419,STU00203,MOD00107,CRS014,2025-10-31,2025-12-19,Completed,10.97,85
PRG0003420,STU00203,MOD00108,CRS014,2025-10-26,2026-01-16,Completed,11.86,81
PRG0003421,STU00203,MOD00109,CRS014,2025-11-22,2025-12-15,Completed,2.51,54
PRG0003422,STU00203,MOD00110,CRS014,2025-11-07,2025-12-29,In Progress,8.21,72
PRG0003423,STU00203,MOD00111,CRS014,2025-10-30,2025-12-21,In Progress,1.43,50
PRG0003424,STU00203,MOD00112,CRS014,2025-11-03,2025-11-15,Completed,2.83,77
PRG0003425,STU00204,MOD00139,CRS018,2025-07-16,2025-09-20,Completed,5.04,72
PRG0003426,STU00204,MOD00140,CRS018,2025-07-11,2025-08-18,Completed,7.67,59
PRG0003427,STU00204,MOD00141,CRS018,2025-07-17,2025-09-23,In Progress,6.32,3
PRG0003428,STU00204,MOD00142,CRS018,2025-07-13,2025-09-17,Completed,9.16,3
PRG0003429,STU00204,MOD00143,CRS018,2025-08-05,2025-07-17,Not Started,7.12,37
PRG0003430,STU00204,MOD00144,CRS018,2025-07-21,2025-07-21,In Progress,3.73,42
PRG0003431,STU00205,MOD00049,CRS007,2026-04-23,2026-04-14,Not Started,1.7,45
PRG0003432,STU00205,MOD00051,CRS007,2026-04-07,2026-06-13,Completed,1.52,14
PRG0003433,STU00205,MOD00053,CRS007,2026-04-18,2026-04-11,Completed,5.23,99
PRG0003434,STU00205,MOD00054,CRS007,2026-04-27,2026-06-22,Completed,1.54,90
PRG0003435,STU00205,MOD00056,CRS007,2026-04-19,2026-06-16,In Progress,7.14,81
PRG0003436,STU00205,MOD00001,CRS001,2026-04-06,2026-06-25,Completed,1.18,18
PRG0003437,STU00205,MOD00002,CRS001,2026-04-05,2026-04-21,Completed,2.75,43
PRG0003438,STU00205,MOD00003,CRS001,2026-04-07,2026-06-27,Completed,8.94,4
PRG0003439,STU00205,MOD00004,CRS001,2026-04-10,2026-06-18,In Progress,1.29,84
PRG0003440,STU00205,MOD00005,CRS001,2026-04-16,2026-04-25,Not Started,3.27,24
PRG0003441,STU00205,MOD00006,CRS001,2026-04-11,2026-04-21,In Progress,1.15,21
PRG0003442,STU00205,MOD00007,CRS001,2026-04-05,2026-06-08,In Progress,1.16,17
PRG0003443,STU00205,MOD00008,CRS001,2026-04-30,2026-04-28,Not Started,10.12,54
PRG0003444,STU00206,MOD00067,CRS009,2026-01-05,2026-03-13,Completed,1.16,41
PRG0003445,STU00206,MOD00070,CRS009,2026-01-10,2026-01-26,Completed,4.31,76
PRG0003446,STU00206,MOD00071,CRS009,2026-01-03,2026-03-18,In Progress,7.2,6
PRG0003447,STU00206,MOD00033,CRS005,2025-10-20,2025-11-01,Completed,4.8,47
PRG0003448,STU00206,MOD00034,CRS005,2025-10-15,2025-10-14,Completed,6.24,70
PRG0003449,STU00206,MOD00035,CRS005,2025-10-26,2025-11-28,Completed,13.24,25
PRG0003450,STU00206,MOD00036,CRS005,2025-11-01,2025-11-09,Completed,8.47,71
PRG0003451,STU00206,MOD00037,CRS005,2025-10-12,2025-12-29,Not Started,1.71,70
PRG0003452,STU00206,MOD00038,CRS005,2025-10-25,2025-10-26,In Progress,3.91,27
PRG0003453,STU00206,MOD00039,CRS005,2025-10-17,2025-11-13,Completed,2.92,3
PRG0003454,STU00206,MOD00040,CRS005,2025-10-30,2025-12-03,Completed,4.41,0
PRG0003455,STU00206,MOD00105,CRS014,2025-11-11,2025-12-31,Completed,1.8,83
PRG0003456,STU00206,MOD00106,CRS014,2025-11-08,2026-01-01,Completed,8.23,83
PRG0003457,STU00206,MOD00107,CRS014,2025-10-21,2025-12-09,Not Started,8.6,68
PRG0003458,STU00206,MOD00108,CRS014,2025-10-14,2025-11-23,Completed,1.83,92
PRG0003459,STU00206,MOD00109,CRS014,2025-10-19,2025-12-22,Completed,5.4,93
PRG0003460,STU00206,MOD00110,CRS014,2025-10-15,2025-12-12,Completed,3.41,97
PRG0003461,STU00206,MOD00111,CRS014,2025-10-20,2025-12-26,Completed,3.34,29
PRG0003462,STU00206,MOD00112,CRS014,2025-10-29,2025-11-02,In Progress,2.18,34
PRG0003463,STU00206,MOD00025,CRS004,2025-12-20,2026-01-05,In Progress,13.12,0
PRG0003464,STU00206,MOD00026,CRS004,2025-12-20,2025-11-25,Completed,2.31,71
PRG0003465,STU00206,MOD00027,CRS004,2025-11-24,2026-01-06,Completed,2.86,89
PRG0003466,STU00206,MOD00028,CRS004,2025-11-30,2026-01-04,Completed,2.76,71
PRG0003467,STU00206,MOD00029,CRS004,2025-11-27,2026-01-04,Completed,1.81,59
PRG0003468,STU00206,MOD00030,CRS004,2025-12-15,2026-02-17,In Progress,6.48,28
PRG0003469,STU00206,MOD00031,CRS004,2025-12-10,2026-01-03,Completed,6.18,92
PRG0003470,STU00206,MOD00032,CRS004,2025-11-24,2025-12-10,Completed,3.29,3
PRG0003471,STU00206,MOD00129,CRS017,2026-01-26,2026-01-21,Completed,1.92,58
PRG0003472,STU00206,MOD00130,CRS017,2026-01-03,2026-03-11,Completed,8.43,23
PRG0003473,STU00206,MOD00131,CRS017,2026-01-10,2026-01-14,In Progress,2.05,63
PRG0003474,STU00206,MOD00132,CRS017,2026-01-05,2026-03-11,In Progress,2.75,37
PRG0003475,STU00206,MOD00133,CRS017,2026-01-01,2026-02-02,In Progress,6.39,5
PRG0003476,STU00206,MOD00134,CRS017,2026-01-25,2026-03-21,Completed,3.55,12
PRG0003477,STU00206,MOD00135,CRS017,2026-01-20,2026-02-07,Completed,4.93,96
PRG0003478,STU00206,MOD00136,CRS017,2026-01-21,2026-02-27,In Progress,8.39,53
PRG0003479,STU00207,MOD00049,CRS007,2026-05-05,2026-04-22,Completed,2.0,56
PRG0003480,STU00207,MOD00050,CRS007,2026-04-11,2026-04-26,In Progress,9.35,60
PRG0003481,STU00207,MOD00051,CRS007,2026-04-21,2026-04-30,In Progress,2.67,12
PRG0003482,STU00207,MOD00052,CRS007,2026-04-21,2026-04-12,Completed,5.21,65
PRG0003483,STU00207,MOD00056,CRS007,2026-04-27,2026-04-16,Completed,3.93,77
PRG0003484,STU00207,MOD00089,CRS012,2026-04-15,2026-04-11,In Progress,4.29,79
PRG0003485,STU00207,MOD00090,CRS012,2026-05-08,2026-04-18,Completed,7.92,7
PRG0003486,STU00207,MOD00091,CRS012,2026-04-09,2026-05-21,In Progress,8.8,69
PRG0003487,STU00207,MOD00092,CRS012,2026-05-04,2026-04-25,Not Started,3.46,53
PRG0003488,STU00207,MOD00093,CRS012,2026-04-29,2026-04-21,Not Started,12.9,27
PRG0003489,STU00207,MOD00094,CRS012,2026-04-15,2026-06-15,Not Started,7.63,4
PRG0003490,STU00207,MOD00095,CRS012,2026-04-19,2026-04-20,In Progress,4.25,7
PRG0003491,STU00207,MOD00096,CRS012,2026-04-27,2026-05-10,Completed,5.58,86
PRG0003492,STU00207,MOD00105,CRS014,2026-05-01,2026-05-09,Completed,2.28,60
PRG0003493,STU00207,MOD00106,CRS014,2026-04-19,2026-06-04,Completed,3.03,78
PRG0003494,STU00207,MOD00107,CRS014,2026-04-30,2026-05-21,Completed,1.27,36
PRG0003495,STU00207,MOD00109,CRS014,2026-04-10,2026-06-14,In Progress,2.93,38
PRG0003496,STU00207,MOD00110,CRS014,2026-05-06,2026-06-26,Completed,13.81,10
PRG0003497,STU00207,MOD00077,CRS010,2026-04-08,2026-05-31,Completed,3.05,86
PRG0003498,STU00207,MOD00080,CRS010,2026-05-03,2026-05-22,In Progress,4.18,27
PRG0003499,STU00207,MOD00041,CRS006,2026-05-04,2026-06-02,Completed,9.6,95
PRG0003500,STU00207,MOD00042,CRS006,2026-04-24,2026-06-10,Completed,3.16,20
PRG0003501,STU00207,MOD00043,CRS006,2026-04-25,2026-05-10,Completed,6.85,100
PRG0003502,STU00207,MOD00044,CRS006,2026-04-14,2026-07-04,Completed,11.89,14
PRG0003503,STU00207,MOD00045,CRS006,2026-04-19,2026-04-26,Completed,5.44,62
PRG0003504,STU00207,MOD00046,CRS006,2026-04-28,2026-05-16,Completed,7.54,79
PRG0003505,STU00207,MOD00048,CRS006,2026-05-05,2026-05-04,Completed,2.37,6
PRG0003506,STU00208,MOD00001,CRS001,2025-04-30,2025-04-26,Completed,8.11,95
PRG0003507,STU00208,MOD00002,CRS001,2025-05-02,2025-07-06,Completed,2.23,27
PRG0003508,STU00208,MOD00003,CRS001,2025-05-04,2025-07-16,Completed,1.53,76
PRG0003509,STU00208,MOD00004,CRS001,2025-05-07,2025-06-22,In Progress,1.59,83
PRG0003510,STU00208,MOD00005,CRS001,2025-05-03,2025-04-27,In Progress,11.06,26
PRG0003511,STU00208,MOD00006,CRS001,2025-05-16,2025-07-23,Completed,4.31,80
PRG0003512,STU00208,MOD00007,CRS001,2025-05-17,2025-05-14,Completed,4.39,64
PRG0003513,STU00208,MOD00008,CRS001,2025-04-27,2025-05-27,In Progress,10.31,57
PRG0003514,STU00209,MOD00145,CRS019,2026-03-22,2026-05-01,Completed,1.86,48
PRG0003515,STU00209,MOD00146,CRS019,2026-04-07,2026-04-30,Completed,1.02,30
PRG0003516,STU00209,MOD00147,CRS019,2026-04-07,2026-04-12,Completed,3.6,4
PRG0003517,STU00209,MOD00148,CRS019,2026-04-13,2026-04-16,In Progress,1.15,96
PRG0003518,STU00209,MOD00149,CRS019,2026-04-06,2026-04-06,In Progress,9.92,28
PRG0003519,STU00209,MOD00150,CRS019,2026-03-21,2026-04-21,Completed,5.4,87
PRG0003520,STU00209,MOD00151,CRS019,2026-04-20,2026-06-19,Completed,1.49,48
PRG0003521,STU00209,MOD00152,CRS019,2026-04-04,2026-05-26,Completed,2.07,62
PRG0003522,STU00210,MOD00017,CRS003,2025-07-12,2025-07-14,Completed,1.53,89
PRG0003523,STU00210,MOD00022,CRS003,2025-07-24,2025-08-11,Completed,5.56,3
PRG0003524,STU00210,MOD00129,CRS017,2025-07-31,2025-08-04,Completed,3.29,67
PRG0003525,STU00210,MOD00130,CRS017,2025-08-14,2025-08-05,In Progress,7.43,10
PRG0003526,STU00210,MOD00131,CRS017,2025-08-15,2025-10-12,Completed,1.52,46
PRG0003527,STU00210,MOD00132,CRS017,2025-08-05,2025-08-09,In Progress,2.72,49
PRG0003528,STU00210,MOD00133,CRS017,2025-08-09,2025-08-14,Completed,7.23,30
PRG0003529,STU00210,MOD00134,CRS017,2025-08-13,2025-10-17,In Progress,8.57,86
PRG0003530,STU00210,MOD00135,CRS017,2025-08-03,2025-08-09,In Progress,3.65,45
PRG0003531,STU00210,MOD00136,CRS017,2025-07-25,2025-09-11,In Progress,4.05,99
PRG0003532,STU00211,MOD00057,CRS008,2025-09-12,2025-10-30,Completed,2.66,12
PRG0003533,STU00211,MOD00058,CRS008,2025-10-09,2025-11-19,Completed,3.29,5
PRG0003534,STU00211,MOD00059,CRS008,2025-09-16,2025-10-10,In Progress,4.25,97
PRG0003535,STU00211,MOD00063,CRS008,2025-10-07,2025-11-02,In Progress,1.62,54
PRG0003536,STU00211,MOD00064,CRS008,2025-09-18,2025-09-13,Completed,9.5,9
PRG0003537,STU00211,MOD00113,CRS015,2026-01-13,2026-04-08,Completed,9.77,13
PRG0003538,STU00211,MOD00114,CRS015,2026-01-19,2026-03-17,Completed,7.61,68
PRG0003539,STU00211,MOD00115,CRS015,2026-01-16,2026-03-05,Completed,1.34,32
PRG0003540,STU00211,MOD00116,CRS015,2026-01-22,2026-03-20,Not Started,4.1,65
PRG0003541,STU00211,MOD00119,CRS015,2026-01-27,2026-03-23,In Progress,2.5,3
PRG0003542,STU00211,MOD00120,CRS015,2026-01-17,2026-03-14,In Progress,4.22,29
PRG0003543,STU00211,MOD00073,CRS010,2026-05-06,2026-04-21,In Progress,4.75,23
PRG0003544,STU00211,MOD00075,CRS010,2026-05-10,2026-06-26,Completed,2.29,61
PRG0003545,STU00211,MOD00080,CRS010,2026-04-18,2026-04-17,Completed,4.28,18
PRG0003546,STU00212,MOD00073,CRS010,2026-01-30,2026-02-07,Completed,2.02,61
PRG0003547,STU00212,MOD00074,CRS010,2026-01-22,2026-01-19,Completed,2.09,89
PRG0003548,STU00212,MOD00075,CRS010,2026-02-15,2026-03-09,In Progress,2.7,61
PRG0003549,STU00212,MOD00076,CRS010,2026-01-30,2026-03-25,In Progress,8.51,93
PRG0003550,STU00212,MOD00077,CRS010,2026-01-24,2026-03-31,Completed,2.0,78
PRG0003551,STU00212,MOD00078,CRS010,2026-02-04,2026-01-24,Completed,5.65,17
PRG0003552,STU00212,MOD00079,CRS010,2026-01-19,2026-01-31,Completed,12.95,42
PRG0003553,STU00213,MOD00108,CRS014,2026-03-11,2026-02-11,Completed,7.9,80
PRG0003554,STU00213,MOD00025,CRS004,2026-04-01,2026-04-14,In Progress,3.1,59
PRG0003555,STU00213,MOD00027,CRS004,2026-03-30,2026-05-16,In Progress,11.43,96
PRG0003556,STU00213,MOD00028,CRS004,2026-04-01,2026-06-04,Completed,4.9,62
PRG0003557,STU00213,MOD00031,CRS004,2026-04-14,2026-04-16,Completed,5.48,75
PRG0003558,STU00213,MOD00145,CRS019,2026-04-25,2026-05-01,In Progress,1.4,26
PRG0003559,STU00213,MOD00146,CRS019,2026-04-09,2026-06-12,Completed,7.44,44
PRG0003560,STU00213,MOD00147,CRS019,2026-04-30,2026-07-08,Completed,5.28,88
PRG0003561,STU00213,MOD00148,CRS019,2026-05-08,2026-04-25,In Progress,1.48,60
PRG0003562,STU00213,MOD00149,CRS019,2026-04-25,2026-05-22,Completed,1.51,5
PRG0003563,STU00213,MOD00150,CRS019,2026-04-28,2026-04-17,Completed,5.37,76
PRG0003564,STU00213,MOD00151,CRS019,2026-04-18,2026-05-27,Completed,1.67,28
PRG0003565,STU00213,MOD00152,CRS019,2026-04-22,2026-05-10,In Progress,4.21,70
PRG0003566,STU00214,MOD00041,CRS006,2026-03-12,2026-04-02,Not Started,4.05,80
PRG0003567,STU00214,MOD00042,CRS006,2026-03-26,2026-04-08,In Progress,4.12,13
PRG0003568,STU00214,MOD00043,CRS006,2026-03-05,2026-03-06,In Progress,5.55,23
PRG0003569,STU00214,MOD00044,CRS006,2026-03-25,2026-03-06,In Progress,12.8,32
PRG0003570,STU00214,MOD00081,CRS011,2025-11-01,2025-11-03,In Progress,3.64,4
PRG0003571,STU00214,MOD00082,CRS011,2025-10-27,2025-11-30,Completed,8.48,45
PRG0003572,STU00214,MOD00083,CRS011,2025-11-05,2025-11-06,In Progress,6.27,40
PRG0003573,STU00214,MOD00084,CRS011,2025-10-20,2025-11-29,Completed,1.74,31
PRG0003574,STU00214,MOD00085,CRS011,2025-11-03,2025-12-10,Completed,4.39,94
PRG0003575,STU00214,MOD00086,CRS011,2025-11-09,2025-12-29,Completed,3.06,89
PRG0003576,STU00214,MOD00087,CRS011,2025-10-21,2025-12-24,Completed,2.9,35
PRG0003577,STU00214,MOD00088,CRS011,2025-10-11,2025-12-21,Not Started,3.14,22
PRG0003578,STU00215,MOD00065,CRS009,2025-08-30,2025-09-04,Completed,5.73,11
PRG0003579,STU00215,MOD00066,CRS009,2025-08-26,2025-08-19,Completed,2.96,79
PRG0003580,STU00215,MOD00067,CRS009,2025-09-08,2025-10-04,Completed,4.11,17
PRG0003581,STU00215,MOD00068,CRS009,2025-08-31,2025-09-08,In Progress,11.72,90
PRG0003582,STU00215,MOD00070,CRS009,2025-08-30,2025-09-01,In Progress,3.57,34
PRG0003583,STU00215,MOD00071,CRS009,2025-08-29,2025-10-17,In Progress,11.49,29
PRG0003584,STU00215,MOD00017,CRS003,2025-10-19,2025-10-30,Completed,2.53,40
PRG0003585,STU00215,MOD00018,CRS003,2025-09-28,2025-10-11,In Progress,1.35,39
PRG0003586,STU00215,MOD00019,CRS003,2025-10-03,2025-11-05,In Progress,7.91,34
PRG0003587,STU00215,MOD00020,CRS003,2025-10-19,2025-10-02,Completed,2.4,96
PRG0003588,STU00215,MOD00021,CRS003,2025-10-20,2025-12-14,Completed,3.67,89
PRG0003589,STU00215,MOD00022,CRS003,2025-09-30,2025-10-14,In Progress,7.43,84
PRG0003590,STU00215,MOD00023,CRS003,2025-10-08,2025-11-21,Not Started,1.04,73
PRG0003591,STU00215,MOD00024,CRS003,2025-10-07,2025-12-01,Completed,9.69,79
PRG0003592,STU00215,MOD00089,CRS012,2025-08-10,2025-08-07,Completed,5.48,81
PRG0003593,STU00215,MOD00090,CRS012,2025-08-08,2025-08-24,Not Started,10.58,79
PRG0003594,STU00215,MOD00091,CRS012,2025-08-11,2025-08-05,Completed,1.72,99
PRG0003595,STU00215,MOD00092,CRS012,2025-08-02,2025-08-08,Completed,2.12,34
PRG0003596,STU00215,MOD00093,CRS012,2025-07-31,2025-09-27,Not Started,1.44,22
PRG0003597,STU00215,MOD00094,CRS012,2025-07-25,2025-08-31,Completed,9.3,54
PRG0003598,STU00215,MOD00095,CRS012,2025-08-06,2025-08-04,Completed,2.17,68
PRG0003599,STU00215,MOD00096,CRS012,2025-07-31,2025-08-15,Completed,1.82,69
PRG0003600,STU00215,MOD00081,CRS011,2025-09-30,2025-09-12,In Progress,6.15,100
PRG0003601,STU00215,MOD00083,CRS011,2025-09-29,2025-11-29,In Progress,3.79,48
PRG0003602,STU00215,MOD00085,CRS011,2025-10-02,2025-10-04,Completed,2.24,38
PRG0003603,STU00215,MOD00088,CRS011,2025-09-16,2025-10-12,Completed,2.3,94
PRG0003604,STU00215,MOD00041,CRS006,2025-06-10,2025-08-15,Completed,1.52,55
PRG0003605,STU00215,MOD00042,CRS006,2025-06-08,2025-07-04,Completed,1.87,71
PRG0003606,STU00215,MOD00043,CRS006,2025-06-27,2025-08-16,Not Started,4.6,43
PRG0003607,STU00215,MOD00044,CRS006,2025-06-05,2025-06-24,Completed,12.66,73
PRG0003608,STU00215,MOD00045,CRS006,2025-06-02,2025-08-08,In Progress,7.08,79
PRG0003609,STU00215,MOD00046,CRS006,2025-06-16,2025-07-02,In Progress,11.13,80
PRG0003610,STU00215,MOD00047,CRS006,2025-06-04,2025-08-09,Completed,12.3,54
PRG0003611,STU00215,MOD00048,CRS006,2025-06-03,2025-07-09,In Progress,5.2,60
PRG0003612,STU00216,MOD00105,CRS014,2026-01-09,2026-02-11,Completed,5.01,66
PRG0003613,STU00216,MOD00106,CRS014,2026-01-09,2026-03-25,In Progress,4.74,17
PRG0003614,STU00216,MOD00107,CRS014,2026-02-07,2026-03-08,Completed,4.02,36
PRG0003615,STU00216,MOD00108,CRS014,2026-01-27,2026-04-01,Completed,6.28,55
PRG0003616,STU00216,MOD00109,CRS014,2026-01-26,2026-03-18,In Progress,3.45,2
PRG0003617,STU00216,MOD00110,CRS014,2026-01-11,2026-03-08,In Progress,12.97,2
PRG0003618,STU00216,MOD00111,CRS014,2026-02-04,2026-03-05,Completed,1.43,33
PRG0003619,STU00216,MOD00112,CRS014,2026-02-06,2026-01-19,Completed,2.93,27
PRG0003620,STU00216,MOD00041,CRS006,2025-11-30,2025-12-28,Completed,6.49,45
PRG0003621,STU00216,MOD00042,CRS006,2025-11-23,2025-12-12,Completed,2.19,69
PRG0003622,STU00216,MOD00043,CRS006,2025-11-13,2025-11-03,In Progress,3.5,84
PRG0003623,STU00216,MOD00044,CRS006,2025-11-18,2026-01-27,Completed,4.98,26
PRG0003624,STU00216,MOD00046,CRS006,2025-11-28,2026-01-21,Not Started,7.33,41
PRG0003625,STU00216,MOD00047,CRS006,2025-11-29,2025-12-06,Completed,12.37,82
PRG0003626,STU00216,MOD00048,CRS006,2025-11-13,2025-12-23,In Progress,3.88,29
PRG0003627,STU00216,MOD00026,CRS004,2025-11-22,2025-12-04,Not Started,8.56,55
PRG0003628,STU00216,MOD00027,CRS004,2025-11-26,2026-01-29,Completed,3.35,42
PRG0003629,STU00216,MOD00029,CRS004,2025-11-30,2025-11-05,In Progress,5.13,87
PRG0003630,STU00216,MOD00033,CRS005,2025-11-28,2026-01-11,In Progress,4.76,9
PRG0003631,STU00216,MOD00034,CRS005,2025-12-17,2025-12-25,Completed,3.3,31
PRG0003632,STU00216,MOD00035,CRS005,2025-12-06,2026-02-03,In Progress,10.4,25
PRG0003633,STU00216,MOD00036,CRS005,2025-12-04,2025-12-22,Completed,8.98,2
PRG0003634,STU00216,MOD00037,CRS005,2025-12-20,2025-12-12,Completed,2.16,76
PRG0003635,STU00216,MOD00038,CRS005,2025-12-23,2026-02-10,In Progress,1.01,37
PRG0003636,STU00216,MOD00039,CRS005,2025-12-09,2026-01-10,Completed,7.95,90
PRG0003637,STU00216,MOD00040,CRS005,2025-12-04,2026-01-30,Completed,4.09,27
PRG0003638,STU00217,MOD00145,CRS019,2026-01-23,2026-01-29,Completed,1.68,54
PRG0003639,STU00217,MOD00146,CRS019,2026-01-19,2026-04-08,Completed,5.09,33
PRG0003640,STU00217,MOD00147,CRS019,2026-02-03,2026-03-28,Completed,9.13,31
PRG0003641,STU00217,MOD00148,CRS019,2026-01-27,2026-01-20,In Progress,1.3,28
PRG0003642,STU00217,MOD00149,CRS019,2026-01-31,2026-03-05,Completed,11.0,95
PRG0003643,STU00217,MOD00150,CRS019,2026-01-24,2026-02-08,In Progress,6.76,38
PRG0003644,STU00217,MOD00151,CRS019,2026-01-21,2026-03-11,Completed,1.86,86
PRG0003645,STU00217,MOD00152,CRS019,2026-01-14,2026-03-01,Completed,2.37,68
PRG0003646,STU00217,MOD00121,CRS016,2025-11-18,2026-01-22,In Progress,12.37,77
PRG0003647,STU00217,MOD00122,CRS016,2025-12-02,2025-12-21,In Progress,2.93,47
PRG0003648,STU00217,MOD00123,CRS016,2025-12-08,2025-12-24,In Progress,2.88,64
PRG0003649,STU00217,MOD00124,CRS016,2025-11-21,2026-02-01,Completed,2.24,95
PRG0003650,STU00217,MOD00125,CRS016,2025-11-25,2025-11-21,Not Started,2.57,60
PRG0003651,STU00217,MOD00126,CRS016,2025-11-30,2026-01-28,Completed,1.2,19
PRG0003652,STU00217,MOD00127,CRS016,2025-12-14,2026-01-18,Completed,4.37,39
PRG0003653,STU00217,MOD00128,CRS016,2025-11-28,2025-12-13,Completed,1.72,96
PRG0003654,STU00217,MOD00113,CRS015,2025-10-29,2026-01-15,In Progress,1.83,75
PRG0003655,STU00217,MOD00114,CRS015,2025-10-24,2026-01-14,In Progress,7.28,35
PRG0003656,STU00217,MOD00115,CRS015,2025-11-17,2025-12-15,Completed,5.46,64
PRG0003657,STU00217,MOD00116,CRS015,2025-11-15,2025-11-30,In Progress,3.75,67
PRG0003658,STU00217,MOD00117,CRS015,2025-11-17,2025-12-05,In Progress,2.48,31
PRG0003659,STU00217,MOD00118,CRS015,2025-10-28,2025-11-18,In Progress,2.43,52
PRG0003660,STU00217,MOD00119,CRS015,2025-10-24,2026-01-12,In Progress,6.95,97
PRG0003661,STU00217,MOD00120,CRS015,2025-11-22,2025-10-28,Completed,1.1,73
PRG0003662,STU00217,MOD00041,CRS006,2026-03-23,2026-04-01,In Progress,9.19,96
PRG0003663,STU00217,MOD00044,CRS006,2026-03-19,2026-05-28,In Progress,8.03,75
PRG0003664,STU00217,MOD00048,CRS006,2026-03-03,2026-05-27,In Progress,3.51,95
PRG0003665,STU00218,MOD00121,CRS016,2026-02-04,2026-03-20,Completed,4.9,39
PRG0003666,STU00218,MOD00122,CRS016,2026-02-09,2026-02-08,Completed,2.53,52
PRG0003667,STU00218,MOD00123,CRS016,2026-02-17,2026-01-28,Completed,1.92,74
PRG0003668,STU00218,MOD00124,CRS016,2026-02-17,2026-04-21,In Progress,6.42,70
PRG0003669,STU00218,MOD00126,CRS016,2026-01-27,2026-03-16,In Progress,3.95,43
PRG0003670,STU00218,MOD00128,CRS016,2026-01-27,2026-04-05,In Progress,1.64,91
PRG0003671,STU00218,MOD00153,CRS020,2025-10-28,2026-01-18,Completed,5.74,73
PRG0003672,STU00218,MOD00154,CRS020,2025-11-05,2025-12-15,Not Started,12.98,40
PRG0003673,STU00218,MOD00155,CRS020,2025-11-05,2026-01-17,Completed,6.89,22
PRG0003674,STU00218,MOD00156,CRS020,2025-10-23,2025-11-23,Completed,1.64,11
PRG0003675,STU00218,MOD00157,CRS020,2025-11-02,2025-10-26,Completed,3.92,31
PRG0003676,STU00218,MOD00158,CRS020,2025-11-08,2025-11-02,Completed,10.17,64
PRG0003677,STU00218,MOD00159,CRS020,2025-10-29,2025-12-19,Completed,4.78,16
PRG0003678,STU00218,MOD00160,CRS020,2025-10-31,2026-01-07,Completed,1.98,95
PRG0003679,STU00219,MOD00017,CRS003,2025-11-21,2025-11-27,In Progress,4.13,28
PRG0003680,STU00219,MOD00020,CRS003,2025-11-21,2026-01-25,In Progress,5.3,52
PRG0003681,STU00219,MOD00021,CRS003,2025-11-25,2026-01-01,Completed,1.62,11
PRG0003682,STU00219,MOD00024,CRS003,2025-11-19,2025-11-23,Completed,5.97,47
PRG0003683,STU00220,MOD00005,CRS001,2026-02-16,2026-05-01,Not Started,11.86,46
PRG0003684,STU00220,MOD00129,CRS017,2025-05-09,2025-07-18,In Progress,1.29,73
PRG0003685,STU00220,MOD00130,CRS017,2025-05-21,2025-07-25,In Progress,1.84,21
PRG0003686,STU00220,MOD00131,CRS017,2025-05-16,2025-06-17,Completed,2.62,14
PRG0003687,STU00220,MOD00132,CRS017,2025-05-10,2025-07-18,Completed,3.69,12
PRG0003688,STU00220,MOD00133,CRS017,2025-05-08,2025-07-07,In Progress,8.15,70
PRG0003689,STU00220,MOD00134,CRS017,2025-05-23,2025-05-05,In Progress,11.92,68
PRG0003690,STU00220,MOD00135,CRS017,2025-05-07,2025-06-18,Completed,2.4,77
PRG0003691,STU00220,MOD00136,CRS017,2025-05-04,2025-06-08,Not Started,1.82,77
PRG0003692,STU00220,MOD00057,CRS008,2026-05-06,2026-05-14,Not Started,7.78,75
PRG0003693,STU00220,MOD00058,CRS008,2026-04-16,2026-05-06,Completed,3.52,60
PRG0003694,STU00220,MOD00060,CRS008,2026-04-15,2026-05-21,In Progress,2.1,31
PRG0003695,STU00220,MOD00061,CRS008,2026-05-11,2026-07-05,Completed,3.45,6
PRG0003696,STU00220,MOD00063,CRS008,2026-04-14,2026-05-08,Completed,2.08,1
PRG0003697,STU00220,MOD00064,CRS008,2026-04-30,2026-04-25,In Progress,2.25,6
PRG0003698,STU00221,MOD00154,CRS020,2026-01-14,2026-03-07,Completed,11.75,40
PRG0003699,STU00221,MOD00155,CRS020,2026-01-18,2026-02-20,Completed,9.8,41
PRG0003700,STU00221,MOD00157,CRS020,2026-01-20,2026-03-08,In Progress,2.75,75
PRG0003701,STU00221,MOD00158,CRS020,2026-01-08,2026-03-15,In Progress,8.47,43
PRG0003702,STU00221,MOD00159,CRS020,2026-01-08,2026-02-04,In Progress,12.69,93
PRG0003703,STU00221,MOD00025,CRS004,2025-12-29,2026-03-25,In Progress,13.28,48
PRG0003704,STU00221,MOD00026,CRS004,2025-12-28,2025-12-29,Completed,8.16,89
PRG0003705,STU00221,MOD00027,CRS004,2026-01-15,2026-01-12,Completed,4.5,94
PRG0003706,STU00221,MOD00028,CRS004,2026-01-12,2026-01-14,Completed,5.78,16
PRG0003707,STU00221,MOD00029,CRS004,2025-12-28,2026-03-18,In Progress,5.45,81
PRG0003708,STU00221,MOD00030,CRS004,2026-01-15,2026-02-13,In Progress,5.55,48
PRG0003709,STU00221,MOD00031,CRS004,2025-12-26,2026-03-04,Completed,2.76,73
PRG0003710,STU00221,MOD00032,CRS004,2026-01-17,2026-01-07,In Progress,1.07,72
PRG0003711,STU00221,MOD00109,CRS014,2026-01-12,2026-01-25,Completed,5.33,90
PRG0003712,STU00221,MOD00110,CRS014,2026-01-12,2026-01-12,Completed,10.04,59
PRG0003713,STU00221,MOD00112,CRS014,2026-01-18,2026-03-28,Completed,1.26,24
PRG0003714,STU00221,MOD00058,CRS008,2026-01-06,2026-01-07,Completed,2.49,91
PRG0003715,STU00221,MOD00064,CRS008,2026-01-24,2026-01-14,Not Started,12.85,51
PRG0003716,STU00221,MOD00121,CRS016,2026-01-07,2026-01-01,Completed,1.36,23
PRG0003717,STU00221,MOD00122,CRS016,2026-01-08,2026-02-10,In Progress,2.77,33
PRG0003718,STU00221,MOD00123,CRS016,2026-01-20,2026-02-16,In Progress,2.21,43
PRG0003719,STU00221,MOD00124,CRS016,2026-01-13,2025-12-29,Completed,1.54,64
PRG0003720,STU00221,MOD00125,CRS016,2026-01-13,2026-03-01,Completed,1.78,88
PRG0003721,STU00221,MOD00126,CRS016,2025-12-27,2026-01-08,Not Started,3.63,45
PRG0003722,STU00221,MOD00127,CRS016,2025-12-30,2026-01-24,Completed,5.68,65
PRG0003723,STU00221,MOD00128,CRS016,2026-01-09,2026-02-13,Completed,7.62,78
PRG0003724,STU00222,MOD00009,CRS002,2025-12-06,2026-01-19,In Progress,1.66,82
PRG0003725,STU00222,MOD00010,CRS002,2025-12-29,2025-12-18,In Progress,1.29,11
PRG0003726,STU00222,MOD00015,CRS002,2025-12-08,2026-01-31,In Progress,4.46,96
PRG0003727,STU00222,MOD00003,CRS001,2025-05-02,2025-05-29,Completed,8.22,93
PRG0003728,STU00222,MOD00004,CRS001,2025-05-18,2025-07-17,In Progress,10.57,93
PRG0003729,STU00222,MOD00005,CRS001,2025-05-07,2025-07-14,Completed,2.03,91
PRG0003730,STU00222,MOD00007,CRS001,2025-05-27,2025-07-14,In Progress,8.66,29
PRG0003731,STU00222,MOD00008,CRS001,2025-05-06,2025-07-13,Completed,6.02,11
PRG0003732,STU00222,MOD00041,CRS006,2025-08-04,2025-10-19,Completed,8.9,93
PRG0003733,STU00222,MOD00042,CRS006,2025-08-19,2025-09-18,Completed,3.83,32
PRG0003734,STU00222,MOD00043,CRS006,2025-08-22,2025-10-04,Completed,5.07,95
PRG0003735,STU00222,MOD00044,CRS006,2025-08-24,2025-09-10,Completed,10.25,75
PRG0003736,STU00222,MOD00046,CRS006,2025-08-19,2025-10-22,Completed,3.04,20
PRG0003737,STU00222,MOD00047,CRS006,2025-08-03,2025-10-06,Not Started,10.5,14
PRG0003738,STU00222,MOD00048,CRS006,2025-08-02,2025-08-30,Completed,1.21,65
PRG0003739,STU00222,MOD00129,CRS017,2025-09-19,2025-11-14,In Progress,4.41,54
PRG0003740,STU00222,MOD00130,CRS017,2025-09-19,2025-11-27,Completed,1.2,51
PRG0003741,STU00222,MOD00131,CRS017,2025-10-01,2025-11-16,Completed,2.95,93
PRG0003742,STU00222,MOD00132,CRS017,2025-09-16,2025-11-19,Completed,1.73,29
PRG0003743,STU00222,MOD00133,CRS017,2025-09-12,2025-09-17,Not Started,5.03,44
PRG0003744,STU00222,MOD00134,CRS017,2025-09-28,2025-10-19,Completed,2.75,64
PRG0003745,STU00222,MOD00135,CRS017,2025-09-21,2025-10-12,Completed,6.03,35
PRG0003746,STU00222,MOD00136,CRS017,2025-09-27,2025-09-15,In Progress,3.33,67
PRG0003747,STU00222,MOD00123,CRS016,2025-08-13,2025-08-19,In Progress,2.3,78
PRG0003748,STU00222,MOD00125,CRS016,2025-08-13,2025-09-01,Completed,1.81,100
PRG0003749,STU00222,MOD00126,CRS016,2025-08-27,2025-09-18,In Progress,4.49,14
PRG0003750,STU00222,MOD00128,CRS016,2025-08-22,2025-09-27,Completed,7.86,6
PRG0003751,STU00223,MOD00009,CRS002,2026-04-08,2026-05-17,In Progress,11.23,7
PRG0003752,STU00223,MOD00010,CRS002,2026-04-14,2026-04-27,In Progress,2.07,94
PRG0003753,STU00223,MOD00011,CRS002,2026-04-17,2026-06-25,In Progress,2.64,35
PRG0003754,STU00223,MOD00012,CRS002,2026-04-18,2026-05-08,In Progress,7.34,27
PRG0003755,STU00223,MOD00013,CRS002,2026-04-23,2026-06-18,Completed,5.77,70
PRG0003756,STU00223,MOD00014,CRS002,2026-04-22,2026-06-08,In Progress,3.83,88
PRG0003757,STU00223,MOD00015,CRS002,2026-04-04,2026-06-23,In Progress,13.14,35
PRG0003758,STU00223,MOD00016,CRS002,2026-04-08,2026-04-28,Not Started,7.09,9
PRG0003759,STU00223,MOD00129,CRS017,2026-04-09,2026-05-29,In Progress,2.87,67
PRG0003760,STU00223,MOD00130,CRS017,2026-04-25,2026-06-04,Completed,4.81,33
PRG0003761,STU00223,MOD00131,CRS017,2026-04-30,2026-04-05,Completed,2.17,50
PRG0003762,STU00223,MOD00132,CRS017,2026-04-30,2026-05-28,Completed,2.34,95
PRG0003763,STU00223,MOD00134,CRS017,2026-04-24,2026-04-20,Completed,1.53,42
PRG0003764,STU00223,MOD00135,CRS017,2026-04-14,2026-07-01,In Progress,4.29,73
PRG0003765,STU00223,MOD00136,CRS017,2026-04-21,2026-06-30,Completed,5.25,44
PRG0003766,STU00223,MOD00059,CRS008,2026-04-18,2026-05-19,In Progress,1.6,10
PRG0003767,STU00224,MOD00113,CRS015,2025-12-15,2025-12-22,Completed,13.05,86
PRG0003768,STU00224,MOD00114,CRS015,2025-12-04,2026-01-04,Completed,1.98,20
PRG0003769,STU00224,MOD00115,CRS015,2025-12-07,2025-12-28,Completed,8.59,50
PRG0003770,STU00224,MOD00116,CRS015,2025-12-10,2025-12-29,Completed,4.16,57
PRG0003771,STU00224,MOD00117,CRS015,2025-12-18,2025-11-27,In Progress,3.91,10
PRG0003772,STU00224,MOD00118,CRS015,2025-12-22,2026-02-05,In Progress,11.32,77
PRG0003773,STU00224,MOD00119,CRS015,2025-12-08,2026-01-25,Completed,1.45,73
PRG0003774,STU00224,MOD00120,CRS015,2025-12-02,2026-01-02,Completed,2.07,99
PRG0003775,STU00225,MOD00113,CRS015,2025-08-22,2025-10-13,Not Started,9.68,22
PRG0003776,STU00225,MOD00116,CRS015,2025-09-12,2025-11-10,Completed,5.56,34
PRG0003777,STU00225,MOD00119,CRS015,2025-08-29,2025-11-02,In Progress,4.13,46
PRG0003778,STU00225,MOD00120,CRS015,2025-09-11,2025-11-06,Completed,3.78,26
PRG0003779,STU00225,MOD00017,CRS003,2025-10-29,2025-11-18,Not Started,3.81,60
PRG0003780,STU00225,MOD00018,CRS003,2025-10-23,2025-12-03,In Progress,3.8,22
PRG0003781,STU00225,MOD00019,CRS003,2025-11-12,2025-10-21,In Progress,4.32,78
PRG0003782,STU00225,MOD00020,CRS003,2025-10-21,2025-12-22,Completed,5.75,30
PRG0003783,STU00225,MOD00021,CRS003,2025-10-23,2025-12-04,Completed,4.86,59
PRG0003784,STU00225,MOD00022,CRS003,2025-10-21,2026-01-13,Completed,2.54,42
PRG0003785,STU00225,MOD00023,CRS003,2025-11-03,2025-12-18,In Progress,4.83,78
PRG0003786,STU00225,MOD00024,CRS003,2025-10-27,2026-01-13,Completed,13.52,33
PRG0003787,STU00225,MOD00121,CRS016,2025-09-03,2025-09-06,Completed,12.78,59
PRG0003788,STU00225,MOD00122,CRS016,2025-08-29,2025-10-10,Completed,1.45,34
PRG0003789,STU00225,MOD00123,CRS016,2025-09-11,2025-11-09,Completed,1.19,68
PRG0003790,STU00225,MOD00124,CRS016,2025-09-08,2025-10-06,Completed,5.03,40
PRG0003791,STU00225,MOD00125,CRS016,2025-09-15,2025-09-07,Completed,2.93,44
PRG0003792,STU00225,MOD00126,CRS016,2025-09-14,2025-11-14,In Progress,7.29,44
PRG0003793,STU00225,MOD00127,CRS016,2025-09-07,2025-09-27,In Progress,4.44,64
PRG0003794,STU00225,MOD00128,CRS016,2025-09-01,2025-10-10,Completed,8.48,67
PRG0003795,STU00225,MOD00153,CRS020,2026-03-03,2026-02-27,In Progress,3.67,30
PRG0003796,STU00225,MOD00154,CRS020,2026-03-06,2026-05-06,In Progress,9.93,56
PRG0003797,STU00225,MOD00155,CRS020,2026-02-11,2026-04-12,Completed,5.4,75
PRG0003798,STU00225,MOD00157,CRS020,2026-03-05,2026-02-24,Completed,10.3,85
PRG0003799,STU00225,MOD00158,CRS020,2026-03-06,2026-05-11,Completed,4.64,71
PRG0003800,STU00225,MOD00159,CRS020,2026-02-21,2026-04-26,Completed,1.52,91
PRG0003801,STU00225,MOD00160,CRS020,2026-03-13,2026-03-20,Completed,8.28,4
PRG0003802,STU00225,MOD00081,CRS011,2025-09-26,2025-10-21,In Progress,3.52,2
PRG0003803,STU00225,MOD00082,CRS011,2025-10-07,2025-12-14,In Progress,9.24,5
PRG0003804,STU00225,MOD00083,CRS011,2025-10-10,2025-10-01,Not Started,5.37,82
PRG0003805,STU00225,MOD00084,CRS011,2025-09-27,2025-11-28,Completed,10.81,22
PRG0003806,STU00225,MOD00085,CRS011,2025-10-06,2025-11-06,In Progress,3.59,90
PRG0003807,STU00225,MOD00086,CRS011,2025-10-19,2025-11-12,Completed,3.73,85
PRG0003808,STU00225,MOD00087,CRS011,2025-10-21,2025-12-10,Completed,6.63,31
PRG0003809,STU00225,MOD00088,CRS011,2025-10-02,2025-11-20,Completed,1.84,86
PRG0003810,STU00226,MOD00137,CRS018,2026-01-25,2026-03-12,Completed,1.64,7
PRG0003811,STU00226,MOD00138,CRS018,2026-01-07,2026-03-13,Completed,2.76,10
PRG0003812,STU00226,MOD00139,CRS018,2026-01-10,2026-02-17,In Progress,4.77,78
PRG0003813,STU00226,MOD00140,CRS018,2026-01-11,2026-01-28,Completed,7.55,39
PRG0003814,STU00226,MOD00141,CRS018,2026-01-23,2026-02-12,Not Started,4.17,51
PRG0003815,STU00226,MOD00142,CRS018,2026-02-01,2026-02-01,Completed,8.83,93
PRG0003816,STU00226,MOD00143,CRS018,2026-01-17,2026-01-12,Not Started,2.74,2
PRG0003817,STU00226,MOD00144,CRS018,2026-01-27,2026-03-30,Completed,1.18,58
PRG0003818,STU00226,MOD00001,CRS001,2025-06-01,2025-07-11,In Progress,5.81,46
PRG0003819,STU00226,MOD00002,CRS001,2025-05-29,2025-07-14,In Progress,2.03,43
PRG0003820,STU00226,MOD00003,CRS001,2025-06-15,2025-07-18,Completed,7.93,75
PRG0003821,STU00226,MOD00004,CRS001,2025-06-16,2025-06-03,Completed,7.33,97
PRG0003822,STU00226,MOD00005,CRS001,2025-06-07,2025-08-08,Completed,12.34,86
PRG0003823,STU00226,MOD00006,CRS001,2025-05-31,2025-06-16,Completed,6.95,21
PRG0003824,STU00226,MOD00007,CRS001,2025-05-30,2025-07-13,Completed,1.87,62
PRG0003825,STU00226,MOD00008,CRS001,2025-06-11,2025-08-06,In Progress,3.05,42
PRG0003826,STU00226,MOD00018,CRS003,2026-02-17,2026-03-06,Completed,1.92,80
PRG0003827,STU00226,MOD00019,CRS003,2026-02-22,2026-03-13,In Progress,3.26,87
PRG0003828,STU00226,MOD00021,CRS003,2026-02-22,2026-02-03,Completed,1.63,98
PRG0003829,STU00226,MOD00022,CRS003,2026-02-14,2026-04-24,Completed,3.67,57
PRG0003830,STU00226,MOD00023,CRS003,2026-02-23,2026-01-27,In Progress,1.72,26
PRG0003831,STU00226,MOD00024,CRS003,2026-02-13,2026-04-17,Completed,10.66,27
PRG0003832,STU00226,MOD00076,CRS010,2026-04-16,2026-04-28,In Progress,9.92,33
PRG0003833,STU00226,MOD00078,CRS010,2026-03-23,2026-04-02,Completed,3.61,25
PRG0003834,STU00226,MOD00079,CRS010,2026-03-31,2026-03-31,In Progress,2.56,56
PRG0003835,STU00226,MOD00080,CRS010,2026-03-29,2026-05-12,Completed,1.01,61
PRG0003836,STU00226,MOD00049,CRS007,2026-01-02,2026-02-22,Not Started,1.23,73
PRG0003837,STU00226,MOD00050,CRS007,2026-01-06,2026-03-19,In Progress,6.44,69
PRG0003838,STU00226,MOD00051,CRS007,2026-01-07,2026-02-11,Completed,4.92,0
PRG0003839,STU00226,MOD00055,CRS007,2026-01-06,2026-01-17,Not Started,3.49,5
PRG0003840,STU00226,MOD00056,CRS007,2026-01-09,2026-03-01,Completed,1.62,38
PRG0003841,STU00227,MOD00081,CRS011,2025-06-14,2025-08-15,Completed,2.47,85
PRG0003842,STU00227,MOD00082,CRS011,2025-06-29,2025-07-11,In Progress,10.95,32
PRG0003843,STU00227,MOD00083,CRS011,2025-06-16,2025-07-11,Completed,6.82,51
PRG0003844,STU00227,MOD00084,CRS011,2025-06-24,2025-08-29,In Progress,9.53,2
PRG0003845,STU00227,MOD00085,CRS011,2025-07-01,2025-07-05,In Progress,4.7,72
PRG0003846,STU00227,MOD00086,CRS011,2025-06-26,2025-08-04,In Progress,1.8,16
PRG0003847,STU00227,MOD00087,CRS011,2025-06-23,2025-06-17,In Progress,9.35,87
PRG0003848,STU00227,MOD00088,CRS011,2025-06-19,2025-06-11,In Progress,2.31,73
PRG0003849,STU00227,MOD00141,CRS018,2025-09-20,2025-10-05,Completed,5.65,31
PRG0003850,STU00227,MOD00142,CRS018,2025-09-19,2025-12-03,Not Started,9.01,99
PRG0003851,STU00227,MOD00121,CRS016,2025-09-26,2025-10-14,Completed,6.29,94
PRG0003852,STU00227,MOD00122,CRS016,2025-09-26,2025-12-06,In Progress,1.91,35
PRG0003853,STU00227,MOD00123,CRS016,2025-09-30,2025-12-13,Completed,2.55,47
PRG0003854,STU00227,MOD00124,CRS016,2025-10-20,2025-11-30,In Progress,2.25,79
PRG0003855,STU00227,MOD00125,CRS016,2025-09-26,2025-11-18,Completed,1.48,41
PRG0003856,STU00227,MOD00126,CRS016,2025-10-11,2025-11-05,Completed,3.03,73
PRG0003857,STU00227,MOD00127,CRS016,2025-10-18,2025-11-10,Completed,9.32,94
PRG0003858,STU00227,MOD00128,CRS016,2025-09-27,2025-10-08,Completed,6.16,24
PRG0003859,STU00227,MOD00089,CRS012,2025-07-04,2025-09-08,Completed,7.75,74
PRG0003860,STU00227,MOD00090,CRS012,2025-06-25,2025-08-01,In Progress,13.07,58
PRG0003861,STU00227,MOD00091,CRS012,2025-07-17,2025-08-21,Completed,5.62,3
PRG0003862,STU00227,MOD00092,CRS012,2025-06-29,2025-08-10,Completed,4.18,73
PRG0003863,STU00227,MOD00093,CRS012,2025-06-22,2025-07-21,Not Started,9.73,0
PRG0003864,STU00227,MOD00094,CRS012,2025-07-18,2025-08-08,Completed,11.11,97
PRG0003865,STU00228,MOD00089,CRS012,2025-11-23,2026-01-13,Completed,4.62,96
PRG0003866,STU00228,MOD00090,CRS012,2025-12-10,2026-01-07,Completed,13.12,55
PRG0003867,STU00228,MOD00091,CRS012,2025-11-16,2026-01-05,Completed,3.95,83
PRG0003868,STU00228,MOD00092,CRS012,2025-12-15,2026-01-31,In Progress,2.59,81
PRG0003869,STU00228,MOD00093,CRS012,2025-11-23,2025-11-27,In Progress,6.91,30
PRG0003870,STU00228,MOD00094,CRS012,2025-11-23,2025-12-09,Completed,10.89,95
PRG0003871,STU00228,MOD00095,CRS012,2025-12-09,2026-01-13,Completed,4.77,63
PRG0003872,STU00228,MOD00096,CRS012,2025-11-24,2025-12-30,Completed,1.0,69
PRG0003873,STU00228,MOD00073,CRS010,2026-01-16,2026-01-05,Completed,5.56,56
PRG0003874,STU00228,MOD00074,CRS010,2026-01-05,2026-01-14,Completed,10.41,49
PRG0003875,STU00228,MOD00075,CRS010,2026-01-09,2026-02-06,Completed,1.1,76
PRG0003876,STU00228,MOD00076,CRS010,2026-01-17,2026-02-15,In Progress,7.82,38
PRG0003877,STU00228,MOD00077,CRS010,2026-01-12,2026-01-15,Completed,1.18,73
PRG0003878,STU00228,MOD00078,CRS010,2026-01-08,2026-02-26,Completed,4.37,44
PRG0003879,STU00228,MOD00079,CRS010,2026-01-13,2026-01-19,Completed,12.06,19
PRG0003880,STU00228,MOD00080,CRS010,2026-01-20,2026-03-14,Completed,2.77,34
PRG0003881,STU00228,MOD00137,CRS018,2025-07-20,2025-07-23,Completed,9.52,33
PRG0003882,STU00228,MOD00139,CRS018,2025-07-23,2025-08-10,In Progress,1.06,55
PRG0003883,STU00228,MOD00140,CRS018,2025-07-14,2025-09-11,Completed,13.12,83
PRG0003884,STU00228,MOD00141,CRS018,2025-07-09,2025-07-05,Completed,2.85,52
PRG0003885,STU00228,MOD00142,CRS018,2025-07-11,2025-07-01,In Progress,10.49,56
PRG0003886,STU00228,MOD00144,CRS018,2025-07-07,2025-08-25,Completed,3.29,72
PRG0003887,STU00229,MOD00122,CRS016,2025-10-04,2025-11-30,Completed,1.37,95
PRG0003888,STU00229,MOD00125,CRS016,2025-10-22,2025-10-08,Completed,1.88,30
PRG0003889,STU00229,MOD00127,CRS016,2025-10-14,2025-12-13,Completed,2.78,4
PRG0003890,STU00229,MOD00033,CRS005,2025-08-03,2025-08-05,Completed,3.05,24
PRG0003891,STU00229,MOD00034,CRS005,2025-08-07,2025-08-14,Completed,2.14,78
PRG0003892,STU00229,MOD00035,CRS005,2025-07-21,2025-08-16,Completed,1.32,51
PRG0003893,STU00229,MOD00036,CRS005,2025-08-11,2025-07-18,In Progress,10.04,48
PRG0003894,STU00229,MOD00037,CRS005,2025-07-22,2025-08-13,In Progress,1.0,78
PRG0003895,STU00229,MOD00038,CRS005,2025-07-18,2025-08-08,Completed,2.88,50
PRG0003896,STU00229,MOD00039,CRS005,2025-07-18,2025-09-29,Completed,2.09,43
PRG0003897,STU00229,MOD00040,CRS005,2025-08-05,2025-07-21,Completed,3.49,33
PRG0003898,STU00230,MOD00027,CRS004,2026-01-07,2026-02-05,Completed,2.63,74
PRG0003899,STU00230,MOD00031,CRS004,2025-12-28,2026-02-08,Completed,3.02,18
PRG0003900,STU00230,MOD00071,CRS009,2026-03-29,2026-05-06,Completed,8.97,57
PRG0003901,STU00230,MOD00049,CRS007,2026-02-06,2026-04-16,Not Started,1.84,31
PRG0003902,STU00230,MOD00052,CRS007,2026-02-27,2026-02-11,In Progress,6.74,41
PRG0003903,STU00230,MOD00144,CRS018,2026-01-26,2026-04-01,Completed,3.81,39
PRG0003904,STU00231,MOD00081,CRS011,2026-03-10,2026-04-07,Completed,6.31,60
PRG0003905,STU00231,MOD00082,CRS011,2026-03-03,2026-04-05,Completed,2.44,1
PRG0003906,STU00231,MOD00083,CRS011,2026-03-09,2026-03-09,Completed,5.81,60
PRG0003907,STU00231,MOD00084,CRS011,2026-02-23,2026-02-24,In Progress,3.5,62
PRG0003908,STU00231,MOD00085,CRS011,2026-03-06,2026-02-24,Completed,1.14,87
PRG0003909,STU00231,MOD00086,CRS011,2026-03-07,2026-05-08,In Progress,1.29,62
PRG0003910,STU00231,MOD00087,CRS011,2026-02-24,2026-03-20,Completed,4.86,63
PRG0003911,STU00231,MOD00088,CRS011,2026-03-06,2026-05-14,Completed,4.04,34
PRG0003912,STU00231,MOD00025,CRS004,2026-02-27,2026-03-26,In Progress,1.22,12
PRG0003913,STU00231,MOD00026,CRS004,2026-02-25,2026-05-12,In Progress,5.25,35
PRG0003914,STU00231,MOD00027,CRS004,2026-02-14,2026-03-15,In Progress,6.58,61
PRG0003915,STU00231,MOD00028,CRS004,2026-03-09,2026-03-29,Completed,6.16,24
PRG0003916,STU00231,MOD00029,CRS004,2026-03-03,2026-04-02,Completed,7.17,30
PRG0003917,STU00231,MOD00031,CRS004,2026-03-02,2026-05-07,Completed,1.32,11
PRG0003918,STU00232,MOD00026,CRS004,2025-09-29,2025-11-16,Completed,3.54,84
PRG0003919,STU00232,MOD00029,CRS004,2025-10-15,2025-11-23,Completed,5.56,92
PRG0003920,STU00232,MOD00030,CRS004,2025-10-08,2025-11-28,In Progress,7.78,61
PRG0003921,STU00232,MOD00032,CRS004,2025-09-29,2025-11-09,Completed,1.85,15
PRG0003922,STU00232,MOD00113,CRS015,2025-09-16,2025-10-09,Completed,4.18,19
PRG0003923,STU00232,MOD00115,CRS015,2025-08-24,2025-09-28,Completed,11.64,96
PRG0003924,STU00232,MOD00116,CRS015,2025-09-03,2025-10-28,Completed,8.28,43
PRG0003925,STU00232,MOD00117,CRS015,2025-09-23,2025-11-13,Not Started,4.2,15
PRG0003926,STU00232,MOD00118,CRS015,2025-09-19,2025-09-21,In Progress,8.11,10
PRG0003927,STU00232,MOD00119,CRS015,2025-08-29,2025-08-27,Not Started,4.03,58
PRG0003928,STU00232,MOD00120,CRS015,2025-09-20,2025-09-08,Not Started,4.37,23
PRG0003929,STU00232,MOD00145,CRS019,2025-11-16,2025-12-21,In Progress,3.04,20
PRG0003930,STU00232,MOD00146,CRS019,2025-11-02,2026-01-07,Completed,7.02,30
PRG0003931,STU00232,MOD00147,CRS019,2025-10-27,2025-11-30,In Progress,11.48,60
PRG0003932,STU00232,MOD00148,CRS019,2025-10-29,2026-01-13,Completed,2.58,61
PRG0003933,STU00232,MOD00149,CRS019,2025-11-15,2025-11-25,Completed,9.89,25
PRG0003934,STU00232,MOD00150,CRS019,2025-11-01,2025-11-30,In Progress,4.01,63
PRG0003935,STU00232,MOD00151,CRS019,2025-11-18,2025-12-10,Completed,1.22,51
PRG0003936,STU00232,MOD00152,CRS019,2025-11-18,2025-12-01,Completed,2.81,86
PRG0003937,STU00232,MOD00129,CRS017,2025-09-27,2025-09-22,In Progress,3.86,97
PRG0003938,STU00232,MOD00130,CRS017,2025-09-09,2025-11-09,In Progress,8.05,16
PRG0003939,STU00232,MOD00131,CRS017,2025-09-19,2025-10-25,Not Started,2.25,92
PRG0003940,STU00232,MOD00132,CRS017,2025-09-10,2025-09-03,In Progress,3.09,45
PRG0003941,STU00232,MOD00133,CRS017,2025-09-16,2025-10-25,Completed,11.99,51
PRG0003942,STU00232,MOD00134,CRS017,2025-09-25,2025-11-29,In Progress,2.38,33
PRG0003943,STU00232,MOD00135,CRS017,2025-09-30,2025-09-06,Completed,9.6,29
PRG0003944,STU00232,MOD00136,CRS017,2025-09-25,2025-09-12,In Progress,3.15,80
PRG0003945,STU00232,MOD00033,CRS005,2026-02-26,2026-02-10,In Progress,2.85,30
PRG0003946,STU00232,MOD00034,CRS005,2026-02-19,2026-02-12,In Progress,2.47,23
PRG0003947,STU00232,MOD00035,CRS005,2026-02-26,2026-02-06,Completed,14.44,42
PRG0003948,STU00232,MOD00036,CRS005,2026-02-22,2026-01-30,In Progress,7.02,66
PRG0003949,STU00232,MOD00037,CRS005,2026-02-26,2026-04-17,In Progress,1.43,42
PRG0003950,STU00232,MOD00038,CRS005,2026-02-20,2026-03-04,Completed,2.07,20
PRG0003951,STU00232,MOD00039,CRS005,2026-02-17,2026-03-01,In Progress,8.7,82
PRG0003952,STU00232,MOD00040,CRS005,2026-02-16,2026-03-23,In Progress,6.93,61
PRG0003953,STU00233,MOD00122,CRS016,2025-10-29,2025-11-19,In Progress,1.04,21
PRG0003954,STU00233,MOD00123,CRS016,2025-11-11,2025-11-08,In Progress,1.93,99
PRG0003955,STU00233,MOD00124,CRS016,2025-10-28,2025-10-20,Completed,2.32,77
PRG0003956,STU00233,MOD00125,CRS016,2025-11-05,2025-10-23,In Progress,2.27,55
PRG0003957,STU00233,MOD00126,CRS016,2025-11-01,2025-12-10,Completed,7.73,39
PRG0003958,STU00233,MOD00127,CRS016,2025-11-01,2025-12-22,Completed,9.0,90
PRG0003959,STU00233,MOD00128,CRS016,2025-10-26,2026-01-11,Not Started,7.79,36
PRG0003960,STU00233,MOD00129,CRS017,2026-04-03,2026-04-12,Completed,3.46,18
PRG0003961,STU00233,MOD00130,CRS017,2026-04-19,2026-04-04,In Progress,5.87,46
PRG0003962,STU00233,MOD00131,CRS017,2026-04-04,2026-06-09,Completed,1.39,29
PRG0003963,STU00233,MOD00132,CRS017,2026-04-08,2026-06-11,Completed,2.6,27
PRG0003964,STU00233,MOD00133,CRS017,2026-04-17,2026-06-11,In Progress,10.89,88
PRG0003965,STU00233,MOD00134,CRS017,2026-04-12,2026-05-27,Completed,3.45,58
PRG0003966,STU00233,MOD00135,CRS017,2026-04-22,2026-06-01,Completed,3.43,2
PRG0003967,STU00233,MOD00136,CRS017,2026-04-03,2026-05-02,Completed,6.03,86
PRG0003968,STU00233,MOD00041,CRS006,2025-09-04,2025-09-29,Completed,2.42,22
PRG0003969,STU00233,MOD00042,CRS006,2025-09-23,2025-10-30,Not Started,1.08,72
PRG0003970,STU00233,MOD00043,CRS006,2025-09-05,2025-10-28,Completed,2.57,44
PRG0003971,STU00233,MOD00044,CRS006,2025-09-28,2025-09-09,Completed,2.76,16
PRG0003972,STU00233,MOD00045,CRS006,2025-09-25,2025-09-03,Completed,1.58,45
PRG0003973,STU00233,MOD00046,CRS006,2025-09-26,2025-11-02,Completed,7.47,34
PRG0003974,STU00233,MOD00047,CRS006,2025-09-21,2025-09-06,Completed,2.9,82
PRG0003975,STU00233,MOD00048,CRS006,2025-09-20,2025-10-08,Not Started,2.97,9
PRG0003976,STU00233,MOD00140,CRS018,2025-09-10,2025-09-30,Completed,12.38,62
PRG0003977,STU00233,MOD00142,CRS018,2025-09-02,2025-10-02,In Progress,9.06,44
PRG0003978,STU00233,MOD00034,CRS005,2026-02-19,2026-02-22,Not Started,8.79,78
PRG0003979,STU00233,MOD00037,CRS005,2026-02-04,2026-03-02,Completed,2.9,50
PRG0003980,STU00233,MOD00039,CRS005,2026-02-19,2026-03-27,In Progress,2.05,35
PRG0003981,STU00234,MOD00157,CRS020,2026-04-03,2026-05-21,In Progress,9.47,91
PRG0003982,STU00234,MOD00160,CRS020,2026-04-06,2026-03-14,Completed,9.93,40
PRG0003983,STU00234,MOD00065,CRS009,2025-12-20,2026-01-05,In Progress,4.46,54
PRG0003984,STU00234,MOD00066,CRS009,2026-01-09,2026-02-14,Completed,8.27,4
PRG0003985,STU00234,MOD00067,CRS009,2025-12-13,2026-01-17,In Progress,3.71,12
PRG0003986,STU00234,MOD00068,CRS009,2026-01-03,2026-01-08,Completed,6.34,65
PRG0003987,STU00234,MOD00069,CRS009,2025-12-28,2025-12-24,Completed,2.97,35
PRG0003988,STU00234,MOD00070,CRS009,2026-01-08,2026-01-31,In Progress,2.35,31
PRG0003989,STU00234,MOD00071,CRS009,2025-12-14,2026-02-02,Not Started,6.91,68
PRG0003990,STU00234,MOD00072,CRS009,2025-12-13,2026-02-17,In Progress,1.71,53
PRG0003991,STU00234,MOD00097,CRS013,2025-06-18,2025-08-27,Completed,9.28,42
PRG0003992,STU00234,MOD00099,CRS013,2025-06-24,2025-06-28,Completed,2.41,4
PRG0003993,STU00234,MOD00100,CRS013,2025-07-07,2025-06-27,In Progress,2.02,0
PRG0003994,STU00234,MOD00101,CRS013,2025-06-24,2025-06-22,In Progress,2.89,37
PRG0003995,STU00234,MOD00102,CRS013,2025-06-27,2025-07-02,Completed,2.23,36
PRG0003996,STU00234,MOD00103,CRS013,2025-06-23,2025-07-06,In Progress,3.49,3
PRG0003997,STU00235,MOD00153,CRS020,2026-03-21,2026-04-18,In Progress,7.19,66
PRG0003998,STU00235,MOD00154,CRS020,2026-03-15,2026-05-17,Not Started,6.2,82
PRG0003999,STU00235,MOD00155,CRS020,2026-03-06,2026-05-14,Completed,5.53,10
PRG0004000,STU00235,MOD00156,CRS020,2026-03-12,2026-03-31,Completed,9.97,48
PRG0004001,STU00235,MOD00157,CRS020,2026-03-20,2026-04-20,Completed,1.65,71
PRG0004002,STU00235,MOD00158,CRS020,2026-03-12,2026-03-10,Completed,4.8,55
PRG0004003,STU00235,MOD00159,CRS020,2026-03-18,2026-05-14,In Progress,11.26,26
PRG0004004,STU00235,MOD00160,CRS020,2026-03-04,2026-03-09,Completed,9.7,83
PRG0004005,STU00235,MOD00130,CRS017,2025-07-11,2025-06-23,Completed,6.82,44
PRG0004006,STU00235,MOD00133,CRS017,2025-07-12,2025-08-18,In Progress,7.03,30
PRG0004007,STU00235,MOD00134,CRS017,2025-06-24,2025-07-01,Completed,8.56,61
PRG0004008,STU00235,MOD00135,CRS017,2025-07-13,2025-07-09,In Progress,2.19,36
PRG0004009,STU00235,MOD00073,CRS010,2025-12-30,2026-01-13,Completed,5.32,17
PRG0004010,STU00235,MOD00074,CRS010,2026-01-29,2026-02-06,Completed,1.23,7
PRG0004011,STU00235,MOD00075,CRS010,2026-01-08,2026-03-16,Not Started,2.01,95
PRG0004012,STU00235,MOD00076,CRS010,2026-01-20,2026-03-13,Completed,6.23,26
PRG0004013,STU00235,MOD00077,CRS010,2026-01-14,2026-02-20,In Progress,1.83,65
PRG0004014,STU00235,MOD00078,CRS010,2026-01-08,2026-02-17,Completed,2.07,25
PRG0004015,STU00235,MOD00079,CRS010,2026-01-23,2026-02-05,Completed,4.08,85
PRG0004016,STU00235,MOD00080,CRS010,2025-12-30,2026-03-15,Completed,1.78,20
PRG0004017,STU00235,MOD00081,CRS011,2025-09-21,2025-09-17,Completed,7.33,35
PRG0004018,STU00235,MOD00082,CRS011,2025-10-02,2025-11-26,Not Started,6.16,34
PRG0004019,STU00235,MOD00083,CRS011,2025-09-26,2025-10-04,Completed,5.72,24
PRG0004020,STU00235,MOD00084,CRS011,2025-09-30,2025-12-01,In Progress,3.19,43
PRG0004021,STU00235,MOD00085,CRS011,2025-10-08,2025-10-26,In Progress,1.36,21
PRG0004022,STU00235,MOD00086,CRS011,2025-09-15,2025-10-01,Completed,4.34,4
PRG0004023,STU00235,MOD00087,CRS011,2025-10-07,2025-11-13,Completed,12.87,13
PRG0004024,STU00235,MOD00088,CRS011,2025-09-16,2025-12-08,Completed,2.97,5
PRG0004025,STU00236,MOD00073,CRS010,2026-02-16,2026-04-21,In Progress,2.08,64
PRG0004026,STU00236,MOD00074,CRS010,2026-02-13,2026-03-29,Completed,4.82,5
PRG0004027,STU00236,MOD00075,CRS010,2026-03-10,2026-02-28,In Progress,1.44,16
PRG0004028,STU00236,MOD00076,CRS010,2026-03-02,2026-03-23,In Progress,5.62,78
PRG0004029,STU00236,MOD00077,CRS010,2026-03-02,2026-04-03,In Progress,2.46,41
PRG0004030,STU00236,MOD00078,CRS010,2026-02-25,2026-05-03,Completed,3.76,36
PRG0004031,STU00236,MOD00079,CRS010,2026-02-17,2026-02-15,Completed,12.19,33
PRG0004032,STU00236,MOD00080,CRS010,2026-02-17,2026-03-18,Completed,3.93,24
PRG0004033,STU00236,MOD00089,CRS012,2026-02-20,2026-04-14,Completed,2.08,46
PRG0004034,STU00236,MOD00090,CRS012,2026-03-15,2026-02-23,In Progress,13.2,68
PRG0004035,STU00236,MOD00091,CRS012,2026-02-17,2026-04-03,In Progress,7.0,15
PRG0004036,STU00236,MOD00092,CRS012,2026-03-10,2026-03-01,In Progress,1.87,73
PRG0004037,STU00236,MOD00093,CRS012,2026-02-25,2026-02-24,Completed,6.68,100
PRG0004038,STU00236,MOD00094,CRS012,2026-03-12,2026-04-19,Completed,10.3,13
PRG0004039,STU00236,MOD00095,CRS012,2026-03-10,2026-05-03,Completed,2.58,48
PRG0004040,STU00236,MOD00096,CRS012,2026-03-06,2026-05-01,Completed,4.8,62
PRG0004041,STU00236,MOD00033,CRS005,2026-03-02,2026-05-10,In Progress,4.62,5
PRG0004042,STU00236,MOD00034,CRS005,2026-02-15,2026-03-21,Completed,7.04,66
PRG0004043,STU00236,MOD00035,CRS005,2026-03-15,2026-04-26,In Progress,5.37,43
PRG0004044,STU00236,MOD00036,CRS005,2026-03-07,2026-03-15,Completed,7.04,56
PRG0004045,STU00236,MOD00037,CRS005,2026-03-06,2026-02-14,Completed,1.9,64
PRG0004046,STU00236,MOD00038,CRS005,2026-02-13,2026-04-28,In Progress,3.77,49
PRG0004047,STU00236,MOD00039,CRS005,2026-02-22,2026-05-09,In Progress,4.67,27
PRG0004048,STU00236,MOD00040,CRS005,2026-02-19,2026-02-27,Completed,6.25,97
PRG0004049,STU00236,MOD00041,CRS006,2026-02-21,2026-03-26,Completed,14.25,19
PRG0004050,STU00236,MOD00042,CRS006,2026-03-06,2026-04-15,Completed,3.77,58
PRG0004051,STU00236,MOD00043,CRS006,2026-02-13,2026-03-14,Completed,7.46,57
PRG0004052,STU00236,MOD00044,CRS006,2026-03-04,2026-05-05,Completed,13.9,67
PRG0004053,STU00236,MOD00045,CRS006,2026-03-04,2026-03-15,Completed,1.69,29
PRG0004054,STU00236,MOD00046,CRS006,2026-03-04,2026-03-22,Completed,9.97,51
PRG0004055,STU00236,MOD00047,CRS006,2026-02-15,2026-02-14,In Progress,1.21,21
PRG0004056,STU00236,MOD00048,CRS006,2026-03-10,2026-04-12,Completed,5.7,89
PRG0004057,STU00236,MOD00081,CRS011,2026-02-28,2026-04-05,Completed,5.46,4
PRG0004058,STU00236,MOD00082,CRS011,2026-03-02,2026-05-02,Completed,5.15,52
PRG0004059,STU00236,MOD00084,CRS011,2026-02-20,2026-04-05,Completed,14.03,2
PRG0004060,STU00236,MOD00085,CRS011,2026-02-27,2026-03-23,Not Started,3.6,76
PRG0004061,STU00236,MOD00086,CRS011,2026-03-02,2026-04-03,In Progress,3.23,66
PRG0004062,STU00237,MOD00137,CRS018,2025-06-15,2025-06-03,In Progress,4.45,13
PRG0004063,STU00237,MOD00138,CRS018,2025-06-02,2025-07-30,In Progress,1.03,9
PRG0004064,STU00237,MOD00139,CRS018,2025-07-01,2025-06-30,In Progress,2.57,39
PRG0004065,STU00237,MOD00140,CRS018,2025-06-26,2025-06-27,In Progress,14.08,56
PRG0004066,STU00237,MOD00141,CRS018,2025-06-04,2025-06-11,Completed,9.03,97
PRG0004067,STU00237,MOD00142,CRS018,2025-06-02,2025-06-06,Completed,1.26,11
PRG0004068,STU00237,MOD00143,CRS018,2025-06-10,2025-06-13,Not Started,6.27,42
PRG0004069,STU00237,MOD00144,CRS018,2025-06-14,2025-07-29,Completed,1.81,85
PRG0004070,STU00237,MOD00073,CRS010,2025-07-15,2025-08-19,Not Started,7.02,47
PRG0004071,STU00237,MOD00075,CRS010,2025-06-30,2025-08-28,In Progress,1.05,27
PRG0004072,STU00237,MOD00077,CRS010,2025-07-26,2025-06-28,In Progress,3.65,39
PRG0004073,STU00237,MOD00078,CRS010,2025-07-22,2025-09-10,Completed,2.92,51
PRG0004074,STU00237,MOD00080,CRS010,2025-07-09,2025-07-12,Not Started,3.15,82
PRG0004075,STU00237,MOD00105,CRS014,2025-12-11,2025-12-25,Not Started,5.35,97
PRG0004076,STU00237,MOD00106,CRS014,2025-12-26,2025-12-17,Completed,6.45,92
PRG0004077,STU00237,MOD00107,CRS014,2025-12-26,2025-12-23,In Progress,9.93,44
PRG0004078,STU00237,MOD00109,CRS014,2025-12-07,2026-02-20,Completed,6.91,61
PRG0004079,STU00237,MOD00110,CRS014,2025-12-09,2026-02-06,Completed,2.29,89
PRG0004080,STU00237,MOD00111,CRS014,2025-12-26,2025-12-28,Completed,2.0,15
PRG0004081,STU00237,MOD00001,CRS001,2025-08-03,2025-09-03,Completed,1.37,0
PRG0004082,STU00237,MOD00002,CRS001,2025-08-01,2025-10-06,Completed,2.75,40
PRG0004083,STU00237,MOD00003,CRS001,2025-07-19,2025-07-31,In Progress,2.15,17
PRG0004084,STU00237,MOD00004,CRS001,2025-07-27,2025-10-13,In Progress,7.97,24
PRG0004085,STU00237,MOD00005,CRS001,2025-07-26,2025-08-18,Completed,6.61,75
PRG0004086,STU00237,MOD00006,CRS001,2025-08-03,2025-09-11,Completed,9.92,84
PRG0004087,STU00237,MOD00007,CRS001,2025-08-04,2025-08-26,Completed,1.04,29
PRG0004088,STU00237,MOD00008,CRS001,2025-07-22,2025-08-17,In Progress,7.66,12
PRG0004089,STU00238,MOD00069,CRS009,2025-10-02,2025-12-15,In Progress,7.16,42
PRG0004090,STU00238,MOD00070,CRS009,2025-10-27,2025-10-21,Completed,1.19,6
PRG0004091,STU00238,MOD00041,CRS006,2026-02-24,2026-05-18,In Progress,1.78,41
PRG0004092,STU00238,MOD00042,CRS006,2026-03-06,2026-03-03,In Progress,2.61,71
PRG0004093,STU00238,MOD00043,CRS006,2026-03-01,2026-05-12,In Progress,1.53,11
PRG0004094,STU00238,MOD00044,CRS006,2026-02-21,2026-02-28,In Progress,8.78,17
PRG0004095,STU00238,MOD00045,CRS006,2026-02-27,2026-04-30,In Progress,5.33,48
PRG0004096,STU00238,MOD00046,CRS006,2026-03-12,2026-02-28,In Progress,8.55,90
PRG0004097,STU00238,MOD00047,CRS006,2026-03-20,2026-04-14,Completed,3.46,27
PRG0004098,STU00238,MOD00048,CRS006,2026-03-01,2026-05-18,Completed,1.62,86
PRG0004099,STU00239,MOD00011,CRS002,2025-11-11,2025-12-15,Not Started,7.88,8
PRG0004100,STU00239,MOD00012,CRS002,2025-11-02,2025-11-08,In Progress,5.24,17
PRG0004101,STU00239,MOD00014,CRS002,2025-11-04,2025-11-09,Completed,7.4,36
PRG0004102,STU00239,MOD00015,CRS002,2025-11-10,2025-11-07,In Progress,8.84,91
PRG0004103,STU00239,MOD00016,CRS002,2025-10-29,2025-11-18,Completed,3.88,14
PRG0004104,STU00239,MOD00073,CRS010,2025-04-29,2025-07-03,Completed,4.29,40
PRG0004105,STU00239,MOD00074,CRS010,2025-05-05,2025-07-01,Completed,9.05,55
PRG0004106,STU00239,MOD00075,CRS010,2025-05-12,2025-05-18,Completed,2.56,85
PRG0004107,STU00239,MOD00076,CRS010,2025-05-04,2025-05-16,In Progress,10.29,17
PRG0004108,STU00239,MOD00077,CRS010,2025-05-03,2025-05-06,In Progress,3.22,51
PRG0004109,STU00239,MOD00078,CRS010,2025-05-15,2025-04-30,Completed,5.44,30
PRG0004110,STU00239,MOD00079,CRS010,2025-04-24,2025-07-03,In Progress,8.95,21
PRG0004111,STU00239,MOD00080,CRS010,2025-04-26,2025-05-10,Not Started,2.45,32
PRG0004112,STU00240,MOD00025,CRS004,2025-08-06,2025-07-25,Completed,10.79,28
PRG0004113,STU00240,MOD00026,CRS004,2025-07-23,2025-08-12,Completed,7.72,3
PRG0004114,STU00240,MOD00027,CRS004,2025-07-25,2025-09-10,Completed,5.68,89
PRG0004115,STU00240,MOD00028,CRS004,2025-07-31,2025-10-03,In Progress,1.53,81
PRG0004116,STU00240,MOD00029,CRS004,2025-08-01,2025-08-01,In Progress,7.63,78
PRG0004117,STU00240,MOD00030,CRS004,2025-08-08,2025-08-25,Completed,6.5,2
PRG0004118,STU00240,MOD00031,CRS004,2025-07-18,2025-08-29,Not Started,4.04,14
PRG0004119,STU00240,MOD00032,CRS004,2025-08-07,2025-08-30,Completed,1.15,18
PRG0004120,STU00240,MOD00137,CRS018,2025-12-01,2025-12-24,Completed,12.15,22
PRG0004121,STU00240,MOD00138,CRS018,2025-11-26,2026-02-08,In Progress,4.69,62
PRG0004122,STU00240,MOD00139,CRS018,2025-11-22,2026-01-13,Not Started,4.98,25
PRG0004123,STU00240,MOD00140,CRS018,2025-11-26,2026-01-17,In Progress,5.42,44
PRG0004124,STU00240,MOD00141,CRS018,2025-12-15,2026-02-06,In Progress,4.57,57
PRG0004125,STU00240,MOD00142,CRS018,2025-11-17,2025-11-25,Completed,8.43,50
PRG0004126,STU00240,MOD00143,CRS018,2025-11-29,2025-11-17,Completed,4.43,18
PRG0004127,STU00240,MOD00144,CRS018,2025-11-27,2026-02-07,Completed,2.51,13
PRG0004128,STU00241,MOD00129,CRS017,2026-02-04,2026-03-18,Completed,5.25,26
PRG0004129,STU00241,MOD00130,CRS017,2026-01-30,2026-01-07,Completed,4.98,31
PRG0004130,STU00241,MOD00131,CRS017,2026-02-04,2026-03-12,In Progress,2.16,21
PRG0004131,STU00241,MOD00132,CRS017,2026-01-25,2026-03-18,Completed,3.33,21
PRG0004132,STU00241,MOD00133,CRS017,2026-01-06,2026-03-07,In Progress,7.52,25
PRG0004133,STU00241,MOD00134,CRS017,2026-01-25,2026-03-03,Completed,5.69,45
PRG0004134,STU00241,MOD00135,CRS017,2026-01-14,2026-03-16,Completed,3.02,60
PRG0004135,STU00241,MOD00136,CRS017,2026-01-07,2026-03-25,Completed,1.18,37
PRG0004136,STU00241,MOD00075,CRS010,2026-01-26,2026-01-26,Completed,2.4,97
PRG0004137,STU00241,MOD00078,CRS010,2026-01-10,2026-03-26,In Progress,2.64,42
PRG0004138,STU00241,MOD00079,CRS010,2026-01-27,2026-01-08,Completed,6.09,10
PRG0004139,STU00241,MOD00080,CRS010,2026-01-08,2026-03-26,Completed,2.88,32
PRG0004140,STU00242,MOD00097,CRS013,2025-06-10,2025-06-05,Completed,1.67,26
PRG0004141,STU00242,MOD00098,CRS013,2025-05-27,2025-05-31,Completed,3.58,19
PRG0004142,STU00242,MOD00100,CRS013,2025-05-13,2025-06-07,In Progress,5.44,81
PRG0004143,STU00242,MOD00101,CRS013,2025-05-27,2025-06-25,In Progress,2.15,55
PRG0004144,STU00242,MOD00103,CRS013,2025-06-12,2025-07-24,Completed,3.12,53
PRG0004145,STU00242,MOD00104,CRS013,2025-05-20,2025-05-29,Completed,8.2,54
PRG0004146,STU00242,MOD00106,CRS014,2025-12-10,2025-12-29,Completed,3.27,0
PRG0004147,STU00242,MOD00107,CRS014,2025-11-27,2025-12-22,Completed,1.21,12
PRG0004148,STU00242,MOD00108,CRS014,2025-11-27,2026-02-02,Completed,1.43,69
PRG0004149,STU00242,MOD00109,CRS014,2025-12-14,2026-01-01,Completed,1.95,93
PRG0004150,STU00242,MOD00110,CRS014,2025-12-04,2026-01-11,Completed,9.12,52
PRG0004151,STU00242,MOD00112,CRS014,2025-11-19,2026-02-03,Completed,1.19,45
PRG0004152,STU00242,MOD00081,CRS011,2025-08-07,2025-07-15,In Progress,7.27,52
PRG0004153,STU00242,MOD00082,CRS011,2025-08-03,2025-09-04,Completed,9.99,24
PRG0004154,STU00242,MOD00083,CRS011,2025-08-07,2025-08-02,In Progress,4.54,89
PRG0004155,STU00242,MOD00084,CRS011,2025-07-17,2025-07-30,In Progress,14.71,6
PRG0004156,STU00242,MOD00085,CRS011,2025-08-07,2025-09-21,Completed,3.96,56
PRG0004157,STU00242,MOD00086,CRS011,2025-07-19,2025-08-26,Not Started,3.59,89
PRG0004158,STU00242,MOD00087,CRS011,2025-07-21,2025-09-14,Not Started,3.44,43
PRG0004159,STU00242,MOD00088,CRS011,2025-08-02,2025-08-07,Completed,1.16,13
PRG0004160,STU00242,MOD00009,CRS002,2025-11-29,2025-12-13,In Progress,11.21,40
PRG0004161,STU00242,MOD00010,CRS002,2025-11-13,2025-11-24,Completed,9.8,70
PRG0004162,STU00242,MOD00011,CRS002,2025-11-12,2025-11-06,Completed,10.34,35
PRG0004163,STU00242,MOD00012,CRS002,2025-10-31,2025-12-01,Completed,8.27,45
PRG0004164,STU00242,MOD00013,CRS002,2025-11-17,2026-01-04,Completed,10.49,60
PRG0004165,STU00242,MOD00014,CRS002,2025-11-17,2025-12-26,Completed,6.78,39
PRG0004166,STU00242,MOD00015,CRS002,2025-11-04,2025-11-23,In Progress,12.16,47
PRG0004167,STU00242,MOD00016,CRS002,2025-11-10,2026-01-28,In Progress,8.27,46
PRG0004168,STU00243,MOD00057,CRS008,2025-12-01,2025-12-02,Completed,7.35,72
PRG0004169,STU00243,MOD00058,CRS008,2025-12-06,2026-01-22,Completed,5.86,11
PRG0004170,STU00243,MOD00059,CRS008,2025-12-02,2026-01-23,Not Started,3.79,28
PRG0004171,STU00243,MOD00060,CRS008,2025-12-05,2026-01-08,Completed,13.14,56
PRG0004172,STU00243,MOD00061,CRS008,2025-12-06,2026-02-22,Completed,13.47,0
PRG0004173,STU00243,MOD00062,CRS008,2025-12-24,2026-01-11,Not Started,8.13,4
PRG0004174,STU00243,MOD00063,CRS008,2025-11-29,2026-01-10,In Progress,4.37,23
PRG0004175,STU00243,MOD00064,CRS008,2025-12-02,2025-12-22,Completed,7.52,99
PRG0004176,STU00243,MOD00089,CRS012,2025-11-20,2025-11-30,Completed,7.06,95
PRG0004177,STU00243,MOD00090,CRS012,2025-11-25,2026-01-08,In Progress,13.43,75
PRG0004178,STU00243,MOD00092,CRS012,2025-11-25,2026-01-07,Completed,4.16,94
PRG0004179,STU00243,MOD00093,CRS012,2025-11-11,2026-01-17,In Progress,8.99,73
PRG0004180,STU00243,MOD00096,CRS012,2025-11-07,2026-01-25,Not Started,5.1,50
PRG0004181,STU00243,MOD00138,CRS018,2026-02-17,2026-03-10,Completed,4.16,69
PRG0004182,STU00243,MOD00140,CRS018,2026-03-10,2026-03-01,Completed,11.27,71
PRG0004183,STU00243,MOD00141,CRS018,2026-02-26,2026-04-02,Completed,2.47,98
PRG0004184,STU00243,MOD00142,CRS018,2026-03-06,2026-03-13,Not Started,6.14,89
PRG0004185,STU00243,MOD00143,CRS018,2026-03-04,2026-04-24,Completed,1.03,30
PRG0004186,STU00243,MOD00144,CRS018,2026-02-19,2026-04-30,Completed,3.14,100
PRG0004187,STU00243,MOD00049,CRS007,2025-05-10,2025-06-06,Completed,4.42,82
PRG0004188,STU00243,MOD00050,CRS007,2025-05-28,2025-06-10,Completed,11.62,5
PRG0004189,STU00243,MOD00051,CRS007,2025-05-19,2025-05-23,In Progress,1.88,81
PRG0004190,STU00243,MOD00052,CRS007,2025-05-11,2025-06-07,In Progress,3.38,57
PRG0004191,STU00243,MOD00053,CRS007,2025-05-19,2025-05-15,In Progress,1.2,93
PRG0004192,STU00243,MOD00054,CRS007,2025-05-11,2025-07-15,In Progress,2.03,78
PRG0004193,STU00243,MOD00055,CRS007,2025-05-31,2025-07-21,In Progress,5.31,94
PRG0004194,STU00243,MOD00056,CRS007,2025-05-26,2025-07-18,In Progress,8.15,54
PRG0004195,STU00245,MOD00025,CRS004,2025-12-25,2026-01-18,Not Started,3.73,39
PRG0004196,STU00245,MOD00026,CRS004,2025-12-24,2026-03-08,Completed,10.46,83
PRG0004197,STU00245,MOD00027,CRS004,2026-01-03,2026-03-07,In Progress,7.52,49
PRG0004198,STU00245,MOD00028,CRS004,2026-01-07,2026-03-07,In Progress,2.84,84
PRG0004199,STU00245,MOD00029,CRS004,2025-12-29,2025-12-10,Completed,7.68,49
PRG0004200,STU00245,MOD00030,CRS004,2025-12-13,2026-01-03,Completed,6.69,41
PRG0004201,STU00245,MOD00031,CRS004,2025-12-16,2026-01-03,Completed,4.82,43
PRG0004202,STU00245,MOD00032,CRS004,2025-12-26,2026-01-21,In Progress,1.28,23
PRG0004203,STU00245,MOD00101,CRS013,2025-09-19,2025-10-04,Completed,1.63,85
PRG0004204,STU00245,MOD00104,CRS013,2025-09-27,2025-10-03,Completed,6.52,24
PRG0004205,STU00245,MOD00009,CRS002,2026-02-24,2026-03-24,Completed,7.09,37
PRG0004206,STU00245,MOD00010,CRS002,2026-03-11,2026-04-04,In Progress,8.31,90
PRG0004207,STU00245,MOD00011,CRS002,2026-03-03,2026-04-06,In Progress,10.37,5
PRG0004208,STU00245,MOD00012,CRS002,2026-02-24,2026-02-25,Completed,1.91,32
PRG0004209,STU00245,MOD00013,CRS002,2026-03-05,2026-04-01,Completed,12.67,46
PRG0004210,STU00245,MOD00014,CRS002,2026-03-17,2026-04-22,In Progress,1.72,20
PRG0004211,STU00245,MOD00015,CRS002,2026-03-10,2026-03-24,Not Started,8.46,81
PRG0004212,STU00245,MOD00016,CRS002,2026-03-13,2026-02-22,In Progress,4.57,56
PRG0004213,STU00245,MOD00105,CRS014,2025-12-18,2026-01-05,In Progress,5.53,69
PRG0004214,STU00245,MOD00106,CRS014,2026-01-03,2026-03-05,Completed,5.25,36
PRG0004215,STU00245,MOD00107,CRS014,2026-01-05,2026-01-29,Completed,1.05,32
PRG0004216,STU00245,MOD00108,CRS014,2025-12-24,2026-01-27,Completed,1.71,52
PRG0004217,STU00245,MOD00109,CRS014,2025-12-24,2026-02-07,Completed,5.73,98
PRG0004218,STU00245,MOD00110,CRS014,2026-01-08,2026-03-11,Completed,12.11,29
PRG0004219,STU00245,MOD00111,CRS014,2025-12-29,2026-02-05,In Progress,1.96,92
PRG0004220,STU00245,MOD00112,CRS014,2025-12-22,2026-03-11,In Progress,1.07,66
PRG0004221,STU00245,MOD00066,CRS009,2026-03-04,2026-04-04,In Progress,10.34,18
PRG0004222,STU00245,MOD00070,CRS009,2026-03-16,2026-05-13,Completed,1.22,56
PRG0004223,STU00245,MOD00071,CRS009,2026-02-24,2026-05-12,Completed,2.3,98
PRG0004224,STU00246,MOD00012,CRS002,2025-08-11,2025-10-27,Completed,1.31,26
PRG0004225,STU00246,MOD00014,CRS002,2025-08-10,2025-10-19,Completed,3.84,60
PRG0004226,STU00246,MOD00033,CRS005,2026-04-08,2026-03-26,Completed,3.42,30
PRG0004227,STU00246,MOD00034,CRS005,2026-04-11,2026-04-15,Completed,6.08,9
PRG0004228,STU00246,MOD00035,CRS005,2026-03-21,2026-05-29,Not Started,11.96,78
PRG0004229,STU00246,MOD00036,CRS005,2026-03-16,2026-04-29,Completed,5.56,20
PRG0004230,STU00246,MOD00037,CRS005,2026-03-29,2026-03-22,In Progress,2.8,16
PRG0004231,STU00246,MOD00038,CRS005,2026-04-01,2026-04-15,In Progress,2.56,35
PRG0004232,STU00246,MOD00039,CRS005,2026-04-09,2026-03-23,Completed,5.96,41
PRG0004233,STU00246,MOD00040,CRS005,2026-04-02,2026-05-24,In Progress,6.13,70
PRG0004234,STU00247,MOD00073,CRS010,2025-08-20,2025-10-10,Completed,2.03,84
PRG0004235,STU00247,MOD00074,CRS010,2025-09-10,2025-08-23,Not Started,10.32,21
PRG0004236,STU00247,MOD00075,CRS010,2025-09-06,2025-10-29,Completed,1.58,53
PRG0004237,STU00247,MOD00076,CRS010,2025-08-30,2025-10-23,Completed,2.3,34
PRG0004238,STU00247,MOD00077,CRS010,2025-08-19,2025-10-31,Completed,3.42,2
PRG0004239,STU00247,MOD00078,CRS010,2025-09-16,2025-09-22,Completed,4.47,32
PRG0004240,STU00247,MOD00079,CRS010,2025-08-29,2025-09-11,Completed,4.05,70
PRG0004241,STU00247,MOD00080,CRS010,2025-08-27,2025-10-19,Completed,4.17,33
PRG0004242,STU00247,MOD00121,CRS016,2025-10-05,2025-12-12,In Progress,6.21,61
PRG0004243,STU00247,MOD00124,CRS016,2025-09-26,2025-09-25,Completed,5.0,64
PRG0004244,STU00247,MOD00127,CRS016,2025-09-22,2025-10-03,Completed,1.58,76
PRG0004245,STU00247,MOD00128,CRS016,2025-10-08,2025-10-02,In Progress,7.53,9
PRG0004246,STU00247,MOD00138,CRS018,2025-09-02,2025-08-23,Completed,2.27,63
PRG0004247,STU00247,MOD00139,CRS018,2025-09-04,2025-10-13,Completed,2.94,91
PRG0004248,STU00247,MOD00140,CRS018,2025-09-04,2025-08-21,In Progress,2.04,82
PRG0004249,STU00247,MOD00141,CRS018,2025-08-28,2025-10-19,Not Started,9.08,47
PRG0004250,STU00247,MOD00142,CRS018,2025-08-23,2025-10-18,Completed,3.1,15
PRG0004251,STU00247,MOD00089,CRS012,2026-01-05,2026-01-31,Completed,6.22,87
PRG0004252,STU00247,MOD00090,CRS012,2026-01-10,2026-02-05,In Progress,2.19,77
PRG0004253,STU00247,MOD00091,CRS012,2026-01-03,2026-02-25,In Progress,6.28,66
PRG0004254,STU00247,MOD00092,CRS012,2026-01-13,2026-03-15,Completed,1.0,65
PRG0004255,STU00247,MOD00093,CRS012,2026-01-05,2026-02-05,Completed,12.23,46
PRG0004256,STU00247,MOD00094,CRS012,2025-12-30,2026-02-13,In Progress,10.06,7
PRG0004257,STU00247,MOD00095,CRS012,2025-12-24,2025-12-23,Completed,2.12,70
PRG0004258,STU00247,MOD00096,CRS012,2026-01-07,2026-02-10,Completed,6.66,19
PRG0004259,STU00247,MOD00017,CRS003,2025-11-25,2026-02-17,Completed,7.33,11
PRG0004260,STU00247,MOD00018,CRS003,2025-12-19,2026-02-05,Not Started,1.18,60
PRG0004261,STU00247,MOD00019,CRS003,2025-11-26,2026-01-26,Completed,5.53,92
PRG0004262,STU00247,MOD00020,CRS003,2025-12-04,2025-11-30,Completed,4.33,72
PRG0004263,STU00247,MOD00021,CRS003,2025-12-14,2026-02-12,Completed,5.44,22
PRG0004264,STU00247,MOD00022,CRS003,2025-11-23,2026-02-18,Completed,12.27,60
PRG0004265,STU00247,MOD00023,CRS003,2025-12-12,2026-02-09,Completed,4.24,86
PRG0004266,STU00248,MOD00042,CRS006,2026-04-10,2026-05-30,Completed,3.08,95
PRG0004267,STU00248,MOD00045,CRS006,2026-04-07,2026-04-05,Completed,3.49,86
PRG0004268,STU00248,MOD00046,CRS006,2026-04-07,2026-04-17,In Progress,2.82,36
PRG0004269,STU00248,MOD00047,CRS006,2026-03-23,2026-03-29,Completed,9.98,56
PRG0004270,STU00248,MOD00048,CRS006,2026-04-13,2026-06-10,In Progress,1.46,24
PRG0004271,STU00248,MOD00137,CRS018,2026-04-02,2026-05-11,Completed,2.61,86
PRG0004272,STU00248,MOD00138,CRS018,2026-04-07,2026-03-15,In Progress,3.08,63
PRG0004273,STU00248,MOD00139,CRS018,2026-04-08,2026-05-12,Completed,4.29,46
PRG0004274,STU00248,MOD00140,CRS018,2026-04-02,2026-05-04,Completed,2.1,34
PRG0004275,STU00248,MOD00141,CRS018,2026-03-15,2026-05-19,Completed,14.38,43
PRG0004276,STU00248,MOD00142,CRS018,2026-03-19,2026-04-20,In Progress,8.41,56
PRG0004277,STU00248,MOD00143,CRS018,2026-03-24,2026-03-18,Completed,4.75,55
PRG0004278,STU00248,MOD00144,CRS018,2026-03-22,2026-05-01,In Progress,2.11,56
PRG0004279,STU00248,MOD00097,CRS013,2026-04-11,2026-03-29,Completed,14.48,89
PRG0004280,STU00248,MOD00098,CRS013,2026-04-08,2026-06-11,In Progress,8.7,32
PRG0004281,STU00248,MOD00099,CRS013,2026-03-27,2026-05-19,In Progress,6.35,93
PRG0004282,STU00248,MOD00100,CRS013,2026-03-21,2026-04-05,Completed,3.32,73
PRG0004283,STU00248,MOD00101,CRS013,2026-03-30,2026-06-08,Completed,2.64,58
PRG0004284,STU00248,MOD00102,CRS013,2026-03-20,2026-06-06,Completed,4.28,68
PRG0004285,STU00248,MOD00103,CRS013,2026-04-07,2026-03-20,In Progress,1.52,53
PRG0004286,STU00248,MOD00104,CRS013,2026-03-25,2026-06-01,Not Started,4.96,17
PRG0004287,STU00248,MOD00018,CRS003,2026-04-09,2026-04-04,In Progress,2.81,61
PRG0004288,STU00248,MOD00021,CRS003,2026-04-02,2026-04-02,Not Started,6.55,36
PRG0004289,STU00249,MOD00129,CRS017,2025-11-25,2025-12-21,Completed,2.47,74
PRG0004290,STU00249,MOD00130,CRS017,2025-11-25,2025-11-25,Completed,7.02,32
PRG0004291,STU00249,MOD00131,CRS017,2025-12-06,2025-12-05,Completed,1.86,58
PRG0004292,STU00249,MOD00132,CRS017,2025-11-21,2026-01-19,Completed,2.36,18
PRG0004293,STU00249,MOD00133,CRS017,2025-12-09,2025-12-05,Completed,11.8,54
PRG0004294,STU00249,MOD00134,CRS017,2025-11-27,2026-01-17,In Progress,6.0,69
PRG0004295,STU00249,MOD00135,CRS017,2025-12-11,2026-01-11,Completed,4.07,65
PRG0004296,STU00249,MOD00136,CRS017,2025-11-25,2025-12-19,Not Started,2.88,0
PRG0004297,STU00249,MOD00121,CRS016,2026-04-08,2026-04-07,In Progress,8.27,88
PRG0004298,STU00249,MOD00122,CRS016,2026-04-02,2026-03-21,In Progress,2.93,55
PRG0004299,STU00249,MOD00123,CRS016,2026-04-03,2026-05-02,In Progress,1.13,89
PRG0004300,STU00249,MOD00124,CRS016,2026-03-28,2026-05-08,In Progress,4.35,3
PRG0004301,STU00249,MOD00125,CRS016,2026-04-15,2026-04-25,In Progress,2.06,100
PRG0004302,STU00249,MOD00126,CRS016,2026-04-08,2026-04-21,Completed,7.31,44
PRG0004303,STU00249,MOD00127,CRS016,2026-04-18,2026-03-29,Not Started,4.89,51
PRG0004304,STU00249,MOD00128,CRS016,2026-03-24,2026-06-18,Not Started,9.24,7
PRG0004305,STU00249,MOD00138,CRS018,2025-07-12,2025-08-11,In Progress,4.37,40
PRG0004306,STU00249,MOD00140,CRS018,2025-06-30,2025-07-16,In Progress,7.29,38
PRG0004307,STU00249,MOD00141,CRS018,2025-06-30,2025-07-27,In Progress,14.44,22
PRG0004308,STU00249,MOD00001,CRS001,2025-08-03,2025-10-09,Completed,8.14,36
PRG0004309,STU00249,MOD00002,CRS001,2025-08-28,2025-09-16,Completed,2.72,13
PRG0004310,STU00249,MOD00003,CRS001,2025-08-03,2025-08-28,Completed,1.14,69
PRG0004311,STU00249,MOD00004,CRS001,2025-08-18,2025-10-03,Completed,10.97,50
PRG0004312,STU00249,MOD00005,CRS001,2025-08-11,2025-10-30,In Progress,5.85,65
PRG0004313,STU00249,MOD00006,CRS001,2025-08-13,2025-09-19,Completed,5.11,90
PRG0004314,STU00249,MOD00007,CRS001,2025-08-03,2025-10-07,Not Started,2.32,70
PRG0004315,STU00249,MOD00008,CRS001,2025-08-06,2025-09-14,Completed,14.13,84
PRG0004316,STU00249,MOD00025,CRS004,2025-09-12,2025-10-14,Completed,1.52,40
PRG0004317,STU00249,MOD00026,CRS004,2025-09-14,2025-09-30,Completed,9.76,77
PRG0004318,STU00249,MOD00027,CRS004,2025-09-04,2025-09-18,Completed,13.47,88
PRG0004319,STU00249,MOD00028,CRS004,2025-09-04,2025-10-23,In Progress,4.12,5
PRG0004320,STU00249,MOD00029,CRS004,2025-09-16,2025-09-24,In Progress,3.09,78
PRG0004321,STU00249,MOD00030,CRS004,2025-09-22,2025-10-24,Completed,6.87,21
PRG0004322,STU00249,MOD00031,CRS004,2025-08-31,2025-08-29,Completed,3.81,48
PRG0004323,STU00249,MOD00032,CRS004,2025-09-04,2025-09-12,In Progress,7.04,95
PRG0004324,STU00250,MOD00081,CRS011,2025-09-12,2025-11-08,In Progress,6.06,23
PRG0004325,STU00250,MOD00082,CRS011,2025-09-15,2025-10-29,In Progress,13.27,92
PRG0004326,STU00250,MOD00083,CRS011,2025-08-30,2025-11-03,Not Started,5.59,71
PRG0004327,STU00250,MOD00084,CRS011,2025-09-07,2025-10-26,Not Started,14.39,0
PRG0004328,STU00250,MOD00085,CRS011,2025-09-20,2025-11-07,Completed,2.44,81
PRG0004329,STU00251,MOD00097,CRS013,2025-05-19,2025-07-09,Completed,13.47,22
PRG0004330,STU00251,MOD00098,CRS013,2025-05-28,2025-05-25,In Progress,7.81,57
PRG0004331,STU00251,MOD00099,CRS013,2025-05-30,2025-05-13,Completed,3.64,43
PRG0004332,STU00251,MOD00100,CRS013,2025-05-30,2025-07-22,Completed,1.4,16
PRG0004333,STU00251,MOD00101,CRS013,2025-05-15,2025-07-29,In Progress,1.25,70
PRG0004334,STU00251,MOD00102,CRS013,2025-06-06,2025-07-05,Not Started,1.08,90
PRG0004335,STU00251,MOD00103,CRS013,2025-05-16,2025-05-14,In Progress,4.4,42
PRG0004336,STU00251,MOD00104,CRS013,2025-05-17,2025-06-30,Completed,6.81,89
PRG0004337,STU00252,MOD00001,CRS001,2025-10-05,2025-11-14,In Progress,11.81,83
PRG0004338,STU00252,MOD00002,CRS001,2025-09-20,2025-10-01,Completed,2.94,68
PRG0004339,STU00252,MOD00003,CRS001,2025-09-19,2025-11-03,In Progress,5.0,100
PRG0004340,STU00252,MOD00004,CRS001,2025-09-29,2025-12-09,Completed,7.6,100
PRG0004341,STU00252,MOD00005,CRS001,2025-09-27,2025-11-05,In Progress,5.16,35
PRG0004342,STU00252,MOD00006,CRS001,2025-10-16,2025-10-21,In Progress,5.1,95
PRG0004343,STU00252,MOD00007,CRS001,2025-09-22,2025-10-10,In Progress,1.56,88
PRG0004344,STU00252,MOD00008,CRS001,2025-10-04,2025-12-04,Completed,8.49,88
PRG0004345,STU00252,MOD00129,CRS017,2025-11-01,2026-01-25,In Progress,5.46,30
PRG0004346,STU00252,MOD00130,CRS017,2025-11-09,2025-12-12,Completed,7.52,35
PRG0004347,STU00252,MOD00131,CRS017,2025-11-14,2025-12-07,Completed,1.83,81
PRG0004348,STU00252,MOD00132,CRS017,2025-11-11,2025-11-28,Completed,1.64,91
PRG0004349,STU00252,MOD00133,CRS017,2025-11-28,2025-12-03,Completed,1.36,15
PRG0004350,STU00252,MOD00134,CRS017,2025-12-01,2026-01-05,Completed,10.54,48
PRG0004351,STU00252,MOD00135,CRS017,2025-11-08,2025-12-03,Completed,7.05,6
PRG0004352,STU00252,MOD00136,CRS017,2025-11-29,2026-01-11,In Progress,1.61,69
PRG0004353,STU00252,MOD00089,CRS012,2025-08-29,2025-08-14,Completed,4.06,58
PRG0004354,STU00252,MOD00090,CRS012,2025-08-24,2025-08-25,Completed,7.42,16
PRG0004355,STU00252,MOD00091,CRS012,2025-08-13,2025-10-01,Completed,8.29,9
PRG0004356,STU00252,MOD00092,CRS012,2025-08-28,2025-09-17,Completed,2.51,79
PRG0004357,STU00252,MOD00093,CRS012,2025-08-21,2025-10-13,In Progress,4.7,63
PRG0004358,STU00252,MOD00094,CRS012,2025-08-09,2025-10-17,Completed,13.2,3
PRG0004359,STU00252,MOD00095,CRS012,2025-08-09,2025-10-22,Completed,4.15,17
PRG0004360,STU00252,MOD00096,CRS012,2025-08-19,2025-08-10,Completed,4.75,46
PRG0004361,STU00253,MOD00050,CRS007,2025-06-04,2025-08-13,Completed,5.31,20
PRG0004362,STU00253,MOD00051,CRS007,2025-06-06,2025-08-26,In Progress,1.93,7
PRG0004363,STU00253,MOD00054,CRS007,2025-06-22,2025-08-06,Completed,2.52,50
PRG0004364,STU00253,MOD00055,CRS007,2025-06-05,2025-06-11,In Progress,4.55,11
PRG0004365,STU00253,MOD00056,CRS007,2025-07-01,2025-07-20,Completed,9.88,40
PRG0004366,STU00253,MOD00082,CRS011,2026-01-18,2026-03-20,Completed,8.88,97
PRG0004367,STU00253,MOD00084,CRS011,2025-12-30,2025-12-28,Completed,11.84,18
PRG0004368,STU00253,MOD00085,CRS011,2025-12-25,2026-01-18,In Progress,3.36,30
PRG0004369,STU00253,MOD00086,CRS011,2026-01-22,2026-01-05,In Progress,3.58,36
PRG0004370,STU00253,MOD00088,CRS011,2026-01-16,2026-03-24,Completed,1.7,98
PRG0004371,STU00253,MOD00133,CRS017,2025-08-17,2025-08-04,In Progress,12.26,46
PRG0004372,STU00254,MOD00138,CRS018,2025-10-23,2025-11-29,Not Started,4.11,32
PRG0004373,STU00254,MOD00139,CRS018,2025-11-17,2026-01-15,Completed,1.77,38
PRG0004374,STU00254,MOD00141,CRS018,2025-11-20,2026-01-08,Completed,14.53,14
PRG0004375,STU00254,MOD00142,CRS018,2025-11-01,2025-11-22,Completed,6.53,46
PRG0004376,STU00254,MOD00144,CRS018,2025-11-11,2026-01-19,In Progress,3.42,59
PRG0004377,STU00254,MOD00001,CRS001,2025-11-05,2025-11-04,Completed,3.63,16
PRG0004378,STU00254,MOD00002,CRS001,2025-10-26,2025-11-12,Completed,1.33,11
PRG0004379,STU00254,MOD00003,CRS001,2025-11-14,2025-11-19,Completed,10.44,5
PRG0004380,STU00254,MOD00004,CRS001,2025-11-10,2025-12-02,Completed,3.03,67
PRG0004381,STU00254,MOD00005,CRS001,2025-10-24,2026-01-03,Completed,8.4,8
PRG0004382,STU00254,MOD00006,CRS001,2025-11-13,2025-12-15,Completed,4.42,24
PRG0004383,STU00254,MOD00007,CRS001,2025-11-10,2025-11-06,In Progress,7.95,4
PRG0004384,STU00254,MOD00008,CRS001,2025-10-25,2026-01-17,Completed,5.49,71
PRG0004385,STU00254,MOD00017,CRS003,2025-12-27,2026-02-19,Not Started,2.52,55
PRG0004386,STU00254,MOD00019,CRS003,2026-01-08,2025-12-31,Not Started,13.17,91
PRG0004387,STU00254,MOD00023,CRS003,2026-01-20,2026-03-18,Completed,3.74,72
PRG0004388,STU00254,MOD00024,CRS003,2025-12-27,2026-02-27,In Progress,7.71,4
PRG0004389,STU00254,MOD00049,CRS007,2025-12-21,2025-11-28,Completed,4.61,100
PRG0004390,STU00254,MOD00050,CRS007,2025-12-18,2025-12-26,Completed,10.99,75
PRG0004391,STU00254,MOD00051,CRS007,2025-11-24,2026-01-27,Completed,6.81,60
PRG0004392,STU00254,MOD00052,CRS007,2025-12-05,2025-12-02,In Progress,4.97,44
PRG0004393,STU00254,MOD00053,CRS007,2025-11-28,2026-01-09,In Progress,5.24,19
PRG0004394,STU00254,MOD00054,CRS007,2025-12-20,2026-01-12,In Progress,1.42,50
PRG0004395,STU00254,MOD00055,CRS007,2025-11-30,2026-02-17,Completed,4.21,93
PRG0004396,STU00254,MOD00056,CRS007,2025-12-14,2026-02-18,In Progress,10.61,40
PRG0004397,STU00254,MOD00129,CRS017,2025-06-15,2025-07-20,Not Started,5.86,24
PRG0004398,STU00254,MOD00130,CRS017,2025-06-11,2025-08-11,Completed,9.49,7
PRG0004399,STU00254,MOD00131,CRS017,2025-06-20,2025-07-23,Completed,1.69,77
PRG0004400,STU00254,MOD00132,CRS017,2025-06-22,2025-08-09,In Progress,5.84,50
PRG0004401,STU00254,MOD00133,CRS017,2025-05-31,2025-06-11,Not Started,4.1,88
PRG0004402,STU00254,MOD00134,CRS017,2025-05-24,2025-07-27,Completed,8.49,66
PRG0004403,STU00254,MOD00135,CRS017,2025-06-18,2025-05-28,Completed,10.53,8
PRG0004404,STU00254,MOD00136,CRS017,2025-05-25,2025-08-04,Completed,3.0,27
PRG0004405,STU00255,MOD00017,CRS003,2026-02-02,2026-01-10,In Progress,3.64,68
PRG0004406,STU00255,MOD00018,CRS003,2026-01-15,2026-02-12,In Progress,2.9,67
PRG0004407,STU00255,MOD00019,CRS003,2026-01-25,2026-03-31,Completed,6.85,76
PRG0004408,STU00255,MOD00020,CRS003,2026-02-01,2026-03-21,Completed,1.71,41
PRG0004409,STU00255,MOD00021,CRS003,2026-02-01,2026-04-05,Completed,3.43,43
PRG0004410,STU00255,MOD00022,CRS003,2026-01-17,2026-02-16,Not Started,2.41,79
PRG0004411,STU00255,MOD00023,CRS003,2026-02-03,2026-03-21,Not Started,4.91,27
PRG0004412,STU00255,MOD00024,CRS003,2026-01-22,2026-01-28,In Progress,4.29,63
PRG0004413,STU00255,MOD00034,CRS005,2025-12-17,2025-12-28,Completed,5.5,81
PRG0004414,STU00255,MOD00035,CRS005,2026-01-01,2026-01-02,Completed,1.46,88
PRG0004415,STU00255,MOD00036,CRS005,2025-12-10,2026-01-28,Completed,3.96,53
PRG0004416,STU00255,MOD00038,CRS005,2025-12-15,2026-02-02,Not Started,1.93,50
PRG0004417,STU00255,MOD00039,CRS005,2025-12-26,2025-12-14,Completed,4.2,13
PRG0004418,STU00255,MOD00040,CRS005,2025-12-13,2025-12-24,Completed,4.13,4
PRG0004419,STU00255,MOD00001,CRS001,2026-04-19,2026-04-11,Completed,2.22,99
PRG0004420,STU00255,MOD00002,CRS001,2026-05-05,2026-04-21,Completed,1.36,14
PRG0004421,STU00255,MOD00007,CRS001,2026-04-27,2026-05-29,Completed,3.46,3
PRG0004422,STU00255,MOD00113,CRS015,2025-12-18,2026-02-18,Completed,11.48,2
PRG0004423,STU00255,MOD00114,CRS015,2025-12-12,2026-01-15,In Progress,3.97,44
PRG0004424,STU00255,MOD00116,CRS015,2025-12-14,2026-02-05,Not Started,4.04,96
PRG0004425,STU00255,MOD00117,CRS015,2025-12-29,2026-01-01,Completed,1.31,34
PRG0004426,STU00255,MOD00118,CRS015,2025-12-08,2026-01-09,In Progress,8.44,80
PRG0004427,STU00255,MOD00119,CRS015,2025-12-10,2026-01-15,In Progress,3.3,52
PRG0004428,STU00255,MOD00120,CRS015,2025-12-02,2025-12-04,Completed,1.02,11
PRG0004429,STU00256,MOD00017,CRS003,2026-03-29,2026-06-17,Completed,1.64,93
PRG0004430,STU00256,MOD00018,CRS003,2026-04-04,2026-04-17,Completed,2.86,68
PRG0004431,STU00256,MOD00019,CRS003,2026-04-15,2026-03-29,Not Started,5.06,86
PRG0004432,STU00256,MOD00020,CRS003,2026-03-21,2026-06-04,Completed,1.15,91
PRG0004433,STU00256,MOD00021,CRS003,2026-03-23,2026-05-13,In Progress,6.89,4
PRG0004434,STU00256,MOD00022,CRS003,2026-03-23,2026-04-15,Completed,9.66,33
PRG0004435,STU00256,MOD00023,CRS003,2026-04-14,2026-03-24,Completed,5.08,80
PRG0004436,STU00256,MOD00024,CRS003,2026-03-29,2026-04-15,In Progress,14.46,59
PRG0004437,STU00256,MOD00057,CRS008,2026-05-01,2026-06-02,Completed,4.9,73
PRG0004438,STU00256,MOD00058,CRS008,2026-04-30,2026-06-22,Completed,6.68,39
PRG0004439,STU00256,MOD00059,CRS008,2026-04-28,2026-05-25,Completed,3.15,49
PRG0004440,STU00256,MOD00060,CRS008,2026-04-19,2026-05-17,Completed,2.06,94
PRG0004441,STU00256,MOD00061,CRS008,2026-04-24,2026-07-08,In Progress,5.42,55
PRG0004442,STU00256,MOD00062,CRS008,2026-04-19,2026-05-01,Completed,13.09,14
PRG0004443,STU00256,MOD00063,CRS008,2026-05-08,2026-04-18,In Progress,2.56,34
PRG0004444,STU00256,MOD00064,CRS008,2026-04-27,2026-07-03,In Progress,9.71,40
PRG0004445,STU00257,MOD00105,CRS014,2025-08-04,2025-09-07,In Progress,5.08,91
PRG0004446,STU00257,MOD00106,CRS014,2025-08-04,2025-08-18,Completed,11.0,65
PRG0004447,STU00257,MOD00107,CRS014,2025-08-19,2025-08-09,In Progress,8.52,5
PRG0004448,STU00257,MOD00108,CRS014,2025-08-11,2025-07-30,Completed,14.52,13
PRG0004449,STU00257,MOD00109,CRS014,2025-08-19,2025-10-16,Completed,7.23,57
PRG0004450,STU00257,MOD00110,CRS014,2025-07-30,2025-08-28,Completed,4.79,99
PRG0004451,STU00257,MOD00111,CRS014,2025-08-15,2025-09-05,Completed,1.45,36
PRG0004452,STU00257,MOD00112,CRS014,2025-08-19,2025-10-18,In Progress,2.6,40
PRG0004453,STU00257,MOD00081,CRS011,2025-12-16,2025-12-12,In Progress,6.77,69
PRG0004454,STU00257,MOD00082,CRS011,2025-11-28,2026-01-23,Completed,7.69,60
PRG0004455,STU00257,MOD00083,CRS011,2025-12-19,2026-01-13,In Progress,6.45,71
PRG0004456,STU00257,MOD00084,CRS011,2025-11-28,2025-11-29,Not Started,6.8,41
PRG0004457,STU00257,MOD00085,CRS011,2025-12-12,2026-01-20,Not Started,4.07,10
PRG0004458,STU00257,MOD00086,CRS011,2025-12-09,2025-12-09,In Progress,3.55,8
PRG0004459,STU00257,MOD00087,CRS011,2025-12-19,2026-01-21,Not Started,10.45,66
PRG0004460,STU00257,MOD00088,CRS011,2025-11-30,2025-12-02,Not Started,4.28,62
PRG0004461,STU00257,MOD00001,CRS001,2025-08-10,2025-08-22,Not Started,2.31,38
PRG0004462,STU00257,MOD00002,CRS001,2025-08-15,2025-09-09,Completed,2.3,13
PRG0004463,STU00257,MOD00003,CRS001,2025-09-03,2025-10-11,Completed,8.2,58
PRG0004464,STU00257,MOD00004,CRS001,2025-08-16,2025-08-30,In Progress,4.77,62
PRG0004465,STU00257,MOD00005,CRS001,2025-08-30,2025-11-01,Completed,8.65,83
PRG0004466,STU00257,MOD00006,CRS001,2025-08-29,2025-08-31,Completed,10.5,85
PRG0004467,STU00257,MOD00007,CRS001,2025-08-16,2025-10-18,In Progress,8.77,63
PRG0004468,STU00257,MOD00008,CRS001,2025-08-08,2025-10-07,Completed,13.42,80
PRG0004469,STU00257,MOD00097,CRS013,2025-10-30,2025-11-15,Completed,2.33,11
PRG0004470,STU00257,MOD00098,CRS013,2025-11-15,2026-01-03,In Progress,5.4,20
PRG0004471,STU00257,MOD00099,CRS013,2025-11-04,2025-12-24,Completed,5.68,78
PRG0004472,STU00257,MOD00100,CRS013,2025-11-04,2025-12-15,In Progress,1.96,55
PRG0004473,STU00257,MOD00101,CRS013,2025-11-15,2025-11-19,Completed,1.43,73
PRG0004474,STU00257,MOD00102,CRS013,2025-11-03,2025-12-21,Completed,2.08,97
PRG0004475,STU00257,MOD00103,CRS013,2025-11-08,2025-11-10,Not Started,3.69,0
PRG0004476,STU00257,MOD00104,CRS013,2025-10-29,2026-01-19,Not Started,4.78,96
PRG0004477,STU00258,MOD00010,CRS002,2026-04-14,2026-05-15,Completed,10.71,67
PRG0004478,STU00258,MOD00011,CRS002,2026-05-07,2026-06-06,Not Started,7.7,55
PRG0004479,STU00258,MOD00014,CRS002,2026-04-14,2026-06-16,In Progress,6.16,90
PRG0004480,STU00258,MOD00015,CRS002,2026-05-13,2026-06-18,Completed,7.31,76
PRG0004481,STU00258,MOD00016,CRS002,2026-05-05,2026-07-11,Completed,8.95,69
PRG0004482,STU00258,MOD00017,CRS003,2025-09-03,2025-11-17,Completed,3.66,7
PRG0004483,STU00258,MOD00018,CRS003,2025-09-15,2025-09-27,In Progress,1.94,43
PRG0004484,STU00258,MOD00019,CRS003,2025-09-04,2025-09-08,Completed,5.94,86
PRG0004485,STU00258,MOD00020,CRS003,2025-09-14,2025-11-06,Completed,3.51,57
PRG0004486,STU00258,MOD00021,CRS003,2025-08-29,2025-10-24,Completed,3.28,5
PRG0004487,STU00258,MOD00022,CRS003,2025-08-31,2025-09-07,In Progress,1.76,55
PRG0004488,STU00258,MOD00023,CRS003,2025-09-02,2025-11-08,Not Started,2.13,27
PRG0004489,STU00258,MOD00024,CRS003,2025-09-13,2025-10-10,In Progress,13.66,44
PRG0004490,STU00258,MOD00089,CRS012,2025-06-29,2025-07-18,Not Started,4.12,1
PRG0004491,STU00258,MOD00090,CRS012,2025-06-22,2025-06-05,Not Started,7.46,99
PRG0004492,STU00258,MOD00091,CRS012,2025-06-24,2025-06-06,In Progress,3.16,11
PRG0004493,STU00258,MOD00092,CRS012,2025-06-10,2025-06-19,In Progress,1.95,51
PRG0004494,STU00258,MOD00093,CRS012,2025-06-11,2025-06-16,Completed,9.85,25
PRG0004495,STU00258,MOD00094,CRS012,2025-06-20,2025-08-13,Completed,1.31,92
PRG0004496,STU00258,MOD00095,CRS012,2025-06-26,2025-06-27,Completed,5.62,52
PRG0004497,STU00258,MOD00096,CRS012,2025-06-06,2025-06-25,Completed,6.43,27
PRG0004498,STU00258,MOD00129,CRS017,2025-11-22,2025-12-21,In Progress,1.8,98
PRG0004499,STU00258,MOD00130,CRS017,2025-11-19,2025-11-23,In Progress,10.16,28
PRG0004500,STU00258,MOD00131,CRS017,2025-11-10,2025-11-29,Completed,2.16,13
PRG0004501,STU00258,MOD00132,CRS017,2025-11-30,2025-12-05,In Progress,5.12,93
PRG0004502,STU00258,MOD00133,CRS017,2025-12-03,2025-11-12,Completed,9.66,39
PRG0004503,STU00258,MOD00134,CRS017,2025-11-11,2025-12-08,Not Started,1.37,95
PRG0004504,STU00258,MOD00135,CRS017,2025-11-13,2025-12-01,Completed,10.76,25
PRG0004505,STU00258,MOD00136,CRS017,2025-11-25,2026-01-25,Completed,7.49,26
PRG0004506,STU00258,MOD00028,CRS004,2025-11-10,2025-12-23,In Progress,6.95,1
PRG0004507,STU00258,MOD00029,CRS004,2025-10-28,2025-12-17,Completed,7.55,90
PRG0004508,STU00259,MOD00097,CRS013,2025-12-16,2026-01-24,Completed,6.4,2
PRG0004509,STU00259,MOD00098,CRS013,2025-12-21,2026-02-20,Completed,3.96,90
PRG0004510,STU00259,MOD00099,CRS013,2025-12-10,2026-02-28,Completed,3.94,85
PRG0004511,STU00259,MOD00100,CRS013,2025-12-26,2025-12-30,Completed,5.35,55
PRG0004512,STU00259,MOD00101,CRS013,2025-12-11,2025-12-28,In Progress,2.26,57
PRG0004513,STU00259,MOD00102,CRS013,2025-12-31,2026-02-17,Completed,2.85,78
PRG0004514,STU00259,MOD00103,CRS013,2025-12-24,2025-12-18,Completed,2.95,81
PRG0004515,STU00259,MOD00104,CRS013,2025-12-02,2025-12-30,In Progress,5.91,77
PRG0004516,STU00259,MOD00005,CRS001,2025-10-22,2025-10-14,Completed,2.32,65
PRG0004517,STU00259,MOD00006,CRS001,2025-10-29,2026-01-06,Completed,4.28,46
PRG0004518,STU00259,MOD00121,CRS016,2025-06-18,2025-08-08,Completed,11.96,94
PRG0004519,STU00259,MOD00122,CRS016,2025-06-30,2025-09-08,In Progress,1.07,82
PRG0004520,STU00259,MOD00123,CRS016,2025-06-27,2025-08-21,Completed,1.19,38
PRG0004521,STU00259,MOD00125,CRS016,2025-07-05,2025-08-12,Completed,2.12,45
PRG0004522,STU00259,MOD00126,CRS016,2025-06-20,2025-06-19,Completed,3.68,39
PRG0004523,STU00259,MOD00127,CRS016,2025-07-03,2025-08-06,Completed,1.98,45
PRG0004524,STU00259,MOD00128,CRS016,2025-06-30,2025-07-19,Not Started,5.2,26
PRG0004525,STU00259,MOD00041,CRS006,2025-12-06,2025-12-23,Completed,4.6,43
PRG0004526,STU00259,MOD00042,CRS006,2025-12-02,2025-11-24,Completed,2.97,41
PRG0004527,STU00259,MOD00043,CRS006,2025-12-02,2026-01-16,Completed,6.06,83
PRG0004528,STU00259,MOD00044,CRS006,2025-11-25,2026-01-23,Completed,7.87,4
PRG0004529,STU00259,MOD00045,CRS006,2025-12-16,2025-12-05,Completed,1.95,59
PRG0004530,STU00259,MOD00046,CRS006,2025-12-05,2026-02-17,Completed,8.51,21
PRG0004531,STU00259,MOD00047,CRS006,2025-12-05,2026-02-16,In Progress,3.56,90
PRG0004532,STU00259,MOD00048,CRS006,2025-11-28,2025-12-20,Completed,3.52,34
PRG0004533,STU00260,MOD00073,CRS010,2026-01-17,2026-01-07,Completed,3.54,12
PRG0004534,STU00260,MOD00074,CRS010,2025-12-30,2026-03-17,Completed,6.21,55
PRG0004535,STU00260,MOD00075,CRS010,2026-01-21,2026-01-01,In Progress,1.42,95
PRG0004536,STU00260,MOD00076,CRS010,2026-01-07,2026-02-06,Not Started,5.25,98
PRG0004537,STU00260,MOD00077,CRS010,2026-01-16,2026-03-20,In Progress,3.33,65
PRG0004538,STU00260,MOD00078,CRS010,2026-01-09,2026-03-20,Not Started,1.46,55
PRG0004539,STU00260,MOD00079,CRS010,2026-01-23,2026-03-18,In Progress,9.39,63
PRG0004540,STU00260,MOD00080,CRS010,2026-01-11,2026-02-05,Not Started,3.7,84
PRG0004541,STU00260,MOD00033,CRS005,2026-04-27,2026-06-18,Completed,4.57,96
PRG0004542,STU00260,MOD00034,CRS005,2026-04-14,2026-05-12,Completed,8.69,38
PRG0004543,STU00260,MOD00035,CRS005,2026-04-22,2026-05-05,In Progress,14.56,69
PRG0004544,STU00260,MOD00036,CRS005,2026-04-24,2026-04-15,In Progress,8.47,91
PRG0004545,STU00260,MOD00037,CRS005,2026-04-23,2026-06-20,Completed,1.66,55
PRG0004546,STU00260,MOD00038,CRS005,2026-04-09,2026-06-17,Completed,2.9,38
PRG0004547,STU00260,MOD00039,CRS005,2026-04-21,2026-04-19,Completed,8.38,69
PRG0004548,STU00260,MOD00040,CRS005,2026-04-21,2026-05-13,Completed,2.72,5
PRG0004549,STU00260,MOD00153,CRS020,2025-04-24,2025-07-03,Completed,1.26,20
PRG0004550,STU00260,MOD00155,CRS020,2025-04-21,2025-04-20,Completed,7.28,75
PRG0004551,STU00260,MOD00157,CRS020,2025-04-26,2025-07-01,Not Started,2.57,28
PRG0004552,STU00260,MOD00158,CRS020,2025-05-11,2025-05-14,Completed,7.6,76
PRG0004553,STU00260,MOD00159,CRS020,2025-04-17,2025-05-08,In Progress,9.58,49
PRG0004554,STU00260,MOD00160,CRS020,2025-04-21,2025-06-18,Completed,1.05,69
PRG0004555,STU00260,MOD00090,CRS012,2025-05-11,2025-05-30,Completed,1.01,38
PRG0004556,STU00260,MOD00092,CRS012,2025-05-07,2025-06-13,Completed,1.97,55
PRG0004557,STU00260,MOD00001,CRS001,2025-12-03,2025-12-21,Completed,4.72,96
PRG0004558,STU00260,MOD00002,CRS001,2025-12-16,2026-02-24,Completed,1.63,44
PRG0004559,STU00260,MOD00003,CRS001,2025-12-11,2026-02-01,In Progress,7.67,81
PRG0004560,STU00260,MOD00004,CRS001,2025-12-18,2025-12-04,Completed,11.36,15
PRG0004561,STU00260,MOD00005,CRS001,2025-12-17,2025-12-27,Completed,6.22,69
PRG0004562,STU00260,MOD00006,CRS001,2025-12-20,2026-02-21,Completed,1.95,28
PRG0004563,STU00260,MOD00007,CRS001,2025-12-08,2025-11-29,In Progress,1.21,75
PRG0004564,STU00260,MOD00008,CRS001,2025-12-25,2026-01-29,Completed,8.26,13
PRG0004565,STU00261,MOD00137,CRS018,2025-05-29,2025-06-20,In Progress,12.35,59
PRG0004566,STU00261,MOD00138,CRS018,2025-06-13,2025-06-08,Not Started,4.63,49
PRG0004567,STU00261,MOD00139,CRS018,2025-06-16,2025-06-08,Completed,4.04,98
PRG0004568,STU00261,MOD00140,CRS018,2025-06-02,2025-07-18,In Progress,11.14,4
PRG0004569,STU00261,MOD00141,CRS018,2025-06-06,2025-06-12,Completed,10.41,94
PRG0004570,STU00261,MOD00142,CRS018,2025-06-03,2025-08-09,Completed,5.82,64
PRG0004571,STU00261,MOD00143,CRS018,2025-06-17,2025-07-30,Completed,1.05,1
PRG0004572,STU00261,MOD00144,CRS018,2025-06-15,2025-06-15,Completed,1.71,20
PRG0004573,STU00261,MOD00023,CRS003,2026-03-19,2026-05-19,Completed,3.11,19
PRG0004574,STU00261,MOD00074,CRS010,2026-02-06,2026-03-08,Completed,2.55,17
PRG0004575,STU00261,MOD00075,CRS010,2026-02-27,2026-03-06,Completed,1.1,27
PRG0004576,STU00261,MOD00049,CRS007,2026-05-06,2026-06-11,Completed,1.03,51
PRG0004577,STU00261,MOD00050,CRS007,2026-05-06,2026-05-08,Not Started,10.86,94
PRG0004578,STU00261,MOD00051,CRS007,2026-04-15,2026-07-07,Completed,1.39,49
PRG0004579,STU00261,MOD00052,CRS007,2026-05-10,2026-06-01,Not Started,4.43,62
PRG0004580,STU00261,MOD00054,CRS007,2026-04-17,2026-06-24,Completed,2.66,8
PRG0004581,STU00261,MOD00055,CRS007,2026-05-12,2026-04-30,In Progress,1.66,85
PRG0004582,STU00261,MOD00090,CRS012,2025-10-01,2025-10-11,Completed,3.55,45
PRG0004583,STU00261,MOD00091,CRS012,2025-10-05,2025-11-17,In Progress,6.52,17
PRG0004584,STU00261,MOD00092,CRS012,2025-10-07,2025-10-02,Completed,3.77,84
PRG0004585,STU00261,MOD00093,CRS012,2025-09-25,2025-11-23,In Progress,7.31,77
PRG0004586,STU00262,MOD00068,CRS009,2025-08-31,2025-08-21,Not Started,4.95,44
PRG0004587,STU00262,MOD00069,CRS009,2025-08-16,2025-09-02,In Progress,9.0,54
PRG0004588,STU00262,MOD00070,CRS009,2025-08-17,2025-10-05,In Progress,3.72,88
PRG0004589,STU00262,MOD00056,CRS007,2025-11-06,2026-01-15,In Progress,4.41,72
PRG0004590,STU00262,MOD00027,CRS004,2025-12-15,2025-12-05,Completed,12.36,94
PRG0004591,STU00262,MOD00032,CRS004,2026-01-02,2026-01-31,Completed,3.59,76
PRG0004592,STU00262,MOD00041,CRS006,2025-06-23,2025-08-21,In Progress,13.8,44
PRG0004593,STU00262,MOD00042,CRS006,2025-06-03,2025-08-04,Completed,3.13,35
PRG0004594,STU00262,MOD00043,CRS006,2025-06-06,2025-08-27,In Progress,1.1,79
PRG0004595,STU00262,MOD00044,CRS006,2025-07-01,2025-08-25,Completed,7.04,40
PRG0004596,STU00262,MOD00045,CRS006,2025-06-23,2025-08-22,Completed,3.95,96
PRG0004597,STU00262,MOD00046,CRS006,2025-06-04,2025-08-18,In Progress,3.15,12
PRG0004598,STU00262,MOD00047,CRS006,2025-06-29,2025-07-09,Completed,7.56,80
PRG0004599,STU00262,MOD00048,CRS006,2025-06-17,2025-07-10,In Progress,2.88,66
PRG0004600,STU00262,MOD00009,CRS002,2025-07-25,2025-06-28,Completed,10.78,87
PRG0004601,STU00262,MOD00010,CRS002,2025-07-15,2025-08-23,Not Started,2.06,97
PRG0004602,STU00262,MOD00011,CRS002,2025-06-30,2025-09-04,Completed,1.07,24
PRG0004603,STU00262,MOD00012,CRS002,2025-07-12,2025-07-13,Completed,8.53,70
PRG0004604,STU00262,MOD00013,CRS002,2025-07-16,2025-09-21,Completed,9.13,15
PRG0004605,STU00262,MOD00014,CRS002,2025-07-08,2025-07-17,In Progress,5.85,87
PRG0004606,STU00262,MOD00015,CRS002,2025-07-01,2025-07-05,In Progress,11.27,63
PRG0004607,STU00262,MOD00016,CRS002,2025-07-02,2025-07-08,In Progress,2.62,18
PRG0004608,STU00263,MOD00018,CRS003,2026-01-05,2026-02-14,In Progress,1.0,41
PRG0004609,STU00263,MOD00024,CRS003,2025-12-29,2026-02-11,Not Started,1.79,98
PRG0004610,STU00263,MOD00065,CRS009,2026-02-17,2026-03-16,Not Started,5.49,42
PRG0004611,STU00263,MOD00066,CRS009,2026-01-30,2026-02-22,In Progress,5.89,47
PRG0004612,STU00263,MOD00067,CRS009,2026-01-28,2026-03-12,In Progress,6.39,29
PRG0004613,STU00263,MOD00068,CRS009,2026-02-01,2026-03-01,Completed,8.98,91
PRG0004614,STU00263,MOD00069,CRS009,2026-02-16,2026-02-08,In Progress,9.75,74
PRG0004615,STU00263,MOD00070,CRS009,2026-02-05,2026-02-26,In Progress,3.77,35
PRG0004616,STU00263,MOD00071,CRS009,2026-02-17,2026-02-07,Completed,1.39,68
PRG0004617,STU00263,MOD00072,CRS009,2026-02-12,2026-04-04,Completed,2.39,25
PRG0004618,STU00263,MOD00029,CRS004,2026-01-22,2026-02-03,Completed,2.86,14
PRG0004619,STU00263,MOD00032,CRS004,2026-01-01,2026-02-27,In Progress,4.68,87
PRG0004620,STU00264,MOD00033,CRS005,2025-11-01,2025-10-30,In Progress,13.0,87
PRG0004621,STU00264,MOD00034,CRS005,2025-10-20,2025-11-25,Completed,4.27,59
PRG0004622,STU00264,MOD00035,CRS005,2025-11-04,2025-12-11,In Progress,10.51,46
PRG0004623,STU00264,MOD00036,CRS005,2025-10-30,2025-11-22,In Progress,9.27,16
PRG0004624,STU00264,MOD00037,CRS005,2025-11-09,2026-01-14,Completed,2.05,68
PRG0004625,STU00264,MOD00038,CRS005,2025-11-08,2025-12-19,In Progress,1.52,39
PRG0004626,STU00264,MOD00039,CRS005,2025-10-21,2025-11-02,In Progress,2.62,14
PRG0004627,STU00264,MOD00040,CRS005,2025-10-30,2025-12-23,In Progress,5.92,70
PRG0004628,STU00264,MOD00057,CRS008,2025-08-17,2025-09-12,Completed,2.84,94
PRG0004629,STU00264,MOD00061,CRS008,2025-08-18,2025-10-06,Completed,6.44,48
PRG0004630,STU00264,MOD00025,CRS004,2025-05-08,2025-07-15,In Progress,6.58,92
PRG0004631,STU00264,MOD00026,CRS004,2025-04-17,2025-07-06,Completed,2.97,87
PRG0004632,STU00264,MOD00027,CRS004,2025-04-22,2025-06-05,Completed,9.46,13
PRG0004633,STU00264,MOD00028,CRS004,2025-05-10,2025-05-04,Completed,1.91,83
PRG0004634,STU00264,MOD00029,CRS004,2025-05-12,2025-05-24,In Progress,12.76,32
PRG0004635,STU00264,MOD00030,CRS004,2025-04-24,2025-05-15,Completed,7.55,1
PRG0004636,STU00264,MOD00031,CRS004,2025-04-18,2025-05-22,Not Started,3.31,75
PRG0004637,STU00264,MOD00032,CRS004,2025-05-05,2025-06-04,Not Started,3.29,59
PRG0004638,STU00265,MOD00113,CRS015,2026-04-25,2026-04-23,Completed,9.33,78
PRG0004639,STU00265,MOD00114,CRS015,2026-03-30,2026-04-12,In Progress,4.99,29
PRG0004640,STU00265,MOD00115,CRS015,2026-04-24,2026-05-02,In Progress,12.66,21
PRG0004641,STU00265,MOD00116,CRS015,2026-04-22,2026-06-14,Completed,1.74,96
PRG0004642,STU00265,MOD00117,CRS015,2026-04-02,2026-06-17,Completed,2.03,76
PRG0004643,STU00265,MOD00118,CRS015,2026-04-07,2026-06-05,In Progress,9.95,91
PRG0004644,STU00265,MOD00119,CRS015,2026-03-29,2026-06-03,Completed,1.6,60
PRG0004645,STU00265,MOD00120,CRS015,2026-03-28,2026-04-13,Completed,3.0,19
PRG0004646,STU00265,MOD00081,CRS011,2026-04-10,2026-05-22,Not Started,2.43,16
PRG0004647,STU00265,MOD00082,CRS011,2026-04-05,2026-06-10,In Progress,12.91,26
PRG0004648,STU00265,MOD00083,CRS011,2026-04-01,2026-04-18,Completed,9.27,41
PRG0004649,STU00265,MOD00084,CRS011,2026-03-28,2026-05-23,Completed,7.31,87
PRG0004650,STU00265,MOD00085,CRS011,2026-04-05,2026-06-03,Completed,3.58,59
PRG0004651,STU00265,MOD00086,CRS011,2026-04-11,2026-05-30,Completed,2.61,28
PRG0004652,STU00265,MOD00087,CRS011,2026-04-09,2026-05-12,Completed,1.05,57
PRG0004653,STU00265,MOD00088,CRS011,2026-04-18,2026-04-14,Completed,4.47,19
PRG0004654,STU00265,MOD00076,CRS010,2026-04-14,2026-04-24,In Progress,5.78,68
PRG0004655,STU00265,MOD00077,CRS010,2026-04-13,2026-04-30,In Progress,1.47,33
PRG0004656,STU00265,MOD00079,CRS010,2026-04-02,2026-04-22,In Progress,13.69,92
PRG0004657,STU00265,MOD00033,CRS005,2026-04-22,2026-05-22,Completed,9.28,4
PRG0004658,STU00265,MOD00034,CRS005,2026-04-08,2026-06-20,Not Started,1.26,34
PRG0004659,STU00265,MOD00035,CRS005,2026-04-03,2026-04-09,Completed,4.53,33
PRG0004660,STU00265,MOD00036,CRS005,2026-04-06,2026-06-02,In Progress,3.63,71
PRG0004661,STU00265,MOD00037,CRS005,2026-04-26,2026-06-02,In Progress,2.96,55
PRG0004662,STU00265,MOD00038,CRS005,2026-03-31,2026-04-30,Completed,1.1,49
PRG0004663,STU00265,MOD00039,CRS005,2026-04-10,2026-06-07,In Progress,4.79,90
PRG0004664,STU00265,MOD00040,CRS005,2026-04-13,2026-04-25,In Progress,2.64,67
PRG0004665,STU00267,MOD00105,CRS014,2025-08-25,2025-11-11,Completed,3.87,25
PRG0004666,STU00267,MOD00107,CRS014,2025-09-19,2025-10-15,Completed,8.58,43
PRG0004667,STU00267,MOD00109,CRS014,2025-09-04,2025-10-22,Completed,5.68,62
PRG0004668,STU00267,MOD00111,CRS014,2025-09-17,2025-11-03,Completed,2.04,99
PRG0004669,STU00267,MOD00112,CRS014,2025-09-07,2025-09-25,Not Started,1.15,44
PRG0004670,STU00267,MOD00070,CRS009,2025-09-17,2025-10-25,In Progress,1.67,77
PRG0004671,STU00268,MOD00121,CRS016,2025-09-27,2025-09-20,Completed,1.94,28
PRG0004672,STU00268,MOD00123,CRS016,2025-10-02,2025-09-17,Completed,1.37,25
PRG0004673,STU00268,MOD00124,CRS016,2025-09-24,2025-11-19,In Progress,5.93,33
PRG0004674,STU00268,MOD00127,CRS016,2025-10-13,2025-11-23,Not Started,1.92,49
PRG0004675,STU00268,MOD00113,CRS015,2025-12-30,2026-03-04,Completed,12.75,84
PRG0004676,STU00268,MOD00114,CRS015,2026-01-15,2025-12-28,Completed,10.96,28
PRG0004677,STU00268,MOD00115,CRS015,2026-01-14,2025-12-20,Completed,8.66,73
PRG0004678,STU00268,MOD00116,CRS015,2026-01-06,2026-01-15,Completed,2.45,4
PRG0004679,STU00268,MOD00117,CRS015,2025-12-28,2026-01-01,Completed,1.63,24
PRG0004680,STU00268,MOD00118,CRS015,2025-12-29,2026-01-25,Completed,2.91,46
PRG0004681,STU00268,MOD00119,CRS015,2025-12-28,2026-02-27,Completed,7.38,34
PRG0004682,STU00268,MOD00145,CRS019,2026-03-30,2026-03-29,In Progress,3.64,46
PRG0004683,STU00268,MOD00146,CRS019,2026-04-05,2026-05-11,In Progress,2.02,62
PRG0004684,STU00268,MOD00147,CRS019,2026-03-18,2026-03-30,In Progress,4.39,79
PRG0004685,STU00268,MOD00148,CRS019,2026-04-14,2026-05-14,In Progress,1.41,23
PRG0004686,STU00268,MOD00149,CRS019,2026-04-11,2026-05-07,Completed,14.53,54
PRG0004687,STU00268,MOD00150,CRS019,2026-03-28,2026-05-20,Completed,4.48,82
PRG0004688,STU00268,MOD00151,CRS019,2026-03-28,2026-03-24,Completed,2.51,43
PRG0004689,STU00268,MOD00152,CRS019,2026-03-30,2026-04-10,Not Started,2.75,61
PRG0004690,STU00269,MOD00155,CRS020,2026-02-05,2026-04-30,Not Started,11.92,52
PRG0004691,STU00269,MOD00156,CRS020,2026-02-27,2026-04-04,Completed,4.64,19
PRG0004692,STU00269,MOD00017,CRS003,2025-12-18,2026-01-09,In Progress,4.37,83
PRG0004693,STU00269,MOD00019,CRS003,2025-12-14,2026-02-19,In Progress,13.16,95
PRG0004694,STU00269,MOD00020,CRS003,2025-12-17,2026-02-25,In Progress,2.19,56
PRG0004695,STU00270,MOD00137,CRS018,2025-10-18,2025-11-07,Completed,3.38,82
PRG0004696,STU00270,MOD00138,CRS018,2025-10-30,2025-11-11,In Progress,5.86,78
PRG0004697,STU00270,MOD00142,CRS018,2025-11-04,2025-10-11,Completed,9.85,44
PRG0004698,STU00270,MOD00143,CRS018,2025-11-03,2025-10-12,In Progress,4.13,0
PRG0004699,STU00270,MOD00144,CRS018,2025-10-24,2025-11-04,Completed,2.87,51
PRG0004700,STU00270,MOD00049,CRS007,2025-12-18,2025-12-15,Completed,4.0,38
PRG0004701,STU00270,MOD00053,CRS007,2025-12-23,2025-12-03,Completed,3.98,7
PRG0004702,STU00270,MOD00056,CRS007,2025-11-29,2026-01-18,Completed,11.13,90
PRG0004703,STU00271,MOD00017,CRS003,2026-03-09,2026-03-12,In Progress,6.72,52
PRG0004704,STU00271,MOD00023,CRS003,2026-03-15,2026-04-26,Completed,4.24,34
PRG0004705,STU00272,MOD00001,CRS001,2025-11-26,2025-12-17,In Progress,9.2,31
PRG0004706,STU00272,MOD00002,CRS001,2025-11-23,2025-11-14,Not Started,1.39,100
PRG0004707,STU00272,MOD00003,CRS001,2025-11-11,2025-11-30,Completed,6.65,100
PRG0004708,STU00272,MOD00004,CRS001,2025-11-26,2026-01-09,Completed,11.2,6
PRG0004709,STU00272,MOD00005,CRS001,2025-10-27,2025-11-19,In Progress,7.11,61
PRG0004710,STU00272,MOD00006,CRS001,2025-10-30,2026-01-23,In Progress,4.12,50
PRG0004711,STU00272,MOD00007,CRS001,2025-11-12,2025-11-30,Completed,4.69,72
PRG0004712,STU00272,MOD00008,CRS001,2025-11-02,2026-01-02,Completed,4.3,2
PRG0004713,STU00272,MOD00145,CRS019,2025-08-22,2025-09-16,Completed,2.13,83
PRG0004714,STU00272,MOD00146,CRS019,2025-09-05,2025-10-14,Completed,2.37,43
PRG0004715,STU00272,MOD00147,CRS019,2025-09-08,2025-09-28,In Progress,9.45,87
PRG0004716,STU00272,MOD00148,CRS019,2025-08-15,2025-09-07,In Progress,1.06,51
PRG0004717,STU00272,MOD00149,CRS019,2025-08-29,2025-09-26,Completed,7.59,61
PRG0004718,STU00272,MOD00150,CRS019,2025-09-10,2025-11-12,Completed,7.13,20
PRG0004719,STU00272,MOD00151,CRS019,2025-08-21,2025-10-05,Not Started,2.73,72
PRG0004720,STU00272,MOD00152,CRS019,2025-08-20,2025-10-16,Completed,2.27,82
PRG0004721,STU00272,MOD00099,CRS013,2026-02-17,2026-02-21,Not Started,2.99,52
PRG0004722,STU00272,MOD00102,CRS013,2026-02-16,2026-03-31,In Progress,1.04,74
PRG0004723,STU00272,MOD00103,CRS013,2026-01-26,2026-04-16,In Progress,2.42,82
PRG0004724,STU00272,MOD00049,CRS007,2025-10-08,2025-11-06,Completed,3.48,58
PRG0004725,STU00272,MOD00050,CRS007,2025-10-06,2025-11-20,In Progress,4.77,67
PRG0004726,STU00272,MOD00051,CRS007,2025-09-28,2025-10-08,In Progress,2.48,66
PRG0004727,STU00272,MOD00052,CRS007,2025-09-23,2025-11-11,Completed,8.44,42
PRG0004728,STU00272,MOD00053,CRS007,2025-10-04,2025-12-08,Completed,2.89,33
PRG0004729,STU00272,MOD00054,CRS007,2025-09-27,2025-10-06,Completed,2.23,24
PRG0004730,STU00272,MOD00055,CRS007,2025-09-26,2025-11-22,In Progress,3.53,84
PRG0004731,STU00272,MOD00056,CRS007,2025-10-07,2025-10-15,Completed,12.85,54
PRG0004732,STU00272,MOD00009,CRS002,2026-01-26,2026-02-21,In Progress,7.28,34
PRG0004733,STU00272,MOD00010,CRS002,2026-01-18,2026-01-16,Completed,9.24,40
PRG0004734,STU00272,MOD00011,CRS002,2026-01-28,2026-02-07,Completed,10.46,80
PRG0004735,STU00272,MOD00012,CRS002,2026-01-30,2026-02-27,Completed,7.76,43
PRG0004736,STU00272,MOD00013,CRS002,2026-01-29,2026-03-31,In Progress,2.55,46
PRG0004737,STU00272,MOD00014,CRS002,2026-02-05,2026-04-04,Completed,1.85,76
PRG0004738,STU00272,MOD00015,CRS002,2026-01-22,2026-02-28,Completed,1.27,76
PRG0004739,STU00272,MOD00016,CRS002,2026-01-15,2026-02-11,Completed,11.61,45
PRG0004740,STU00273,MOD00097,CRS013,2026-02-20,2026-02-17,Completed,10.0,15
PRG0004741,STU00273,MOD00099,CRS013,2026-03-10,2026-02-21,In Progress,6.46,26
PRG0004742,STU00273,MOD00101,CRS013,2026-02-17,2026-05-05,In Progress,1.43,71
PRG0004743,STU00273,MOD00103,CRS013,2026-02-13,2026-03-23,Completed,1.27,68
PRG0004744,STU00273,MOD00104,CRS013,2026-02-14,2026-05-13,In Progress,8.47,16
PRG0004745,STU00273,MOD00057,CRS008,2025-08-02,2025-09-09,Completed,2.0,88
PRG0004746,STU00273,MOD00058,CRS008,2025-08-08,2025-08-09,Not Started,3.77,67
PRG0004747,STU00273,MOD00059,CRS008,2025-08-15,2025-08-29,Not Started,2.26,96
PRG0004748,STU00273,MOD00060,CRS008,2025-08-20,2025-09-28,In Progress,8.34,67
PRG0004749,STU00273,MOD00061,CRS008,2025-08-05,2025-09-05,In Progress,5.12,87
PRG0004750,STU00273,MOD00062,CRS008,2025-08-17,2025-08-15,Completed,2.06,20
PRG0004751,STU00273,MOD00063,CRS008,2025-08-28,2025-10-27,Completed,2.8,17
PRG0004752,STU00273,MOD00064,CRS008,2025-08-09,2025-08-18,Completed,11.85,12
PRG0004753,STU00273,MOD00073,CRS010,2026-01-15,2026-02-20,In Progress,5.46,99
PRG0004754,STU00273,MOD00074,CRS010,2026-01-20,2026-03-30,In Progress,4.2,43
PRG0004755,STU00273,MOD00075,CRS010,2026-01-11,2026-01-11,Not Started,1.25,54
PRG0004756,STU00273,MOD00080,CRS010,2026-01-20,2026-03-04,Completed,3.36,43
PRG0004757,STU00274,MOD00136,CRS017,2025-08-25,2025-08-25,In Progress,3.3,91
PRG0004758,STU00274,MOD00057,CRS008,2025-07-28,2025-07-26,Completed,3.66,65
PRG0004759,STU00274,MOD00058,CRS008,2025-06-30,2025-09-02,In Progress,2.07,19
PRG0004760,STU00274,MOD00059,CRS008,2025-07-23,2025-08-11,Completed,3.69,57
PRG0004761,STU00274,MOD00060,CRS008,2025-07-28,2025-09-01,Completed,8.18,23
PRG0004762,STU00274,MOD00061,CRS008,2025-07-27,2025-07-15,Completed,7.43,18
PRG0004763,STU00274,MOD00062,CRS008,2025-07-22,2025-09-13,In Progress,4.1,76
PRG0004764,STU00274,MOD00063,CRS008,2025-06-30,2025-07-02,Completed,3.49,42
PRG0004765,STU00274,MOD00064,CRS008,2025-07-18,2025-08-05,Completed,4.88,88
PRG0004766,STU00275,MOD00129,CRS017,2026-04-03,2026-04-23,Not Started,5.23,13
PRG0004767,STU00275,MOD00130,CRS017,2026-03-24,2026-04-15,In Progress,4.75,53
PRG0004768,STU00275,MOD00131,CRS017,2026-04-04,2026-04-05,Completed,1.73,28
PRG0004769,STU00275,MOD00132,CRS017,2026-03-20,2026-04-11,In Progress,3.15,33
PRG0004770,STU00275,MOD00133,CRS017,2026-04-14,2026-03-23,Completed,2.55,19
PRG0004771,STU00275,MOD00134,CRS017,2026-03-24,2026-05-22,Completed,6.31,46
PRG0004772,STU00275,MOD00135,CRS017,2026-03-22,2026-04-26,In Progress,11.43,88
PRG0004773,STU00275,MOD00136,CRS017,2026-03-28,2026-04-03,Completed,8.43,6
PRG0004774,STU00275,MOD00033,CRS005,2026-03-31,2026-05-03,Completed,10.88,45
PRG0004775,STU00275,MOD00039,CRS005,2026-03-23,2026-05-14,Not Started,8.65,84
PRG0004776,STU00275,MOD00040,CRS005,2026-03-31,2026-06-13,Completed,7.31,97
PRG0004777,STU00276,MOD00033,CRS005,2026-03-21,2026-03-12,Completed,10.78,45
PRG0004778,STU00276,MOD00034,CRS005,2026-03-14,2026-05-19,Completed,5.02,97
PRG0004779,STU00276,MOD00035,CRS005,2026-03-14,2026-03-31,Completed,2.24,42
PRG0004780,STU00276,MOD00036,CRS005,2026-03-22,2026-04-16,In Progress,1.89,91
PRG0004781,STU00276,MOD00037,CRS005,2026-03-23,2026-04-04,Completed,2.11,5
PRG0004782,STU00276,MOD00038,CRS005,2026-03-24,2026-06-01,Not Started,4.05,85
PRG0004783,STU00276,MOD00039,CRS005,2026-03-06,2026-05-12,Completed,8.71,66
PRG0004784,STU00276,MOD00040,CRS005,2026-03-22,2026-04-19,In Progress,1.16,11
PRG0004785,STU00276,MOD00123,CRS016,2025-08-23,2025-09-02,Completed,2.68,22
PRG0004786,STU00276,MOD00124,CRS016,2025-09-02,2025-09-27,Completed,4.97,24
PRG0004787,STU00276,MOD00089,CRS012,2026-04-04,2026-04-27,Not Started,10.32,30
PRG0004788,STU00276,MOD00090,CRS012,2026-04-23,2026-05-31,Completed,14.21,8
PRG0004789,STU00276,MOD00091,CRS012,2026-04-22,2026-05-01,Completed,3.69,57
PRG0004790,STU00276,MOD00092,CRS012,2026-04-27,2026-05-26,In Progress,2.51,31
PRG0004791,STU00276,MOD00094,CRS012,2026-04-29,2026-04-21,In Progress,7.8,38
PRG0004792,STU00276,MOD00095,CRS012,2026-04-05,2026-04-27,Completed,4.71,51
PRG0004793,STU00276,MOD00096,CRS012,2026-04-18,2026-05-09,Completed,11.2,39
PRG0004794,STU00276,MOD00009,CRS002,2025-08-08,2025-10-16,Completed,10.58,97
PRG0004795,STU00276,MOD00010,CRS002,2025-08-09,2025-10-10,In Progress,6.08,56
PRG0004796,STU00276,MOD00016,CRS002,2025-08-21,2025-09-02,Completed,7.23,39
PRG0004797,STU00276,MOD00057,CRS008,2025-05-09,2025-07-19,Completed,8.46,32
PRG0004798,STU00276,MOD00058,CRS008,2025-05-14,2025-05-23,Not Started,5.55,90
PRG0004799,STU00276,MOD00059,CRS008,2025-04-27,2025-06-06,Completed,2.53,39
PRG0004800,STU00276,MOD00060,CRS008,2025-05-01,2025-07-13,Completed,12.77,80
PRG0004801,STU00276,MOD00061,CRS008,2025-05-20,2025-07-09,In Progress,11.59,72
PRG0004802,STU00276,MOD00062,CRS008,2025-05-03,2025-07-10,Completed,6.23,66
PRG0004803,STU00276,MOD00063,CRS008,2025-05-23,2025-05-11,In Progress,2.88,17
PRG0004804,STU00276,MOD00064,CRS008,2025-05-20,2025-05-14,Completed,10.65,80
PRG0004805,STU00277,MOD00089,CRS012,2026-04-17,2026-05-29,Completed,2.92,6
PRG0004806,STU00277,MOD00090,CRS012,2026-04-15,2026-05-09,Completed,8.81,34
PRG0004807,STU00277,MOD00091,CRS012,2026-04-21,2026-07-05,In Progress,2.94,52
PRG0004808,STU00277,MOD00092,CRS012,2026-04-18,2026-06-15,Not Started,2.74,31
PRG0004809,STU00277,MOD00093,CRS012,2026-04-17,2026-05-22,Completed,5.81,41
PRG0004810,STU00277,MOD00094,CRS012,2026-04-23,2026-07-03,Completed,11.24,47
PRG0004811,STU00277,MOD00095,CRS012,2026-04-23,2026-06-13,Completed,4.39,6
PRG0004812,STU00277,MOD00097,CRS013,2025-12-26,2025-12-16,Not Started,9.92,61
PRG0004813,STU00277,MOD00098,CRS013,2025-12-07,2026-02-19,Completed,5.81,27
PRG0004814,STU00277,MOD00099,CRS013,2025-12-28,2025-12-28,Completed,1.29,52
PRG0004815,STU00277,MOD00100,CRS013,2025-12-29,2026-01-24,Completed,6.74,32
PRG0004816,STU00277,MOD00101,CRS013,2025-11-30,2026-01-06,Completed,2.96,65
PRG0004817,STU00277,MOD00102,CRS013,2025-12-07,2026-01-27,In Progress,4.03,17
PRG0004818,STU00277,MOD00103,CRS013,2025-12-09,2025-12-10,In Progress,1.32,67
PRG0004819,STU00277,MOD00104,CRS013,2025-12-29,2026-02-22,Completed,3.72,47
PRG0004820,STU00277,MOD00121,CRS016,2026-02-26,2026-04-28,Completed,7.79,80
PRG0004821,STU00277,MOD00122,CRS016,2026-02-22,2026-03-12,In Progress,2.42,64
PRG0004822,STU00277,MOD00124,CRS016,2026-03-01,2026-04-10,In Progress,2.33,62
PRG0004823,STU00277,MOD00125,CRS016,2026-03-10,2026-02-23,In Progress,1.26,26
PRG0004824,STU00277,MOD00126,CRS016,2026-02-16,2026-04-09,Completed,8.85,64
PRG0004825,STU00277,MOD00127,CRS016,2026-02-18,2026-04-20,Completed,4.45,16
PRG0004826,STU00277,MOD00128,CRS016,2026-03-04,2026-03-23,Completed,9.55,83
PRG0004827,STU00277,MOD00116,CRS015,2025-11-27,2025-11-11,Completed,2.06,2
PRG0004828,STU00277,MOD00118,CRS015,2025-11-27,2026-01-02,Completed,2.24,37
PRG0004829,STU00277,MOD00119,CRS015,2025-12-06,2026-01-12,In Progress,1.29,0
PRG0004830,STU00277,MOD00009,CRS002,2025-10-01,2025-10-20,Completed,1.5,9
PRG0004831,STU00277,MOD00010,CRS002,2025-09-27,2025-09-23,In Progress,13.23,13
PRG0004832,STU00277,MOD00011,CRS002,2025-09-21,2025-11-01,Completed,8.63,25
PRG0004833,STU00277,MOD00012,CRS002,2025-09-06,2025-10-10,Not Started,2.91,19
PRG0004834,STU00277,MOD00013,CRS002,2025-09-10,2025-09-14,In Progress,6.54,31
PRG0004835,STU00277,MOD00014,CRS002,2025-09-08,2025-10-26,Completed,3.28,5
PRG0004836,STU00277,MOD00015,CRS002,2025-09-09,2025-10-25,Completed,6.17,45
PRG0004837,STU00277,MOD00016,CRS002,2025-09-03,2025-10-27,In Progress,3.76,41
PRG0004838,STU00278,MOD00065,CRS009,2025-12-28,2026-02-16,Completed,1.69,6
PRG0004839,STU00278,MOD00066,CRS009,2026-01-05,2026-03-15,In Progress,8.1,18
PRG0004840,STU00278,MOD00067,CRS009,2026-01-03,2026-01-08,Completed,6.78,45
PRG0004841,STU00278,MOD00068,CRS009,2026-01-20,2026-03-22,Not Started,7.05,5
PRG0004842,STU00278,MOD00069,CRS009,2025-12-24,2026-02-03,Completed,1.72,9
PRG0004843,STU00278,MOD00070,CRS009,2025-12-26,2026-03-24,Completed,3.97,58
PRG0004844,STU00278,MOD00071,CRS009,2026-01-12,2026-01-19,In Progress,13.15,46
PRG0004845,STU00278,MOD00072,CRS009,2025-12-30,2026-03-08,In Progress,2.52,29
PRG0004846,STU00278,MOD00146,CRS019,2026-03-05,2026-05-10,In Progress,7.29,53
PRG0004847,STU00278,MOD00151,CRS019,2026-03-23,2026-03-10,In Progress,1.45,18
PRG0004848,STU00278,MOD00152,CRS019,2026-03-08,2026-05-23,Completed,3.62,100
PRG0004849,STU00278,MOD00138,CRS018,2026-01-17,2026-03-29,Completed,5.68,38
PRG0004850,STU00278,MOD00139,CRS018,2026-02-07,2026-04-08,Not Started,2.61,39
PRG0004851,STU00278,MOD00141,CRS018,2026-01-24,2026-01-27,Completed,4.1,36
PRG0004852,STU00278,MOD00142,CRS018,2026-01-25,2026-02-15,Completed,5.58,97
PRG0004853,STU00278,MOD00143,CRS018,2026-01-24,2026-03-17,In Progress,3.39,38
PRG0004854,STU00278,MOD00144,CRS018,2026-02-05,2026-01-21,Completed,3.87,36
PRG0004855,STU00279,MOD00017,CRS003,2026-01-21,2026-01-31,Completed,7.04,4
PRG0004856,STU00279,MOD00018,CRS003,2026-01-01,2026-01-10,In Progress,1.04,95
PRG0004857,STU00279,MOD00019,CRS003,2025-12-29,2026-01-12,In Progress,5.26,89
PRG0004858,STU00279,MOD00020,CRS003,2026-01-02,2026-03-09,In Progress,5.17,28
PRG0004859,STU00279,MOD00021,CRS003,2026-01-26,2026-03-19,In Progress,5.84,11
PRG0004860,STU00279,MOD00022,CRS003,2026-01-23,2026-03-08,Completed,7.61,58
PRG0004861,STU00279,MOD00023,CRS003,2026-01-11,2026-02-14,Completed,4.02,63
PRG0004862,STU00279,MOD00024,CRS003,2026-01-04,2026-03-27,In Progress,4.35,97
PRG0004863,STU00279,MOD00130,CRS017,2025-08-30,2025-09-23,In Progress,7.49,99
PRG0004864,STU00279,MOD00131,CRS017,2025-08-31,2025-10-17,Completed,2.43,9
PRG0004865,STU00279,MOD00132,CRS017,2025-08-13,2025-09-25,Completed,3.5,66
PRG0004866,STU00279,MOD00133,CRS017,2025-09-02,2025-09-09,In Progress,1.54,44
PRG0004867,STU00279,MOD00134,CRS017,2025-09-01,2025-10-27,Completed,11.92,45
PRG0004868,STU00279,MOD00065,CRS009,2025-05-21,2025-06-12,Completed,4.32,48
PRG0004869,STU00279,MOD00067,CRS009,2025-05-03,2025-06-15,Completed,1.08,68
PRG0004870,STU00279,MOD00070,CRS009,2025-05-25,2025-05-19,Completed,3.03,20
PRG0004871,STU00279,MOD00097,CRS013,2025-10-08,2025-12-02,In Progress,12.03,8
PRG0004872,STU00279,MOD00098,CRS013,2025-09-25,2025-11-17,In Progress,1.16,15
PRG0004873,STU00279,MOD00099,CRS013,2025-10-01,2025-10-11,Completed,1.03,83
PRG0004874,STU00279,MOD00100,CRS013,2025-09-20,2025-11-25,Completed,4.61,83
PRG0004875,STU00279,MOD00101,CRS013,2025-09-13,2025-10-08,Not Started,2.0,51
PRG0004876,STU00279,MOD00102,CRS013,2025-09-28,2025-09-16,Completed,3.95,85
PRG0004877,STU00279,MOD00103,CRS013,2025-09-28,2025-11-11,Completed,2.72,63
PRG0004878,STU00279,MOD00104,CRS013,2025-09-14,2025-10-18,In Progress,4.71,89
PRG0004879,STU00279,MOD00057,CRS008,2025-10-16,2025-10-25,Completed,3.69,82
PRG0004880,STU00279,MOD00058,CRS008,2025-11-04,2025-12-28,Not Started,3.45,3
PRG0004881,STU00279,MOD00059,CRS008,2025-10-26,2025-11-07,In Progress,4.37,46
PRG0004882,STU00279,MOD00060,CRS008,2025-11-06,2025-12-24,In Progress,13.38,21
PRG0004883,STU00279,MOD00061,CRS008,2025-10-23,2025-10-28,Not Started,5.6,30
PRG0004884,STU00279,MOD00062,CRS008,2025-11-04,2025-12-24,Not Started,9.29,36
PRG0004885,STU00279,MOD00063,CRS008,2025-11-06,2026-01-06,In Progress,2.23,6
PRG0004886,STU00279,MOD00064,CRS008,2025-10-15,2025-12-06,Completed,4.32,92
PRG0004887,STU00280,MOD00002,CRS001,2026-02-14,2026-02-13,Completed,2.46,62
PRG0004888,STU00280,MOD00004,CRS001,2026-02-11,2026-03-06,Completed,8.59,47
PRG0004889,STU00280,MOD00006,CRS001,2026-02-16,2026-04-24,In Progress,4.16,70
PRG0004890,STU00280,MOD00007,CRS001,2026-02-14,2026-02-28,Completed,5.84,75
PRG0004891,STU00280,MOD00008,CRS001,2026-01-31,2026-02-20,Completed,11.82,10
PRG0004892,STU00280,MOD00129,CRS017,2026-01-29,2026-04-28,Completed,2.27,81
PRG0004893,STU00280,MOD00130,CRS017,2026-02-01,2026-03-18,In Progress,2.23,11
PRG0004894,STU00280,MOD00131,CRS017,2026-02-27,2026-04-13,Completed,1.42,30
PRG0004895,STU00280,MOD00132,CRS017,2026-02-03,2026-04-19,Completed,4.82,61
PRG0004896,STU00280,MOD00133,CRS017,2026-01-29,2026-03-11,In Progress,7.63,65
PRG0004897,STU00280,MOD00134,CRS017,2026-02-20,2026-03-31,Completed,3.59,42
PRG0004898,STU00280,MOD00135,CRS017,2026-02-19,2026-02-19,Completed,7.58,35
PRG0004899,STU00280,MOD00136,CRS017,2026-02-27,2026-04-01,Completed,5.03,14
PRG0004900,STU00280,MOD00033,CRS005,2026-04-14,2026-06-21,Completed,4.63,47
PRG0004901,STU00280,MOD00034,CRS005,2026-04-03,2026-06-09,Not Started,7.41,17
PRG0004902,STU00280,MOD00036,CRS005,2026-04-16,2026-05-25,Completed,4.19,1
PRG0004903,STU00280,MOD00039,CRS005,2026-04-19,2026-05-23,Completed,7.06,82
PRG0004904,STU00280,MOD00040,CRS005,2026-04-06,2026-05-28,In Progress,4.22,61
PRG0004905,STU00280,MOD00113,CRS015,2026-02-11,2026-03-08,Completed,13.8,85
PRG0004906,STU00280,MOD00114,CRS015,2026-02-06,2026-04-21,Completed,4.85,64
PRG0004907,STU00280,MOD00116,CRS015,2026-02-19,2026-03-12,Completed,1.25,75
PRG0004908,STU00280,MOD00117,CRS015,2026-02-27,2026-03-28,Completed,3.17,65
PRG0004909,STU00280,MOD00118,CRS015,2026-02-22,2026-02-22,Completed,8.72,47
PRG0004910,STU00280,MOD00119,CRS015,2026-02-08,2026-03-23,Completed,4.98,25
PRG0004911,STU00280,MOD00120,CRS015,2026-01-31,2026-03-22,Completed,4.11,58
PRG0004912,STU00280,MOD00041,CRS006,2026-02-14,2026-03-10,Completed,6.6,97
PRG0004913,STU00280,MOD00042,CRS006,2026-02-21,2026-04-13,In Progress,1.95,13
PRG0004914,STU00280,MOD00043,CRS006,2026-02-19,2026-02-06,Completed,1.95,62
PRG0004915,STU00280,MOD00044,CRS006,2026-02-15,2026-03-30,Completed,3.7,35
PRG0004916,STU00280,MOD00045,CRS006,2026-02-01,2026-02-12,Not Started,1.01,67
PRG0004917,STU00280,MOD00046,CRS006,2026-02-13,2026-04-08,In Progress,7.76,78
PRG0004918,STU00280,MOD00048,CRS006,2026-01-31,2026-02-25,Not Started,4.81,80
PRG0004919,STU00281,MOD00025,CRS004,2025-06-05,2025-07-22,Not Started,5.01,67
PRG0004920,STU00281,MOD00026,CRS004,2025-06-10,2025-08-15,Completed,1.85,91
PRG0004921,STU00281,MOD00027,CRS004,2025-06-21,2025-06-19,Completed,6.17,6
PRG0004922,STU00281,MOD00028,CRS004,2025-06-21,2025-07-17,Completed,9.86,87
PRG0004923,STU00281,MOD00029,CRS004,2025-05-30,2025-07-03,In Progress,5.18,41
PRG0004924,STU00281,MOD00030,CRS004,2025-05-30,2025-05-26,Not Started,8.69,29
PRG0004925,STU00281,MOD00031,CRS004,2025-06-02,2025-07-14,In Progress,5.52,18
PRG0004926,STU00281,MOD00032,CRS004,2025-06-12,2025-07-01,Completed,6.44,10
PRG0004927,STU00281,MOD00057,CRS008,2026-02-02,2026-04-22,Completed,3.21,49
PRG0004928,STU00281,MOD00058,CRS008,2026-02-24,2026-04-16,Not Started,7.67,33
PRG0004929,STU00281,MOD00059,CRS008,2026-01-27,2026-04-21,Completed,1.18,31
PRG0004930,STU00281,MOD00060,CRS008,2026-02-11,2026-02-05,Completed,8.23,99
PRG0004931,STU00281,MOD00061,CRS008,2026-02-07,2026-02-20,Completed,1.93,80
PRG0004932,STU00281,MOD00062,CRS008,2026-01-28,2026-02-18,Completed,3.13,37
PRG0004933,STU00281,MOD00063,CRS008,2026-02-10,2026-03-11,Completed,2.34,5
PRG0004934,STU00281,MOD00064,CRS008,2026-02-05,2026-03-23,Completed,11.38,67
PRG0004935,STU00281,MOD00106,CRS014,2026-01-29,2026-02-20,In Progress,5.78,46
PRG0004936,STU00281,MOD00107,CRS014,2026-01-23,2026-02-10,Completed,11.79,76
PRG0004937,STU00281,MOD00109,CRS014,2026-02-20,2026-03-20,In Progress,9.35,70
PRG0004938,STU00281,MOD00110,CRS014,2026-02-12,2026-04-12,Completed,6.22,60
PRG0004939,STU00281,MOD00111,CRS014,2026-02-10,2026-01-31,In Progress,1.89,38
PRG0004940,STU00281,MOD00112,CRS014,2026-01-28,2026-02-03,In Progress,2.73,82
PRG0004941,STU00281,MOD00081,CRS011,2026-03-19,2026-05-27,Completed,4.95,64
PRG0004942,STU00281,MOD00082,CRS011,2026-03-17,2026-04-20,Completed,2.05,65
PRG0004943,STU00281,MOD00084,CRS011,2026-03-26,2026-05-27,Completed,9.13,36
PRG0004944,STU00281,MOD00086,CRS011,2026-03-18,2026-03-15,Not Started,3.9,90
PRG0004945,STU00281,MOD00087,CRS011,2026-03-28,2026-04-22,In Progress,3.13,79
PRG0004946,STU00282,MOD00057,CRS008,2025-04-28,2025-07-09,Completed,6.3,58
PRG0004947,STU00282,MOD00059,CRS008,2025-05-12,2025-05-07,Not Started,2.09,34
PRG0004948,STU00282,MOD00060,CRS008,2025-05-11,2025-05-09,Not Started,13.08,24
PRG0004949,STU00282,MOD00063,CRS008,2025-04-23,2025-05-06,Completed,1.22,40
PRG0004950,STU00283,MOD00148,CRS019,2025-11-06,2025-11-07,Completed,2.09,91
PRG0004951,STU00283,MOD00151,CRS019,2025-10-30,2025-11-09,Completed,2.89,61
PRG0004952,STU00283,MOD00042,CRS006,2025-10-18,2025-11-24,Completed,3.92,96
PRG0004953,STU00283,MOD00044,CRS006,2025-10-31,2025-12-08,Completed,1.55,57
PRG0004954,STU00283,MOD00045,CRS006,2025-10-14,2025-11-23,In Progress,5.02,93
PRG0004955,STU00283,MOD00046,CRS006,2025-11-03,2026-01-07,In Progress,9.26,63
PRG0004956,STU00283,MOD00047,CRS006,2025-11-12,2025-12-08,In Progress,12.37,38
PRG0004957,STU00283,MOD00048,CRS006,2025-10-31,2026-01-12,In Progress,5.33,62
PRG0004958,STU00283,MOD00033,CRS005,2025-09-14,2025-11-23,Completed,10.92,88
PRG0004959,STU00283,MOD00034,CRS005,2025-09-07,2025-09-28,In Progress,8.06,47
PRG0004960,STU00283,MOD00036,CRS005,2025-09-21,2025-11-16,In Progress,5.68,18
PRG0004961,STU00283,MOD00037,CRS005,2025-09-14,2025-09-18,Completed,1.37,44
PRG0004962,STU00283,MOD00038,CRS005,2025-09-02,2025-10-26,In Progress,3.33,68
PRG0004963,STU00283,MOD00039,CRS005,2025-09-06,2025-11-15,Completed,8.98,55
PRG0004964,STU00283,MOD00040,CRS005,2025-09-30,2025-09-30,Completed,3.07,23
PRG0004965,STU00283,MOD00131,CRS017,2026-04-16,2026-05-23,Completed,2.82,82
PRG0004966,STU00283,MOD00134,CRS017,2026-04-13,2026-05-16,Completed,5.69,2
PRG0004967,STU00283,MOD00009,CRS002,2026-01-15,2026-01-31,In Progress,3.9,58
PRG0004968,STU00283,MOD00010,CRS002,2026-01-14,2026-01-18,Completed,8.53,74
PRG0004969,STU00283,MOD00011,CRS002,2026-02-02,2026-01-18,In Progress,7.48,75
PRG0004970,STU00283,MOD00012,CRS002,2026-01-09,2026-04-01,Completed,3.0,90
PRG0004971,STU00283,MOD00013,CRS002,2026-01-08,2026-02-21,Completed,6.87,83
PRG0004972,STU00283,MOD00014,CRS002,2026-01-22,2026-02-24,Completed,4.63,99
PRG0004973,STU00283,MOD00015,CRS002,2026-01-25,2026-02-13,In Progress,8.62,51
PRG0004974,STU00283,MOD00016,CRS002,2026-01-18,2026-03-07,Completed,5.58,53
PRG0004975,STU00284,MOD00153,CRS020,2025-11-08,2025-10-24,In Progress,6.93,45
PRG0004976,STU00284,MOD00154,CRS020,2025-11-15,2025-11-24,Completed,11.36,35
PRG0004977,STU00284,MOD00159,CRS020,2025-11-17,2025-11-16,In Progress,10.28,78
PRG0004978,STU00284,MOD00160,CRS020,2025-10-31,2025-11-04,Completed,2.98,88
PRG0004979,STU00284,MOD00148,CRS019,2026-02-04,2026-03-27,Completed,1.21,29
PRG0004980,STU00284,MOD00151,CRS019,2026-02-03,2026-03-09,In Progress,1.02,42
PRG0004981,STU00284,MOD00001,CRS001,2025-06-20,2025-07-06,Completed,11.14,18
PRG0004982,STU00284,MOD00002,CRS001,2025-06-13,2025-06-23,Completed,2.4,64
PRG0004983,STU00284,MOD00003,CRS001,2025-06-19,2025-06-11,Not Started,2.89,86
PRG0004984,STU00284,MOD00004,CRS001,2025-06-25,2025-08-14,Completed,7.45,56
PRG0004985,STU00284,MOD00005,CRS001,2025-06-30,2025-08-12,In Progress,10.15,72
PRG0004986,STU00284,MOD00006,CRS001,2025-06-16,2025-07-15,In Progress,8.05,95
PRG0004987,STU00284,MOD00007,CRS001,2025-06-09,2025-06-21,Completed,2.29,95
PRG0004988,STU00284,MOD00008,CRS001,2025-06-23,2025-07-30,Completed,12.99,27
PRG0004989,STU00284,MOD00073,CRS010,2026-03-08,2026-05-16,In Progress,2.34,13
PRG0004990,STU00284,MOD00074,CRS010,2026-03-16,2026-05-03,Completed,10.25,6
PRG0004991,STU00284,MOD00075,CRS010,2026-03-22,2026-04-11,In Progress,2.16,33
PRG0004992,STU00284,MOD00076,CRS010,2026-02-27,2026-03-03,Completed,9.81,12
PRG0004993,STU00284,MOD00077,CRS010,2026-02-27,2026-03-31,In Progress,2.04,47
PRG0004994,STU00284,MOD00078,CRS010,2026-03-20,2026-03-04,Not Started,1.64,64
PRG0004995,STU00284,MOD00079,CRS010,2026-03-01,2026-04-01,Completed,2.22,5
PRG0004996,STU00284,MOD00080,CRS010,2026-03-07,2026-04-23,Completed,3.22,60
PRG0004997,STU00285,MOD00041,CRS006,2026-02-28,2026-04-30,Completed,11.63,36
PRG0004998,STU00285,MOD00042,CRS006,2026-02-26,2026-04-11,In Progress,3.99,26
PRG0004999,STU00285,MOD00043,CRS006,2026-03-10,2026-02-11,Completed,5.19,85
PRG0005000,STU00285,MOD00044,CRS006,2026-02-14,2026-03-07,Completed,2.82,5
PRG0005001,STU00285,MOD00045,CRS006,2026-02-10,2026-02-14,In Progress,2.91,50
PRG0005002,STU00285,MOD00046,CRS006,2026-02-08,2026-04-30,Completed,3.19,30
PRG0005003,STU00285,MOD00047,CRS006,2026-02-18,2026-04-08,Completed,2.66,92
PRG0005004,STU00285,MOD00048,CRS006,2026-02-12,2026-05-07,In Progress,4.4,76
PRG0005005,STU00285,MOD00057,CRS008,2026-04-19,2026-06-20,Completed,6.26,62
PRG0005006,STU00285,MOD00058,CRS008,2026-04-16,2026-04-02,In Progress,7.41,76
PRG0005007,STU00285,MOD00105,CRS014,2026-01-09,2026-02-12,Not Started,5.32,27
PRG0005008,STU00285,MOD00106,CRS014,2025-12-31,2026-03-12,Completed,9.69,77
PRG0005009,STU00285,MOD00107,CRS014,2026-01-03,2026-03-01,Completed,6.02,81
PRG0005010,STU00285,MOD00109,CRS014,2026-01-02,2026-02-16,Completed,3.61,14
PRG0005011,STU00285,MOD00111,CRS014,2026-01-09,2026-02-20,Completed,3.55,10
PRG0005012,STU00285,MOD00033,CRS005,2025-06-27,2025-06-30,Completed,7.73,87
PRG0005013,STU00285,MOD00034,CRS005,2025-07-01,2025-08-15,In Progress,7.23,93
PRG0005014,STU00285,MOD00035,CRS005,2025-06-08,2025-08-21,In Progress,2.5,62
PRG0005015,STU00285,MOD00036,CRS005,2025-06-17,2025-07-14,In Progress,9.62,13
PRG0005016,STU00285,MOD00037,CRS005,2025-06-18,2025-08-22,Completed,2.32,92
PRG0005017,STU00285,MOD00038,CRS005,2025-06-12,2025-07-07,In Progress,3.1,98
PRG0005018,STU00285,MOD00039,CRS005,2025-06-06,2025-07-29,Completed,5.51,32
PRG0005019,STU00285,MOD00040,CRS005,2025-06-14,2025-07-01,Completed,6.51,58
PRG0005020,STU00286,MOD00041,CRS006,2026-01-05,2026-03-05,Not Started,2.05,45
PRG0005021,STU00286,MOD00042,CRS006,2026-01-21,2026-03-30,Completed,1.19,44
PRG0005022,STU00286,MOD00043,CRS006,2026-01-24,2026-02-18,In Progress,5.91,86
PRG0005023,STU00286,MOD00044,CRS006,2026-01-13,2026-01-09,Completed,14.15,66
PRG0005024,STU00286,MOD00045,CRS006,2026-01-25,2026-02-26,Completed,5.54,64
PRG0005025,STU00286,MOD00046,CRS006,2026-01-21,2026-03-21,Not Started,2.81,91
PRG0005026,STU00286,MOD00047,CRS006,2026-01-08,2026-01-18,In Progress,1.39,4
PRG0005027,STU00286,MOD00048,CRS006,2026-01-08,2026-04-01,In Progress,5.63,2
PRG0005028,STU00286,MOD00081,CRS011,2025-10-14,2025-10-08,Not Started,6.08,37
PRG0005029,STU00286,MOD00082,CRS011,2025-10-21,2025-11-25,Completed,7.15,88
PRG0005030,STU00286,MOD00083,CRS011,2025-10-29,2025-11-04,Completed,9.43,88
PRG0005031,STU00286,MOD00085,CRS011,2025-10-12,2025-11-30,Completed,3.72,34
PRG0005032,STU00286,MOD00086,CRS011,2025-10-12,2025-10-16,In Progress,2.05,63
PRG0005033,STU00286,MOD00087,CRS011,2025-10-07,2025-12-11,Completed,7.58,14
PRG0005034,STU00286,MOD00113,CRS015,2026-01-14,2026-01-02,Completed,3.2,59
PRG0005035,STU00286,MOD00114,CRS015,2026-01-22,2026-02-06,In Progress,3.47,96
PRG0005036,STU00286,MOD00115,CRS015,2026-01-07,2026-01-18,Completed,5.7,54
PRG0005037,STU00286,MOD00116,CRS015,2026-01-18,2026-03-20,In Progress,6.26,32
PRG0005038,STU00286,MOD00117,CRS015,2026-01-25,2026-03-28,Completed,1.75,99
PRG0005039,STU00286,MOD00118,CRS015,2026-01-25,2026-01-30,Completed,2.11,59
PRG0005040,STU00286,MOD00119,CRS015,2026-01-19,2026-03-06,Not Started,4.73,33
PRG0005041,STU00286,MOD00120,CRS015,2026-01-18,2026-01-21,Completed,1.08,67
PRG0005042,STU00287,MOD00027,CRS004,2025-11-07,2025-12-16,In Progress,5.04,17
PRG0005043,STU00287,MOD00028,CRS004,2025-11-17,2025-11-25,Not Started,7.55,47
PRG0005044,STU00287,MOD00029,CRS004,2025-11-16,2025-11-07,Completed,5.59,10
PRG0005045,STU00287,MOD00032,CRS004,2025-10-30,2025-11-22,Not Started,3.99,25
PRG0005046,STU00287,MOD00001,CRS001,2025-05-13,2025-06-03,In Progress,6.16,3
PRG0005047,STU00287,MOD00005,CRS001,2025-04-27,2025-05-03,Completed,13.25,85
PRG0005048,STU00287,MOD00006,CRS001,2025-04-18,2025-04-25,In Progress,3.45,81
PRG0005049,STU00287,MOD00007,CRS001,2025-05-03,2025-04-19,In Progress,1.22,1
PRG0005050,STU00288,MOD00107,CRS014,2026-03-22,2026-05-07,In Progress,2.94,86
PRG0005051,STU00288,MOD00109,CRS014,2026-04-17,2026-05-15,In Progress,5.16,31
PRG0005052,STU00288,MOD00033,CRS005,2025-12-25,2026-01-31,In Progress,2.5,52
PRG0005053,STU00288,MOD00034,CRS005,2026-01-11,2026-01-31,In Progress,5.97,91
PRG0005054,STU00288,MOD00035,CRS005,2025-12-29,2026-01-09,Completed,10.82,68
PRG0005055,STU00288,MOD00036,CRS005,2026-01-16,2026-02-02,Completed,5.17,99
PRG0005056,STU00288,MOD00037,CRS005,2025-12-31,2026-02-28,Not Started,1.8,16
PRG0005057,STU00288,MOD00038,CRS005,2026-01-09,2026-02-07,Completed,1.37,78
PRG0005058,STU00288,MOD00039,CRS005,2026-01-17,2026-03-16,Completed,1.25,24
PRG0005059,STU00288,MOD00040,CRS005,2026-01-01,2026-03-03,Completed,2.49,44
PRG0005060,STU00288,MOD00030,CRS004,2025-12-03,2025-11-21,Completed,8.41,63
PRG0005061,STU00288,MOD00041,CRS006,2025-05-31,2025-05-27,Completed,13.36,80
PRG0005062,STU00288,MOD00042,CRS006,2025-06-09,2025-06-12,Completed,3.76,37
PRG0005063,STU00288,MOD00043,CRS006,2025-05-26,2025-06-08,Completed,5.56,63
PRG0005064,STU00288,MOD00044,CRS006,2025-05-23,2025-06-21,In Progress,4.83,49
PRG0005065,STU00288,MOD00045,CRS006,2025-06-02,2025-06-16,Completed,3.78,6
PRG0005066,STU00288,MOD00046,CRS006,2025-05-15,2025-07-04,Completed,10.61,17
PRG0005067,STU00288,MOD00047,CRS006,2025-06-01,2025-07-10,Completed,10.27,58
PRG0005068,STU00288,MOD00048,CRS006,2025-05-26,2025-06-11,Completed,3.97,100
PRG0005069,STU00288,MOD00121,CRS016,2025-10-18,2025-11-16,Not Started,11.82,83
PRG0005070,STU00288,MOD00122,CRS016,2025-10-01,2025-12-15,Completed,1.24,32
PRG0005071,STU00288,MOD00123,CRS016,2025-10-06,2025-11-17,Completed,2.96,93
PRG0005072,STU00288,MOD00124,CRS016,2025-10-14,2025-10-07,Completed,3.82,73
PRG0005073,STU00288,MOD00125,CRS016,2025-10-20,2025-10-30,Completed,2.26,32
PRG0005074,STU00288,MOD00126,CRS016,2025-10-15,2025-12-13,Completed,8.62,46
PRG0005075,STU00288,MOD00127,CRS016,2025-10-29,2025-10-15,In Progress,3.82,15
PRG0005076,STU00288,MOD00128,CRS016,2025-10-25,2025-10-09,Completed,4.53,83
PRG0005077,STU00289,MOD00121,CRS016,2025-05-23,2025-07-27,Not Started,10.71,38
PRG0005078,STU00289,MOD00122,CRS016,2025-05-20,2025-07-16,Completed,2.06,34
PRG0005079,STU00289,MOD00123,CRS016,2025-05-14,2025-07-11,Completed,1.31,31
PRG0005080,STU00289,MOD00124,CRS016,2025-05-25,2025-07-03,Completed,2.72,53
PRG0005081,STU00289,MOD00125,CRS016,2025-05-10,2025-06-09,In Progress,2.5,45
PRG0005082,STU00289,MOD00126,CRS016,2025-05-11,2025-06-28,In Progress,8.01,22
PRG0005083,STU00289,MOD00127,CRS016,2025-05-06,2025-05-14,Completed,9.3,87
PRG0005084,STU00289,MOD00128,CRS016,2025-05-21,2025-05-19,Completed,2.01,29
PRG0005085,STU00290,MOD00137,CRS018,2025-11-11,2025-11-26,Not Started,3.26,76
PRG0005086,STU00290,MOD00141,CRS018,2025-11-02,2025-11-04,Completed,13.85,34
PRG0005087,STU00290,MOD00144,CRS018,2025-10-22,2025-11-26,In Progress,2.36,84
PRG0005088,STU00290,MOD00001,CRS001,2025-12-28,2026-01-29,Completed,1.87,15
PRG0005089,STU00290,MOD00003,CRS001,2026-01-10,2025-12-29,In Progress,8.64,68
PRG0005090,STU00290,MOD00005,CRS001,2025-12-26,2026-03-05,Completed,9.91,75
PRG0005091,STU00290,MOD00006,CRS001,2026-01-05,2026-02-17,Not Started,10.0,56
PRG0005092,STU00290,MOD00105,CRS014,2025-08-31,2025-09-10,Completed,4.12,40
PRG0005093,STU00290,MOD00106,CRS014,2025-08-12,2025-09-05,In Progress,11.94,58
PRG0005094,STU00290,MOD00107,CRS014,2025-08-31,2025-08-24,In Progress,6.72,27
PRG0005095,STU00290,MOD00108,CRS014,2025-08-30,2025-10-20,Completed,12.55,44
PRG0005096,STU00290,MOD00109,CRS014,2025-08-06,2025-08-24,Completed,5.65,96
PRG0005097,STU00290,MOD00110,CRS014,2025-08-14,2025-08-31,In Progress,9.77,89
PRG0005098,STU00290,MOD00111,CRS014,2025-09-05,2025-10-18,In Progress,2.91,43
PRG0005099,STU00290,MOD00112,CRS014,2025-08-21,2025-08-15,Completed,1.71,31
PRG0005100,STU00290,MOD00129,CRS017,2025-11-16,2025-11-12,Completed,3.8,8
PRG0005101,STU00290,MOD00131,CRS017,2025-12-02,2026-01-23,Not Started,1.1,79
PRG0005102,STU00290,MOD00132,CRS017,2025-11-18,2026-01-10,Completed,5.15,29
PRG0005103,STU00290,MOD00133,CRS017,2025-11-15,2026-01-29,Completed,3.41,35
PRG0005104,STU00291,MOD00089,CRS012,2026-03-28,2026-03-09,Completed,1.82,19
PRG0005105,STU00291,MOD00090,CRS012,2026-03-23,2026-05-29,In Progress,2.2,20
PRG0005106,STU00291,MOD00092,CRS012,2026-03-24,2026-04-11,Completed,1.86,82
PRG0005107,STU00291,MOD00094,CRS012,2026-03-30,2026-03-11,Completed,3.62,41
PRG0005108,STU00291,MOD00145,CRS019,2025-08-25,2025-10-08,Not Started,1.4,46
PRG0005109,STU00291,MOD00146,CRS019,2025-08-28,2025-08-13,Completed,2.28,70
PRG0005110,STU00291,MOD00147,CRS019,2025-08-10,2025-10-04,In Progress,10.75,36
PRG0005111,STU00291,MOD00148,CRS019,2025-08-23,2025-09-22,Completed,2.91,93
PRG0005112,STU00291,MOD00149,CRS019,2025-09-08,2025-09-07,Not Started,1.66,65
PRG0005113,STU00291,MOD00150,CRS019,2025-08-22,2025-10-12,In Progress,4.35,100
PRG0005114,STU00291,MOD00151,CRS019,2025-08-19,2025-11-05,Completed,2.9,0
PRG0005115,STU00291,MOD00152,CRS019,2025-08-27,2025-08-22,Completed,1.15,79
PRG0005116,STU00291,MOD00025,CRS004,2025-07-21,2025-07-25,Completed,8.78,86
PRG0005117,STU00291,MOD00026,CRS004,2025-07-07,2025-07-16,Completed,10.08,13
PRG0005118,STU00291,MOD00027,CRS004,2025-06-26,2025-07-30,In Progress,2.88,39
PRG0005119,STU00291,MOD00028,CRS004,2025-07-22,2025-07-22,In Progress,3.57,84
PRG0005120,STU00291,MOD00029,CRS004,2025-06-24,2025-09-19,Not Started,4.24,51
PRG0005121,STU00291,MOD00030,CRS004,2025-07-08,2025-08-12,Completed,2.55,37
PRG0005122,STU00291,MOD00031,CRS004,2025-06-29,2025-09-05,Not Started,1.69,100
PRG0005123,STU00291,MOD00106,CRS014,2025-08-01,2025-07-29,Completed,10.84,71
PRG0005124,STU00292,MOD00153,CRS020,2025-08-18,2025-10-05,Completed,1.49,96
PRG0005125,STU00292,MOD00154,CRS020,2025-08-20,2025-10-30,In Progress,7.11,82
PRG0005126,STU00292,MOD00155,CRS020,2025-08-21,2025-09-15,Not Started,6.54,79
PRG0005127,STU00292,MOD00156,CRS020,2025-08-26,2025-10-05,Completed,9.48,27
PRG0005128,STU00292,MOD00157,CRS020,2025-08-09,2025-08-18,Not Started,3.65,27
PRG0005129,STU00292,MOD00159,CRS020,2025-08-31,2025-09-12,Completed,9.37,66
PRG0005130,STU00292,MOD00137,CRS018,2025-09-29,2025-11-18,Completed,4.79,0
PRG0005131,STU00292,MOD00138,CRS018,2025-10-07,2025-12-12,Completed,3.53,8
PRG0005132,STU00292,MOD00139,CRS018,2025-10-18,2025-11-19,Completed,4.93,22
PRG0005133,STU00292,MOD00143,CRS018,2025-09-23,2025-10-21,In Progress,7.17,20
PRG0005134,STU00292,MOD00144,CRS018,2025-09-28,2025-11-05,In Progress,1.41,46
PRG0005135,STU00292,MOD00105,CRS014,2025-06-11,2025-06-20,Not Started,1.77,31
PRG0005136,STU00292,MOD00106,CRS014,2025-06-13,2025-07-10,Completed,6.57,73
PRG0005137,STU00292,MOD00107,CRS014,2025-06-14,2025-06-11,Completed,2.56,39
PRG0005138,STU00292,MOD00108,CRS014,2025-06-20,2025-07-16,Completed,1.1,69
PRG0005139,STU00292,MOD00109,CRS014,2025-06-23,2025-05-28,In Progress,4.17,62
PRG0005140,STU00292,MOD00110,CRS014,2025-06-02,2025-07-19,In Progress,1.65,26
PRG0005141,STU00292,MOD00111,CRS014,2025-06-24,2025-07-01,Completed,5.55,31
PRG0005142,STU00292,MOD00112,CRS014,2025-06-08,2025-07-10,In Progress,1.25,65
PRG0005143,STU00293,MOD00145,CRS019,2025-06-30,2025-08-15,Completed,4.12,77
PRG0005144,STU00293,MOD00146,CRS019,2025-06-21,2025-08-03,In Progress,1.18,63
PRG0005145,STU00293,MOD00147,CRS019,2025-06-20,2025-06-13,Completed,4.0,48
PRG0005146,STU00293,MOD00148,CRS019,2025-06-15,2025-07-08,Completed,1.89,6
PRG0005147,STU00293,MOD00149,CRS019,2025-06-30,2025-08-22,Completed,13.15,62
PRG0005148,STU00293,MOD00150,CRS019,2025-07-05,2025-07-14,Completed,4.64,10
PRG0005149,STU00293,MOD00151,CRS019,2025-06-27,2025-07-26,Completed,2.82,58
PRG0005150,STU00293,MOD00152,CRS019,2025-07-04,2025-06-18,Not Started,4.12,90
PRG0005151,STU00294,MOD00001,CRS001,2025-07-23,2025-09-03,Completed,5.12,64
PRG0005152,STU00294,MOD00002,CRS001,2025-07-26,2025-09-29,Completed,2.52,92
PRG0005153,STU00294,MOD00003,CRS001,2025-07-25,2025-08-28,Completed,5.81,29
PRG0005154,STU00294,MOD00005,CRS001,2025-08-15,2025-10-09,Completed,7.58,53
PRG0005155,STU00294,MOD00006,CRS001,2025-07-31,2025-10-19,Completed,1.78,20
PRG0005156,STU00294,MOD00007,CRS001,2025-08-14,2025-08-21,Completed,5.68,67
PRG0005157,STU00294,MOD00097,CRS013,2025-04-29,2025-07-01,In Progress,1.2,89
PRG0005158,STU00294,MOD00099,CRS013,2025-04-23,2025-07-13,In Progress,3.32,34
PRG0005159,STU00294,MOD00101,CRS013,2025-05-13,2025-06-03,Completed,2.85,61
PRG0005160,STU00294,MOD00102,CRS013,2025-05-15,2025-07-14,Completed,3.57,59
PRG0005161,STU00294,MOD00103,CRS013,2025-05-01,2025-06-08,Completed,2.1,70
PRG0005162,STU00294,MOD00104,CRS013,2025-04-26,2025-07-02,Completed,1.79,87
PRG0005163,STU00294,MOD00049,CRS007,2025-12-06,2026-01-14,Completed,3.0,100
PRG0005164,STU00294,MOD00050,CRS007,2025-12-27,2026-01-24,In Progress,5.99,47
PRG0005165,STU00294,MOD00051,CRS007,2025-12-20,2026-01-22,Completed,6.6,61
PRG0005166,STU00294,MOD00052,CRS007,2025-11-28,2026-02-07,Completed,1.07,85
PRG0005167,STU00294,MOD00053,CRS007,2025-12-07,2026-02-18,Completed,3.83,42
PRG0005168,STU00294,MOD00054,CRS007,2025-12-26,2025-12-21,Completed,1.73,36
PRG0005169,STU00294,MOD00055,CRS007,2025-12-14,2026-02-02,Completed,1.67,71
PRG0005170,STU00294,MOD00056,CRS007,2025-12-01,2026-01-26,Completed,10.26,18
PRG0005171,STU00294,MOD00105,CRS014,2025-07-14,2025-08-23,In Progress,2.38,7
PRG0005172,STU00294,MOD00106,CRS014,2025-07-13,2025-07-16,Completed,10.47,55
PRG0005173,STU00294,MOD00107,CRS014,2025-06-29,2025-07-30,Completed,10.53,32
PRG0005174,STU00294,MOD00108,CRS014,2025-07-04,2025-07-10,Completed,3.66,72
PRG0005175,STU00294,MOD00110,CRS014,2025-07-24,2025-07-01,In Progress,2.52,14
PRG0005176,STU00295,MOD00145,CRS019,2025-11-03,2025-12-07,Completed,2.86,43
PRG0005177,STU00295,MOD00146,CRS019,2025-11-01,2025-12-09,Completed,2.88,19
PRG0005178,STU00295,MOD00147,CRS019,2025-10-25,2025-12-05,Completed,3.12,77
PRG0005179,STU00295,MOD00148,CRS019,2025-10-30,2025-12-06,Completed,2.91,27
PRG0005180,STU00295,MOD00149,CRS019,2025-11-20,2025-12-19,Not Started,13.32,25
PRG0005181,STU00295,MOD00150,CRS019,2025-11-05,2025-11-03,In Progress,3.13,50
PRG0005182,STU00295,MOD00151,CRS019,2025-11-20,2026-01-10,Completed,2.75,84
PRG0005183,STU00295,MOD00152,CRS019,2025-11-16,2025-12-31,In Progress,3.01,90
PRG0005184,STU00295,MOD00089,CRS012,2025-11-08,2025-12-17,In Progress,1.96,83
PRG0005185,STU00295,MOD00090,CRS012,2025-10-26,2025-12-03,Not Started,6.42,5
PRG0005186,STU00295,MOD00091,CRS012,2025-11-10,2026-01-09,In Progress,10.44,99
PRG0005187,STU00295,MOD00092,CRS012,2025-11-14,2025-12-17,Completed,4.01,77
PRG0005188,STU00295,MOD00093,CRS012,2025-11-06,2025-12-15,In Progress,3.1,25
PRG0005189,STU00295,MOD00094,CRS012,2025-11-19,2026-01-18,Not Started,4.55,55
PRG0005190,STU00295,MOD00095,CRS012,2025-11-02,2025-11-06,Completed,3.95,24
PRG0005191,STU00295,MOD00096,CRS012,2025-11-09,2026-01-08,In Progress,1.61,0
PRG0005192,STU00295,MOD00065,CRS009,2025-11-20,2025-12-25,In Progress,4.03,7
PRG0005193,STU00295,MOD00066,CRS009,2025-11-10,2025-12-02,In Progress,8.04,16
PRG0005194,STU00295,MOD00067,CRS009,2025-10-28,2025-12-31,Not Started,3.95,12
PRG0005195,STU00295,MOD00068,CRS009,2025-10-25,2025-12-08,In Progress,7.29,81
PRG0005196,STU00295,MOD00069,CRS009,2025-11-02,2025-12-10,Completed,3.9,92
PRG0005197,STU00295,MOD00070,CRS009,2025-11-13,2025-11-15,Completed,1.33,43
PRG0005198,STU00295,MOD00071,CRS009,2025-10-28,2026-01-11,In Progress,8.52,86
PRG0005199,STU00295,MOD00072,CRS009,2025-11-07,2025-11-11,Completed,2.46,49
PRG0005200,STU00295,MOD00097,CRS013,2026-01-03,2026-03-24,Completed,14.36,1
PRG0005201,STU00295,MOD00098,CRS013,2026-01-16,2026-03-01,Completed,8.56,76
PRG0005202,STU00295,MOD00099,CRS013,2026-01-22,2026-02-02,Completed,3.19,20
PRG0005203,STU00295,MOD00100,CRS013,2026-01-24,2026-02-02,Completed,2.23,44
PRG0005204,STU00295,MOD00101,CRS013,2026-01-04,2026-02-13,Completed,2.91,76
PRG0005205,STU00295,MOD00102,CRS013,2026-01-23,2026-01-28,Not Started,2.8,74
PRG0005206,STU00295,MOD00103,CRS013,2026-01-24,2026-03-10,In Progress,2.63,17
PRG0005207,STU00295,MOD00104,CRS013,2025-12-27,2026-02-04,Not Started,2.62,3
PRG0005208,STU00296,MOD00137,CRS018,2025-08-10,2025-08-08,In Progress,3.43,86
PRG0005209,STU00296,MOD00138,CRS018,2025-08-17,2025-08-26,Not Started,1.84,62
PRG0005210,STU00296,MOD00139,CRS018,2025-08-15,2025-08-24,Completed,2.77,32
PRG0005211,STU00296,MOD00140,CRS018,2025-07-28,2025-09-21,Completed,6.0,28
PRG0005212,STU00296,MOD00141,CRS018,2025-08-04,2025-10-06,Not Started,5.03,12
PRG0005213,STU00296,MOD00142,CRS018,2025-08-07,2025-09-17,Completed,4.74,87
PRG0005214,STU00296,MOD00143,CRS018,2025-08-01,2025-10-08,In Progress,1.83,34
PRG0005215,STU00296,MOD00144,CRS018,2025-08-17,2025-08-02,In Progress,4.37,44
PRG0005216,STU00296,MOD00154,CRS020,2025-07-20,2025-08-10,In Progress,8.97,55
PRG0005217,STU00296,MOD00155,CRS020,2025-07-31,2025-09-20,Not Started,8.08,42
PRG0005218,STU00296,MOD00160,CRS020,2025-08-09,2025-09-23,Completed,2.25,77
PRG0005219,STU00296,MOD00121,CRS016,2025-06-08,2025-05-25,In Progress,2.37,56
PRG0005220,STU00296,MOD00122,CRS016,2025-05-17,2025-07-22,In Progress,1.73,59
PRG0005221,STU00296,MOD00123,CRS016,2025-05-12,2025-06-16,In Progress,1.17,94
PRG0005222,STU00296,MOD00124,CRS016,2025-06-09,2025-08-05,Completed,2.15,90
PRG0005223,STU00296,MOD00125,CRS016,2025-05-30,2025-08-05,Completed,1.18,0
PRG0005224,STU00296,MOD00126,CRS016,2025-06-05,2025-06-12,Completed,3.01,27
PRG0005225,STU00296,MOD00127,CRS016,2025-05-19,2025-06-12,Completed,2.52,99
PRG0005226,STU00296,MOD00128,CRS016,2025-06-04,2025-07-03,Completed,3.4,20
PRG0005227,STU00297,MOD00033,CRS005,2026-05-06,2026-04-08,In Progress,6.79,19
PRG0005228,STU00297,MOD00034,CRS005,2026-05-05,2026-06-03,Completed,5.0,40
PRG0005229,STU00297,MOD00035,CRS005,2026-04-23,2026-04-14,In Progress,8.1,57
PRG0005230,STU00297,MOD00036,CRS005,2026-04-17,2026-07-02,Completed,1.54,27
PRG0005231,STU00297,MOD00037,CRS005,2026-05-01,2026-05-25,Completed,1.03,75
PRG0005232,STU00297,MOD00038,CRS005,2026-04-08,2026-07-02,Completed,3.22,17
PRG0005233,STU00297,MOD00039,CRS005,2026-04-30,2026-06-01,In Progress,4.81,57
PRG0005234,STU00297,MOD00040,CRS005,2026-04-16,2026-05-29,Completed,3.69,61
PRG0005235,STU00297,MOD00057,CRS008,2026-04-27,2026-07-02,Completed,7.91,36
PRG0005236,STU00297,MOD00060,CRS008,2026-04-30,2026-05-30,In Progress,5.16,59
PRG0005237,STU00297,MOD00061,CRS008,2026-04-13,2026-05-18,Not Started,10.45,65
PRG0005238,STU00297,MOD00062,CRS008,2026-05-02,2026-06-10,Completed,9.43,45
PRG0005239,STU00297,MOD00113,CRS015,2026-04-20,2026-05-19,In Progress,1.18,100
PRG0005240,STU00297,MOD00114,CRS015,2026-05-06,2026-05-07,In Progress,5.92,40
PRG0005241,STU00297,MOD00115,CRS015,2026-04-25,2026-05-28,In Progress,7.45,81
PRG0005242,STU00297,MOD00116,CRS015,2026-04-07,2026-06-19,Completed,8.77,16
PRG0005243,STU00297,MOD00117,CRS015,2026-04-30,2026-05-11,Completed,2.68,75
PRG0005244,STU00297,MOD00118,CRS015,2026-05-03,2026-05-03,Completed,2.44,62
PRG0005245,STU00297,MOD00119,CRS015,2026-04-08,2026-05-12,Completed,1.94,54
PRG0005246,STU00297,MOD00120,CRS015,2026-04-08,2026-05-01,In Progress,2.65,69
PRG0005247,STU00298,MOD00138,CRS018,2026-01-22,2026-03-17,Completed,1.1,99
PRG0005248,STU00298,MOD00139,CRS018,2026-01-24,2026-01-24,Completed,5.89,24
PRG0005249,STU00298,MOD00141,CRS018,2026-01-24,2026-02-21,Completed,11.03,86
PRG0005250,STU00298,MOD00009,CRS002,2026-01-21,2026-02-07,Completed,11.07,86
PRG0005251,STU00298,MOD00010,CRS002,2026-01-22,2026-02-16,Completed,1.68,69
PRG0005252,STU00298,MOD00011,CRS002,2026-02-02,2026-02-01,In Progress,7.23,96
PRG0005253,STU00298,MOD00012,CRS002,2026-01-18,2026-04-02,In Progress,1.4,56
PRG0005254,STU00298,MOD00013,CRS002,2026-01-13,2026-02-12,Completed,13.26,48
PRG0005255,STU00298,MOD00014,CRS002,2026-01-26,2026-03-17,Completed,7.04,0
PRG0005256,STU00298,MOD00015,CRS002,2026-01-22,2026-03-27,Completed,7.48,64
PRG0005257,STU00298,MOD00016,CRS002,2026-01-25,2026-02-19,Not Started,1.18,41
PRG0005258,STU00298,MOD00041,CRS006,2026-01-29,2026-03-27,Completed,8.99,23
PRG0005259,STU00298,MOD00045,CRS006,2026-02-02,2026-01-23,Completed,5.77,20
PRG0005260,STU00299,MOD00121,CRS016,2026-01-20,2026-03-22,In Progress,6.92,7
PRG0005261,STU00299,MOD00122,CRS016,2026-01-11,2026-03-04,Completed,2.56,87
PRG0005262,STU00299,MOD00123,CRS016,2026-01-23,2026-02-05,In Progress,2.96,53
PRG0005263,STU00299,MOD00124,CRS016,2026-01-04,2026-02-18,Completed,7.22,76
PRG0005264,STU00299,MOD00125,CRS016,2026-01-15,2026-01-15,Completed,2.96,65
PRG0005265,STU00299,MOD00126,CRS016,2026-01-19,2026-03-15,Completed,6.91,66
PRG0005266,STU00299,MOD00127,CRS016,2026-02-02,2026-03-05,Not Started,6.85,21
PRG0005267,STU00299,MOD00128,CRS016,2026-01-11,2026-03-22,In Progress,3.42,2
PRG0005268,STU00299,MOD00105,CRS014,2026-01-28,2026-03-28,In Progress,4.11,10
PRG0005269,STU00299,MOD00106,CRS014,2026-01-16,2026-03-24,In Progress,5.59,11
PRG0005270,STU00299,MOD00107,CRS014,2026-01-12,2026-02-07,Completed,7.18,69
PRG0005271,STU00299,MOD00108,CRS014,2026-01-23,2026-02-03,In Progress,8.62,69
PRG0005272,STU00299,MOD00109,CRS014,2026-01-15,2026-03-19,In Progress,3.54,53
PRG0005273,STU00299,MOD00110,CRS014,2026-01-28,2026-01-21,In Progress,12.06,26
PRG0005274,STU00299,MOD00111,CRS014,2026-01-18,2026-03-22,Not Started,2.24,78
PRG0005275,STU00299,MOD00112,CRS014,2026-01-03,2026-01-15,In Progress,2.75,20
PRG0005276,STU00300,MOD00017,CRS003,2025-06-30,2025-07-16,Completed,5.97,23
PRG0005277,STU00300,MOD00018,CRS003,2025-07-08,2025-07-08,Completed,1.35,19
PRG0005278,STU00300,MOD00019,CRS003,2025-07-17,2025-07-13,Completed,11.32,81
PRG0005279,STU00300,MOD00021,CRS003,2025-06-20,2025-07-26,In Progress,4.86,22
PRG0005280,STU00300,MOD00022,CRS003,2025-07-03,2025-06-24,Completed,2.53,76
PRG0005281,STU00300,MOD00009,CRS002,2025-11-21,2025-12-12,In Progress,8.55,31
PRG0005282,STU00300,MOD00010,CRS002,2025-12-12,2026-01-16,Completed,5.0,73
PRG0005283,STU00300,MOD00011,CRS002,2025-11-18,2025-11-19,In Progress,7.56,83
PRG0005284,STU00300,MOD00012,CRS002,2025-12-12,2025-11-29,Not Started,4.01,43
PRG0005285,STU00300,MOD00013,CRS002,2025-12-16,2025-12-16,In Progress,3.18,37
PRG0005286,STU00300,MOD00014,CRS002,2025-12-04,2025-12-19,Completed,2.42,65
PRG0005287,STU00300,MOD00015,CRS002,2025-12-03,2025-12-03,Completed,1.91,36
PRG0005288,STU00300,MOD00016,CRS002,2025-11-27,2026-01-13,In Progress,2.25,80
PRG0005289,STU00300,MOD00097,CRS013,2025-12-08,2026-02-13,Completed,1.15,61
PRG0005290,STU00300,MOD00098,CRS013,2025-12-16,2025-12-10,Not Started,7.75,6
PRG0005291,STU00300,MOD00099,CRS013,2025-11-23,2026-02-09,Not Started,6.75,1
PRG0005292,STU00300,MOD00100,CRS013,2025-12-03,2025-12-12,Completed,5.64,82
PRG0005293,STU00300,MOD00101,CRS013,2025-12-12,2025-12-13,Completed,1.76,87
PRG0005294,STU00300,MOD00102,CRS013,2025-11-27,2026-02-01,In Progress,1.75,33
PRG0005295,STU00300,MOD00103,CRS013,2025-12-03,2025-12-16,Completed,3.58,44
PRG0005296,STU00300,MOD00104,CRS013,2025-11-30,2026-01-05,Completed,2.18,5
PRG0005297,STU00301,MOD00153,CRS020,2026-02-16,2026-03-15,Completed,3.84,72
PRG0005298,STU00301,MOD00154,CRS020,2026-02-23,2026-03-08,Completed,13.67,27
PRG0005299,STU00301,MOD00155,CRS020,2026-02-26,2026-04-19,In Progress,2.12,96
PRG0005300,STU00301,MOD00156,CRS020,2026-02-28,2026-04-20,Completed,8.63,59
PRG0005301,STU00301,MOD00157,CRS020,2026-03-09,2026-04-24,Completed,2.29,76
PRG0005302,STU00301,MOD00158,CRS020,2026-02-24,2026-02-27,Completed,7.34,32
PRG0005303,STU00301,MOD00159,CRS020,2026-02-27,2026-04-12,Completed,1.2,21
PRG0005304,STU00301,MOD00160,CRS020,2026-03-04,2026-03-25,Completed,7.51,43
PRG0005305,STU00301,MOD00009,CRS002,2026-01-21,2025-12-28,Completed,9.42,46
PRG0005306,STU00301,MOD00010,CRS002,2025-12-27,2026-03-13,Completed,10.74,7
PRG0005307,STU00301,MOD00011,CRS002,2025-12-25,2026-02-21,Completed,4.04,67
PRG0005308,STU00301,MOD00012,CRS002,2026-01-04,2026-01-15,Completed,4.3,62
PRG0005309,STU00301,MOD00013,CRS002,2026-01-01,2026-02-27,Completed,6.45,78
PRG0005310,STU00301,MOD00014,CRS002,2026-01-17,2025-12-26,Completed,5.72,3
PRG0005311,STU00301,MOD00015,CRS002,2026-01-06,2026-01-29,In Progress,11.38,43
PRG0005312,STU00301,MOD00016,CRS002,2026-01-01,2026-02-05,Completed,10.85,10
PRG0005313,STU00301,MOD00041,CRS006,2025-11-30,2026-01-23,In Progress,14.75,31
PRG0005314,STU00301,MOD00043,CRS006,2025-11-30,2026-02-06,Completed,6.5,70
PRG0005315,STU00301,MOD00045,CRS006,2025-12-06,2025-12-09,Completed,2.02,24
PRG0005316,STU00301,MOD00046,CRS006,2025-12-08,2025-12-21,In Progress,6.88,9
PRG0005317,STU00301,MOD00048,CRS006,2025-12-06,2025-11-29,Completed,1.21,40
PRG0005318,STU00302,MOD00073,CRS010,2025-10-07,2025-11-16,In Progress,6.41,60
PRG0005319,STU00302,MOD00074,CRS010,2025-10-09,2025-09-28,Completed,7.35,34
PRG0005320,STU00302,MOD00075,CRS010,2025-10-16,2025-11-12,Completed,2.82,71
PRG0005321,STU00302,MOD00076,CRS010,2025-09-22,2025-12-06,In Progress,2.55,100
PRG0005322,STU00302,MOD00077,CRS010,2025-10-12,2025-09-24,Completed,3.31,3
PRG0005323,STU00302,MOD00078,CRS010,2025-09-25,2025-11-25,In Progress,5.7,69
PRG0005324,STU00302,MOD00079,CRS010,2025-10-02,2025-10-02,Completed,13.79,12
PRG0005325,STU00302,MOD00080,CRS010,2025-10-16,2025-10-22,In Progress,2.17,52
PRG0005326,STU00302,MOD00049,CRS007,2026-03-01,2026-03-31,Completed,3.08,9
PRG0005327,STU00302,MOD00050,CRS007,2026-02-17,2026-02-24,Completed,5.99,3
PRG0005328,STU00302,MOD00051,CRS007,2026-02-08,2026-04-21,Completed,1.61,54
PRG0005329,STU00302,MOD00052,CRS007,2026-02-09,2026-04-10,In Progress,4.73,5
PRG0005330,STU00302,MOD00053,CRS007,2026-02-11,2026-05-04,Completed,1.03,90
PRG0005331,STU00302,MOD00054,CRS007,2026-03-09,2026-03-09,Completed,2.01,20
PRG0005332,STU00302,MOD00055,CRS007,2026-02-28,2026-02-25,Completed,1.95,19
PRG0005333,STU00302,MOD00056,CRS007,2026-03-08,2026-03-25,In Progress,9.05,23
PRG0005334,STU00302,MOD00009,CRS002,2026-01-16,2026-03-01,In Progress,5.51,64
PRG0005335,STU00302,MOD00010,CRS002,2026-01-13,2026-01-21,In Progress,11.96,24
PRG0005336,STU00302,MOD00011,CRS002,2026-01-22,2026-02-12,In Progress,9.47,80
PRG0005337,STU00302,MOD00012,CRS002,2026-01-21,2026-02-01,Completed,7.52,31
PRG0005338,STU00302,MOD00013,CRS002,2026-01-11,2026-03-26,Completed,9.92,67
PRG0005339,STU00302,MOD00014,CRS002,2026-01-11,2026-02-05,Completed,2.73,86
PRG0005340,STU00302,MOD00015,CRS002,2026-01-17,2026-03-12,Completed,10.04,50
PRG0005341,STU00302,MOD00129,CRS017,2026-01-06,2026-01-15,In Progress,3.77,70
PRG0005342,STU00302,MOD00130,CRS017,2025-12-29,2026-02-05,Completed,11.68,60
PRG0005343,STU00302,MOD00131,CRS017,2026-01-11,2026-01-13,In Progress,2.71,0
PRG0005344,STU00302,MOD00132,CRS017,2026-01-04,2026-01-05,Completed,1.52,54
PRG0005345,STU00302,MOD00133,CRS017,2025-12-23,2025-12-23,Completed,9.64,17
PRG0005346,STU00302,MOD00134,CRS017,2025-12-27,2026-03-14,Completed,10.7,43
PRG0005347,STU00302,MOD00135,CRS017,2026-01-11,2026-02-07,Completed,2.88,67
PRG0005348,STU00302,MOD00136,CRS017,2025-12-20,2026-01-12,Completed,4.67,36
PRG0005349,STU00302,MOD00059,CRS008,2025-11-24,2026-01-18,Not Started,1.71,37
PRG0005350,STU00302,MOD00061,CRS008,2025-10-29,2025-12-25,Completed,12.12,33
PRG0005351,STU00303,MOD00065,CRS009,2026-04-29,2026-04-16,In Progress,3.66,38
PRG0005352,STU00303,MOD00066,CRS009,2026-04-25,2026-05-14,Completed,5.8,46
PRG0005353,STU00303,MOD00067,CRS009,2026-04-24,2026-04-20,Completed,6.91,34
PRG0005354,STU00303,MOD00068,CRS009,2026-04-25,2026-06-23,Completed,3.77,49
PRG0005355,STU00303,MOD00069,CRS009,2026-04-23,2026-06-21,In Progress,10.41,22
PRG0005356,STU00303,MOD00070,CRS009,2026-04-28,2026-05-02,Completed,3.28,79
PRG0005357,STU00303,MOD00071,CRS009,2026-05-03,2026-06-08,Completed,9.06,15
PRG0005358,STU00303,MOD00072,CRS009,2026-05-02,2026-04-06,Completed,1.63,15
PRG0005359,STU00304,MOD00097,CRS013,2026-02-14,2026-04-09,Completed,8.41,35
PRG0005360,STU00304,MOD00098,CRS013,2026-02-02,2026-02-07,Not Started,8.18,6
PRG0005361,STU00304,MOD00099,CRS013,2026-01-29,2026-03-28,Completed,3.59,25
PRG0005362,STU00304,MOD00100,CRS013,2026-01-15,2026-03-21,Completed,2.63,38
PRG0005363,STU00304,MOD00101,CRS013,2026-01-22,2026-03-18,Completed,2.36,49
PRG0005364,STU00304,MOD00102,CRS013,2026-01-24,2026-02-11,In Progress,4.46,81
PRG0005365,STU00304,MOD00103,CRS013,2026-01-23,2026-04-06,Completed,2.49,94
PRG0005366,STU00304,MOD00104,CRS013,2026-01-27,2026-01-30,In Progress,4.02,76
PRG0005367,STU00304,MOD00153,CRS020,2026-01-22,2026-03-14,Not Started,4.95,18
PRG0005368,STU00304,MOD00154,CRS020,2026-02-09,2026-01-24,Completed,7.88,89
PRG0005369,STU00304,MOD00155,CRS020,2026-01-27,2026-02-28,Completed,1.85,98
PRG0005370,STU00304,MOD00156,CRS020,2026-01-17,2026-03-01,Completed,1.97,21
PRG0005371,STU00304,MOD00157,CRS020,2026-01-19,2026-02-09,Completed,1.42,32
PRG0005372,STU00304,MOD00158,CRS020,2026-01-20,2026-03-18,Completed,12.6,79
PRG0005373,STU00304,MOD00159,CRS020,2026-02-09,2026-03-22,Not Started,8.99,14
PRG0005374,STU00304,MOD00160,CRS020,2026-01-16,2026-03-27,Completed,1.76,95
PRG0005375,STU00304,MOD00049,CRS007,2026-01-19,2026-03-04,Completed,3.31,50
PRG0005376,STU00304,MOD00051,CRS007,2026-02-10,2026-04-07,In Progress,3.94,33
PRG0005377,STU00304,MOD00052,CRS007,2026-02-13,2026-01-23,In Progress,3.29,35
PRG0005378,STU00304,MOD00054,CRS007,2026-01-27,2026-01-17,In Progress,1.45,62
PRG0005379,STU00304,MOD00055,CRS007,2026-02-06,2026-03-25,Not Started,1.34,45
PRG0005380,STU00304,MOD00056,CRS007,2026-01-20,2026-03-23,In Progress,11.54,94
PRG0005381,STU00305,MOD00138,CRS018,2026-02-15,2026-05-01,Completed,3.84,96
PRG0005382,STU00305,MOD00141,CRS018,2026-02-10,2026-04-22,Completed,5.76,63
PRG0005383,STU00305,MOD00142,CRS018,2026-02-20,2026-05-01,In Progress,8.05,26
PRG0005384,STU00305,MOD00143,CRS018,2026-02-18,2026-02-08,Completed,5.68,12
PRG0005385,STU00305,MOD00144,CRS018,2026-02-23,2026-03-05,In Progress,3.55,68
PRG0005386,STU00306,MOD00145,CRS019,2026-03-16,2026-04-21,In Progress,1.8,7
PRG0005387,STU00306,MOD00146,CRS019,2026-03-26,2026-05-11,In Progress,6.68,67
PRG0005388,STU00306,MOD00147,CRS019,2026-04-02,2026-06-05,Completed,7.96,49
PRG0005389,STU00306,MOD00148,CRS019,2026-03-16,2026-06-04,Completed,1.71,86
PRG0005390,STU00306,MOD00149,CRS019,2026-04-14,2026-05-06,Completed,7.81,10
PRG0005391,STU00306,MOD00150,CRS019,2026-03-18,2026-03-24,Completed,2.89,49
PRG0005392,STU00306,MOD00151,CRS019,2026-03-20,2026-05-04,Completed,2.31,13
PRG0005393,STU00306,MOD00152,CRS019,2026-04-13,2026-04-02,In Progress,2.21,37
PRG0005394,STU00306,MOD00092,CRS012,2025-12-21,2026-01-10,Completed,3.8,82
PRG0005395,STU00306,MOD00093,CRS012,2026-01-03,2026-02-07,In Progress,12.82,42
PRG0005396,STU00306,MOD00094,CRS012,2025-12-24,2026-02-02,Not Started,12.58,99
PRG0005397,STU00306,MOD00159,CRS020,2025-12-12,2026-01-01,Completed,5.14,95
PRG0005398,STU00306,MOD00065,CRS009,2026-01-03,2026-03-06,In Progress,1.26,84
PRG0005399,STU00306,MOD00066,CRS009,2025-12-30,2026-01-11,In Progress,9.09,75
PRG0005400,STU00306,MOD00067,CRS009,2026-01-18,2026-01-12,In Progress,4.66,97
PRG0005401,STU00306,MOD00068,CRS009,2026-01-02,2026-01-31,In Progress,3.3,79
PRG0005402,STU00306,MOD00069,CRS009,2025-12-28,2026-03-17,In Progress,10.03,72
PRG0005403,STU00306,MOD00070,CRS009,2025-12-24,2025-12-28,In Progress,3.33,43
PRG0005404,STU00306,MOD00071,CRS009,2026-01-03,2025-12-21,Completed,4.28,11
PRG0005405,STU00306,MOD00072,CRS009,2026-01-11,2025-12-31,Not Started,1.57,53
PRG0005406,STU00306,MOD00057,CRS008,2026-01-26,2026-02-08,Completed,6.56,43
PRG0005407,STU00306,MOD00058,CRS008,2026-01-04,2026-03-26,Not Started,7.97,48
PRG0005408,STU00306,MOD00060,CRS008,2026-01-17,2026-02-04,Completed,4.9,92
PRG0005409,STU00306,MOD00061,CRS008,2026-01-03,2026-01-01,Completed,7.39,18
PRG0005410,STU00306,MOD00062,CRS008,2026-01-23,2026-01-30,Completed,12.06,9
PRG0005411,STU00306,MOD00063,CRS008,2026-01-17,2026-03-03,Completed,1.66,18
PRG0005412,STU00306,MOD00064,CRS008,2026-01-18,2026-02-16,Not Started,13.46,24
PRG0005413,STU00307,MOD00129,CRS017,2025-10-23,2025-12-05,Completed,1.51,78
PRG0005414,STU00307,MOD00130,CRS017,2025-10-03,2025-11-20,Completed,3.7,94
PRG0005415,STU00307,MOD00131,CRS017,2025-10-08,2025-10-09,Completed,1.75,36
PRG0005416,STU00307,MOD00132,CRS017,2025-10-21,2025-11-09,Completed,4.26,55
PRG0005417,STU00307,MOD00133,CRS017,2025-10-06,2025-12-27,Completed,8.56,25
PRG0005418,STU00307,MOD00134,CRS017,2025-10-16,2025-12-11,Completed,9.04,87
PRG0005419,STU00307,MOD00135,CRS017,2025-10-02,2025-12-15,Completed,5.57,92
PRG0005420,STU00307,MOD00136,CRS017,2025-10-30,2025-11-23,Completed,4.66,59
PRG0005421,STU00307,MOD00026,CRS004,2025-08-06,2025-09-04,Completed,4.39,38
PRG0005422,STU00307,MOD00027,CRS004,2025-08-04,2025-07-15,Completed,13.59,64
PRG0005423,STU00307,MOD00028,CRS004,2025-07-17,2025-10-05,Completed,4.4,94
PRG0005424,STU00307,MOD00030,CRS004,2025-07-08,2025-07-25,Completed,2.63,40
PRG0005425,STU00307,MOD00031,CRS004,2025-07-14,2025-07-14,Completed,5.76,17
PRG0005426,STU00307,MOD00032,CRS004,2025-07-14,2025-08-01,In Progress,6.71,26
PRG0005427,STU00307,MOD00138,CRS018,2025-07-24,2025-09-09,Completed,5.85,3
PRG0005428,STU00307,MOD00139,CRS018,2025-07-08,2025-08-22,Completed,3.16,54
PRG0005429,STU00307,MOD00140,CRS018,2025-07-18,2025-08-10,In Progress,5.48,15
PRG0005430,STU00307,MOD00142,CRS018,2025-07-30,2025-09-07,Completed,2.73,53
PRG0005431,STU00307,MOD00017,CRS003,2026-03-03,2026-05-19,Completed,5.53,74
PRG0005432,STU00307,MOD00018,CRS003,2026-02-24,2026-03-18,Completed,1.19,72
PRG0005433,STU00307,MOD00019,CRS003,2026-03-10,2026-03-17,Completed,9.33,20
PRG0005434,STU00307,MOD00020,CRS003,2026-03-20,2026-04-11,Completed,2.03,59
PRG0005435,STU00307,MOD00021,CRS003,2026-02-28,2026-04-12,Completed,4.49,67
PRG0005436,STU00307,MOD00022,CRS003,2026-03-12,2026-05-12,In Progress,8.4,91
PRG0005437,STU00307,MOD00023,CRS003,2026-03-25,2026-04-03,In Progress,2.79,10
PRG0005438,STU00307,MOD00024,CRS003,2026-03-18,2026-04-07,In Progress,1.94,90
PRG0005439,STU00308,MOD00137,CRS018,2026-04-19,2026-05-22,In Progress,6.51,37
PRG0005440,STU00308,MOD00138,CRS018,2026-04-24,2026-05-14,In Progress,1.94,74
PRG0005441,STU00308,MOD00139,CRS018,2026-04-19,2026-04-21,Not Started,1.85,19
PRG0005442,STU00308,MOD00140,CRS018,2026-05-09,2026-06-18,Completed,8.54,42
PRG0005443,STU00308,MOD00141,CRS018,2026-05-09,2026-04-13,In Progress,8.03,60
PRG0005444,STU00308,MOD00142,CRS018,2026-04-30,2026-07-08,Completed,1.5,87
PRG0005445,STU00308,MOD00143,CRS018,2026-04-25,2026-04-17,In Progress,5.0,96
PRG0005446,STU00308,MOD00144,CRS018,2026-04-26,2026-04-30,In Progress,4.34,5
PRG0005447,STU00308,MOD00147,CRS019,2026-05-03,2026-05-21,In Progress,6.08,91
PRG0005448,STU00308,MOD00148,CRS019,2026-05-01,2026-06-14,Completed,2.4,54
PRG0005449,STU00308,MOD00149,CRS019,2026-04-18,2026-04-25,Completed,4.1,38
PRG0005450,STU00308,MOD00150,CRS019,2026-04-26,2026-06-26,In Progress,6.21,95
PRG0005451,STU00308,MOD00151,CRS019,2026-05-09,2026-05-16,Completed,1.65,22
PRG0005452,STU00308,MOD00065,CRS009,2026-04-16,2026-06-15,In Progress,4.33,25
PRG0005453,STU00308,MOD00066,CRS009,2026-05-05,2026-06-22,In Progress,5.65,64
PRG0005454,STU00308,MOD00067,CRS009,2026-04-13,2026-05-27,In Progress,3.75,50
PRG0005455,STU00308,MOD00068,CRS009,2026-04-27,2026-04-20,Completed,9.17,14
PRG0005456,STU00308,MOD00069,CRS009,2026-04-22,2026-06-04,In Progress,1.77,53
PRG0005457,STU00308,MOD00070,CRS009,2026-04-29,2026-05-20,Not Started,2.98,53
PRG0005458,STU00308,MOD00071,CRS009,2026-04-18,2026-05-31,Completed,8.99,43
PRG0005459,STU00308,MOD00072,CRS009,2026-04-22,2026-05-22,Completed,1.83,9
PRG0005460,STU00309,MOD00081,CRS011,2026-01-13,2026-02-07,Completed,2.22,16
PRG0005461,STU00309,MOD00082,CRS011,2026-01-06,2026-01-05,Completed,5.66,77
PRG0005462,STU00309,MOD00083,CRS011,2026-01-13,2026-01-12,Completed,2.38,90
PRG0005463,STU00309,MOD00084,CRS011,2026-01-13,2026-02-22,In Progress,13.49,71
PRG0005464,STU00309,MOD00085,CRS011,2026-01-17,2026-02-14,Completed,4.6,67
PRG0005465,STU00309,MOD00086,CRS011,2026-01-19,2026-03-01,In Progress,4.47,94
PRG0005466,STU00309,MOD00087,CRS011,2026-01-13,2026-02-19,Not Started,1.82,20
PRG0005467,STU00309,MOD00088,CRS011,2025-12-27,2026-01-29,In Progress,2.36,23
PRG0005468,STU00309,MOD00115,CRS015,2025-12-21,2025-12-31,Completed,12.77,17
PRG0005469,STU00309,MOD00120,CRS015,2025-12-25,2026-01-09,Not Started,3.64,11
PRG0005470,STU00310,MOD00121,CRS016,2026-02-09,2026-02-28,Completed,9.53,2
PRG0005471,STU00310,MOD00123,CRS016,2026-02-07,2026-02-25,In Progress,1.01,100
PRG0005472,STU00310,MOD00124,CRS016,2026-02-02,2026-01-29,Completed,3.26,60
PRG0005473,STU00310,MOD00125,CRS016,2026-02-19,2026-03-14,Completed,1.75,79
PRG0005474,STU00310,MOD00127,CRS016,2026-02-15,2026-04-04,Completed,1.62,38
PRG0005475,STU00311,MOD00097,CRS013,2026-03-24,2026-03-07,Completed,11.42,60
PRG0005476,STU00311,MOD00098,CRS013,2026-03-08,2026-03-19,Completed,5.19,90
PRG0005477,STU00311,MOD00099,CRS013,2026-03-29,2026-05-30,Not Started,2.66,41
PRG0005478,STU00311,MOD00100,CRS013,2026-03-25,2026-04-01,In Progress,6.45,10
PRG0005479,STU00311,MOD00101,CRS013,2026-03-18,2026-05-30,In Progress,1.03,31
PRG0005480,STU00311,MOD00102,CRS013,2026-03-19,2026-03-03,In Progress,2.5,86
PRG0005481,STU00311,MOD00103,CRS013,2026-03-20,2026-04-14,Completed,4.45,17
PRG0005482,STU00311,MOD00104,CRS013,2026-03-19,2026-04-14,Completed,6.2,85
PRG0005483,STU00312,MOD00057,CRS008,2025-10-18,2025-10-10,Completed,8.44,64
PRG0005484,STU00312,MOD00058,CRS008,2025-10-10,2025-11-28,In Progress,1.24,26
PRG0005485,STU00312,MOD00059,CRS008,2025-10-09,2025-11-15,Completed,2.37,92
PRG0005486,STU00312,MOD00060,CRS008,2025-10-05,2025-11-27,Completed,1.92,31
PRG0005487,STU00312,MOD00061,CRS008,2025-10-26,2025-11-07,Completed,4.5,1
PRG0005488,STU00312,MOD00062,CRS008,2025-10-17,2025-11-28,In Progress,9.96,85
PRG0005489,STU00312,MOD00063,CRS008,2025-10-04,2025-09-30,In Progress,2.72,27
PRG0005490,STU00312,MOD00064,CRS008,2025-10-18,2025-10-22,In Progress,2.35,25
PRG0005491,STU00312,MOD00081,CRS011,2025-05-05,2025-05-12,In Progress,3.91,88
PRG0005492,STU00312,MOD00082,CRS011,2025-05-09,2025-05-08,Completed,5.28,100
PRG0005493,STU00312,MOD00084,CRS011,2025-05-07,2025-06-29,Completed,1.86,8
PRG0005494,STU00312,MOD00085,CRS011,2025-05-22,2025-06-15,Completed,2.85,79
PRG0005495,STU00312,MOD00086,CRS011,2025-05-12,2025-07-12,Completed,2.24,92
PRG0005496,STU00313,MOD00004,CRS001,2025-10-07,2025-11-09,Completed,6.52,52
PRG0005497,STU00313,MOD00005,CRS001,2025-10-06,2025-11-05,Completed,2.19,45
PRG0005498,STU00313,MOD00006,CRS001,2025-10-30,2025-11-18,Completed,9.57,21
PRG0005499,STU00313,MOD00065,CRS009,2025-09-01,2025-09-03,In Progress,4.28,84
PRG0005500,STU00313,MOD00066,CRS009,2025-09-18,2025-11-01,In Progress,1.23,16
PRG0005501,STU00313,MOD00067,CRS009,2025-09-06,2025-09-23,Completed,2.93,85
PRG0005502,STU00313,MOD00068,CRS009,2025-09-15,2025-09-22,In Progress,4.52,61
PRG0005503,STU00313,MOD00069,CRS009,2025-09-02,2025-10-10,Completed,9.37,69
PRG0005504,STU00313,MOD00070,CRS009,2025-09-02,2025-10-03,In Progress,1.06,94
PRG0005505,STU00313,MOD00071,CRS009,2025-09-18,2025-08-25,In Progress,8.28,11
PRG0005506,STU00313,MOD00072,CRS009,2025-09-08,2025-10-04,In Progress,2.49,65
PRG0005507,STU00313,MOD00073,CRS010,2025-06-15,2025-06-30,Completed,2.85,19
PRG0005508,STU00313,MOD00074,CRS010,2025-06-15,2025-08-08,Completed,6.34,41
PRG0005509,STU00313,MOD00075,CRS010,2025-06-28,2025-06-20,In Progress,1.99,5
PRG0005510,STU00313,MOD00076,CRS010,2025-06-29,2025-07-03,Completed,2.33,28
PRG0005511,STU00313,MOD00077,CRS010,2025-07-07,2025-07-13,Completed,2.92,8
PRG0005512,STU00313,MOD00078,CRS010,2025-07-09,2025-08-28,In Progress,2.98,61
PRG0005513,STU00313,MOD00079,CRS010,2025-06-22,2025-08-11,Completed,1.24,82
PRG0005514,STU00313,MOD00080,CRS010,2025-06-24,2025-07-18,Completed,4.45,48
PRG0005515,STU00313,MOD00017,CRS003,2026-02-03,2026-04-12,Completed,5.09,0
PRG0005516,STU00313,MOD00018,CRS003,2026-02-10,2026-03-03,Completed,2.0,24
PRG0005517,STU00313,MOD00020,CRS003,2026-01-21,2026-03-02,Completed,5.09,25
PRG0005518,STU00313,MOD00022,CRS003,2026-01-28,2026-04-07,Completed,12.83,43
PRG0005519,STU00313,MOD00023,CRS003,2026-02-02,2026-04-01,In Progress,3.48,30
PRG0005520,STU00314,MOD00092,CRS012,2025-12-18,2025-12-12,Completed,4.43,17
PRG0005521,STU00314,MOD00049,CRS007,2025-09-05,2025-10-31,In Progress,5.47,87
PRG0005522,STU00314,MOD00050,CRS007,2025-09-07,2025-11-03,Completed,1.18,11
PRG0005523,STU00314,MOD00051,CRS007,2025-09-09,2025-09-13,In Progress,4.95,59
PRG0005524,STU00314,MOD00052,CRS007,2025-08-28,2025-09-03,Completed,8.33,85
PRG0005525,STU00314,MOD00053,CRS007,2025-09-25,2025-09-02,Completed,4.37,40
PRG0005526,STU00314,MOD00054,CRS007,2025-09-11,2025-09-27,In Progress,2.46,36
PRG0005527,STU00314,MOD00055,CRS007,2025-09-09,2025-11-10,Completed,3.87,4
PRG0005528,STU00314,MOD00056,CRS007,2025-09-05,2025-09-11,Completed,8.18,40
PRG0005529,STU00314,MOD00065,CRS009,2025-08-30,2025-11-04,Completed,1.55,1
PRG0005530,STU00314,MOD00066,CRS009,2025-09-01,2025-11-21,Completed,3.4,90
PRG0005531,STU00314,MOD00067,CRS009,2025-09-17,2025-09-06,Completed,7.28,74
PRG0005532,STU00314,MOD00069,CRS009,2025-09-08,2025-11-13,Completed,8.11,73
PRG0005533,STU00314,MOD00070,CRS009,2025-09-18,2025-11-10,Completed,3.89,40
PRG0005534,STU00315,MOD00121,CRS016,2026-03-02,2026-05-06,Completed,10.64,31
PRG0005535,STU00315,MOD00122,CRS016,2026-03-01,2026-04-06,In Progress,2.97,49
PRG0005536,STU00315,MOD00124,CRS016,2026-02-27,2026-03-29,In Progress,6.47,67
PRG0005537,STU00315,MOD00125,CRS016,2026-02-17,2026-02-17,In Progress,2.56,39
PRG0005538,STU00315,MOD00126,CRS016,2026-02-13,2026-04-21,In Progress,8.79,70
PRG0005539,STU00315,MOD00127,CRS016,2026-02-21,2026-03-16,Completed,7.65,24
PRG0005540,STU00315,MOD00128,CRS016,2026-02-10,2026-04-14,Completed,3.27,88
PRG0005541,STU00315,MOD00049,CRS007,2026-02-19,2026-04-20,In Progress,5.09,90
PRG0005542,STU00315,MOD00050,CRS007,2026-02-11,2026-03-20,Completed,3.09,0
PRG0005543,STU00315,MOD00051,CRS007,2026-02-10,2026-03-11,Completed,4.58,15
PRG0005544,STU00315,MOD00052,CRS007,2026-02-25,2026-02-13,Completed,4.76,53
PRG0005545,STU00315,MOD00053,CRS007,2026-02-13,2026-03-29,Completed,3.94,9
PRG0005546,STU00315,MOD00054,CRS007,2026-02-21,2026-04-26,Completed,2.21,97
PRG0005547,STU00315,MOD00055,CRS007,2026-02-06,2026-02-07,Not Started,3.65,56
PRG0005548,STU00315,MOD00056,CRS007,2026-02-13,2026-03-06,Completed,7.29,96
PRG0005549,STU00316,MOD00049,CRS007,2025-09-06,2025-08-13,Completed,1.06,56
PRG0005550,STU00316,MOD00054,CRS007,2025-08-30,2025-10-11,In Progress,1.35,41
PRG0005551,STU00316,MOD00055,CRS007,2025-09-08,2025-10-10,Completed,5.62,36
PRG0005552,STU00316,MOD00059,CRS008,2025-12-30,2026-01-16,Completed,2.58,97
PRG0005553,STU00316,MOD00060,CRS008,2025-12-21,2026-01-15,Not Started,4.71,66
PRG0005554,STU00316,MOD00154,CRS020,2026-01-30,2026-02-13,In Progress,6.11,13
PRG0005555,STU00316,MOD00156,CRS020,2026-02-01,2026-03-11,In Progress,5.53,31
PRG0005556,STU00316,MOD00158,CRS020,2026-02-09,2026-02-08,Completed,6.35,94
PRG0005557,STU00316,MOD00159,CRS020,2026-01-30,2026-04-23,Completed,9.26,96
PRG0005558,STU00317,MOD00025,CRS004,2025-11-13,2026-01-03,Completed,10.19,8
PRG0005559,STU00317,MOD00027,CRS004,2025-11-07,2025-12-06,In Progress,3.48,62
PRG0005560,STU00317,MOD00028,CRS004,2025-11-24,2025-12-19,Completed,9.76,38
PRG0005561,STU00317,MOD00031,CRS004,2025-11-16,2025-11-25,In Progress,6.05,73
PRG0005562,STU00317,MOD00032,CRS004,2025-11-03,2026-01-13,Not Started,3.34,35
PRG0005563,STU00318,MOD00154,CRS020,2025-09-17,2025-10-21,In Progress,12.95,81
PRG0005564,STU00318,MOD00155,CRS020,2025-09-13,2025-11-15,Completed,10.06,25
PRG0005565,STU00318,MOD00001,CRS001,2025-10-03,2025-11-19,In Progress,5.29,20
PRG0005566,STU00318,MOD00005,CRS001,2025-10-11,2025-11-11,Not Started,4.51,53
PRG0005567,STU00318,MOD00007,CRS001,2025-10-10,2025-10-10,In Progress,1.2,87
PRG0005568,STU00318,MOD00008,CRS001,2025-10-02,2025-10-18,Completed,11.6,96
PRG0005569,STU00318,MOD00137,CRS018,2025-12-13,2025-12-10,Completed,13.15,15
PRG0005570,STU00318,MOD00138,CRS018,2025-12-01,2025-12-20,In Progress,7.18,11
PRG0005571,STU00318,MOD00139,CRS018,2025-12-19,2025-12-20,Not Started,4.51,17
PRG0005572,STU00318,MOD00140,CRS018,2025-12-19,2025-11-28,In Progress,11.7,50
PRG0005573,STU00318,MOD00141,CRS018,2025-12-04,2026-02-23,Completed,13.15,12
PRG0005574,STU00318,MOD00143,CRS018,2025-12-07,2026-01-14,Completed,6.48,78
PRG0005575,STU00318,MOD00144,CRS018,2025-12-14,2026-02-03,In Progress,4.21,10
PRG0005576,STU00318,MOD00009,CRS002,2025-11-28,2025-11-30,Completed,3.81,25
PRG0005577,STU00318,MOD00011,CRS002,2025-11-04,2025-12-26,Completed,4.1,38
PRG0005578,STU00318,MOD00013,CRS002,2025-11-14,2026-01-14,In Progress,7.83,48
PRG0005579,STU00318,MOD00015,CRS002,2025-11-26,2026-01-04,Completed,6.46,17
PRG0005580,STU00318,MOD00016,CRS002,2025-11-04,2025-12-17,Completed,5.6,69
PRG0005581,STU00319,MOD00065,CRS009,2026-04-17,2026-05-13,Not Started,2.05,56
PRG0005582,STU00319,MOD00066,CRS009,2026-04-26,2026-07-02,Completed,9.3,68
PRG0005583,STU00319,MOD00067,CRS009,2026-04-05,2026-06-18,Completed,3.35,56
PRG0005584,STU00319,MOD00068,CRS009,2026-04-24,2026-06-28,In Progress,5.35,85
PRG0005585,STU00319,MOD00069,CRS009,2026-04-11,2026-04-15,Completed,3.32,70
PRG0005586,STU00319,MOD00070,CRS009,2026-04-06,2026-04-19,Completed,3.6,19
PRG0005587,STU00319,MOD00071,CRS009,2026-04-05,2026-05-06,Not Started,9.76,51
PRG0005588,STU00319,MOD00072,CRS009,2026-04-06,2026-06-10,In Progress,1.57,85
PRG0005589,STU00319,MOD00121,CRS016,2026-03-07,2026-02-28,In Progress,6.41,30
PRG0005590,STU00319,MOD00122,CRS016,2026-03-09,2026-03-18,In Progress,2.36,29
PRG0005591,STU00319,MOD00123,CRS016,2026-02-18,2026-05-17,Completed,1.82,98
PRG0005592,STU00319,MOD00124,CRS016,2026-02-22,2026-03-08,Completed,3.36,40
PRG0005593,STU00319,MOD00125,CRS016,2026-02-26,2026-02-18,Completed,1.66,78
PRG0005594,STU00319,MOD00126,CRS016,2026-03-16,2026-04-07,Completed,8.16,45
PRG0005595,STU00319,MOD00127,CRS016,2026-03-15,2026-03-03,In Progress,5.86,67
PRG0005596,STU00319,MOD00128,CRS016,2026-02-18,2026-04-07,In Progress,8.35,95
PRG0005597,STU00319,MOD00042,CRS006,2026-03-16,2026-04-08,In Progress,2.04,75
PRG0005598,STU00319,MOD00043,CRS006,2026-02-20,2026-04-15,Completed,5.29,25
PRG0005599,STU00319,MOD00046,CRS006,2026-03-15,2026-04-07,In Progress,2.48,39
PRG0005600,STU00319,MOD00047,CRS006,2026-03-19,2026-02-21,Completed,8.83,69
PRG0005601,STU00319,MOD00129,CRS017,2026-03-04,2026-03-18,In Progress,1.74,9
PRG0005602,STU00319,MOD00130,CRS017,2026-02-18,2026-03-12,Not Started,4.01,27
PRG0005603,STU00319,MOD00131,CRS017,2026-03-07,2026-03-14,Completed,2.49,1
PRG0005604,STU00319,MOD00132,CRS017,2026-03-14,2026-02-26,In Progress,1.08,59
PRG0005605,STU00319,MOD00133,CRS017,2026-03-08,2026-04-25,Completed,3.11,84
PRG0005606,STU00319,MOD00134,CRS017,2026-02-28,2026-05-10,Not Started,1.33,54
PRG0005607,STU00319,MOD00135,CRS017,2026-02-20,2026-03-22,Completed,3.57,28
PRG0005608,STU00319,MOD00136,CRS017,2026-03-13,2026-03-05,Completed,1.64,58
PRG0005609,STU00319,MOD00153,CRS020,2026-02-27,2026-04-04,Completed,6.27,21
PRG0005610,STU00319,MOD00154,CRS020,2026-03-14,2026-04-29,In Progress,5.1,97
PRG0005611,STU00319,MOD00155,CRS020,2026-02-22,2026-02-18,In Progress,2.98,85
PRG0005612,STU00319,MOD00156,CRS020,2026-02-19,2026-04-04,In Progress,2.72,65
PRG0005613,STU00319,MOD00157,CRS020,2026-03-10,2026-04-04,Completed,9.03,50
PRG0005614,STU00319,MOD00158,CRS020,2026-02-20,2026-03-10,Completed,6.38,42
PRG0005615,STU00319,MOD00159,CRS020,2026-03-16,2026-03-31,In Progress,6.97,29
PRG0005616,STU00319,MOD00160,CRS020,2026-02-21,2026-03-25,In Progress,6.7,29
PRG0005617,STU00320,MOD00009,CRS002,2026-02-04,2026-02-26,Completed,11.23,88
PRG0005618,STU00320,MOD00010,CRS002,2026-02-06,2026-02-01,In Progress,3.1,32
PRG0005619,STU00320,MOD00011,CRS002,2026-02-21,2026-02-15,In Progress,3.28,29
PRG0005620,STU00320,MOD00012,CRS002,2026-02-04,2026-03-05,Completed,8.3,86
PRG0005621,STU00320,MOD00013,CRS002,2026-02-10,2026-04-19,Completed,4.21,76
PRG0005622,STU00320,MOD00014,CRS002,2026-02-03,2026-02-15,In Progress,4.65,45
PRG0005623,STU00320,MOD00015,CRS002,2026-01-26,2026-02-20,Completed,1.33,52
PRG0005624,STU00320,MOD00016,CRS002,2026-02-21,2026-02-08,Completed,5.53,31
PRG0005625,STU00320,MOD00129,CRS017,2025-09-21,2025-11-25,Completed,1.1,7
PRG0005626,STU00320,MOD00130,CRS017,2025-09-28,2025-12-15,Completed,6.45,13
PRG0005627,STU00320,MOD00131,CRS017,2025-09-20,2025-10-31,Completed,1.25,27
PRG0005628,STU00320,MOD00132,CRS017,2025-09-25,2025-10-04,Completed,1.26,32
PRG0005629,STU00320,MOD00133,CRS017,2025-10-05,2025-12-03,In Progress,8.1,88
PRG0005630,STU00320,MOD00134,CRS017,2025-09-23,2025-11-22,Not Started,10.4,1
PRG0005631,STU00320,MOD00135,CRS017,2025-10-12,2025-10-23,Completed,6.81,64
PRG0005632,STU00320,MOD00136,CRS017,2025-10-19,2025-11-27,Completed,6.39,62
PRG0005633,STU00320,MOD00089,CRS012,2026-02-11,2026-03-06,In Progress,9.38,51
PRG0005634,STU00320,MOD00090,CRS012,2026-01-27,2026-03-25,Completed,6.51,93
PRG0005635,STU00320,MOD00091,CRS012,2026-02-05,2026-03-29,Completed,2.41,71
PRG0005636,STU00320,MOD00092,CRS012,2026-01-27,2026-02-21,Completed,3.08,64
PRG0005637,STU00320,MOD00093,CRS012,2026-02-07,2026-02-13,In Progress,9.48,74
PRG0005638,STU00320,MOD00094,CRS012,2026-01-27,2026-03-08,Completed,4.09,46
PRG0005639,STU00320,MOD00095,CRS012,2026-01-27,2026-02-14,Completed,4.87,42
PRG0005640,STU00320,MOD00096,CRS012,2026-02-10,2026-03-16,Completed,12.48,53
PRG0005641,STU00320,MOD00099,CRS013,2025-11-22,2025-11-12,Completed,4.2,66
PRG0005642,STU00320,MOD00100,CRS013,2025-11-09,2025-11-19,Completed,5.21,8
PRG0005643,STU00320,MOD00101,CRS013,2025-11-06,2026-01-01,Completed,1.54,78
PRG0005644,STU00320,MOD00104,CRS013,2025-11-18,2025-11-28,Completed,8.65,97
PRG0005645,STU00320,MOD00041,CRS006,2025-07-20,2025-07-27,In Progress,13.35,50
PRG0005646,STU00320,MOD00042,CRS006,2025-07-29,2025-09-16,Not Started,1.66,76
PRG0005647,STU00320,MOD00043,CRS006,2025-08-04,2025-09-07,In Progress,2.89,3
PRG0005648,STU00320,MOD00044,CRS006,2025-07-17,2025-09-27,In Progress,7.84,92
PRG0005649,STU00320,MOD00045,CRS006,2025-07-19,2025-08-13,In Progress,2.31,83
PRG0005650,STU00320,MOD00046,CRS006,2025-07-23,2025-07-14,Completed,7.47,78
PRG0005651,STU00320,MOD00047,CRS006,2025-07-22,2025-09-06,Completed,8.54,46
PRG0005652,STU00320,MOD00048,CRS006,2025-07-21,2025-08-22,Completed,5.73,29
PRG0005653,STU00321,MOD00097,CRS013,2026-01-10,2025-12-17,In Progress,11.83,32
PRG0005654,STU00321,MOD00098,CRS013,2025-12-27,2026-01-08,Not Started,4.21,93
PRG0005655,STU00321,MOD00099,CRS013,2026-01-10,2025-12-19,Completed,6.97,37
PRG0005656,STU00321,MOD00102,CRS013,2026-01-09,2026-01-22,Completed,3.24,27
PRG0005657,STU00321,MOD00103,CRS013,2026-01-08,2026-01-02,In Progress,4.14,64
PRG0005658,STU00321,MOD00104,CRS013,2025-12-28,2026-02-09,In Progress,7.42,86
PRG0005659,STU00321,MOD00146,CRS019,2025-06-19,2025-08-05,Completed,4.01,29
PRG0005660,STU00321,MOD00147,CRS019,2025-06-25,2025-06-25,Completed,3.9,42
PRG0005661,STU00321,MOD00148,CRS019,2025-07-03,2025-08-09,Completed,2.83,18
PRG0005662,STU00321,MOD00149,CRS019,2025-07-11,2025-08-17,In Progress,8.69,8
PRG0005663,STU00321,MOD00150,CRS019,2025-06-20,2025-08-31,In Progress,2.08,62
PRG0005664,STU00321,MOD00152,CRS019,2025-07-13,2025-08-24,Completed,4.19,21
PRG0005665,STU00322,MOD00044,CRS006,2026-04-09,2026-05-27,Completed,11.07,44
PRG0005666,STU00322,MOD00047,CRS006,2026-03-31,2026-04-14,Completed,3.84,90
PRG0005667,STU00322,MOD00137,CRS018,2026-03-18,2026-04-13,Completed,8.41,47
PRG0005668,STU00322,MOD00138,CRS018,2026-03-05,2026-02-21,Completed,1.8,96
PRG0005669,STU00322,MOD00139,CRS018,2026-02-26,2026-03-23,Completed,5.61,12
PRG0005670,STU00322,MOD00140,CRS018,2026-02-27,2026-02-19,Completed,11.45,34
PRG0005671,STU00322,MOD00141,CRS018,2026-03-04,2026-04-07,Completed,3.09,99
PRG0005672,STU00322,MOD00142,CRS018,2026-02-21,2026-02-25,In Progress,4.44,99
PRG0005673,STU00322,MOD00143,CRS018,2026-03-14,2026-05-07,Completed,4.8,67
PRG0005674,STU00322,MOD00144,CRS018,2026-02-23,2026-05-01,Completed,4.14,95
PRG0005675,STU00322,MOD00065,CRS009,2026-02-22,2026-04-18,Not Started,4.71,33
PRG0005676,STU00322,MOD00066,CRS009,2026-03-12,2026-04-22,Completed,8.04,19
PRG0005677,STU00322,MOD00067,CRS009,2026-03-01,2026-03-05,In Progress,5.17,76
PRG0005678,STU00322,MOD00068,CRS009,2026-02-24,2026-04-12,Completed,10.06,41
PRG0005679,STU00322,MOD00069,CRS009,2026-03-04,2026-04-06,Completed,8.94,71
PRG0005680,STU00322,MOD00070,CRS009,2026-03-20,2026-05-15,Not Started,1.85,85
PRG0005681,STU00322,MOD00071,CRS009,2026-02-20,2026-02-26,In Progress,5.03,75
PRG0005682,STU00322,MOD00072,CRS009,2026-02-22,2026-04-05,In Progress,2.18,55
PRG0005683,STU00323,MOD00041,CRS006,2025-11-19,2026-01-27,Completed,11.01,0
PRG0005684,STU00323,MOD00043,CRS006,2025-11-25,2025-12-15,In Progress,2.67,20
PRG0005685,STU00323,MOD00044,CRS006,2025-12-16,2025-11-24,Completed,2.69,12
PRG0005686,STU00323,MOD00045,CRS006,2025-11-28,2026-01-19,Completed,1.96,99
PRG0005687,STU00323,MOD00047,CRS006,2025-11-20,2026-01-13,Completed,9.83,88
PRG0005688,STU00323,MOD00048,CRS006,2025-11-30,2026-01-11,Completed,5.79,1
PRG0005689,STU00323,MOD00121,CRS016,2025-10-25,2025-11-07,Completed,9.7,20
PRG0005690,STU00323,MOD00122,CRS016,2025-10-19,2025-10-04,In Progress,1.42,70
PRG0005691,STU00323,MOD00123,CRS016,2025-10-15,2025-11-22,Completed,1.27,21
PRG0005692,STU00323,MOD00124,CRS016,2025-10-14,2025-10-05,Completed,3.26,31
PRG0005693,STU00323,MOD00125,CRS016,2025-10-12,2025-12-21,Not Started,1.46,8
PRG0005694,STU00323,MOD00126,CRS016,2025-10-09,2025-11-23,Completed,4.86,42
PRG0005695,STU00323,MOD00127,CRS016,2025-10-26,2025-11-06,Completed,5.44,65
PRG0005696,STU00323,MOD00128,CRS016,2025-10-20,2025-10-06,In Progress,5.14,2
PRG0005697,STU00323,MOD00106,CRS014,2025-11-28,2026-02-01,Completed,8.29,23
PRG0005698,STU00323,MOD00107,CRS014,2025-11-05,2025-12-04,Completed,8.72,60
PRG0005699,STU00323,MOD00108,CRS014,2025-11-30,2025-11-21,Completed,11.79,7
PRG0005700,STU00323,MOD00111,CRS014,2025-11-16,2025-12-25,Not Started,2.43,0
PRG0005701,STU00323,MOD00112,CRS014,2025-11-26,2026-01-24,Completed,1.31,83
PRG0005702,STU00324,MOD00113,CRS015,2025-07-04,2025-09-11,Completed,8.76,8
PRG0005703,STU00324,MOD00114,CRS015,2025-07-17,2025-08-23,Completed,4.66,28
PRG0005704,STU00324,MOD00115,CRS015,2025-06-24,2025-08-05,In Progress,6.54,71
PRG0005705,STU00324,MOD00116,CRS015,2025-07-16,2025-09-09,Completed,3.37,42
PRG0005706,STU00324,MOD00117,CRS015,2025-06-21,2025-08-09,Completed,1.42,56
PRG0005707,STU00324,MOD00118,CRS015,2025-07-10,2025-08-01,In Progress,11.8,1
PRG0005708,STU00324,MOD00119,CRS015,2025-07-17,2025-07-08,In Progress,3.43,71
PRG0005709,STU00324,MOD00120,CRS015,2025-07-02,2025-07-22,Completed,1.44,24
PRG0005710,STU00324,MOD00033,CRS005,2025-05-13,2025-06-30,Completed,6.39,4
PRG0005711,STU00324,MOD00034,CRS005,2025-05-14,2025-06-21,In Progress,1.5,11
PRG0005712,STU00324,MOD00035,CRS005,2025-06-02,2025-07-24,In Progress,7.25,46
PRG0005713,STU00324,MOD00036,CRS005,2025-05-27,2025-06-04,Completed,5.95,75
PRG0005714,STU00324,MOD00037,CRS005,2025-05-11,2025-06-01,Completed,1.4,97
PRG0005715,STU00324,MOD00038,CRS005,2025-06-03,2025-06-21,Completed,1.07,8
PRG0005716,STU00324,MOD00039,CRS005,2025-05-24,2025-07-03,In Progress,1.9,34
PRG0005717,STU00324,MOD00040,CRS005,2025-05-11,2025-06-29,Completed,3.45,40
PRG0005718,STU00325,MOD00142,CRS018,2025-06-13,2025-06-26,Not Started,9.51,5
PRG0005719,STU00325,MOD00105,CRS014,2026-02-13,2026-04-14,In Progress,1.84,92
PRG0005720,STU00325,MOD00106,CRS014,2026-02-24,2026-04-18,Completed,1.48,71
PRG0005721,STU00325,MOD00107,CRS014,2026-03-07,2026-05-01,Completed,5.92,38
PRG0005722,STU00325,MOD00108,CRS014,2026-03-01,2026-04-29,In Progress,11.27,15
PRG0005723,STU00325,MOD00109,CRS014,2026-03-05,2026-03-29,Completed,5.63,76
PRG0005724,STU00325,MOD00110,CRS014,2026-02-28,2026-02-07,Completed,1.25,65
PRG0005725,STU00325,MOD00111,CRS014,2026-02-23,2026-04-24,In Progress,2.65,83
PRG0005726,STU00326,MOD00121,CRS016,2026-01-29,2026-01-24,Completed,4.53,3
PRG0005727,STU00326,MOD00122,CRS016,2026-01-22,2026-04-02,In Progress,1.22,92
PRG0005728,STU00326,MOD00124,CRS016,2026-02-20,2026-02-19,Completed,5.17,92
PRG0005729,STU00326,MOD00126,CRS016,2026-02-15,2026-04-07,Completed,6.08,13
PRG0005730,STU00326,MOD00001,CRS001,2025-09-21,2025-10-23,Completed,5.6,17
PRG0005731,STU00326,MOD00002,CRS001,2025-09-01,2025-09-20,Not Started,2.76,55
PRG0005732,STU00326,MOD00003,CRS001,2025-09-25,2025-10-24,In Progress,2.37,14
PRG0005733,STU00326,MOD00004,CRS001,2025-09-20,2025-10-14,Completed,11.8,50
PRG0005734,STU00326,MOD00005,CRS001,2025-08-31,2025-10-28,In Progress,4.74,65
PRG0005735,STU00326,MOD00006,CRS001,2025-09-24,2025-10-03,Completed,7.56,41
PRG0005736,STU00326,MOD00007,CRS001,2025-09-26,2025-09-22,Completed,7.9,19
PRG0005737,STU00326,MOD00008,CRS001,2025-09-06,2025-09-10,In Progress,4.64,55
PRG0005738,STU00327,MOD00137,CRS018,2025-11-10,2026-01-07,Completed,11.02,15
PRG0005739,STU00327,MOD00138,CRS018,2025-10-23,2025-11-26,Completed,6.59,65
PRG0005740,STU00327,MOD00139,CRS018,2025-10-17,2025-10-14,Completed,3.87,44
PRG0005741,STU00327,MOD00140,CRS018,2025-10-20,2025-11-11,Not Started,8.98,96
PRG0005742,STU00327,MOD00141,CRS018,2025-10-31,2025-10-24,Completed,5.92,67
PRG0005743,STU00327,MOD00142,CRS018,2025-11-08,2025-12-23,In Progress,3.09,16
PRG0005744,STU00327,MOD00143,CRS018,2025-11-07,2025-11-09,Completed,7.48,34
PRG0005745,STU00327,MOD00144,CRS018,2025-10-28,2025-12-13,Completed,1.33,23
PRG0005746,STU00327,MOD00081,CRS011,2026-01-08,2026-01-08,In Progress,4.7,99
PRG0005747,STU00327,MOD00082,CRS011,2025-12-19,2026-01-22,Completed,2.48,95
PRG0005748,STU00327,MOD00083,CRS011,2025-12-21,2026-02-14,Completed,3.33,4
PRG0005749,STU00327,MOD00084,CRS011,2025-12-22,2026-01-15,In Progress,13.96,18
PRG0005750,STU00327,MOD00085,CRS011,2025-12-26,2026-02-15,Completed,4.67,65
PRG0005751,STU00327,MOD00086,CRS011,2025-12-16,2025-12-13,Completed,2.34,48
PRG0005752,STU00327,MOD00087,CRS011,2025-12-16,2026-01-28,In Progress,9.37,18
PRG0005753,STU00327,MOD00088,CRS011,2025-12-24,2026-03-10,Completed,1.84,68
PRG0005754,STU00327,MOD00123,CRS016,2025-05-25,2025-06-02,Completed,2.23,77
PRG0005755,STU00327,MOD00073,CRS010,2026-03-02,2026-02-12,Completed,7.25,17
PRG0005756,STU00327,MOD00074,CRS010,2026-02-07,2026-02-19,In Progress,5.72,86
PRG0005757,STU00327,MOD00075,CRS010,2026-02-20,2026-02-24,Completed,1.73,2
PRG0005758,STU00327,MOD00076,CRS010,2026-02-19,2026-05-03,In Progress,3.72,58
PRG0005759,STU00327,MOD00077,CRS010,2026-02-18,2026-05-04,Completed,1.33,82
PRG0005760,STU00327,MOD00078,CRS010,2026-02-14,2026-04-28,Completed,4.71,23
PRG0005761,STU00327,MOD00079,CRS010,2026-03-02,2026-05-08,Completed,8.4,84
PRG0005762,STU00327,MOD00080,CRS010,2026-03-09,2026-04-08,In Progress,3.23,54
PRG0005763,STU00327,MOD00065,CRS009,2026-03-27,2026-04-06,Completed,4.23,17
PRG0005764,STU00327,MOD00068,CRS009,2026-03-25,2026-03-12,Completed,7.06,65
PRG0005765,STU00327,MOD00069,CRS009,2026-03-27,2026-05-03,In Progress,2.65,2
PRG0005766,STU00327,MOD00072,CRS009,2026-03-26,2026-05-04,In Progress,2.51,82
PRG0005767,STU00328,MOD00121,CRS016,2026-04-06,2026-04-16,Completed,5.06,75
PRG0005768,STU00328,MOD00122,CRS016,2026-03-29,2026-03-27,Completed,1.26,97
PRG0005769,STU00328,MOD00123,CRS016,2026-03-24,2026-04-03,Completed,1.5,57
PRG0005770,STU00328,MOD00124,CRS016,2026-03-11,2026-04-01,Not Started,5.28,66
PRG0005771,STU00328,MOD00125,CRS016,2026-03-21,2026-04-03,Completed,2.87,36
PRG0005772,STU00328,MOD00126,CRS016,2026-03-23,2026-03-15,Completed,4.03,67
PRG0005773,STU00328,MOD00127,CRS016,2026-04-05,2026-04-30,In Progress,6.08,69
PRG0005774,STU00328,MOD00128,CRS016,2026-04-06,2026-04-18,Completed,8.45,97
PRG0005775,STU00328,MOD00025,CRS004,2025-12-16,2026-01-14,Not Started,8.82,75
PRG0005776,STU00328,MOD00027,CRS004,2025-12-23,2026-02-05,In Progress,5.36,96
PRG0005777,STU00328,MOD00028,CRS004,2025-12-30,2026-01-21,Completed,10.05,31
PRG0005778,STU00328,MOD00029,CRS004,2025-12-07,2026-02-08,Completed,2.64,81
PRG0005779,STU00328,MOD00030,CRS004,2025-12-31,2026-01-12,Completed,1.65,53
PRG0005780,STU00328,MOD00031,CRS004,2025-12-24,2026-02-23,Completed,7.18,52
PRG0005781,STU00328,MOD00032,CRS004,2025-12-16,2026-02-23,Completed,5.32,8
PRG0005782,STU00328,MOD00114,CRS015,2025-04-27,2025-05-12,In Progress,9.21,10
PRG0005783,STU00328,MOD00117,CRS015,2025-05-06,2025-05-22,In Progress,2.15,100
PRG0005784,STU00328,MOD00118,CRS015,2025-05-06,2025-04-23,Completed,7.16,95
PRG0005785,STU00328,MOD00119,CRS015,2025-04-21,2025-07-04,Completed,5.1,11
PRG0005786,STU00329,MOD00065,CRS009,2025-09-06,2025-10-13,Completed,4.37,64
PRG0005787,STU00329,MOD00069,CRS009,2025-09-12,2025-10-31,Not Started,9.34,86
PRG0005788,STU00329,MOD00070,CRS009,2025-08-21,2025-10-20,Completed,3.21,17
PRG0005789,STU00329,MOD00071,CRS009,2025-09-05,2025-11-10,Completed,10.86,12
PRG0005790,STU00329,MOD00089,CRS012,2025-09-14,2025-10-11,In Progress,9.35,50
PRG0005791,STU00329,MOD00090,CRS012,2025-08-21,2025-09-30,Completed,9.21,13
PRG0005792,STU00329,MOD00091,CRS012,2025-09-06,2025-08-25,Completed,4.78,12
PRG0005793,STU00329,MOD00092,CRS012,2025-09-13,2025-11-13,Not Started,1.05,65
PRG0005794,STU00329,MOD00093,CRS012,2025-09-10,2025-09-22,In Progress,5.41,88
PRG0005795,STU00329,MOD00094,CRS012,2025-08-24,2025-09-23,Completed,3.18,86
PRG0005796,STU00329,MOD00095,CRS012,2025-08-28,2025-11-16,Completed,2.97,44
PRG0005797,STU00329,MOD00096,CRS012,2025-08-23,2025-11-07,Completed,7.45,5
PRG0005798,STU00329,MOD00001,CRS001,2025-11-05,2025-11-09,Completed,7.45,19
PRG0005799,STU00329,MOD00002,CRS001,2025-10-27,2025-11-18,In Progress,2.73,32
PRG0005800,STU00329,MOD00003,CRS001,2025-11-24,2025-11-25,Completed,9.97,59
PRG0005801,STU00329,MOD00004,CRS001,2025-11-08,2026-01-21,Completed,6.55,32
PRG0005802,STU00329,MOD00005,CRS001,2025-11-19,2025-11-11,Completed,12.66,42
PRG0005803,STU00329,MOD00006,CRS001,2025-11-09,2025-12-06,Completed,7.32,1
PRG0005804,STU00329,MOD00007,CRS001,2025-11-14,2026-01-09,Completed,1.74,0
PRG0005805,STU00329,MOD00008,CRS001,2025-11-09,2025-11-04,In Progress,10.6,23
PRG0005806,STU00329,MOD00105,CRS014,2025-09-03,2025-10-26,Completed,4.3,73
PRG0005807,STU00329,MOD00106,CRS014,2025-09-18,2025-10-07,Not Started,5.32,90
PRG0005808,STU00329,MOD00107,CRS014,2025-09-22,2025-11-06,In Progress,4.0,19
PRG0005809,STU00329,MOD00108,CRS014,2025-10-01,2025-09-15,Completed,11.51,21
PRG0005810,STU00329,MOD00109,CRS014,2025-09-10,2025-10-21,Completed,5.75,31
PRG0005811,STU00329,MOD00110,CRS014,2025-09-26,2025-09-10,Completed,5.88,25
PRG0005812,STU00329,MOD00111,CRS014,2025-09-30,2025-11-16,Completed,1.72,46
PRG0005813,STU00329,MOD00112,CRS014,2025-09-17,2025-10-22,Completed,1.64,1
PRG0005814,STU00329,MOD00025,CRS004,2025-11-28,2025-11-23,In Progress,9.26,22
PRG0005815,STU00329,MOD00026,CRS004,2025-11-18,2026-02-03,Completed,8.71,49
PRG0005816,STU00329,MOD00027,CRS004,2025-12-04,2026-01-04,In Progress,14.51,9
PRG0005817,STU00329,MOD00028,CRS004,2025-11-23,2025-11-23,Completed,7.63,100
PRG0005818,STU00329,MOD00029,CRS004,2025-12-02,2026-01-02,In Progress,3.96,98
PRG0005819,STU00329,MOD00030,CRS004,2025-11-16,2026-01-07,Completed,6.58,32
PRG0005820,STU00329,MOD00031,CRS004,2025-12-08,2025-11-16,Completed,1.41,77
PRG0005821,STU00329,MOD00032,CRS004,2025-11-23,2026-01-02,Completed,1.11,83
PRG0005822,STU00330,MOD00041,CRS006,2025-07-06,2025-07-13,In Progress,2.65,6
PRG0005823,STU00330,MOD00042,CRS006,2025-06-26,2025-08-13,Completed,2.56,59
PRG0005824,STU00330,MOD00043,CRS006,2025-07-24,2025-09-15,Completed,2.95,64
PRG0005825,STU00330,MOD00044,CRS006,2025-06-30,2025-09-16,Completed,13.09,96
PRG0005826,STU00330,MOD00045,CRS006,2025-07-23,2025-09-21,In Progress,5.87,85
PRG0005827,STU00330,MOD00046,CRS006,2025-07-13,2025-08-17,Completed,2.76,80
PRG0005828,STU00330,MOD00047,CRS006,2025-07-18,2025-09-09,Completed,10.37,50
PRG0005829,STU00330,MOD00048,CRS006,2025-07-09,2025-09-22,Completed,2.8,66
PRG0005830,STU00330,MOD00073,CRS010,2026-01-10,2025-12-24,Completed,7.41,88
PRG0005831,STU00330,MOD00074,CRS010,2026-01-07,2026-02-07,In Progress,6.71,12
PRG0005832,STU00330,MOD00075,CRS010,2026-01-10,2026-02-28,Completed,2.64,61
PRG0005833,STU00330,MOD00076,CRS010,2026-01-09,2026-01-05,Completed,3.06,89
PRG0005834,STU00330,MOD00077,CRS010,2025-12-25,2026-01-05,Completed,3.0,60
PRG0005835,STU00330,MOD00078,CRS010,2026-01-01,2025-12-22,Completed,2.25,97
PRG0005836,STU00330,MOD00079,CRS010,2026-01-05,2026-01-25,Completed,8.0,10
PRG0005837,STU00330,MOD00080,CRS010,2026-01-11,2026-03-07,Not Started,2.84,22
PRG0005838,STU00330,MOD00089,CRS012,2025-08-09,2025-10-22,Completed,6.79,10
PRG0005839,STU00330,MOD00090,CRS012,2025-08-28,2025-09-23,Completed,9.4,19
PRG0005840,STU00330,MOD00091,CRS012,2025-08-18,2025-09-23,In Progress,7.56,41
PRG0005841,STU00330,MOD00092,CRS012,2025-08-28,2025-08-11,In Progress,4.14,24
PRG0005842,STU00330,MOD00093,CRS012,2025-08-28,2025-08-27,In Progress,7.84,91
PRG0005843,STU00330,MOD00094,CRS012,2025-09-05,2025-09-05,In Progress,5.46,18
PRG0005844,STU00330,MOD00095,CRS012,2025-08-21,2025-10-14,In Progress,1.52,92
PRG0005845,STU00330,MOD00081,CRS011,2025-12-06,2026-01-24,In Progress,2.95,20
PRG0005846,STU00330,MOD00082,CRS011,2025-11-29,2025-12-18,In Progress,7.24,52
PRG0005847,STU00330,MOD00083,CRS011,2025-11-19,2025-12-20,Completed,7.5,66
PRG0005848,STU00330,MOD00084,CRS011,2025-12-02,2025-11-10,Not Started,2.72,70
PRG0005849,STU00330,MOD00085,CRS011,2025-12-01,2026-02-04,Completed,4.55,69
PRG0005850,STU00330,MOD00086,CRS011,2025-11-20,2025-12-18,In Progress,4.3,96
PRG0005851,STU00330,MOD00087,CRS011,2025-11-29,2025-12-22,Completed,10.11,40
PRG0005852,STU00330,MOD00088,CRS011,2025-11-11,2025-11-09,Completed,3.25,87
PRG0005853,STU00330,MOD00121,CRS016,2026-03-29,2026-05-30,Completed,13.08,32
PRG0005854,STU00330,MOD00122,CRS016,2026-03-16,2026-05-29,Completed,2.06,98
PRG0005855,STU00330,MOD00123,CRS016,2026-04-13,2026-05-08,Completed,2.66,100
PRG0005856,STU00330,MOD00124,CRS016,2026-03-26,2026-04-26,Completed,2.43,38
PRG0005857,STU00330,MOD00125,CRS016,2026-03-28,2026-04-19,In Progress,1.82,29
PRG0005858,STU00330,MOD00126,CRS016,2026-03-29,2026-05-27,In Progress,2.18,88
PRG0005859,STU00330,MOD00127,CRS016,2026-04-11,2026-04-05,Completed,6.85,9
PRG0005860,STU00330,MOD00128,CRS016,2026-03-19,2026-04-11,Completed,2.96,81
PRG0005861,STU00331,MOD00041,CRS006,2025-08-12,2025-09-13,Completed,14.49,14
PRG0005862,STU00331,MOD00042,CRS006,2025-08-03,2025-09-13,Not Started,1.01,60
PRG0005863,STU00331,MOD00043,CRS006,2025-08-16,2025-08-07,In Progress,6.62,82
PRG0005864,STU00331,MOD00044,CRS006,2025-08-08,2025-10-19,Completed,5.98,75
PRG0005865,STU00331,MOD00045,CRS006,2025-08-10,2025-09-25,Completed,4.72,96
PRG0005866,STU00331,MOD00046,CRS006,2025-08-13,2025-10-17,Completed,7.12,56
PRG0005867,STU00331,MOD00047,CRS006,2025-08-18,2025-09-02,Completed,5.56,78
PRG0005868,STU00331,MOD00048,CRS006,2025-08-19,2025-10-10,Completed,3.25,38
PRG0005869,STU00331,MOD00081,CRS011,2026-04-13,2026-06-21,In Progress,6.87,46
PRG0005870,STU00331,MOD00082,CRS011,2026-04-01,2026-04-09,In Progress,8.65,32
PRG0005871,STU00331,MOD00083,CRS011,2026-04-02,2026-06-10,Not Started,1.61,55
PRG0005872,STU00331,MOD00084,CRS011,2026-04-12,2026-05-05,Completed,7.7,61
PRG0005873,STU00331,MOD00085,CRS011,2026-04-02,2026-04-25,Completed,2.03,18
PRG0005874,STU00331,MOD00086,CRS011,2026-04-02,2026-05-30,Completed,2.29,9
PRG0005875,STU00331,MOD00087,CRS011,2026-04-23,2026-06-13,Completed,8.68,72
PRG0005876,STU00331,MOD00088,CRS011,2026-04-09,2026-05-07,Completed,3.07,85
PRG0005877,STU00332,MOD00018,CRS003,2025-09-25,2025-12-06,Completed,3.73,7
PRG0005878,STU00332,MOD00019,CRS003,2025-09-20,2025-10-31,Completed,10.24,56
PRG0005879,STU00332,MOD00020,CRS003,2025-09-30,2025-11-30,Completed,1.16,93
PRG0005880,STU00332,MOD00021,CRS003,2025-10-08,2025-10-19,Completed,7.02,37
PRG0005881,STU00332,MOD00022,CRS003,2025-10-17,2025-12-14,In Progress,6.87,17
PRG0005882,STU00332,MOD00023,CRS003,2025-09-27,2025-10-22,Not Started,5.55,99
PRG0005883,STU00332,MOD00153,CRS020,2026-04-19,2026-05-03,In Progress,3.39,60
PRG0005884,STU00332,MOD00154,CRS020,2026-05-07,2026-06-22,In Progress,1.28,50
PRG0005885,STU00332,MOD00156,CRS020,2026-04-13,2026-04-24,Completed,9.7,67
PRG0005886,STU00332,MOD00157,CRS020,2026-04-23,2026-06-28,Completed,5.47,83
PRG0005887,STU00332,MOD00159,CRS020,2026-04-30,2026-06-08,Not Started,6.81,54
PRG0005888,STU00332,MOD00160,CRS020,2026-04-26,2026-06-08,Completed,6.52,65
PRG0005889,STU00332,MOD00043,CRS006,2025-09-05,2025-10-21,In Progress,7.47,64
PRG0005890,STU00332,MOD00081,CRS011,2025-05-27,2025-08-09,Completed,5.58,76
PRG0005891,STU00332,MOD00082,CRS011,2025-06-15,2025-08-03,In Progress,10.12,98
PRG0005892,STU00332,MOD00084,CRS011,2025-05-16,2025-07-12,In Progress,10.95,88
PRG0005893,STU00332,MOD00086,CRS011,2025-05-20,2025-07-13,Completed,2.21,49
PRG0005894,STU00332,MOD00087,CRS011,2025-05-26,2025-08-04,Completed,2.1,44
PRG0005895,STU00332,MOD00088,CRS011,2025-05-19,2025-05-25,Completed,2.12,74
PRG0005896,STU00333,MOD00068,CRS009,2026-01-19,2026-03-17,Completed,2.0,75
PRG0005897,STU00333,MOD00072,CRS009,2026-01-10,2026-03-21,Completed,1.01,42
PRG0005898,STU00333,MOD00113,CRS015,2026-05-04,2026-05-06,In Progress,12.29,46
PRG0005899,STU00333,MOD00114,CRS015,2026-04-22,2026-05-24,In Progress,6.25,55
PRG0005900,STU00333,MOD00115,CRS015,2026-05-07,2026-06-29,Not Started,1.42,58
PRG0005901,STU00333,MOD00116,CRS015,2026-04-10,2026-05-25,Completed,2.52,5
PRG0005902,STU00333,MOD00117,CRS015,2026-04-23,2026-06-07,Completed,3.73,68
PRG0005903,STU00333,MOD00118,CRS015,2026-04-22,2026-06-20,Completed,5.95,3
PRG0005904,STU00333,MOD00119,CRS015,2026-04-15,2026-06-11,In Progress,4.38,42
PRG0005905,STU00333,MOD00120,CRS015,2026-04-28,2026-06-21,In Progress,1.39,92
PRG0005906,STU00333,MOD00089,CRS012,2026-01-01,2026-02-24,Completed,4.38,54
PRG0005907,STU00333,MOD00091,CRS012,2026-01-20,2026-03-03,Completed,3.05,52
PRG0005908,STU00333,MOD00092,CRS012,2026-01-15,2026-02-28,Completed,4.01,99
PRG0005909,STU00333,MOD00094,CRS012,2025-12-28,2026-02-18,Completed,3.49,50
PRG0005910,STU00333,MOD00095,CRS012,2026-01-15,2026-02-16,Completed,3.0,61
PRG0005911,STU00333,MOD00096,CRS012,2026-01-23,2026-02-08,Completed,6.61,31
PRG0005912,STU00333,MOD00130,CRS017,2025-12-28,2025-12-26,Completed,9.2,81
PRG0005913,STU00333,MOD00131,CRS017,2026-01-08,2026-02-25,Not Started,1.26,1
PRG0005914,STU00333,MOD00132,CRS017,2025-12-30,2026-02-06,In Progress,5.02,68
PRG0005915,STU00333,MOD00133,CRS017,2026-01-17,2026-02-28,Completed,1.32,69
PRG0005916,STU00333,MOD00136,CRS017,2025-12-29,2026-01-22,Completed,5.03,96
PRG0005917,STU00334,MOD00065,CRS009,2025-08-03,2025-08-05,Completed,1.76,14
PRG0005918,STU00334,MOD00066,CRS009,2025-08-08,2025-08-10,Completed,8.5,94
PRG0005919,STU00334,MOD00070,CRS009,2025-08-11,2025-08-01,Completed,1.42,98
PRG0005920,STU00334,MOD00072,CRS009,2025-08-09,2025-10-20,Completed,1.76,55
PRG0005921,STU00334,MOD00018,CRS003,2025-09-04,2025-10-23,In Progress,2.25,5
PRG0005922,STU00334,MOD00019,CRS003,2025-09-22,2025-10-06,Completed,4.76,82
PRG0005923,STU00334,MOD00021,CRS003,2025-09-16,2025-10-28,Completed,6.68,73
PRG0005924,STU00334,MOD00023,CRS003,2025-09-16,2025-10-16,Completed,4.95,79
PRG0005925,STU00334,MOD00024,CRS003,2025-09-09,2025-11-19,Completed,10.74,83
PRG0005926,STU00335,MOD00019,CRS003,2025-11-20,2025-12-21,Completed,3.72,37
PRG0005927,STU00335,MOD00022,CRS003,2025-11-10,2026-01-05,Not Started,2.22,4
PRG0005928,STU00335,MOD00024,CRS003,2025-11-11,2025-11-09,In Progress,11.82,82
PRG0005929,STU00336,MOD00137,CRS018,2025-05-11,2025-06-07,In Progress,13.21,78
PRG0005930,STU00336,MOD00138,CRS018,2025-05-25,2025-06-25,Completed,2.61,77
PRG0005931,STU00336,MOD00139,CRS018,2025-05-04,2025-05-08,Completed,2.06,90
PRG0005932,STU00336,MOD00140,CRS018,2025-05-11,2025-08-01,Not Started,13.63,70
PRG0005933,STU00336,MOD00141,CRS018,2025-05-20,2025-06-26,Completed,3.32,40
PRG0005934,STU00336,MOD00142,CRS018,2025-05-03,2025-07-30,Completed,2.2,56
PRG0005935,STU00336,MOD00143,CRS018,2025-05-21,2025-07-07,Not Started,2.37,63
PRG0005936,STU00336,MOD00144,CRS018,2025-06-02,2025-07-18,Completed,1.4,50
PRG0005937,STU00336,MOD00011,CRS002,2026-01-24,2025-12-30,Completed,6.95,37
PRG0005938,STU00336,MOD00012,CRS002,2025-12-30,2026-03-24,Completed,1.77,6
PRG0005939,STU00336,MOD00013,CRS002,2026-01-04,2026-02-07,Completed,6.11,19
PRG0005940,STU00336,MOD00014,CRS002,2026-01-03,2026-01-11,Completed,3.27,53
PRG0005941,STU00336,MOD00015,CRS002,2026-01-10,2026-02-17,Completed,6.66,22
PRG0005942,STU00336,MOD00003,CRS001,2026-02-23,2026-05-01,Completed,3.94,35
PRG0005943,STU00336,MOD00004,CRS001,2026-02-25,2026-02-16,In Progress,9.09,78
PRG0005944,STU00336,MOD00006,CRS001,2026-03-08,2026-03-10,In Progress,1.85,43
PRG0005945,STU00336,MOD00008,CRS001,2026-02-21,2026-02-13,In Progress,3.41,10
PRG0005946,STU00336,MOD00097,CRS013,2025-09-21,2025-09-25,Completed,13.55,42
PRG0005947,STU00336,MOD00098,CRS013,2025-08-31,2025-09-26,In Progress,3.96,55
PRG0005948,STU00336,MOD00099,CRS013,2025-09-22,2025-10-07,In Progress,5.0,81
PRG0005949,STU00336,MOD00100,CRS013,2025-09-20,2025-10-16,In Progress,2.86,47
PRG0005950,STU00336,MOD00101,CRS013,2025-09-13,2025-11-18,In Progress,2.6,14
PRG0005951,STU00336,MOD00102,CRS013,2025-09-21,2025-10-22,Completed,1.89,64
PRG0005952,STU00336,MOD00103,CRS013,2025-09-05,2025-09-10,Completed,1.66,70
PRG0005953,STU00336,MOD00104,CRS013,2025-09-06,2025-09-24,Completed,8.45,94
PRG0005954,STU00337,MOD00100,CRS013,2026-03-20,2026-04-27,Completed,5.39,39
PRG0005955,STU00337,MOD00104,CRS013,2026-02-28,2026-04-20,In Progress,2.52,24
PRG0005956,STU00338,MOD00073,CRS010,2026-03-06,2026-04-11,Completed,1.56,25
PRG0005957,STU00338,MOD00074,CRS010,2026-03-26,2026-04-21,In Progress,8.9,26
PRG0005958,STU00338,MOD00075,CRS010,2026-03-26,2026-03-12,In Progress,1.72,9
PRG0005959,STU00338,MOD00076,CRS010,2026-03-14,2026-05-21,Completed,9.83,80
PRG0005960,STU00338,MOD00077,CRS010,2026-02-28,2026-04-27,Completed,2.29,69
PRG0005961,STU00338,MOD00078,CRS010,2026-02-25,2026-05-01,Not Started,4.24,67
PRG0005962,STU00338,MOD00079,CRS010,2026-03-18,2026-02-26,Completed,7.59,19
PRG0005963,STU00338,MOD00080,CRS010,2026-03-02,2026-04-05,Completed,3.32,84
PRG0005964,STU00338,MOD00113,CRS015,2025-08-07,2025-07-23,In Progress,4.48,52
PRG0005965,STU00338,MOD00114,CRS015,2025-07-23,2025-08-10,Completed,10.66,16
PRG0005966,STU00338,MOD00115,CRS015,2025-08-07,2025-09-02,Completed,6.43,78
PRG0005967,STU00338,MOD00116,CRS015,2025-07-25,2025-09-13,In Progress,5.65,37
PRG0005968,STU00338,MOD00118,CRS015,2025-07-23,2025-09-29,In Progress,9.28,74
PRG0005969,STU00339,MOD00001,CRS001,2026-01-15,2026-03-16,Completed,1.8,53
PRG0005970,STU00339,MOD00002,CRS001,2026-01-16,2026-03-01,Completed,2.73,93
PRG0005971,STU00339,MOD00003,CRS001,2026-01-08,2026-02-18,Completed,7.74,77
PRG0005972,STU00339,MOD00004,CRS001,2025-12-27,2026-03-25,Completed,6.05,54
PRG0005973,STU00339,MOD00005,CRS001,2026-01-16,2026-03-02,Completed,3.61,24
PRG0005974,STU00339,MOD00006,CRS001,2025-12-30,2026-01-23,In Progress,5.59,76
PRG0005975,STU00339,MOD00007,CRS001,2026-01-03,2026-02-04,Completed,2.66,87
PRG0005976,STU00339,MOD00008,CRS001,2026-01-02,2026-01-22,Completed,5.46,85
PRG0005977,STU00339,MOD00011,CRS002,2025-09-23,2025-10-17,Completed,1.11,31
PRG0005978,STU00339,MOD00012,CRS002,2025-09-28,2025-09-19,In Progress,7.97,28
PRG0005979,STU00340,MOD00122,CRS016,2025-08-19,2025-09-13,In Progress,2.34,30
PRG0005980,STU00340,MOD00125,CRS016,2025-08-23,2025-09-09,Completed,1.17,40
PRG0005981,STU00340,MOD00127,CRS016,2025-08-29,2025-09-26,In Progress,1.12,53
PRG0005982,STU00340,MOD00113,CRS015,2025-09-13,2025-10-17,Completed,6.56,18
PRG0005983,STU00340,MOD00114,CRS015,2025-09-21,2025-09-24,In Progress,4.42,63
PRG0005984,STU00340,MOD00115,CRS015,2025-09-20,2025-09-18,Completed,12.55,43
PRG0005985,STU00340,MOD00116,CRS015,2025-09-26,2025-11-11,Not Started,2.17,54
PRG0005986,STU00340,MOD00117,CRS015,2025-09-04,2025-10-03,Completed,4.34,16
PRG0005987,STU00340,MOD00118,CRS015,2025-09-17,2025-10-09,Completed,4.55,61
PRG0005988,STU00340,MOD00119,CRS015,2025-09-29,2025-11-15,Completed,5.24,50
PRG0005989,STU00340,MOD00120,CRS015,2025-09-20,2025-11-08,Completed,2.98,78
PRG0005990,STU00340,MOD00137,CRS018,2025-09-27,2025-10-25,Completed,6.86,47
PRG0005991,STU00340,MOD00138,CRS018,2025-09-17,2025-09-28,Completed,1.6,50
PRG0005992,STU00340,MOD00139,CRS018,2025-09-25,2025-11-26,Not Started,1.57,5
PRG0005993,STU00340,MOD00140,CRS018,2025-09-07,2025-10-31,Not Started,1.75,87
PRG0005994,STU00340,MOD00142,CRS018,2025-09-08,2025-09-26,Completed,3.15,1
PRG0005995,STU00341,MOD00041,CRS006,2025-11-26,2026-01-24,Completed,6.57,5
PRG0005996,STU00341,MOD00145,CRS019,2025-12-31,2026-02-17,In Progress,3.95,78
PRG0005997,STU00341,MOD00146,CRS019,2025-12-19,2026-01-03,Completed,4.46,42
PRG0005998,STU00341,MOD00147,CRS019,2025-12-16,2026-02-27,In Progress,3.28,17
PRG0005999,STU00341,MOD00148,CRS019,2026-01-02,2026-03-09,Completed,2.54,32
PRG0006000,STU00341,MOD00149,CRS019,2025-12-21,2026-02-26,In Progress,10.46,70
PRG0006001,STU00341,MOD00150,CRS019,2026-01-08,2026-01-19,Completed,6.74,37
PRG0006002,STU00341,MOD00151,CRS019,2025-12-14,2026-02-15,Completed,2.57,46
PRG0006003,STU00341,MOD00152,CRS019,2025-12-26,2026-02-20,Completed,2.66,80
PRG0006004,STU00341,MOD00113,CRS015,2025-10-27,2025-11-08,In Progress,4.03,52
PRG0006005,STU00341,MOD00116,CRS015,2025-10-30,2025-11-18,Completed,6.11,46
PRG0006006,STU00341,MOD00117,CRS015,2025-10-12,2025-11-17,Completed,2.89,46
PRG0006007,STU00341,MOD00118,CRS015,2025-10-31,2025-12-07,In Progress,11.66,78
PRG0006008,STU00341,MOD00119,CRS015,2025-10-27,2025-10-29,Completed,6.13,12
PRG0006009,STU00341,MOD00120,CRS015,2025-10-06,2025-11-03,In Progress,4.47,90
PRG0006010,STU00341,MOD00105,CRS014,2025-06-27,2025-07-22,Completed,4.79,86
PRG0006011,STU00341,MOD00106,CRS014,2025-07-04,2025-07-25,Completed,1.54,39
PRG0006012,STU00341,MOD00107,CRS014,2025-06-23,2025-09-09,In Progress,11.88,26
PRG0006013,STU00341,MOD00108,CRS014,2025-06-21,2025-08-16,Completed,3.44,49
PRG0006014,STU00341,MOD00109,CRS014,2025-07-09,2025-07-18,Completed,4.68,35
PRG0006015,STU00341,MOD00110,CRS014,2025-07-03,2025-08-12,In Progress,4.17,14
PRG0006016,STU00341,MOD00111,CRS014,2025-06-30,2025-06-28,Not Started,5.77,24
PRG0006017,STU00341,MOD00112,CRS014,2025-06-23,2025-08-21,Completed,1.9,77
PRG0006018,STU00341,MOD00073,CRS010,2025-09-15,2025-10-04,Completed,5.96,77
PRG0006019,STU00341,MOD00074,CRS010,2025-09-19,2025-10-18,Completed,1.7,90
PRG0006020,STU00341,MOD00075,CRS010,2025-09-27,2025-10-14,Completed,1.88,29
PRG0006021,STU00341,MOD00076,CRS010,2025-09-06,2025-10-25,Not Started,4.47,47
PRG0006022,STU00341,MOD00077,CRS010,2025-09-26,2025-10-27,Completed,1.64,14
PRG0006023,STU00341,MOD00078,CRS010,2025-10-01,2025-09-05,Completed,1.93,67
PRG0006024,STU00341,MOD00080,CRS010,2025-09-04,2025-09-08,Completed,2.14,54
PRG0006025,STU00342,MOD00065,CRS009,2026-03-23,2026-04-12,Completed,3.23,56
PRG0006026,STU00342,MOD00066,CRS009,2026-04-08,2026-04-26,Completed,4.49,10
PRG0006027,STU00342,MOD00068,CRS009,2026-03-22,2026-05-21,In Progress,7.86,79
PRG0006028,STU00342,MOD00076,CRS010,2025-06-12,2025-07-20,In Progress,2.08,8
PRG0006029,STU00342,MOD00077,CRS010,2025-07-02,2025-07-13,Completed,2.02,64
PRG0006030,STU00342,MOD00078,CRS010,2025-06-20,2025-07-19,Not Started,3.2,9
PRG0006031,STU00342,MOD00002,CRS001,2026-05-10,2026-05-18,Completed,2.78,0
PRG0006032,STU00342,MOD00004,CRS001,2026-04-24,2026-05-24,Not Started,4.97,6
PRG0006033,STU00342,MOD00005,CRS001,2026-04-29,2026-04-15,Completed,1.1,15
PRG0006034,STU00343,MOD00138,CRS018,2026-04-24,2026-04-26,Completed,6.7,14
PRG0006035,STU00343,MOD00139,CRS018,2026-04-16,2026-06-09,Completed,2.11,11
PRG0006036,STU00343,MOD00141,CRS018,2026-05-08,2026-07-05,Completed,3.27,31
PRG0006037,STU00343,MOD00143,CRS018,2026-04-24,2026-05-28,Not Started,3.74,1
PRG0006038,STU00343,MOD00144,CRS018,2026-04-30,2026-04-21,In Progress,3.98,94
PRG0006039,STU00343,MOD00001,CRS001,2026-04-21,2026-04-29,In Progress,8.95,90
PRG0006040,STU00343,MOD00002,CRS001,2026-04-26,2026-06-22,In Progress,1.3,37
PRG0006041,STU00343,MOD00003,CRS001,2026-04-25,2026-05-18,Completed,8.24,22
PRG0006042,STU00343,MOD00004,CRS001,2026-05-03,2026-04-21,In Progress,4.17,60
PRG0006043,STU00343,MOD00005,CRS001,2026-04-21,2026-07-06,Completed,7.11,35
PRG0006044,STU00343,MOD00006,CRS001,2026-04-28,2026-05-01,Completed,10.05,7
PRG0006045,STU00343,MOD00007,CRS001,2026-05-10,2026-05-20,Completed,1.59,10
PRG0006046,STU00343,MOD00008,CRS001,2026-04-28,2026-05-16,Completed,4.14,76
PRG0006047,STU00343,MOD00121,CRS016,2026-04-15,2026-07-02,In Progress,8.67,30
PRG0006048,STU00343,MOD00122,CRS016,2026-05-04,2026-06-06,Completed,1.29,96
PRG0006049,STU00343,MOD00123,CRS016,2026-04-25,2026-05-15,Completed,2.52,29
PRG0006050,STU00343,MOD00124,CRS016,2026-04-25,2026-05-17,Completed,3.04,55
PRG0006051,STU00343,MOD00125,CRS016,2026-04-22,2026-07-04,In Progress,1.21,88
PRG0006052,STU00343,MOD00126,CRS016,2026-04-27,2026-07-05,Completed,2.79,86
PRG0006053,STU00343,MOD00127,CRS016,2026-04-25,2026-05-13,In Progress,8.19,1
PRG0006054,STU00343,MOD00128,CRS016,2026-04-29,2026-06-28,In Progress,1.43,61
PRG0006055,STU00343,MOD00153,CRS020,2026-04-30,2026-07-09,In Progress,3.94,48
PRG0006056,STU00343,MOD00154,CRS020,2026-04-29,2026-06-19,Completed,1.19,13
PRG0006057,STU00343,MOD00155,CRS020,2026-04-22,2026-07-03,In Progress,4.06,36
PRG0006058,STU00343,MOD00156,CRS020,2026-05-08,2026-06-15,Completed,3.54,28
PRG0006059,STU00343,MOD00157,CRS020,2026-05-02,2026-07-05,In Progress,5.45,55
PRG0006060,STU00343,MOD00158,CRS020,2026-04-27,2026-04-17,Completed,6.33,98
PRG0006061,STU00343,MOD00159,CRS020,2026-05-08,2026-05-29,In Progress,1.96,89
PRG0006062,STU00343,MOD00160,CRS020,2026-05-09,2026-05-23,Completed,10.34,72
PRG0006063,STU00344,MOD00137,CRS018,2026-02-01,2026-01-18,Completed,9.7,71
PRG0006064,STU00344,MOD00142,CRS018,2026-01-21,2026-01-06,Completed,9.67,45
PRG0006065,STU00344,MOD00143,CRS018,2026-01-14,2026-03-06,Not Started,2.0,8
PRG0006066,STU00345,MOD00137,CRS018,2025-10-21,2025-12-13,Completed,14.25,94
PRG0006067,STU00345,MOD00141,CRS018,2025-10-22,2025-12-30,Completed,9.36,34
PRG0006068,STU00345,MOD00142,CRS018,2025-10-31,2025-12-30,In Progress,9.68,22
PRG0006069,STU00345,MOD00144,CRS018,2025-11-06,2025-12-27,Completed,4.42,94
PRG0006070,STU00345,MOD00105,CRS014,2025-09-21,2025-11-10,Completed,2.01,97
PRG0006071,STU00345,MOD00106,CRS014,2025-10-20,2025-12-15,In Progress,6.06,74
PRG0006072,STU00345,MOD00107,CRS014,2025-09-24,2025-11-30,Completed,10.09,20
PRG0006073,STU00345,MOD00108,CRS014,2025-10-20,2025-10-01,Completed,6.46,63
PRG0006074,STU00345,MOD00109,CRS014,2025-09-20,2025-12-18,In Progress,3.03,44
PRG0006075,STU00345,MOD00110,CRS014,2025-10-18,2025-11-14,Completed,3.45,58
PRG0006076,STU00345,MOD00111,CRS014,2025-10-20,2025-10-24,Completed,2.4,22
PRG0006077,STU00345,MOD00112,CRS014,2025-10-12,2025-11-23,Completed,1.4,83
PRG0006078,STU00345,MOD00099,CRS013,2026-05-06,2026-04-24,In Progress,3.48,19
PRG0006079,STU00345,MOD00100,CRS013,2026-04-19,2026-05-05,Completed,4.86,61
PRG0006080,STU00345,MOD00101,CRS013,2026-04-22,2026-07-04,Completed,1.13,90
PRG0006081,STU00345,MOD00103,CRS013,2026-04-12,2026-07-05,Completed,2.98,84
PRG0006082,STU00345,MOD00057,CRS008,2025-06-10,2025-08-05,In Progress,1.02,98
PRG0006083,STU00345,MOD00058,CRS008,2025-05-25,2025-08-11,In Progress,6.47,62
PRG0006084,STU00345,MOD00059,CRS008,2025-06-08,2025-07-31,Completed,2.03,100
PRG0006085,STU00345,MOD00060,CRS008,2025-05-20,2025-07-12,Completed,6.67,28
PRG0006086,STU00345,MOD00061,CRS008,2025-06-03,2025-05-27,Completed,9.51,9
PRG0006087,STU00345,MOD00062,CRS008,2025-05-18,2025-05-25,Completed,2.3,84
PRG0006088,STU00345,MOD00064,CRS008,2025-06-03,2025-06-10,Completed,1.37,42
PRG0006089,STU00346,MOD00017,CRS003,2026-01-04,2026-03-02,Completed,6.64,51
PRG0006090,STU00346,MOD00018,CRS003,2025-12-13,2026-02-11,In Progress,3.84,91
PRG0006091,STU00346,MOD00019,CRS003,2025-12-08,2025-12-27,Completed,11.28,16
PRG0006092,STU00346,MOD00020,CRS003,2026-01-01,2025-12-27,Not Started,3.79,100
PRG0006093,STU00346,MOD00021,CRS003,2025-12-29,2026-01-16,In Progress,6.59,60
PRG0006094,STU00346,MOD00022,CRS003,2025-12-29,2026-02-17,Completed,8.31,13
PRG0006095,STU00346,MOD00023,CRS003,2025-12-05,2026-02-11,Not Started,3.81,56
PRG0006096,STU00346,MOD00024,CRS003,2025-12-11,2026-02-05,In Progress,2.73,14
PRG0006097,STU00346,MOD00105,CRS014,2025-10-13,2025-11-23,Completed,2.88,6
PRG0006098,STU00346,MOD00106,CRS014,2025-10-02,2025-11-29,Completed,1.74,13
PRG0006099,STU00346,MOD00107,CRS014,2025-09-15,2025-11-10,In Progress,4.32,91
PRG0006100,STU00346,MOD00108,CRS014,2025-09-30,2025-10-15,Completed,3.76,81
PRG0006101,STU00346,MOD00109,CRS014,2025-10-03,2025-11-09,In Progress,8.64,69
PRG0006102,STU00346,MOD00110,CRS014,2025-09-20,2025-10-10,Completed,10.4,73
PRG0006103,STU00346,MOD00111,CRS014,2025-09-18,2025-10-23,In Progress,2.57,3
PRG0006104,STU00346,MOD00112,CRS014,2025-09-28,2025-09-15,Completed,2.83,45
PRG0006105,STU00346,MOD00057,CRS008,2025-10-27,2025-12-01,Completed,7.83,33
PRG0006106,STU00346,MOD00058,CRS008,2025-09-30,2025-12-22,Completed,5.09,85
PRG0006107,STU00346,MOD00059,CRS008,2025-10-02,2025-12-09,In Progress,1.81,41
PRG0006108,STU00346,MOD00060,CRS008,2025-10-26,2025-10-15,In Progress,7.69,62
PRG0006109,STU00346,MOD00061,CRS008,2025-10-14,2025-10-19,Not Started,7.44,94
PRG0006110,STU00346,MOD00062,CRS008,2025-10-11,2025-10-06,Not Started,6.33,37
PRG0006111,STU00346,MOD00063,CRS008,2025-10-25,2025-10-28,Completed,1.12,98
PRG0006112,STU00346,MOD00064,CRS008,2025-10-10,2025-11-20,In Progress,7.17,82
PRG0006113,STU00347,MOD00073,CRS010,2026-02-18,2026-03-20,Completed,6.89,11
PRG0006114,STU00347,MOD00074,CRS010,2026-02-21,2026-02-05,In Progress,7.62,13
PRG0006115,STU00347,MOD00075,CRS010,2026-02-14,2026-03-11,Completed,1.44,76
PRG0006116,STU00347,MOD00076,CRS010,2026-02-02,2026-02-11,In Progress,3.43,7
PRG0006117,STU00347,MOD00077,CRS010,2026-02-11,2026-04-17,Completed,2.63,99
PRG0006118,STU00347,MOD00078,CRS010,2026-02-11,2026-04-11,In Progress,2.06,53
PRG0006119,STU00347,MOD00079,CRS010,2026-02-13,2026-04-12,Completed,1.71,1
PRG0006120,STU00347,MOD00080,CRS010,2026-02-25,2026-03-16,Completed,1.16,18
PRG0006121,STU00347,MOD00137,CRS018,2025-12-17,2025-12-26,Completed,10.7,16
PRG0006122,STU00347,MOD00138,CRS018,2025-12-08,2025-12-26,Not Started,2.58,46
PRG0006123,STU00347,MOD00141,CRS018,2025-12-04,2026-01-03,In Progress,9.06,77
PRG0006124,STU00347,MOD00142,CRS018,2025-12-13,2025-12-20,Completed,11.07,56
PRG0006125,STU00347,MOD00144,CRS018,2025-11-21,2026-01-18,Not Started,4.17,95
PRG0006126,STU00347,MOD00065,CRS009,2025-12-02,2026-01-27,In Progress,5.85,2
PRG0006127,STU00347,MOD00067,CRS009,2025-12-09,2025-12-29,Completed,7.36,12
PRG0006128,STU00347,MOD00068,CRS009,2025-12-11,2026-01-10,Completed,9.81,95
PRG0006129,STU00347,MOD00069,CRS009,2025-11-27,2026-01-12,Completed,7.69,95
PRG0006130,STU00347,MOD00070,CRS009,2025-12-04,2025-11-28,In Progress,2.57,37
PRG0006131,STU00347,MOD00072,CRS009,2025-11-27,2025-12-21,Completed,2.92,46
PRG0006132,STU00348,MOD00028,CRS004,2025-07-01,2025-08-19,In Progress,3.67,72
PRG0006133,STU00348,MOD00029,CRS004,2025-06-19,2025-07-03,In Progress,9.07,40
PRG0006134,STU00348,MOD00030,CRS004,2025-07-07,2025-09-13,Completed,8.4,3
PRG0006135,STU00348,MOD00031,CRS004,2025-07-16,2025-07-21,In Progress,1.51,4
PRG0006136,STU00348,MOD00032,CRS004,2025-07-08,2025-08-26,Completed,5.1,2
PRG0006137,STU00348,MOD00113,CRS015,2025-11-12,2025-11-19,In Progress,4.8,55
PRG0006138,STU00348,MOD00114,CRS015,2025-11-02,2025-11-19,Completed,1.54,5
PRG0006139,STU00348,MOD00115,CRS015,2025-10-18,2025-10-20,Completed,6.15,45
PRG0006140,STU00348,MOD00116,CRS015,2025-10-31,2025-12-06,Completed,2.69,93
PRG0006141,STU00348,MOD00117,CRS015,2025-11-11,2025-12-13,Completed,2.26,2
PRG0006142,STU00348,MOD00118,CRS015,2025-11-14,2025-12-27,Completed,2.56,36
PRG0006143,STU00348,MOD00119,CRS015,2025-10-21,2025-11-27,Completed,1.39,24
PRG0006144,STU00348,MOD00120,CRS015,2025-11-08,2025-12-17,In Progress,3.58,11
PRG0006145,STU00348,MOD00145,CRS019,2025-11-23,2025-11-16,In Progress,2.34,22
PRG0006146,STU00348,MOD00146,CRS019,2025-11-13,2025-11-10,Completed,1.76,72
PRG0006147,STU00348,MOD00147,CRS019,2025-11-02,2025-12-12,Completed,4.72,2
PRG0006148,STU00348,MOD00148,CRS019,2025-11-28,2025-11-12,In Progress,1.51,80
PRG0006149,STU00348,MOD00149,CRS019,2025-11-10,2026-01-03,Not Started,7.78,98
PRG0006150,STU00348,MOD00151,CRS019,2025-11-30,2025-11-27,In Progress,2.67,12
PRG0006151,STU00348,MOD00152,CRS019,2025-11-24,2025-12-02,In Progress,1.55,31
PRG0006152,STU00349,MOD00035,CRS005,2025-12-06,2026-01-15,Completed,8.14,37
PRG0006153,STU00349,MOD00036,CRS005,2025-12-15,2026-01-20,Completed,8.23,82
PRG0006154,STU00349,MOD00039,CRS005,2025-12-18,2026-01-06,Completed,6.31,29
PRG0006155,STU00349,MOD00040,CRS005,2025-12-25,2025-12-06,In Progress,6.57,30
PRG0006156,STU00350,MOD00001,CRS001,2025-08-30,2025-11-18,In Progress,9.44,91
PRG0006157,STU00350,MOD00002,CRS001,2025-09-13,2025-09-12,In Progress,1.92,91
PRG0006158,STU00350,MOD00003,CRS001,2025-09-09,2025-09-03,In Progress,3.53,38
PRG0006159,STU00350,MOD00006,CRS001,2025-08-31,2025-08-25,In Progress,6.46,39
PRG0006160,STU00350,MOD00007,CRS001,2025-09-18,2025-10-31,Completed,4.24,74
PRG0006161,STU00350,MOD00008,CRS001,2025-09-14,2025-09-29,Completed,12.8,64
PRG0006162,STU00350,MOD00041,CRS006,2025-08-07,2025-10-29,Not Started,11.53,61
PRG0006163,STU00350,MOD00042,CRS006,2025-08-27,2025-11-02,In Progress,2.46,32
PRG0006164,STU00350,MOD00043,CRS006,2025-08-22,2025-09-03,Completed,1.29,31
PRG0006165,STU00350,MOD00044,CRS006,2025-08-11,2025-09-21,Completed,2.39,68
PRG0006166,STU00350,MOD00045,CRS006,2025-08-20,2025-08-24,In Progress,4.72,39
PRG0006167,STU00350,MOD00046,CRS006,2025-09-01,2025-10-05,Completed,8.64,51
PRG0006168,STU00350,MOD00047,CRS006,2025-08-29,2025-10-25,Completed,2.51,24
PRG0006169,STU00350,MOD00048,CRS006,2025-08-12,2025-09-25,In Progress,1.63,73
PRG0006170,STU00350,MOD00025,CRS004,2025-11-24,2026-01-18,Completed,8.24,1
PRG0006171,STU00350,MOD00026,CRS004,2025-12-02,2026-01-14,In Progress,5.25,73
PRG0006172,STU00350,MOD00027,CRS004,2025-12-11,2026-01-08,In Progress,7.1,100
PRG0006173,STU00350,MOD00028,CRS004,2025-12-19,2026-02-05,In Progress,8.83,53
PRG0006174,STU00350,MOD00029,CRS004,2025-12-12,2025-12-30,In Progress,10.81,61
PRG0006175,STU00350,MOD00073,CRS010,2025-11-25,2026-01-10,Not Started,1.36,46
PRG0006176,STU00350,MOD00077,CRS010,2025-12-11,2025-12-18,Completed,1.99,81
PRG0006177,STU00350,MOD00065,CRS009,2026-02-27,2026-03-06,Completed,5.97,27
PRG0006178,STU00350,MOD00066,CRS009,2026-03-19,2026-03-24,Not Started,6.22,45
PRG0006179,STU00350,MOD00067,CRS009,2026-02-27,2026-05-14,In Progress,3.54,96
PRG0006180,STU00350,MOD00069,CRS009,2026-03-15,2026-04-02,In Progress,10.23,0
PRG0006181,STU00350,MOD00072,CRS009,2026-03-07,2026-04-02,Not Started,2.56,87
PRG0006182,STU00351,MOD00081,CRS011,2026-04-25,2026-06-02,Completed,5.06,89
PRG0006183,STU00351,MOD00083,CRS011,2026-04-20,2026-05-14,In Progress,9.37,63
PRG0006184,STU00351,MOD00084,CRS011,2026-04-24,2026-06-13,Completed,4.82,20
PRG0006185,STU00351,MOD00087,CRS011,2026-04-14,2026-04-05,Completed,13.95,78
PRG0006186,STU00351,MOD00088,CRS011,2026-04-27,2026-06-23,Completed,2.63,87
PRG0006187,STU00351,MOD00105,CRS014,2026-04-10,2026-06-11,Completed,5.52,76
PRG0006188,STU00351,MOD00106,CRS014,2026-04-27,2026-05-09,Completed,4.96,7
PRG0006189,STU00351,MOD00107,CRS014,2026-04-21,2026-05-23,In Progress,5.76,28
PRG0006190,STU00351,MOD00108,CRS014,2026-04-29,2026-06-01,In Progress,4.58,35
PRG0006191,STU00351,MOD00109,CRS014,2026-04-15,2026-05-09,Completed,1.61,14
PRG0006192,STU00351,MOD00110,CRS014,2026-05-02,2026-06-29,Completed,5.67,87
PRG0006193,STU00351,MOD00111,CRS014,2026-04-07,2026-05-16,In Progress,2.72,12
PRG0006194,STU00351,MOD00112,CRS014,2026-04-04,2026-05-17,Completed,1.95,7
PRG0006195,STU00352,MOD00113,CRS015,2025-09-17,2025-09-18,Completed,1.65,67
PRG0006196,STU00352,MOD00114,CRS015,2025-09-17,2025-10-21,In Progress,7.37,18
PRG0006197,STU00352,MOD00115,CRS015,2025-10-05,2025-11-12,Completed,3.22,55
PRG0006198,STU00352,MOD00116,CRS015,2025-10-03,2025-10-04,In Progress,3.23,36
PRG0006199,STU00352,MOD00117,CRS015,2025-09-11,2025-09-23,In Progress,3.35,81
PRG0006200,STU00352,MOD00118,CRS015,2025-09-30,2025-11-29,Completed,8.09,22
PRG0006201,STU00352,MOD00119,CRS015,2025-09-20,2025-11-04,Not Started,1.26,8
PRG0006202,STU00352,MOD00009,CRS002,2025-11-16,2025-12-29,Not Started,12.32,33
PRG0006203,STU00352,MOD00010,CRS002,2025-11-10,2026-01-14,Completed,13.22,83
PRG0006204,STU00352,MOD00011,CRS002,2025-11-24,2025-11-24,In Progress,6.35,95
PRG0006205,STU00352,MOD00012,CRS002,2025-11-10,2026-01-16,Not Started,8.87,87
PRG0006206,STU00352,MOD00013,CRS002,2025-11-17,2025-12-02,Completed,8.17,37
PRG0006207,STU00352,MOD00014,CRS002,2025-11-16,2026-01-25,Completed,4.13,86
PRG0006208,STU00352,MOD00015,CRS002,2025-11-08,2025-11-20,Completed,4.75,31
PRG0006209,STU00352,MOD00016,CRS002,2025-11-14,2025-11-30,Completed,7.05,99
PRG0006210,STU00352,MOD00082,CRS011,2025-09-18,2025-09-18,In Progress,6.94,17
PRG0006211,STU00352,MOD00084,CRS011,2025-09-09,2025-11-08,Completed,2.04,20
PRG0006212,STU00352,MOD00085,CRS011,2025-09-25,2025-10-08,Completed,2.03,56
PRG0006213,STU00352,MOD00087,CRS011,2025-09-22,2025-11-18,In Progress,10.46,89
PRG0006214,STU00353,MOD00097,CRS013,2026-04-11,2026-05-28,Not Started,11.06,97
PRG0006215,STU00353,MOD00098,CRS013,2026-04-25,2026-05-08,In Progress,8.04,67
PRG0006216,STU00353,MOD00099,CRS013,2026-04-15,2026-06-23,Completed,2.37,67
PRG0006217,STU00353,MOD00100,CRS013,2026-04-21,2026-04-29,Completed,4.12,63
PRG0006218,STU00353,MOD00101,CRS013,2026-04-19,2026-06-25,Completed,1.59,56
PRG0006219,STU00353,MOD00102,CRS013,2026-05-04,2026-04-29,Completed,4.03,48
PRG0006220,STU00353,MOD00103,CRS013,2026-05-03,2026-05-14,Completed,2.11,28
PRG0006221,STU00353,MOD00104,CRS013,2026-04-23,2026-04-14,Completed,3.29,33
PRG0006222,STU00353,MOD00019,CRS003,2025-11-09,2025-11-25,Completed,11.06,31
PRG0006223,STU00353,MOD00021,CRS003,2025-11-08,2025-12-01,Completed,3.85,12
PRG0006224,STU00353,MOD00022,CRS003,2025-11-19,2025-12-06,In Progress,4.97,10
PRG0006225,STU00353,MOD00138,CRS018,2025-12-30,2026-02-07,Completed,3.4,56
PRG0006226,STU00353,MOD00141,CRS018,2026-01-03,2026-02-27,Completed,1.65,89
PRG0006227,STU00354,MOD00001,CRS001,2025-05-31,2025-06-06,Not Started,5.96,53
PRG0006228,STU00354,MOD00002,CRS001,2025-06-19,2025-07-28,Not Started,1.01,13
PRG0006229,STU00354,MOD00003,CRS001,2025-06-16,2025-07-21,Completed,3.02,76
PRG0006230,STU00354,MOD00004,CRS001,2025-06-14,2025-08-18,Completed,11.52,0
PRG0006231,STU00354,MOD00005,CRS001,2025-06-22,2025-07-02,Completed,6.79,9
PRG0006232,STU00354,MOD00006,CRS001,2025-06-11,2025-08-12,In Progress,9.73,20
PRG0006233,STU00354,MOD00007,CRS001,2025-06-15,2025-06-28,Completed,1.0,9
PRG0006234,STU00354,MOD00008,CRS001,2025-06-06,2025-07-07,Completed,10.69,54
PRG0006235,STU00354,MOD00025,CRS004,2025-10-08,2025-10-29,Not Started,4.91,10
PRG0006236,STU00354,MOD00026,CRS004,2025-10-15,2025-11-08,Completed,7.86,35
PRG0006237,STU00354,MOD00027,CRS004,2025-10-09,2025-10-16,In Progress,10.96,3
PRG0006238,STU00354,MOD00028,CRS004,2025-10-08,2025-11-15,Completed,1.79,40
PRG0006239,STU00354,MOD00029,CRS004,2025-11-05,2025-10-16,In Progress,8.15,41
PRG0006240,STU00354,MOD00030,CRS004,2025-11-05,2025-12-27,Completed,7.64,19
PRG0006241,STU00354,MOD00031,CRS004,2025-10-26,2025-11-01,In Progress,5.57,35
PRG0006242,STU00354,MOD00032,CRS004,2025-10-31,2025-12-10,Not Started,4.95,53
PRG0006243,STU00354,MOD00057,CRS008,2026-01-01,2026-01-24,Not Started,7.74,42
PRG0006244,STU00354,MOD00058,CRS008,2026-01-01,2026-02-21,Completed,7.7,21
PRG0006245,STU00354,MOD00059,CRS008,2026-01-03,2026-01-25,In Progress,2.35,33
PRG0006246,STU00354,MOD00060,CRS008,2026-01-13,2026-02-25,Completed,2.37,93
PRG0006247,STU00354,MOD00061,CRS008,2026-01-01,2026-01-25,In Progress,10.23,20
PRG0006248,STU00354,MOD00062,CRS008,2026-01-06,2026-01-05,In Progress,4.75,71
PRG0006249,STU00354,MOD00063,CRS008,2025-12-25,2026-02-09,Completed,4.38,2
PRG0006250,STU00354,MOD00064,CRS008,2026-01-09,2026-02-24,In Progress,11.79,45
PRG0006251,STU00354,MOD00097,CRS013,2025-06-10,2025-07-27,Completed,8.68,41
PRG0006252,STU00354,MOD00099,CRS013,2025-06-28,2025-07-13,Completed,3.39,35
PRG0006253,STU00354,MOD00100,CRS013,2025-06-24,2025-07-09,In Progress,5.87,63
PRG0006254,STU00354,MOD00101,CRS013,2025-06-05,2025-08-12,Completed,2.4,5
PRG0006255,STU00354,MOD00102,CRS013,2025-07-01,2025-06-21,Completed,3.34,84
PRG0006256,STU00354,MOD00103,CRS013,2025-06-29,2025-06-28,Completed,1.88,79
PRG0006257,STU00355,MOD00025,CRS004,2026-01-14,2026-01-15,Completed,8.04,64
PRG0006258,STU00355,MOD00026,CRS004,2026-01-10,2026-01-07,Completed,4.63,68
PRG0006259,STU00355,MOD00027,CRS004,2026-01-26,2026-01-08,Completed,8.49,33
PRG0006260,STU00355,MOD00028,CRS004,2026-01-17,2026-03-21,Completed,7.38,28
PRG0006261,STU00355,MOD00031,CRS004,2026-01-19,2026-01-20,In Progress,3.03,15
PRG0006262,STU00355,MOD00129,CRS017,2026-04-08,2026-06-11,Completed,1.4,58
PRG0006263,STU00355,MOD00130,CRS017,2026-05-08,2026-04-23,In Progress,6.91,0
PRG0006264,STU00355,MOD00131,CRS017,2026-04-22,2026-06-08,Completed,1.36,36
PRG0006265,STU00355,MOD00133,CRS017,2026-04-21,2026-04-22,Completed,6.35,61
PRG0006266,STU00355,MOD00135,CRS017,2026-04-21,2026-06-10,Completed,2.02,92
PRG0006267,STU00355,MOD00136,CRS017,2026-05-04,2026-05-01,Completed,2.86,75
PRG0006268,STU00355,MOD00049,CRS007,2026-04-09,2026-06-30,Completed,1.76,46
PRG0006269,STU00355,MOD00050,CRS007,2026-05-09,2026-05-02,In Progress,8.78,68
PRG0006270,STU00355,MOD00051,CRS007,2026-04-22,2026-06-08,Not Started,2.82,88
PRG0006271,STU00355,MOD00052,CRS007,2026-04-25,2026-07-05,Completed,2.36,98
PRG0006272,STU00355,MOD00053,CRS007,2026-04-27,2026-06-23,In Progress,6.25,88
PRG0006273,STU00355,MOD00056,CRS007,2026-05-02,2026-06-17,Not Started,7.74,11
PRG0006274,STU00355,MOD00122,CRS016,2026-02-05,2026-02-10,Completed,1.43,12
PRG0006275,STU00355,MOD00126,CRS016,2026-02-08,2026-04-19,Completed,1.56,51
PRG0006276,STU00355,MOD00128,CRS016,2026-01-25,2026-04-18,Completed,3.29,7
PRG0006277,STU00356,MOD00137,CRS018,2025-10-12,2025-11-14,In Progress,13.39,79
PRG0006278,STU00356,MOD00138,CRS018,2025-10-04,2025-11-21,Completed,3.46,9
PRG0006279,STU00356,MOD00139,CRS018,2025-10-14,2025-10-21,Not Started,3.03,44
PRG0006280,STU00356,MOD00140,CRS018,2025-10-13,2025-10-26,Completed,14.82,16
PRG0006281,STU00356,MOD00141,CRS018,2025-10-08,2025-11-19,Completed,3.63,18
PRG0006282,STU00356,MOD00142,CRS018,2025-10-20,2025-10-20,Completed,10.6,46
PRG0006283,STU00356,MOD00143,CRS018,2025-10-18,2025-10-04,Completed,2.74,78
PRG0006284,STU00356,MOD00144,CRS018,2025-10-26,2025-11-30,In Progress,3.88,83
PRG0006285,STU00357,MOD00121,CRS016,2025-05-15,2025-07-20,Not Started,8.95,36
PRG0006286,STU00357,MOD00123,CRS016,2025-05-13,2025-08-02,Completed,1.78,69
PRG0006287,STU00357,MOD00124,CRS016,2025-05-21,2025-06-12,In Progress,5.91,72
PRG0006288,STU00357,MOD00125,CRS016,2025-05-12,2025-05-13,Completed,1.12,89
PRG0006289,STU00357,MOD00126,CRS016,2025-06-07,2025-08-04,In Progress,1.01,68
PRG0006290,STU00357,MOD00127,CRS016,2025-06-08,2025-08-01,Completed,1.36,35
PRG0006291,STU00357,MOD00128,CRS016,2025-06-08,2025-08-08,Completed,4.54,0
PRG0006292,STU00357,MOD00073,CRS010,2026-03-24,2026-03-12,In Progress,7.16,95
PRG0006293,STU00357,MOD00075,CRS010,2026-03-13,2026-05-05,Completed,1.98,67
PRG0006294,STU00357,MOD00077,CRS010,2026-03-19,2026-04-29,Completed,1.4,24
PRG0006295,STU00357,MOD00078,CRS010,2026-04-04,2026-03-12,Completed,4.15,6
PRG0006296,STU00357,MOD00080,CRS010,2026-03-24,2026-05-14,Not Started,2.15,62
PRG0006297,STU00357,MOD00049,CRS007,2025-05-31,2025-06-12,Not Started,3.54,0
PRG0006298,STU00357,MOD00050,CRS007,2025-05-21,2025-07-18,Completed,5.79,65
PRG0006299,STU00357,MOD00051,CRS007,2025-05-26,2025-05-17,Completed,3.24,28
PRG0006300,STU00357,MOD00052,CRS007,2025-05-27,2025-08-13,Completed,5.29,9
PRG0006301,STU00357,MOD00053,CRS007,2025-05-27,2025-05-24,Completed,3.14,32
PRG0006302,STU00357,MOD00054,CRS007,2025-05-18,2025-07-12,Completed,1.95,97
PRG0006303,STU00357,MOD00055,CRS007,2025-05-27,2025-05-18,In Progress,1.61,79
PRG0006304,STU00357,MOD00056,CRS007,2025-05-19,2025-07-23,In Progress,2.1,3
PRG0006305,STU00358,MOD00057,CRS008,2025-10-05,2025-11-10,Completed,1.18,91
PRG0006306,STU00358,MOD00058,CRS008,2025-10-03,2025-12-06,Completed,8.4,35
PRG0006307,STU00358,MOD00059,CRS008,2025-10-14,2025-10-12,Completed,3.03,27
PRG0006308,STU00358,MOD00060,CRS008,2025-10-27,2025-10-23,Completed,9.75,18
PRG0006309,STU00358,MOD00061,CRS008,2025-10-15,2025-12-14,Completed,12.47,33
PRG0006310,STU00358,MOD00062,CRS008,2025-10-19,2025-12-02,In Progress,3.54,72
PRG0006311,STU00358,MOD00063,CRS008,2025-10-24,2025-11-20,Completed,1.71,6
PRG0006312,STU00358,MOD00064,CRS008,2025-10-04,2025-11-19,Completed,6.14,5
PRG0006313,STU00359,MOD00001,CRS001,2026-01-14,2026-02-18,In Progress,10.32,26
PRG0006314,STU00359,MOD00002,CRS001,2026-01-29,2026-02-18,In Progress,1.27,40
PRG0006315,STU00359,MOD00003,CRS001,2026-02-05,2026-01-19,Completed,9.49,49
PRG0006316,STU00359,MOD00004,CRS001,2026-02-06,2026-02-04,Completed,3.59,54
PRG0006317,STU00359,MOD00005,CRS001,2026-02-01,2026-02-04,Completed,5.29,94
PRG0006318,STU00359,MOD00006,CRS001,2026-02-01,2026-03-28,Not Started,3.66,53
PRG0006319,STU00359,MOD00007,CRS001,2026-01-13,2026-02-27,Completed,5.34,40
PRG0006320,STU00359,MOD00008,CRS001,2026-02-08,2026-02-17,Completed,4.26,83
PRG0006321,STU00359,MOD00041,CRS006,2026-04-14,2026-06-19,Completed,7.7,52
PRG0006322,STU00359,MOD00042,CRS006,2026-04-07,2026-06-26,In Progress,1.45,1
PRG0006323,STU00359,MOD00043,CRS006,2026-04-25,2026-04-27,Completed,2.44,66
PRG0006324,STU00359,MOD00044,CRS006,2026-04-24,2026-05-01,Completed,8.98,0
PRG0006325,STU00359,MOD00045,CRS006,2026-04-10,2026-04-04,In Progress,5.64,19
PRG0006326,STU00359,MOD00046,CRS006,2026-04-08,2026-04-01,Completed,4.41,99
PRG0006327,STU00359,MOD00047,CRS006,2026-04-29,2026-05-26,Not Started,6.36,38
PRG0006328,STU00359,MOD00048,CRS006,2026-04-25,2026-06-03,In Progress,2.94,94
PRG0006329,STU00359,MOD00065,CRS009,2025-06-04,2025-07-16,In Progress,5.76,25
PRG0006330,STU00359,MOD00067,CRS009,2025-05-18,2025-07-14,Completed,1.38,71
PRG0006331,STU00359,MOD00070,CRS009,2025-05-18,2025-05-18,Completed,1.1,77
PRG0006332,STU00360,MOD00145,CRS019,2025-12-15,2026-02-03,Completed,3.41,46
PRG0006333,STU00360,MOD00146,CRS019,2025-12-23,2026-01-21,Completed,1.02,64
PRG0006334,STU00360,MOD00147,CRS019,2025-12-29,2026-02-23,In Progress,5.55,24
PRG0006335,STU00360,MOD00148,CRS019,2025-12-17,2026-02-27,Completed,2.3,8
PRG0006336,STU00360,MOD00149,CRS019,2025-12-18,2026-02-13,Completed,1.19,99
PRG0006337,STU00360,MOD00150,CRS019,2025-12-13,2026-02-04,In Progress,4.4,20
PRG0006338,STU00360,MOD00151,CRS019,2025-12-02,2026-01-10,In Progress,1.33,21
PRG0006339,STU00360,MOD00152,CRS019,2025-12-09,2026-01-19,Completed,4.25,54
PRG0006340,STU00361,MOD00153,CRS020,2026-02-14,2026-04-18,Completed,5.1,12
PRG0006341,STU00361,MOD00155,CRS020,2026-02-14,2026-04-19,Completed,3.39,5
PRG0006342,STU00361,MOD00156,CRS020,2026-02-16,2026-02-28,Completed,7.89,79
PRG0006343,STU00361,MOD00157,CRS020,2026-02-27,2026-03-17,In Progress,3.46,67
PRG0006344,STU00361,MOD00159,CRS020,2026-02-01,2026-03-07,In Progress,7.67,24
PRG0006345,STU00361,MOD00160,CRS020,2026-02-28,2026-03-13,Completed,9.72,58
PRG0006346,STU00361,MOD00033,CRS005,2025-08-26,2025-08-24,Completed,3.28,27
PRG0006347,STU00361,MOD00034,CRS005,2025-08-22,2025-11-03,Completed,6.63,95
PRG0006348,STU00361,MOD00035,CRS005,2025-08-15,2025-08-14,Completed,9.96,73
PRG0006349,STU00361,MOD00036,CRS005,2025-08-27,2025-09-14,Completed,1.23,63
PRG0006350,STU00361,MOD00037,CRS005,2025-08-06,2025-11-04,Completed,2.05,82
PRG0006351,STU00361,MOD00038,CRS005,2025-08-28,2025-09-06,Completed,1.44,94
PRG0006352,STU00361,MOD00039,CRS005,2025-08-22,2025-10-13,Completed,3.3,10
PRG0006353,STU00361,MOD00040,CRS005,2025-09-05,2025-09-16,Completed,7.18,12
PRG0006354,STU00361,MOD00089,CRS012,2025-05-26,2025-06-29,Completed,2.09,21
PRG0006355,STU00361,MOD00090,CRS012,2025-05-06,2025-07-04,In Progress,6.43,17
PRG0006356,STU00361,MOD00091,CRS012,2025-05-22,2025-07-20,Completed,7.86,31
PRG0006357,STU00361,MOD00092,CRS012,2025-05-06,2025-07-06,Not Started,1.56,28
PRG0006358,STU00361,MOD00093,CRS012,2025-05-04,2025-06-18,In Progress,8.71,52
PRG0006359,STU00361,MOD00094,CRS012,2025-05-04,2025-07-10,Completed,1.18,56
PRG0006360,STU00361,MOD00095,CRS012,2025-05-25,2025-06-24,Completed,1.07,14
PRG0006361,STU00361,MOD00096,CRS012,2025-05-17,2025-06-10,Completed,5.83,14
PRG0006362,STU00361,MOD00018,CRS003,2025-08-27,2025-10-11,Completed,1.44,43
PRG0006363,STU00361,MOD00020,CRS003,2025-08-25,2025-09-29,Completed,3.11,58
PRG0006364,STU00361,MOD00021,CRS003,2025-08-22,2025-10-30,In Progress,7.46,20
PRG0006365,STU00361,MOD00022,CRS003,2025-09-08,2025-10-10,Completed,4.39,55
PRG0006366,STU00361,MOD00024,CRS003,2025-09-10,2025-09-20,Completed,8.23,56
PRG0006367,STU00362,MOD00010,CRS002,2026-02-13,2026-04-02,Completed,13.36,78
PRG0006368,STU00362,MOD00011,CRS002,2026-01-29,2026-04-02,In Progress,6.76,49
PRG0006369,STU00362,MOD00012,CRS002,2026-02-03,2026-04-16,In Progress,4.39,64
PRG0006370,STU00362,MOD00014,CRS002,2026-02-05,2026-03-20,Not Started,1.39,46
PRG0006371,STU00362,MOD00015,CRS002,2026-02-07,2026-02-27,In Progress,1.65,39
PRG0006372,STU00362,MOD00016,CRS002,2026-02-12,2026-02-03,In Progress,10.16,74
PRG0006373,STU00363,MOD00137,CRS018,2025-10-09,2025-12-22,Completed,10.07,4
PRG0006374,STU00363,MOD00138,CRS018,2025-10-04,2025-10-22,In Progress,3.68,36
PRG0006375,STU00363,MOD00141,CRS018,2025-10-27,2025-11-27,Completed,9.47,4
PRG0006376,STU00363,MOD00144,CRS018,2025-10-21,2025-10-16,Completed,2.24,85
PRG0006377,STU00363,MOD00025,CRS004,2025-10-28,2025-11-27,Not Started,4.11,6
PRG0006378,STU00363,MOD00026,CRS004,2025-11-15,2025-12-24,In Progress,9.12,16
PRG0006379,STU00363,MOD00027,CRS004,2025-11-14,2025-12-20,In Progress,13.07,83
PRG0006380,STU00363,MOD00030,CRS004,2025-11-07,2025-11-28,Completed,6.71,43
PRG0006381,STU00363,MOD00032,CRS004,2025-11-03,2025-12-16,In Progress,6.36,7
PRG0006382,STU00364,MOD00090,CRS012,2025-10-15,2025-11-22,Completed,11.84,51
PRG0006383,STU00364,MOD00091,CRS012,2025-10-05,2025-10-08,In Progress,1.56,68
PRG0006384,STU00364,MOD00093,CRS012,2025-10-31,2025-10-11,In Progress,11.17,11
PRG0006385,STU00364,MOD00094,CRS012,2025-10-31,2025-11-04,Completed,2.84,4
PRG0006386,STU00364,MOD00096,CRS012,2025-10-07,2025-10-21,Not Started,13.42,100
PRG0006387,STU00364,MOD00113,CRS015,2026-01-25,2026-03-31,Completed,10.4,43
PRG0006388,STU00364,MOD00114,CRS015,2026-01-20,2026-04-04,In Progress,4.92,40
PRG0006389,STU00364,MOD00116,CRS015,2026-02-04,2026-03-11,In Progress,3.11,10
PRG0006390,STU00364,MOD00118,CRS015,2026-01-23,2026-02-24,In Progress,10.65,24
PRG0006391,STU00364,MOD00051,CRS007,2025-10-05,2025-11-26,Completed,3.06,94
PRG0006392,STU00364,MOD00052,CRS007,2025-09-23,2025-09-24,In Progress,8.05,20
PRG0006393,STU00364,MOD00001,CRS001,2026-04-07,2026-04-07,In Progress,2.09,35
PRG0006394,STU00364,MOD00002,CRS001,2026-03-31,2026-06-24,Completed,2.93,17
PRG0006395,STU00364,MOD00003,CRS001,2026-04-15,2026-05-29,In Progress,3.8,99
PRG0006396,STU00364,MOD00004,CRS001,2026-04-07,2026-04-19,Completed,4.86,86
PRG0006397,STU00364,MOD00005,CRS001,2026-04-13,2026-06-03,In Progress,11.24,90
PRG0006398,STU00364,MOD00006,CRS001,2026-04-27,2026-05-31,Not Started,2.23,81
PRG0006399,STU00364,MOD00007,CRS001,2026-04-12,2026-05-06,Not Started,4.85,100
PRG0006400,STU00364,MOD00008,CRS001,2026-04-23,2026-06-05,Completed,11.83,13
PRG0006401,STU00364,MOD00097,CRS013,2026-01-31,2026-03-25,Completed,13.57,84
PRG0006402,STU00364,MOD00098,CRS013,2026-01-31,2026-02-05,Completed,4.54,37
PRG0006403,STU00364,MOD00099,CRS013,2026-02-05,2026-04-20,Completed,5.63,31
PRG0006404,STU00364,MOD00100,CRS013,2026-02-20,2026-03-06,Completed,1.84,16
PRG0006405,STU00364,MOD00101,CRS013,2026-02-16,2026-03-17,Not Started,1.94,99
PRG0006406,STU00364,MOD00102,CRS013,2026-03-01,2026-02-24,Completed,3.07,0
PRG0006407,STU00364,MOD00103,CRS013,2026-02-11,2026-04-02,Completed,2.99,46
PRG0006408,STU00364,MOD00104,CRS013,2026-02-26,2026-04-09,In Progress,2.83,86
PRG0006409,STU00365,MOD00137,CRS018,2025-08-25,2025-09-15,Completed,2.64,18
PRG0006410,STU00365,MOD00138,CRS018,2025-08-04,2025-09-03,Completed,2.72,7
PRG0006411,STU00365,MOD00139,CRS018,2025-08-11,2025-10-25,Completed,4.86,53
PRG0006412,STU00365,MOD00140,CRS018,2025-08-03,2025-08-07,Not Started,4.35,42
PRG0006413,STU00365,MOD00141,CRS018,2025-08-06,2025-08-28,Completed,7.3,95
PRG0006414,STU00365,MOD00142,CRS018,2025-08-26,2025-09-01,In Progress,7.81,95
PRG0006415,STU00365,MOD00143,CRS018,2025-08-19,2025-08-13,Completed,2.06,81
PRG0006416,STU00365,MOD00144,CRS018,2025-07-30,2025-08-21,Completed,3.23,12
PRG0006417,STU00365,MOD00121,CRS016,2025-05-12,2025-05-07,Completed,4.28,63
PRG0006418,STU00365,MOD00122,CRS016,2025-05-12,2025-07-10,Completed,1.93,58
PRG0006419,STU00365,MOD00123,CRS016,2025-04-27,2025-06-13,In Progress,1.89,79
PRG0006420,STU00365,MOD00124,CRS016,2025-05-16,2025-04-29,In Progress,7.06,49
PRG0006421,STU00365,MOD00125,CRS016,2025-05-01,2025-06-22,Completed,2.86,91
PRG0006422,STU00365,MOD00126,CRS016,2025-05-20,2025-05-22,Completed,3.68,19
PRG0006423,STU00365,MOD00127,CRS016,2025-05-20,2025-06-29,In Progress,1.5,94
PRG0006424,STU00365,MOD00128,CRS016,2025-05-11,2025-07-01,In Progress,8.52,82
PRG0006425,STU00365,MOD00052,CRS007,2026-04-08,2026-06-09,Completed,5.71,55
PRG0006426,STU00365,MOD00054,CRS007,2026-04-04,2026-03-31,In Progress,1.6,35
PRG0006427,STU00365,MOD00055,CRS007,2026-04-13,2026-06-12,In Progress,3.73,28
PRG0006428,STU00366,MOD00065,CRS009,2026-01-27,2026-03-27,Completed,1.83,18
PRG0006429,STU00366,MOD00066,CRS009,2026-01-13,2026-01-26,Completed,9.72,13
PRG0006430,STU00366,MOD00067,CRS009,2026-02-05,2026-03-28,Completed,4.13,36
PRG0006431,STU00366,MOD00068,CRS009,2026-02-07,2026-03-24,In Progress,11.93,12
PRG0006432,STU00366,MOD00069,CRS009,2026-01-23,2026-02-11,Completed,2.95,82
PRG0006433,STU00366,MOD00070,CRS009,2026-02-12,2026-02-12,Completed,3.33,82
PRG0006434,STU00366,MOD00071,CRS009,2026-01-28,2026-02-25,In Progress,12.0,78
PRG0006435,STU00366,MOD00072,CRS009,2026-02-05,2026-01-26,In Progress,1.76,80
PRG0006436,STU00366,MOD00137,CRS018,2026-01-08,2026-01-08,In Progress,12.0,21
PRG0006437,STU00366,MOD00138,CRS018,2026-01-18,2026-02-14,In Progress,6.01,45
PRG0006438,STU00366,MOD00139,CRS018,2026-01-31,2026-03-13,In Progress,4.78,59
PRG0006439,STU00366,MOD00140,CRS018,2026-01-05,2026-02-19,Completed,2.75,41
PRG0006440,STU00366,MOD00141,CRS018,2026-02-02,2026-03-30,Completed,10.1,53
PRG0006441,STU00366,MOD00142,CRS018,2026-01-24,2026-04-05,Completed,10.9,63
PRG0006442,STU00366,MOD00143,CRS018,2026-01-17,2026-03-23,Completed,5.75,59
PRG0006443,STU00366,MOD00144,CRS018,2026-02-03,2026-04-03,Completed,4.05,63
PRG0006444,STU00366,MOD00043,CRS006,2025-11-18,2026-01-11,In Progress,4.09,24
PRG0006445,STU00366,MOD00044,CRS006,2025-11-29,2025-12-21,Completed,4.64,26
PRG0006446,STU00366,MOD00046,CRS006,2025-11-27,2025-11-10,Completed,5.91,24
PRG0006447,STU00366,MOD00017,CRS003,2025-09-13,2025-11-28,In Progress,6.26,14
PRG0006448,STU00366,MOD00018,CRS003,2025-09-23,2025-10-24,In Progress,2.1,86
PRG0006449,STU00366,MOD00019,CRS003,2025-09-29,2025-11-28,Completed,8.91,85
PRG0006450,STU00366,MOD00020,CRS003,2025-09-13,2025-09-06,Not Started,5.74,91
PRG0006451,STU00366,MOD00021,CRS003,2025-09-29,2025-11-08,Completed,5.32,45
PRG0006452,STU00366,MOD00022,CRS003,2025-10-04,2025-10-05,In Progress,6.18,42
PRG0006453,STU00366,MOD00023,CRS003,2025-09-19,2025-09-13,Completed,1.55,69
PRG0006454,STU00366,MOD00024,CRS003,2025-09-07,2025-11-27,Not Started,12.06,24
PRG0006455,STU00367,MOD00129,CRS017,2025-07-13,2025-06-24,In Progress,5.03,93
PRG0006456,STU00367,MOD00130,CRS017,2025-06-26,2025-06-16,Not Started,8.92,6
PRG0006457,STU00367,MOD00131,CRS017,2025-06-21,2025-07-19,Not Started,2.54,0
PRG0006458,STU00367,MOD00132,CRS017,2025-06-26,2025-09-06,Completed,3.27,88
PRG0006459,STU00367,MOD00133,CRS017,2025-06-25,2025-08-07,In Progress,11.57,50
PRG0006460,STU00367,MOD00134,CRS017,2025-06-28,2025-07-09,In Progress,7.47,61
PRG0006461,STU00367,MOD00135,CRS017,2025-06-23,2025-06-25,In Progress,4.71,55
PRG0006462,STU00367,MOD00136,CRS017,2025-07-03,2025-06-17,In Progress,7.41,19
PRG0006463,STU00367,MOD00097,CRS013,2025-06-14,2025-06-28,In Progress,6.97,89
PRG0006464,STU00367,MOD00098,CRS013,2025-05-29,2025-08-18,Completed,1.19,53
PRG0006465,STU00367,MOD00102,CRS013,2025-06-16,2025-07-19,Completed,3.92,1
PRG0006466,STU00367,MOD00103,CRS013,2025-06-13,2025-06-27,Completed,3.09,62
PRG0006467,STU00367,MOD00041,CRS006,2026-05-09,2026-06-04,Completed,3.83,73
PRG0006468,STU00367,MOD00042,CRS006,2026-04-23,2026-04-26,Completed,1.2,14
PRG0006469,STU00367,MOD00043,CRS006,2026-04-12,2026-06-06,Completed,3.58,6
PRG0006470,STU00367,MOD00044,CRS006,2026-05-08,2026-06-09,Completed,9.07,34
PRG0006471,STU00367,MOD00045,CRS006,2026-04-25,2026-07-05,In Progress,5.16,87
PRG0006472,STU00367,MOD00046,CRS006,2026-04-30,2026-06-06,In Progress,2.14,73
PRG0006473,STU00367,MOD00047,CRS006,2026-04-24,2026-06-07,Completed,12.63,49
PRG0006474,STU00367,MOD00048,CRS006,2026-04-28,2026-06-10,Completed,3.1,8
PRG0006475,STU00368,MOD00017,CRS003,2026-03-03,2026-04-11,Completed,4.34,96
PRG0006476,STU00368,MOD00018,CRS003,2026-02-20,2026-03-16,In Progress,2.58,72
PRG0006477,STU00368,MOD00019,CRS003,2026-03-05,2026-04-10,Completed,10.72,58
PRG0006478,STU00368,MOD00020,CRS003,2026-02-16,2026-04-13,In Progress,3.69,55
PRG0006479,STU00368,MOD00022,CRS003,2026-02-12,2026-04-10,Completed,9.7,1
PRG0006480,STU00368,MOD00137,CRS018,2025-12-12,2025-12-07,In Progress,4.6,42
PRG0006481,STU00368,MOD00138,CRS018,2025-12-09,2025-12-01,Completed,7.46,97
PRG0006482,STU00368,MOD00139,CRS018,2025-12-04,2026-01-17,Completed,1.76,84
PRG0006483,STU00368,MOD00140,CRS018,2025-12-24,2026-01-09,Completed,11.71,66
PRG0006484,STU00368,MOD00141,CRS018,2025-12-06,2025-12-01,Completed,13.69,23
PRG0006485,STU00368,MOD00142,CRS018,2025-12-22,2026-01-19,Completed,7.7,15
PRG0006486,STU00368,MOD00143,CRS018,2025-12-12,2025-12-09,Completed,3.12,72
PRG0006487,STU00368,MOD00144,CRS018,2025-12-18,2025-12-20,In Progress,3.74,84
PRG0006488,STU00368,MOD00097,CRS013,2025-08-25,2025-10-08,Completed,4.3,68
PRG0006489,STU00368,MOD00098,CRS013,2025-08-03,2025-08-12,In Progress,7.64,8
PRG0006490,STU00368,MOD00099,CRS013,2025-08-12,2025-08-06,In Progress,4.05,74
PRG0006491,STU00368,MOD00100,CRS013,2025-07-27,2025-09-01,Not Started,4.86,38
PRG0006492,STU00368,MOD00101,CRS013,2025-08-05,2025-09-02,Completed,1.12,44
PRG0006493,STU00368,MOD00102,CRS013,2025-08-13,2025-08-05,Completed,3.12,28
PRG0006494,STU00368,MOD00103,CRS013,2025-08-25,2025-08-16,Completed,2.98,11
PRG0006495,STU00368,MOD00104,CRS013,2025-08-18,2025-10-16,Not Started,5.98,87
PRG0006496,STU00369,MOD00155,CRS020,2025-08-15,2025-09-30,In Progress,5.69,86
PRG0006497,STU00369,MOD00156,CRS020,2025-08-09,2025-10-02,Completed,10.13,37
PRG0006498,STU00369,MOD00157,CRS020,2025-07-29,2025-09-20,In Progress,5.05,92
PRG0006499,STU00369,MOD00158,CRS020,2025-07-30,2025-09-27,In Progress,9.56,77
PRG0006500,STU00369,MOD00159,CRS020,2025-07-27,2025-09-18,In Progress,6.86,71
PRG0006501,STU00369,MOD00073,CRS010,2025-11-01,2025-11-30,Completed,2.82,86
PRG0006502,STU00369,MOD00074,CRS010,2025-11-04,2026-01-07,Completed,7.76,75
PRG0006503,STU00369,MOD00075,CRS010,2025-10-26,2026-01-14,Completed,1.57,0
PRG0006504,STU00369,MOD00076,CRS010,2025-10-17,2025-11-11,Completed,1.61,100
PRG0006505,STU00369,MOD00077,CRS010,2025-10-29,2025-10-28,Completed,3.06,77
PRG0006506,STU00369,MOD00078,CRS010,2025-11-09,2025-11-05,In Progress,4.05,81
PRG0006507,STU00369,MOD00079,CRS010,2025-10-29,2025-11-19,In Progress,2.41,34
PRG0006508,STU00369,MOD00080,CRS010,2025-11-11,2025-11-30,In Progress,4.26,23
PRG0006509,STU00370,MOD00025,CRS004,2026-02-21,2026-05-07,Completed,2.03,17
PRG0006510,STU00370,MOD00026,CRS004,2026-03-16,2026-04-12,Completed,3.49,79
PRG0006511,STU00370,MOD00027,CRS004,2026-02-23,2026-04-17,Not Started,7.81,97
PRG0006512,STU00370,MOD00028,CRS004,2026-03-08,2026-04-02,Completed,9.08,21
PRG0006513,STU00370,MOD00029,CRS004,2026-02-24,2026-03-22,In Progress,10.29,94
PRG0006514,STU00370,MOD00030,CRS004,2026-02-25,2026-05-19,Completed,5.31,23
PRG0006515,STU00370,MOD00031,CRS004,2026-03-07,2026-05-12,Completed,1.78,82
PRG0006516,STU00370,MOD00032,CRS004,2026-03-06,2026-04-12,In Progress,6.06,86
PRG0006517,STU00371,MOD00010,CRS002,2026-04-12,2026-06-02,In Progress,5.53,47
PRG0006518,STU00371,MOD00012,CRS002,2026-04-21,2026-04-20,Completed,1.11,97
PRG0006519,STU00371,MOD00013,CRS002,2026-04-08,2026-04-25,Completed,5.0,21
PRG0006520,STU00371,MOD00015,CRS002,2026-04-15,2026-04-22,Completed,3.93,89
PRG0006521,STU00371,MOD00016,CRS002,2026-04-16,2026-04-20,Completed,9.77,61
PRG0006522,STU00372,MOD00042,CRS006,2026-01-31,2026-02-09,Completed,2.72,28
PRG0006523,STU00372,MOD00043,CRS006,2026-01-18,2026-03-13,In Progress,6.57,41
PRG0006524,STU00372,MOD00044,CRS006,2026-02-10,2026-03-26,Completed,13.51,100
PRG0006525,STU00372,MOD00045,CRS006,2026-02-06,2026-02-25,Completed,6.58,69
PRG0006526,STU00372,MOD00046,CRS006,2026-01-30,2026-02-11,Completed,4.82,56
PRG0006527,STU00372,MOD00047,CRS006,2026-02-05,2026-02-12,In Progress,10.36,2
PRG0006528,STU00372,MOD00048,CRS006,2026-02-15,2026-02-08,In Progress,2.81,64
PRG0006529,STU00372,MOD00009,CRS002,2026-02-10,2026-02-15,Completed,7.54,47
PRG0006530,STU00372,MOD00010,CRS002,2026-01-22,2026-04-15,Completed,2.8,25
PRG0006531,STU00372,MOD00011,CRS002,2026-02-08,2026-01-29,Not Started,10.44,47
PRG0006532,STU00372,MOD00012,CRS002,2026-01-20,2026-01-29,Completed,7.8,81
PRG0006533,STU00372,MOD00013,CRS002,2026-02-10,2026-01-22,Not Started,3.69,38
PRG0006534,STU00372,MOD00014,CRS002,2026-02-13,2026-02-24,Not Started,3.88,43
PRG0006535,STU00372,MOD00015,CRS002,2026-02-14,2026-04-18,Completed,9.71,53
PRG0006536,STU00372,MOD00016,CRS002,2026-02-02,2026-01-30,Completed,5.84,75
PRG0006537,STU00373,MOD00009,CRS002,2026-04-17,2026-04-04,Completed,11.77,88
PRG0006538,STU00373,MOD00010,CRS002,2026-04-12,2026-05-04,Completed,7.75,74
PRG0006539,STU00373,MOD00011,CRS002,2026-04-04,2026-04-25,In Progress,7.22,99
PRG0006540,STU00373,MOD00012,CRS002,2026-04-23,2026-06-20,Completed,7.62,57
PRG0006541,STU00373,MOD00013,CRS002,2026-04-13,2026-04-27,In Progress,7.08,97
PRG0006542,STU00373,MOD00014,CRS002,2026-04-27,2026-05-09,Completed,2.03,41
PRG0006543,STU00373,MOD00015,CRS002,2026-04-06,2026-04-24,Completed,7.77,84
PRG0006544,STU00373,MOD00016,CRS002,2026-04-10,2026-05-25,In Progress,8.44,16
PRG0006545,STU00374,MOD00122,CRS016,2025-04-25,2025-06-25,Completed,1.15,86
PRG0006546,STU00374,MOD00124,CRS016,2025-05-18,2025-06-14,Completed,6.18,25
PRG0006547,STU00374,MOD00125,CRS016,2025-04-27,2025-06-02,Completed,2.9,84
PRG0006548,STU00374,MOD00127,CRS016,2025-05-12,2025-05-09,In Progress,1.67,18
PRG0006549,STU00374,MOD00129,CRS017,2025-06-16,2025-07-12,Completed,4.47,62
PRG0006550,STU00374,MOD00130,CRS017,2025-06-15,2025-07-27,In Progress,2.16,7
PRG0006551,STU00374,MOD00131,CRS017,2025-06-13,2025-06-18,In Progress,1.72,76
PRG0006552,STU00374,MOD00132,CRS017,2025-06-23,2025-08-16,In Progress,5.56,40
PRG0006553,STU00374,MOD00133,CRS017,2025-06-14,2025-08-07,Completed,4.75,17
PRG0006554,STU00374,MOD00134,CRS017,2025-05-29,2025-08-03,Completed,7.76,86
PRG0006555,STU00374,MOD00135,CRS017,2025-05-24,2025-08-19,Not Started,7.03,65
PRG0006556,STU00374,MOD00136,CRS017,2025-06-09,2025-07-13,In Progress,5.2,11
PRG0006557,STU00374,MOD00065,CRS009,2025-06-19,2025-07-23,Completed,1.87,26
PRG0006558,STU00374,MOD00066,CRS009,2025-06-16,2025-07-18,In Progress,4.93,3
PRG0006559,STU00374,MOD00067,CRS009,2025-06-26,2025-08-27,In Progress,2.86,100
PRG0006560,STU00374,MOD00068,CRS009,2025-06-22,2025-08-18,Completed,2.24,25
PRG0006561,STU00374,MOD00069,CRS009,2025-07-13,2025-08-19,Not Started,9.11,27
PRG0006562,STU00374,MOD00071,CRS009,2025-06-23,2025-06-26,In Progress,1.95,64
PRG0006563,STU00374,MOD00072,CRS009,2025-06-25,2025-07-16,Completed,1.59,30
PRG0006564,STU00375,MOD00121,CRS016,2025-06-25,2025-06-13,Completed,7.57,95
PRG0006565,STU00375,MOD00122,CRS016,2025-06-22,2025-06-30,Completed,2.43,88
PRG0006566,STU00375,MOD00123,CRS016,2025-06-11,2025-06-24,Completed,1.77,79
PRG0006567,STU00375,MOD00124,CRS016,2025-06-17,2025-07-28,Completed,1.37,87
PRG0006568,STU00375,MOD00125,CRS016,2025-06-12,2025-06-18,Completed,1.23,100
PRG0006569,STU00375,MOD00126,CRS016,2025-06-17,2025-07-01,In Progress,7.95,63
PRG0006570,STU00375,MOD00127,CRS016,2025-06-24,2025-08-17,Completed,9.29,68
PRG0006571,STU00375,MOD00128,CRS016,2025-07-03,2025-06-30,Completed,3.08,33
PRG0006572,STU00375,MOD00017,CRS003,2025-10-05,2025-10-11,In Progress,2.09,50
PRG0006573,STU00375,MOD00018,CRS003,2025-10-22,2025-12-06,Completed,3.01,28
PRG0006574,STU00375,MOD00019,CRS003,2025-09-25,2025-09-27,Not Started,11.32,58
PRG0006575,STU00375,MOD00020,CRS003,2025-10-20,2025-10-18,In Progress,1.32,50
PRG0006576,STU00375,MOD00021,CRS003,2025-09-29,2025-10-14,Completed,5.24,9
PRG0006577,STU00375,MOD00022,CRS003,2025-10-08,2025-09-29,Completed,11.63,83
PRG0006578,STU00375,MOD00023,CRS003,2025-10-22,2025-10-06,In Progress,2.56,9
PRG0006579,STU00375,MOD00024,CRS003,2025-10-18,2025-10-30,Completed,6.43,90
PRG0006580,STU00376,MOD00137,CRS018,2026-02-15,2026-02-08,Not Started,7.93,62
PRG0006581,STU00376,MOD00138,CRS018,2026-02-23,2026-03-12,Completed,5.52,73
PRG0006582,STU00376,MOD00139,CRS018,2026-02-03,2026-03-31,In Progress,5.48,88
PRG0006583,STU00376,MOD00140,CRS018,2026-03-03,2026-03-20,Completed,14.45,46
PRG0006584,STU00376,MOD00141,CRS018,2026-03-05,2026-03-27,In Progress,6.9,41
PRG0006585,STU00376,MOD00142,CRS018,2026-02-04,2026-03-15,In Progress,7.34,48
PRG0006586,STU00376,MOD00143,CRS018,2026-02-18,2026-03-07,Completed,6.81,85
PRG0006587,STU00376,MOD00144,CRS018,2026-02-26,2026-03-19,Completed,1.77,16
PRG0006588,STU00376,MOD00106,CRS014,2025-08-14,2025-10-02,In Progress,10.1,19
PRG0006589,STU00376,MOD00107,CRS014,2025-07-18,2025-09-18,Completed,8.01,25
PRG0006590,STU00376,MOD00112,CRS014,2025-07-19,2025-08-16,In Progress,1.45,66
PRG0006591,STU00376,MOD00089,CRS012,2026-01-06,2026-02-26,Completed,4.1,12
PRG0006592,STU00376,MOD00090,CRS012,2026-01-22,2026-03-01,Completed,1.16,70
PRG0006593,STU00376,MOD00091,CRS012,2026-01-07,2026-01-14,In Progress,5.64,5
PRG0006594,STU00376,MOD00092,CRS012,2026-01-04,2026-02-20,Completed,3.27,34
PRG0006595,STU00376,MOD00093,CRS012,2025-12-26,2025-12-29,Completed,4.2,81
PRG0006596,STU00376,MOD00094,CRS012,2026-01-06,2026-02-11,Completed,9.44,91
PRG0006597,STU00376,MOD00095,CRS012,2026-01-07,2026-02-01,In Progress,1.29,64
PRG0006598,STU00376,MOD00096,CRS012,2026-01-15,2026-03-13,Completed,3.67,0
PRG0006599,STU00377,MOD00010,CRS002,2025-10-24,2025-12-18,Not Started,1.09,95
PRG0006600,STU00377,MOD00011,CRS002,2025-10-27,2025-10-23,In Progress,8.27,4
PRG0006601,STU00377,MOD00018,CRS003,2026-02-11,2026-02-03,Completed,1.33,50
PRG0006602,STU00377,MOD00024,CRS003,2026-02-06,2026-04-19,In Progress,5.84,68
PRG0006603,STU00377,MOD00073,CRS010,2026-03-22,2026-05-16,Completed,5.93,63
PRG0006604,STU00377,MOD00074,CRS010,2026-02-28,2026-02-25,Completed,1.03,71
PRG0006605,STU00377,MOD00075,CRS010,2026-02-25,2026-02-27,In Progress,1.77,86
PRG0006606,STU00377,MOD00076,CRS010,2026-03-04,2026-04-27,Completed,3.81,32
PRG0006607,STU00377,MOD00077,CRS010,2026-02-27,2026-04-25,Completed,4.17,56
PRG0006608,STU00377,MOD00078,CRS010,2026-03-05,2026-03-23,Completed,2.48,74
PRG0006609,STU00377,MOD00079,CRS010,2026-02-23,2026-05-06,Not Started,1.7,80
PRG0006610,STU00377,MOD00080,CRS010,2026-02-23,2026-04-19,In Progress,2.23,60
PRG0006611,STU00377,MOD00145,CRS019,2025-08-27,2025-10-11,Not Started,1.89,57
PRG0006612,STU00377,MOD00146,CRS019,2025-09-04,2025-09-19,Completed,5.09,4
PRG0006613,STU00377,MOD00147,CRS019,2025-09-05,2025-08-21,Completed,11.34,33
PRG0006614,STU00377,MOD00148,CRS019,2025-09-06,2025-10-23,Completed,2.42,85
PRG0006615,STU00377,MOD00149,CRS019,2025-08-18,2025-09-06,In Progress,6.86,56
PRG0006616,STU00377,MOD00150,CRS019,2025-09-01,2025-08-25,In Progress,1.08,22
PRG0006617,STU00377,MOD00151,CRS019,2025-08-27,2025-09-28,Not Started,1.4,84
PRG0006618,STU00377,MOD00152,CRS019,2025-08-25,2025-08-29,Completed,1.65,23
PRG0006619,STU00377,MOD00050,CRS007,2025-06-12,2025-05-23,Completed,4.32,4
PRG0006620,STU00377,MOD00051,CRS007,2025-05-21,2025-07-11,In Progress,3.28,70
PRG0006621,STU00377,MOD00052,CRS007,2025-05-19,2025-07-24,Completed,2.5,26
PRG0006622,STU00377,MOD00053,CRS007,2025-06-10,2025-08-01,In Progress,5.02,13
PRG0006623,STU00377,MOD00054,CRS007,2025-06-12,2025-07-23,Completed,2.17,83
PRG0006624,STU00377,MOD00056,CRS007,2025-06-13,2025-05-28,Completed,1.76,48
PRG0006625,STU00378,MOD00057,CRS008,2025-06-14,2025-07-29,In Progress,9.0,48
PRG0006626,STU00378,MOD00058,CRS008,2025-06-23,2025-07-22,Completed,3.65,6
PRG0006627,STU00378,MOD00059,CRS008,2025-07-05,2025-07-22,Completed,3.38,83
PRG0006628,STU00378,MOD00060,CRS008,2025-07-04,2025-07-16,Completed,13.3,73
PRG0006629,STU00378,MOD00061,CRS008,2025-06-10,2025-07-22,Completed,1.2,74
PRG0006630,STU00378,MOD00062,CRS008,2025-06-11,2025-08-11,Completed,1.1,66
PRG0006631,STU00378,MOD00063,CRS008,2025-06-16,2025-06-20,Completed,2.85,19
PRG0006632,STU00378,MOD00064,CRS008,2025-06-16,2025-06-25,Completed,3.32,86
PRG0006633,STU00378,MOD00145,CRS019,2026-04-07,2026-05-13,Completed,2.98,68
PRG0006634,STU00378,MOD00146,CRS019,2026-03-24,2026-06-02,In Progress,4.44,99
PRG0006635,STU00378,MOD00147,CRS019,2026-04-06,2026-04-17,In Progress,9.49,5
PRG0006636,STU00378,MOD00148,CRS019,2026-03-31,2026-04-15,Completed,1.87,28
PRG0006637,STU00378,MOD00149,CRS019,2026-04-13,2026-06-15,Completed,12.37,29
PRG0006638,STU00378,MOD00150,CRS019,2026-04-06,2026-04-28,Completed,5.79,81
PRG0006639,STU00378,MOD00151,CRS019,2026-04-15,2026-05-12,Completed,2.39,8
PRG0006640,STU00378,MOD00152,CRS019,2026-04-10,2026-04-06,In Progress,2.15,62
PRG0006641,STU00378,MOD00041,CRS006,2025-06-27,2025-08-07,Completed,5.96,62
PRG0006642,STU00378,MOD00042,CRS006,2025-07-08,2025-07-19,Completed,3.47,3
PRG0006643,STU00378,MOD00043,CRS006,2025-06-27,2025-06-24,In Progress,2.61,58
PRG0006644,STU00378,MOD00044,CRS006,2025-06-24,2025-07-06,Completed,5.27,14
PRG0006645,STU00378,MOD00045,CRS006,2025-07-08,2025-08-30,Completed,6.21,52
PRG0006646,STU00378,MOD00046,CRS006,2025-06-28,2025-07-20,Completed,6.08,20
PRG0006647,STU00378,MOD00047,CRS006,2025-06-14,2025-08-01,Completed,9.95,27
PRG0006648,STU00378,MOD00048,CRS006,2025-06-17,2025-07-09,Completed,1.21,86
PRG0006649,STU00378,MOD00105,CRS014,2025-10-31,2025-10-23,Completed,5.94,41
PRG0006650,STU00378,MOD00106,CRS014,2025-11-05,2025-11-23,In Progress,11.73,33
PRG0006651,STU00378,MOD00107,CRS014,2025-10-19,2025-11-21,Completed,10.82,50
PRG0006652,STU00378,MOD00108,CRS014,2025-11-08,2025-11-11,Completed,9.08,64
PRG0006653,STU00378,MOD00109,CRS014,2025-11-06,2026-01-09,Completed,7.09,95
PRG0006654,STU00378,MOD00110,CRS014,2025-11-10,2025-11-27,In Progress,9.78,74
PRG0006655,STU00378,MOD00111,CRS014,2025-11-06,2025-10-13,Completed,2.34,30
PRG0006656,STU00378,MOD00112,CRS014,2025-10-19,2025-12-08,Completed,2.32,59
PRG0006657,STU00378,MOD00025,CRS004,2026-04-13,2026-04-21,Completed,1.94,33
PRG0006658,STU00378,MOD00026,CRS004,2026-04-14,2026-05-07,Completed,7.4,91
PRG0006659,STU00378,MOD00027,CRS004,2026-04-25,2026-06-23,Completed,2.74,13
PRG0006660,STU00378,MOD00028,CRS004,2026-04-21,2026-06-11,Completed,9.52,3
PRG0006661,STU00378,MOD00029,CRS004,2026-04-20,2026-06-11,Completed,12.07,96
PRG0006662,STU00378,MOD00030,CRS004,2026-04-23,2026-05-22,Completed,7.6,41
PRG0006663,STU00378,MOD00031,CRS004,2026-05-07,2026-06-05,In Progress,3.94,24
PRG0006664,STU00378,MOD00032,CRS004,2026-04-15,2026-06-02,Completed,3.12,22
PRG0006665,STU00379,MOD00041,CRS006,2026-01-27,2026-03-22,In Progress,1.26,69
PRG0006666,STU00379,MOD00042,CRS006,2026-02-05,2026-04-08,Completed,2.92,5
PRG0006667,STU00379,MOD00043,CRS006,2026-02-06,2026-04-16,Completed,4.3,13
PRG0006668,STU00379,MOD00044,CRS006,2026-02-17,2026-03-17,Completed,8.41,6
PRG0006669,STU00379,MOD00045,CRS006,2026-02-14,2026-02-23,In Progress,4.3,79
PRG0006670,STU00379,MOD00046,CRS006,2026-02-19,2026-04-16,Completed,4.13,51
PRG0006671,STU00379,MOD00047,CRS006,2026-01-25,2026-04-02,Completed,3.13,8
PRG0006672,STU00379,MOD00048,CRS006,2026-01-28,2026-04-19,Completed,5.64,69
PRG0006673,STU00380,MOD00099,CRS013,2025-07-18,2025-09-21,Completed,1.75,10
PRG0006674,STU00380,MOD00100,CRS013,2025-08-08,2025-07-28,In Progress,4.83,25
PRG0006675,STU00380,MOD00104,CRS013,2025-07-17,2025-07-11,In Progress,6.14,100
PRG0006676,STU00380,MOD00129,CRS017,2025-09-25,2025-12-15,Completed,2.43,52
PRG0006677,STU00380,MOD00130,CRS017,2025-09-27,2025-11-23,Completed,8.59,52
PRG0006678,STU00380,MOD00132,CRS017,2025-10-20,2025-10-22,Not Started,3.38,16
PRG0006679,STU00380,MOD00134,CRS017,2025-10-07,2025-12-21,In Progress,2.14,9
PRG0006680,STU00380,MOD00135,CRS017,2025-10-20,2025-10-19,In Progress,3.04,88
PRG0006681,STU00380,MOD00081,CRS011,2026-01-01,2025-12-26,Completed,3.58,8
PRG0006682,STU00380,MOD00082,CRS011,2025-12-23,2026-01-03,Completed,4.89,92
PRG0006683,STU00380,MOD00083,CRS011,2025-12-19,2026-01-31,Completed,2.47,63
PRG0006684,STU00380,MOD00084,CRS011,2025-12-03,2026-02-02,Completed,13.79,87
PRG0006685,STU00380,MOD00085,CRS011,2025-12-19,2025-12-13,Completed,5.52,31
PRG0006686,STU00380,MOD00086,CRS011,2025-12-16,2026-02-03,Completed,1.61,65
PRG0006687,STU00380,MOD00087,CRS011,2025-12-17,2026-02-20,In Progress,9.42,69
PRG0006688,STU00380,MOD00088,CRS011,2025-12-23,2026-02-14,Completed,3.65,7
PRG0006689,STU00380,MOD00047,CRS006,2025-07-18,2025-08-14,Completed,4.96,99
PRG0006690,STU00380,MOD00113,CRS015,2026-02-06,2026-01-30,Completed,3.34,38
PRG0006691,STU00380,MOD00117,CRS015,2026-01-20,2026-04-04,In Progress,3.73,20
PRG0006692,STU00380,MOD00118,CRS015,2026-01-08,2026-04-06,Completed,7.08,8
PRG0006693,STU00380,MOD00120,CRS015,2026-01-22,2026-01-12,Not Started,1.97,9
PRG0006694,STU00381,MOD00105,CRS014,2025-09-28,2025-10-31,Completed,1.53,20
PRG0006695,STU00381,MOD00106,CRS014,2025-10-15,2025-10-24,In Progress,2.41,70
PRG0006696,STU00381,MOD00107,CRS014,2025-10-14,2025-11-10,Completed,3.35,57
PRG0006697,STU00381,MOD00108,CRS014,2025-10-15,2025-11-22,In Progress,7.72,28
PRG0006698,STU00381,MOD00109,CRS014,2025-10-02,2025-11-25,Completed,4.87,90
PRG0006699,STU00381,MOD00110,CRS014,2025-10-22,2025-10-23,In Progress,10.1,42
PRG0006700,STU00381,MOD00111,CRS014,2025-10-20,2025-10-29,Completed,3.85,74
PRG0006701,STU00381,MOD00112,CRS014,2025-10-09,2025-11-28,Completed,2.4,75
PRG0006702,STU00381,MOD00081,CRS011,2025-12-25,2026-01-03,Not Started,3.7,90
PRG0006703,STU00381,MOD00082,CRS011,2025-12-12,2026-02-04,In Progress,11.41,53
PRG0006704,STU00381,MOD00083,CRS011,2026-01-02,2026-02-08,Completed,3.1,61
PRG0006705,STU00381,MOD00084,CRS011,2025-12-27,2026-02-07,In Progress,6.07,17
PRG0006706,STU00381,MOD00085,CRS011,2025-12-13,2026-01-18,Completed,3.69,68
PRG0006707,STU00381,MOD00086,CRS011,2026-01-03,2026-02-09,Not Started,1.67,37
PRG0006708,STU00381,MOD00087,CRS011,2026-01-02,2026-02-16,Not Started,3.66,79
PRG0006709,STU00381,MOD00088,CRS011,2025-12-17,2025-12-10,Completed,1.94,41
PRG0006710,STU00381,MOD00057,CRS008,2026-01-26,2026-03-06,Completed,1.5,15
PRG0006711,STU00381,MOD00058,CRS008,2026-02-09,2026-03-23,Completed,3.66,75
PRG0006712,STU00381,MOD00059,CRS008,2026-02-13,2026-01-25,Not Started,3.66,92
PRG0006713,STU00381,MOD00060,CRS008,2026-01-22,2026-03-13,In Progress,3.6,20
PRG0006714,STU00381,MOD00061,CRS008,2026-01-15,2026-02-13,In Progress,7.35,92
PRG0006715,STU00381,MOD00062,CRS008,2026-01-24,2026-02-12,Completed,2.13,20
PRG0006716,STU00381,MOD00063,CRS008,2026-02-12,2026-03-27,Not Started,2.79,48
PRG0006717,STU00381,MOD00064,CRS008,2026-02-11,2026-01-31,Completed,6.17,13
PRG0006718,STU00381,MOD00049,CRS007,2025-10-27,2025-09-29,In Progress,5.24,95
PRG0006719,STU00381,MOD00050,CRS007,2025-10-17,2025-10-25,In Progress,3.94,79
PRG0006720,STU00381,MOD00051,CRS007,2025-10-03,2025-12-24,Completed,3.39,37
PRG0006721,STU00381,MOD00052,CRS007,2025-10-26,2025-10-04,Completed,8.52,47
PRG0006722,STU00381,MOD00053,CRS007,2025-10-09,2025-11-08,Completed,4.39,27
PRG0006723,STU00381,MOD00054,CRS007,2025-10-15,2025-10-08,Not Started,2.37,85
PRG0006724,STU00381,MOD00055,CRS007,2025-10-21,2025-09-29,In Progress,2.97,43
PRG0006725,STU00382,MOD00116,CRS015,2025-06-15,2025-08-27,Completed,7.23,95
PRG0006726,STU00382,MOD00119,CRS015,2025-07-12,2025-09-09,In Progress,5.29,24
PRG0006727,STU00382,MOD00097,CRS013,2025-09-18,2025-09-09,In Progress,3.3,37
PRG0006728,STU00382,MOD00098,CRS013,2025-09-18,2025-11-22,Completed,5.72,65
PRG0006729,STU00382,MOD00099,CRS013,2025-09-12,2025-10-06,In Progress,8.17,49
PRG0006730,STU00382,MOD00100,CRS013,2025-09-20,2025-10-19,Completed,6.51,46
PRG0006731,STU00382,MOD00101,CRS013,2025-10-01,2025-09-09,Completed,1.38,99
PRG0006732,STU00382,MOD00102,CRS013,2025-09-19,2025-09-09,Completed,1.82,67
PRG0006733,STU00382,MOD00103,CRS013,2025-10-02,2025-11-26,Completed,3.47,55
PRG0006734,STU00382,MOD00104,CRS013,2025-09-18,2025-09-13,Completed,7.25,92
PRG0006735,STU00382,MOD00001,CRS001,2025-08-05,2025-10-07,Completed,4.52,71
PRG0006736,STU00382,MOD00002,CRS001,2025-08-05,2025-09-09,In Progress,1.39,28
PRG0006737,STU00382,MOD00003,CRS001,2025-08-18,2025-09-28,Completed,2.0,95
PRG0006738,STU00382,MOD00004,CRS001,2025-08-31,2025-10-14,In Progress,11.83,78
PRG0006739,STU00382,MOD00005,CRS001,2025-08-07,2025-08-23,In Progress,13.51,26
PRG0006740,STU00382,MOD00006,CRS001,2025-08-21,2025-10-24,In Progress,3.8,8
PRG0006741,STU00382,MOD00007,CRS001,2025-08-04,2025-08-28,Completed,7.8,41
PRG0006742,STU00382,MOD00008,CRS001,2025-08-16,2025-10-19,In Progress,1.43,5
PRG0006743,STU00382,MOD00015,CRS002,2026-02-01,2026-02-08,Not Started,5.36,67
PRG0006744,STU00383,MOD00001,CRS001,2026-02-04,2026-03-03,Completed,9.66,36
PRG0006745,STU00383,MOD00002,CRS001,2026-01-26,2026-03-18,Completed,2.91,62
PRG0006746,STU00383,MOD00075,CRS010,2025-10-27,2026-01-09,Completed,1.63,99
PRG0006747,STU00383,MOD00079,CRS010,2025-11-13,2025-12-04,Completed,10.38,20
PRG0006748,STU00383,MOD00057,CRS008,2025-09-22,2025-10-06,Not Started,2.63,94
PRG0006749,STU00383,MOD00058,CRS008,2025-09-12,2025-11-15,Completed,5.57,15
PRG0006750,STU00383,MOD00059,CRS008,2025-09-12,2025-10-20,Completed,3.68,66
PRG0006751,STU00383,MOD00060,CRS008,2025-09-16,2025-11-17,Not Started,5.89,1
PRG0006752,STU00383,MOD00061,CRS008,2025-09-15,2025-11-06,Completed,8.06,10
PRG0006753,STU00383,MOD00062,CRS008,2025-09-09,2025-09-16,Completed,3.99,74
PRG0006754,STU00383,MOD00063,CRS008,2025-09-23,2025-11-19,Completed,1.19,36
PRG0006755,STU00383,MOD00064,CRS008,2025-09-08,2025-10-30,Completed,6.73,57
PRG0006756,STU00384,MOD00137,CRS018,2026-01-06,2026-02-01,Completed,3.11,71
PRG0006757,STU00384,MOD00138,CRS018,2025-12-29,2026-03-16,Completed,3.99,83
PRG0006758,STU00384,MOD00139,CRS018,2026-01-12,2026-02-02,Not Started,3.28,11
PRG0006759,STU00384,MOD00140,CRS018,2026-01-04,2026-03-17,Completed,4.54,0
PRG0006760,STU00384,MOD00141,CRS018,2026-01-14,2026-01-19,Not Started,14.17,3
PRG0006761,STU00384,MOD00142,CRS018,2026-01-10,2026-03-05,Not Started,7.7,14
PRG0006762,STU00384,MOD00143,CRS018,2025-12-28,2026-03-10,In Progress,3.42,63
PRG0006763,STU00384,MOD00144,CRS018,2025-12-28,2026-02-27,Completed,1.37,73
PRG0006764,STU00384,MOD00129,CRS017,2025-10-23,2025-11-01,In Progress,4.0,22
PRG0006765,STU00384,MOD00130,CRS017,2025-10-16,2025-12-01,In Progress,11.23,61
PRG0006766,STU00384,MOD00131,CRS017,2025-10-13,2025-12-30,In Progress,2.63,11
PRG0006767,STU00384,MOD00132,CRS017,2025-10-19,2025-12-05,Completed,3.02,52
PRG0006768,STU00384,MOD00133,CRS017,2025-10-18,2025-12-11,Completed,6.05,29
PRG0006769,STU00384,MOD00134,CRS017,2025-10-28,2025-12-15,Completed,9.7,15
PRG0006770,STU00384,MOD00135,CRS017,2025-11-03,2025-10-30,Completed,9.79,16
PRG0006771,STU00384,MOD00136,CRS017,2025-10-30,2025-12-22,Completed,3.43,78
PRG0006772,STU00384,MOD00153,CRS020,2025-07-01,2025-07-12,Completed,3.94,99
PRG0006773,STU00384,MOD00154,CRS020,2025-06-18,2025-07-15,Completed,14.38,31
PRG0006774,STU00384,MOD00158,CRS020,2025-06-10,2025-06-20,In Progress,5.75,6
PRG0006775,STU00385,MOD00089,CRS012,2026-03-25,2026-05-05,In Progress,13.55,64
PRG0006776,STU00385,MOD00090,CRS012,2026-02-26,2026-03-02,In Progress,9.25,2
PRG0006777,STU00385,MOD00091,CRS012,2026-03-25,2026-04-17,Completed,3.74,45
PRG0006778,STU00385,MOD00092,CRS012,2026-03-11,2026-05-17,Completed,1.14,10
PRG0006779,STU00385,MOD00093,CRS012,2026-03-26,2026-03-26,Completed,10.82,40
PRG0006780,STU00385,MOD00094,CRS012,2026-03-07,2026-02-28,Not Started,12.15,15
PRG0006781,STU00385,MOD00096,CRS012,2026-03-08,2026-05-03,In Progress,9.69,18
PRG0006782,STU00385,MOD00033,CRS005,2025-05-04,2025-06-11,Not Started,2.16,22
PRG0006783,STU00385,MOD00034,CRS005,2025-05-14,2025-07-01,In Progress,2.58,30
PRG0006784,STU00385,MOD00035,CRS005,2025-05-14,2025-05-31,Completed,12.78,39
PRG0006785,STU00385,MOD00036,CRS005,2025-04-18,2025-04-30,Completed,3.44,41
PRG0006786,STU00385,MOD00037,CRS005,2025-05-18,2025-06-06,Completed,2.74,91
PRG0006787,STU00385,MOD00038,CRS005,2025-04-23,2025-07-01,In Progress,4.2,98
PRG0006788,STU00385,MOD00039,CRS005,2025-05-11,2025-06-11,Completed,1.11,9
PRG0006789,STU00385,MOD00040,CRS005,2025-04-20,2025-07-09,In Progress,6.71,62
PRG0006790,STU00385,MOD00145,CRS019,2026-04-08,2026-05-11,Completed,1.49,32
PRG0006791,STU00385,MOD00146,CRS019,2026-04-01,2026-05-06,In Progress,6.83,36
PRG0006792,STU00385,MOD00147,CRS019,2026-03-21,2026-04-05,In Progress,9.8,28
PRG0006793,STU00385,MOD00148,CRS019,2026-04-05,2026-04-24,In Progress,1.82,86
PRG0006794,STU00385,MOD00149,CRS019,2026-03-27,2026-04-27,In Progress,2.07,77
PRG0006795,STU00385,MOD00151,CRS019,2026-04-07,2026-04-11,In Progress,2.02,77
PRG0006796,STU00385,MOD00152,CRS019,2026-03-28,2026-06-14,Completed,2.17,27
PRG0006797,STU00385,MOD00067,CRS009,2025-10-15,2025-11-20,Completed,7.41,85
PRG0006798,STU00386,MOD00148,CRS019,2026-01-09,2026-02-15,In Progress,2.69,31
PRG0006799,STU00386,MOD00150,CRS019,2025-12-19,2026-02-16,In Progress,5.02,64
PRG0006800,STU00386,MOD00152,CRS019,2025-12-29,2026-03-18,In Progress,4.1,17
PRG0006801,STU00387,MOD00017,CRS003,2026-04-02,2026-05-16,In Progress,3.05,34
PRG0006802,STU00387,MOD00018,CRS003,2026-04-12,2026-04-11,Completed,2.41,2
PRG0006803,STU00387,MOD00019,CRS003,2026-04-21,2026-05-27,Completed,8.8,100
PRG0006804,STU00387,MOD00020,CRS003,2026-04-25,2026-06-16,Completed,4.2,19
PRG0006805,STU00387,MOD00021,CRS003,2026-04-26,2026-04-02,Completed,3.05,34
PRG0006806,STU00387,MOD00022,CRS003,2026-04-08,2026-06-17,In Progress,4.39,97
PRG0006807,STU00387,MOD00023,CRS003,2026-04-01,2026-06-29,Completed,4.36,7
PRG0006808,STU00387,MOD00024,CRS003,2026-04-06,2026-04-28,Completed,5.97,6
PRG0006809,STU00387,MOD00081,CRS011,2025-12-26,2025-12-21,In Progress,3.22,24
PRG0006810,STU00387,MOD00082,CRS011,2026-01-15,2025-12-24,Completed,4.39,93
PRG0006811,STU00387,MOD00083,CRS011,2025-12-25,2026-01-12,In Progress,2.51,49
PRG0006812,STU00387,MOD00084,CRS011,2026-01-16,2026-01-31,In Progress,11.77,47
PRG0006813,STU00387,MOD00085,CRS011,2026-01-18,2026-02-06,In Progress,6.77,38
PRG0006814,STU00387,MOD00086,CRS011,2025-12-30,2026-02-07,In Progress,3.57,56
PRG0006815,STU00387,MOD00087,CRS011,2025-12-26,2026-01-18,Completed,9.43,98
PRG0006816,STU00387,MOD00088,CRS011,2025-12-21,2025-12-23,Completed,2.23,69
PRG0006817,STU00388,MOD00025,CRS004,2025-12-01,2026-01-16,Completed,7.63,23
PRG0006818,STU00388,MOD00026,CRS004,2025-12-06,2025-11-22,In Progress,6.38,61
PRG0006819,STU00388,MOD00027,CRS004,2025-12-17,2026-01-25,Completed,7.24,25
PRG0006820,STU00388,MOD00028,CRS004,2025-12-17,2025-11-30,Completed,6.34,46
PRG0006821,STU00388,MOD00029,CRS004,2025-12-08,2026-02-16,Completed,6.05,81
PRG0006822,STU00388,MOD00030,CRS004,2025-11-20,2026-01-17,In Progress,3.73,53
PRG0006823,STU00388,MOD00031,CRS004,2025-11-30,2026-02-15,In Progress,5.16,0
PRG0006824,STU00388,MOD00032,CRS004,2025-12-19,2025-12-11,Completed,7.11,81
PRG0006825,STU00388,MOD00078,CRS010,2026-03-19,2026-03-20,Completed,5.43,84
PRG0006826,STU00388,MOD00080,CRS010,2026-03-27,2026-05-29,Not Started,4.1,36
PRG0006827,STU00388,MOD00009,CRS002,2025-12-15,2026-01-06,Not Started,4.14,63
PRG0006828,STU00388,MOD00010,CRS002,2025-12-08,2025-12-09,Completed,8.86,32
PRG0006829,STU00388,MOD00013,CRS002,2025-12-18,2026-01-03,In Progress,8.18,10
PRG0006830,STU00388,MOD00097,CRS013,2026-03-30,2026-04-24,In Progress,7.84,23
PRG0006831,STU00388,MOD00100,CRS013,2026-04-10,2026-06-17,In Progress,2.64,16
PRG0006832,STU00388,MOD00102,CRS013,2026-04-18,2026-05-19,Completed,2.47,61
PRG0006833,STU00388,MOD00103,CRS013,2026-03-29,2026-05-31,In Progress,1.77,23
PRG0006834,STU00388,MOD00017,CRS003,2025-11-24,2026-02-18,In Progress,4.53,13
PRG0006835,STU00388,MOD00018,CRS003,2025-12-18,2025-12-15,Completed,1.02,94
PRG0006836,STU00388,MOD00019,CRS003,2025-12-10,2026-01-27,Completed,2.13,20
PRG0006837,STU00388,MOD00020,CRS003,2025-12-19,2025-11-26,Completed,5.77,37
PRG0006838,STU00388,MOD00021,CRS003,2025-12-13,2026-01-09,In Progress,5.62,34
PRG0006839,STU00388,MOD00022,CRS003,2025-11-21,2026-01-30,Completed,11.04,18
PRG0006840,STU00388,MOD00023,CRS003,2025-12-11,2025-12-21,Completed,3.45,27
PRG0006841,STU00388,MOD00024,CRS003,2025-11-29,2026-01-08,In Progress,4.53,35
PRG0006842,STU00389,MOD00057,CRS008,2026-03-17,2026-05-04,Completed,4.15,55
PRG0006843,STU00389,MOD00058,CRS008,2026-04-05,2026-04-16,Completed,4.63,68
PRG0006844,STU00389,MOD00059,CRS008,2026-03-21,2026-03-26,Completed,2.9,5
PRG0006845,STU00389,MOD00060,CRS008,2026-03-21,2026-06-02,Completed,9.26,60
PRG0006846,STU00389,MOD00061,CRS008,2026-04-15,2026-05-24,In Progress,10.08,83
PRG0006847,STU00389,MOD00062,CRS008,2026-03-17,2026-04-30,In Progress,4.39,81
PRG0006848,STU00389,MOD00063,CRS008,2026-03-29,2026-04-28,Completed,2.3,96
PRG0006849,STU00389,MOD00064,CRS008,2026-04-03,2026-03-19,In Progress,11.07,28
PRG0006850,STU00390,MOD00001,CRS001,2026-03-17,2026-04-04,In Progress,9.25,35
PRG0006851,STU00390,MOD00006,CRS001,2026-03-12,2026-05-13,In Progress,6.55,80
PRG0006852,STU00390,MOD00007,CRS001,2026-03-20,2026-04-25,Completed,5.32,51
PRG0006853,STU00390,MOD00008,CRS001,2026-02-28,2026-02-28,Completed,5.05,27
PRG0006854,STU00390,MOD00097,CRS013,2025-09-11,2025-09-11,Completed,9.57,69
PRG0006855,STU00390,MOD00098,CRS013,2025-09-08,2025-10-13,In Progress,1.02,19
PRG0006856,STU00390,MOD00099,CRS013,2025-09-07,2025-10-13,Completed,3.1,44
PRG0006857,STU00390,MOD00100,CRS013,2025-09-05,2025-11-01,Completed,2.89,91
PRG0006858,STU00390,MOD00101,CRS013,2025-08-27,2025-09-10,Completed,1.68,13
PRG0006859,STU00390,MOD00102,CRS013,2025-09-09,2025-09-02,In Progress,3.22,6
PRG0006860,STU00390,MOD00103,CRS013,2025-09-08,2025-09-28,Completed,1.31,22
PRG0006861,STU00390,MOD00104,CRS013,2025-09-13,2025-09-12,In Progress,7.92,69
PRG0006862,STU00390,MOD00009,CRS002,2025-08-30,2025-09-03,Completed,13.17,81
PRG0006863,STU00390,MOD00011,CRS002,2025-08-28,2025-10-28,Completed,5.08,88
PRG0006864,STU00390,MOD00012,CRS002,2025-08-05,2025-09-17,Completed,3.42,89
PRG0006865,STU00390,MOD00014,CRS002,2025-08-10,2025-10-27,In Progress,4.02,61
PRG0006866,STU00390,MOD00015,CRS002,2025-08-03,2025-08-18,Completed,9.78,66
PRG0006867,STU00390,MOD00016,CRS002,2025-08-18,2025-10-07,In Progress,11.61,84
PRG0006868,STU00390,MOD00073,CRS010,2025-08-13,2025-09-24,Not Started,6.93,16
PRG0006869,STU00390,MOD00074,CRS010,2025-08-04,2025-09-23,Completed,8.87,57
PRG0006870,STU00390,MOD00075,CRS010,2025-07-31,2025-09-27,In Progress,2.87,68
PRG0006871,STU00390,MOD00076,CRS010,2025-08-20,2025-09-25,Completed,10.42,39
PRG0006872,STU00390,MOD00077,CRS010,2025-08-15,2025-08-31,Completed,3.12,39
PRG0006873,STU00390,MOD00078,CRS010,2025-08-18,2025-09-12,Completed,3.33,23
PRG0006874,STU00390,MOD00079,CRS010,2025-08-10,2025-09-28,Completed,6.32,74
PRG0006875,STU00390,MOD00080,CRS010,2025-08-20,2025-10-28,Completed,2.69,96
PRG0006876,STU00390,MOD00138,CRS018,2025-12-21,2026-02-28,Not Started,1.22,92
PRG0006877,STU00390,MOD00139,CRS018,2025-12-30,2026-03-03,Completed,3.4,3
PRG0006878,STU00390,MOD00140,CRS018,2025-12-30,2025-12-12,In Progress,5.94,82
PRG0006879,STU00391,MOD00114,CRS015,2025-09-23,2025-10-23,In Progress,7.94,28
PRG0006880,STU00391,MOD00115,CRS015,2025-09-05,2025-11-27,Completed,12.39,19
PRG0006881,STU00391,MOD00116,CRS015,2025-09-22,2025-10-28,Completed,1.73,81
PRG0006882,STU00391,MOD00145,CRS019,2026-02-15,2026-03-27,In Progress,1.32,16
PRG0006883,STU00391,MOD00152,CRS019,2026-02-07,2026-03-28,Completed,3.52,93
PRG0006884,STU00391,MOD00129,CRS017,2026-02-08,2026-02-07,Completed,5.65,68
PRG0006885,STU00391,MOD00130,CRS017,2026-02-12,2026-01-24,In Progress,3.37,25
PRG0006886,STU00391,MOD00131,CRS017,2026-01-31,2026-02-09,Completed,1.64,67
PRG0006887,STU00391,MOD00132,CRS017,2026-02-11,2026-03-21,Completed,4.08,96
PRG0006888,STU00391,MOD00134,CRS017,2026-01-28,2026-02-01,Completed,8.71,12
PRG0006889,STU00391,MOD00136,CRS017,2026-01-17,2026-01-26,In Progress,4.93,37
PRG0006890,STU00391,MOD00018,CRS003,2026-01-16,2026-01-24,In Progress,1.7,50
PRG0006891,STU00391,MOD00022,CRS003,2026-01-30,2026-03-30,Completed,11.61,13
PRG0006892,STU00391,MOD00023,CRS003,2026-01-12,2026-03-20,In Progress,1.2,39
PRG0006893,STU00391,MOD00024,CRS003,2026-01-23,2026-01-27,Completed,7.13,26
PRG0006894,STU00392,MOD00121,CRS016,2026-01-27,2026-01-24,Completed,2.2,85
PRG0006895,STU00392,MOD00122,CRS016,2026-01-26,2026-03-13,Not Started,1.79,51
PRG0006896,STU00392,MOD00123,CRS016,2025-12-31,2026-02-02,In Progress,2.25,95
PRG0006897,STU00392,MOD00124,CRS016,2026-01-29,2026-03-01,Completed,5.65,98
PRG0006898,STU00392,MOD00125,CRS016,2026-01-12,2026-03-20,Completed,2.6,97
PRG0006899,STU00392,MOD00126,CRS016,2026-01-18,2026-01-23,Completed,3.97,59
PRG0006900,STU00392,MOD00127,CRS016,2026-01-11,2026-03-30,In Progress,6.98,38
PRG0006901,STU00392,MOD00128,CRS016,2026-01-20,2026-02-28,Completed,6.95,41
PRG0006902,STU00393,MOD00137,CRS018,2026-03-02,2026-04-03,Completed,5.66,67
PRG0006903,STU00393,MOD00143,CRS018,2026-02-22,2026-05-02,Completed,2.16,55
PRG0006904,STU00393,MOD00144,CRS018,2026-02-22,2026-03-08,Completed,3.12,69
PRG0006905,STU00394,MOD00097,CRS013,2025-09-13,2025-09-01,Not Started,6.07,36
PRG0006906,STU00394,MOD00098,CRS013,2025-09-09,2025-10-24,Completed,4.1,1
PRG0006907,STU00394,MOD00099,CRS013,2025-09-12,2025-10-01,In Progress,3.47,62
PRG0006908,STU00394,MOD00100,CRS013,2025-09-10,2025-09-30,Completed,1.69,33
PRG0006909,STU00394,MOD00101,CRS013,2025-09-04,2025-10-29,In Progress,1.07,12
PRG0006910,STU00394,MOD00102,CRS013,2025-09-08,2025-10-14,In Progress,2.99,84
PRG0006911,STU00394,MOD00103,CRS013,2025-08-17,2025-11-04,Completed,3.02,83
PRG0006912,STU00394,MOD00104,CRS013,2025-09-09,2025-09-25,Completed,3.25,90
PRG0006913,STU00395,MOD00033,CRS005,2025-12-25,2026-01-09,Completed,1.92,56
PRG0006914,STU00395,MOD00034,CRS005,2026-01-13,2026-01-05,Not Started,4.08,64
PRG0006915,STU00395,MOD00035,CRS005,2025-12-28,2026-03-10,Completed,9.27,87
PRG0006916,STU00395,MOD00036,CRS005,2025-12-30,2026-02-23,Completed,9.97,1
PRG0006917,STU00395,MOD00037,CRS005,2025-12-22,2026-03-17,Completed,2.59,96
PRG0006918,STU00395,MOD00038,CRS005,2026-01-14,2026-01-12,Completed,3.22,51
PRG0006919,STU00395,MOD00039,CRS005,2025-12-25,2026-03-10,In Progress,4.11,71
PRG0006920,STU00395,MOD00040,CRS005,2025-12-23,2026-01-11,In Progress,2.59,53
PRG0006921,STU00395,MOD00121,CRS016,2025-06-22,2025-08-11,In Progress,7.94,16
PRG0006922,STU00395,MOD00122,CRS016,2025-07-17,2025-07-10,Completed,2.76,40
PRG0006923,STU00395,MOD00123,CRS016,2025-07-01,2025-06-24,Not Started,2.11,46
PRG0006924,STU00395,MOD00124,CRS016,2025-06-18,2025-09-12,In Progress,6.61,98
PRG0006925,STU00395,MOD00125,CRS016,2025-06-18,2025-06-19,In Progress,1.0,42
PRG0006926,STU00395,MOD00126,CRS016,2025-07-02,2025-08-26,Completed,8.78,67
PRG0006927,STU00395,MOD00127,CRS016,2025-07-08,2025-07-09,In Progress,7.23,80
PRG0006928,STU00395,MOD00128,CRS016,2025-07-17,2025-07-13,Completed,1.67,69
PRG0006929,STU00396,MOD00051,CRS007,2025-11-05,2025-11-27,In Progress,4.84,48
PRG0006930,STU00396,MOD00054,CRS007,2025-11-08,2025-11-09,Completed,2.96,8
PRG0006931,STU00396,MOD00137,CRS018,2025-12-16,2026-03-13,In Progress,7.36,17
PRG0006932,STU00396,MOD00138,CRS018,2025-12-21,2026-03-15,Completed,6.52,19
PRG0006933,STU00396,MOD00139,CRS018,2025-12-29,2026-01-13,Completed,4.84,30
PRG0006934,STU00396,MOD00140,CRS018,2025-12-21,2026-02-04,Completed,9.16,81
PRG0006935,STU00396,MOD00141,CRS018,2025-12-31,2026-03-09,In Progress,9.62,44
PRG0006936,STU00396,MOD00142,CRS018,2025-12-17,2026-03-05,Completed,9.51,29
PRG0006937,STU00396,MOD00143,CRS018,2025-12-27,2026-02-01,In Progress,4.28,58
PRG0006938,STU00396,MOD00144,CRS018,2025-12-20,2026-02-20,In Progress,1.92,83
PRG0006939,STU00396,MOD00132,CRS017,2026-03-03,2026-02-16,Completed,5.8,71
PRG0006940,STU00396,MOD00134,CRS017,2026-03-06,2026-05-05,Completed,5.5,34
PRG0006941,STU00396,MOD00061,CRS008,2025-05-01,2025-06-17,Completed,8.84,20
PRG0006942,STU00396,MOD00063,CRS008,2025-05-07,2025-06-23,In Progress,3.56,12
PRG0006943,STU00396,MOD00064,CRS008,2025-05-15,2025-05-22,Not Started,2.01,9
PRG0006944,STU00396,MOD00145,CRS019,2025-05-22,2025-07-19,In Progress,2.8,43
PRG0006945,STU00396,MOD00147,CRS019,2025-06-11,2025-07-20,Completed,3.83,5
PRG0006946,STU00396,MOD00148,CRS019,2025-05-24,2025-07-12,Completed,2.82,66
PRG0006947,STU00396,MOD00150,CRS019,2025-06-05,2025-05-22,Not Started,4.21,23
PRG0006948,STU00397,MOD00106,CRS014,2025-06-16,2025-05-25,Completed,10.94,36
PRG0006949,STU00397,MOD00111,CRS014,2025-06-12,2025-06-10,In Progress,4.08,42
PRG0006950,STU00397,MOD00112,CRS014,2025-06-17,2025-08-20,In Progress,2.75,53
PRG0006951,STU00397,MOD00089,CRS012,2025-10-16,2025-12-22,Completed,6.94,76
PRG0006952,STU00397,MOD00090,CRS012,2025-09-24,2025-10-08,Completed,10.15,14
PRG0006953,STU00397,MOD00091,CRS012,2025-09-30,2025-11-12,In Progress,3.6,23
PRG0006954,STU00397,MOD00092,CRS012,2025-10-14,2025-12-21,Completed,2.69,4
PRG0006955,STU00397,MOD00093,CRS012,2025-10-23,2025-11-08,Completed,9.66,50
PRG0006956,STU00397,MOD00094,CRS012,2025-10-08,2025-10-12,Completed,4.37,54
PRG0006957,STU00397,MOD00095,CRS012,2025-10-24,2025-11-10,In Progress,3.37,62
PRG0006958,STU00397,MOD00096,CRS012,2025-10-20,2025-10-31,Completed,7.05,58
PRG0006959,STU00397,MOD00148,CRS019,2025-07-13,2025-08-29,Completed,2.07,3
PRG0006960,STU00397,MOD00150,CRS019,2025-07-28,2025-09-28,Completed,5.65,53
PRG0006961,STU00397,MOD00151,CRS019,2025-07-23,2025-08-31,Completed,2.54,10
PRG0006962,STU00397,MOD00152,CRS019,2025-07-29,2025-08-06,In Progress,1.47,86
PRG0006963,STU00397,MOD00049,CRS007,2025-08-05,2025-10-07,Completed,2.72,31
PRG0006964,STU00397,MOD00050,CRS007,2025-08-19,2025-09-20,Not Started,10.68,96
PRG0006965,STU00397,MOD00051,CRS007,2025-08-11,2025-09-26,Completed,7.22,46
PRG0006966,STU00397,MOD00053,CRS007,2025-08-05,2025-09-30,Completed,3.1,49
PRG0006967,STU00397,MOD00055,CRS007,2025-08-18,2025-09-19,In Progress,2.34,64
PRG0006968,STU00398,MOD00153,CRS020,2025-09-05,2025-10-03,In Progress,4.32,14
PRG0006969,STU00398,MOD00154,CRS020,2025-08-25,2025-08-31,Completed,5.93,51
PRG0006970,STU00398,MOD00155,CRS020,2025-09-03,2025-09-25,Completed,5.89,65
PRG0006971,STU00398,MOD00156,CRS020,2025-09-11,2025-09-27,In Progress,10.27,36
PRG0006972,STU00398,MOD00157,CRS020,2025-08-24,2025-09-30,In Progress,7.55,39
PRG0006973,STU00398,MOD00158,CRS020,2025-09-03,2025-11-18,In Progress,3.65,25
PRG0006974,STU00398,MOD00159,CRS020,2025-09-06,2025-11-10,Not Started,9.11,8
PRG0006975,STU00398,MOD00160,CRS020,2025-09-11,2025-10-14,In Progress,2.88,82
PRG0006976,STU00398,MOD00117,CRS015,2025-09-11,2025-10-31,Not Started,3.33,31
PRG0006977,STU00398,MOD00033,CRS005,2025-09-20,2025-10-23,In Progress,2.01,0
PRG0006978,STU00398,MOD00036,CRS005,2025-09-15,2025-10-22,Completed,8.77,48
PRG0006979,STU00398,MOD00037,CRS005,2025-09-01,2025-11-02,In Progress,1.01,75
PRG0006980,STU00398,MOD00038,CRS005,2025-09-12,2025-09-13,Completed,4.48,28
PRG0006981,STU00398,MOD00040,CRS005,2025-09-01,2025-10-24,Completed,4.93,81
PRG0006982,STU00399,MOD00033,CRS005,2026-04-07,2026-05-12,In Progress,7.46,74
PRG0006983,STU00399,MOD00034,CRS005,2026-04-08,2026-05-16,Completed,6.05,11
PRG0006984,STU00399,MOD00035,CRS005,2026-04-08,2026-06-17,Completed,7.43,39
PRG0006985,STU00399,MOD00036,CRS005,2026-04-02,2026-05-30,In Progress,6.13,24
PRG0006986,STU00399,MOD00037,CRS005,2026-04-11,2026-05-16,In Progress,1.33,8
PRG0006987,STU00399,MOD00038,CRS005,2026-04-06,2026-06-04,In Progress,3.24,3
PRG0006988,STU00399,MOD00039,CRS005,2026-03-29,2026-06-16,Completed,8.94,2
PRG0006989,STU00399,MOD00040,CRS005,2026-04-14,2026-05-25,Completed,1.91,80
PRG0006990,STU00399,MOD00017,CRS003,2026-02-24,2026-03-06,Not Started,5.04,68
PRG0006991,STU00399,MOD00018,CRS003,2026-02-25,2026-03-24,Completed,2.12,72
PRG0006992,STU00399,MOD00019,CRS003,2026-01-29,2026-04-18,Completed,7.45,29
PRG0006993,STU00399,MOD00020,CRS003,2026-02-11,2026-02-26,Completed,2.05,100
PRG0006994,STU00399,MOD00021,CRS003,2026-02-17,2026-02-26,Completed,6.97,13
PRG0006995,STU00399,MOD00022,CRS003,2026-02-02,2026-03-01,Completed,9.96,25
PRG0006996,STU00399,MOD00023,CRS003,2026-02-06,2026-04-25,Completed,5.82,23
PRG0006997,STU00399,MOD00024,CRS003,2026-02-05,2026-03-31,Completed,2.42,49
PRG0006998,STU00399,MOD00025,CRS004,2026-03-10,2026-05-14,Completed,10.64,42
PRG0006999,STU00399,MOD00026,CRS004,2026-03-10,2026-03-22,Completed,5.89,52
PRG0007000,STU00399,MOD00027,CRS004,2026-02-28,2026-05-14,Completed,3.88,59
PRG0007001,STU00399,MOD00028,CRS004,2026-03-13,2026-02-18,Completed,8.06,5
PRG0007002,STU00399,MOD00029,CRS004,2026-02-13,2026-05-05,In Progress,5.85,37
PRG0007003,STU00399,MOD00030,CRS004,2026-02-19,2026-03-21,In Progress,1.02,83
PRG0007004,STU00399,MOD00031,CRS004,2026-03-13,2026-04-03,Not Started,2.35,92
PRG0007005,STU00399,MOD00032,CRS004,2026-02-21,2026-02-23,In Progress,5.15,75
PRG0007006,STU00400,MOD00073,CRS010,2026-04-11,2026-04-01,In Progress,3.15,12
PRG0007007,STU00400,MOD00074,CRS010,2026-04-19,2026-04-08,Completed,7.08,93
PRG0007008,STU00400,MOD00075,CRS010,2026-04-07,2026-04-09,Completed,2.3,85
PRG0007009,STU00400,MOD00076,CRS010,2026-04-12,2026-05-13,Completed,7.94,84
PRG0007010,STU00400,MOD00077,CRS010,2026-04-07,2026-04-18,Completed,3.22,96
PRG0007011,STU00400,MOD00078,CRS010,2026-04-19,2026-04-28,Completed,4.28,19
PRG0007012,STU00400,MOD00080,CRS010,2026-04-24,2026-05-07,Not Started,4.26,30
PRG0007013,STU00400,MOD00002,CRS001,2025-12-06,2026-01-01,In Progress,1.01,46
PRG0007014,STU00401,MOD00119,CRS015,2026-01-09,2026-02-13,Completed,4.31,75
PRG0007015,STU00401,MOD00121,CRS016,2025-07-11,2025-09-17,Completed,3.62,72
PRG0007016,STU00401,MOD00122,CRS016,2025-07-16,2025-09-13,In Progress,2.16,5
PRG0007017,STU00401,MOD00123,CRS016,2025-07-18,2025-08-23,Completed,2.92,25
PRG0007018,STU00401,MOD00124,CRS016,2025-07-07,2025-09-04,In Progress,5.77,16
PRG0007019,STU00401,MOD00125,CRS016,2025-07-19,2025-07-08,Completed,1.58,38
PRG0007020,STU00401,MOD00126,CRS016,2025-08-04,2025-08-24,Completed,4.64,40
PRG0007021,STU00401,MOD00127,CRS016,2025-07-20,2025-10-02,In Progress,4.3,41
PRG0007022,STU00401,MOD00128,CRS016,2025-07-31,2025-09-24,In Progress,8.1,82
PRG0007023,STU00401,MOD00001,CRS001,2026-03-05,2026-05-08,Completed,9.68,91
PRG0007024,STU00401,MOD00003,CRS001,2026-02-26,2026-03-31,Completed,3.39,2
PRG0007025,STU00401,MOD00004,CRS001,2026-02-28,2026-05-21,Completed,2.31,4
PRG0007026,STU00401,MOD00007,CRS001,2026-03-20,2026-03-06,In Progress,2.97,97
PRG0007027,STU00401,MOD00008,CRS001,2026-03-11,2026-03-04,In Progress,12.16,11
PRG0007028,STU00402,MOD00129,CRS017,2025-06-22,2025-06-19,In Progress,5.88,19
PRG0007029,STU00402,MOD00130,CRS017,2025-06-03,2025-06-18,In Progress,3.38,70
PRG0007030,STU00402,MOD00131,CRS017,2025-06-27,2025-06-16,Completed,2.43,16
PRG0007031,STU00402,MOD00132,CRS017,2025-06-29,2025-07-13,Completed,1.73,94
PRG0007032,STU00402,MOD00133,CRS017,2025-06-05,2025-07-07,Completed,2.86,88
PRG0007033,STU00402,MOD00134,CRS017,2025-06-22,2025-06-08,Completed,2.06,16
PRG0007034,STU00402,MOD00135,CRS017,2025-06-30,2025-08-17,Completed,8.25,20
PRG0007035,STU00402,MOD00136,CRS017,2025-06-07,2025-07-13,Completed,5.69,62
PRG0007036,STU00402,MOD00065,CRS009,2026-01-01,2026-01-09,Completed,4.79,77
PRG0007037,STU00402,MOD00066,CRS009,2025-12-22,2025-12-25,In Progress,5.6,52
PRG0007038,STU00402,MOD00067,CRS009,2025-12-18,2026-03-10,Completed,3.65,62
PRG0007039,STU00402,MOD00068,CRS009,2025-12-19,2025-12-18,In Progress,6.91,76
PRG0007040,STU00402,MOD00069,CRS009,2025-12-24,2026-02-23,Not Started,3.05,8
PRG0007041,STU00402,MOD00070,CRS009,2025-12-10,2026-02-19,Completed,3.25,5
PRG0007042,STU00402,MOD00071,CRS009,2025-12-22,2026-01-11,In Progress,3.97,7
PRG0007043,STU00402,MOD00072,CRS009,2026-01-09,2026-01-04,Not Started,2.44,42
PRG0007044,STU00402,MOD00138,CRS018,2026-03-11,2026-05-11,In Progress,6.94,25
PRG0007045,STU00402,MOD00139,CRS018,2026-03-27,2026-03-28,Completed,5.06,85
PRG0007046,STU00402,MOD00140,CRS018,2026-03-24,2026-05-06,In Progress,3.74,92
PRG0007047,STU00402,MOD00143,CRS018,2026-03-25,2026-03-29,Completed,3.81,76
PRG0007048,STU00402,MOD00144,CRS018,2026-03-14,2026-03-30,Not Started,3.99,25
PRG0007049,STU00402,MOD00122,CRS016,2025-12-07,2025-12-19,Completed,1.33,43
PRG0007050,STU00402,MOD00124,CRS016,2025-11-11,2026-01-09,In Progress,6.01,90
PRG0007051,STU00402,MOD00125,CRS016,2025-12-03,2025-11-13,In Progress,2.37,35
PRG0007052,STU00402,MOD00126,CRS016,2025-11-12,2025-12-17,Completed,2.28,75
PRG0007053,STU00402,MOD00128,CRS016,2025-11-18,2025-12-27,Completed,1.25,85
PRG0007054,STU00402,MOD00033,CRS005,2026-04-20,2026-05-01,Completed,3.83,89
PRG0007055,STU00402,MOD00034,CRS005,2026-04-03,2026-05-08,Completed,2.25,78
PRG0007056,STU00402,MOD00035,CRS005,2026-04-08,2026-06-24,Not Started,4.9,45
PRG0007057,STU00402,MOD00036,CRS005,2026-04-29,2026-05-16,Completed,8.72,29
PRG0007058,STU00402,MOD00037,CRS005,2026-04-18,2026-05-30,Completed,2.89,46
PRG0007059,STU00402,MOD00038,CRS005,2026-04-04,2026-06-20,Completed,1.85,4
PRG0007060,STU00402,MOD00039,CRS005,2026-04-25,2026-05-07,Completed,4.86,73
PRG0007061,STU00402,MOD00040,CRS005,2026-04-18,2026-07-01,Not Started,3.24,61
PRG0007062,STU00403,MOD00041,CRS006,2026-03-29,2026-06-03,Completed,1.08,0
PRG0007063,STU00403,MOD00044,CRS006,2026-03-20,2026-05-24,In Progress,8.04,38
PRG0007064,STU00403,MOD00009,CRS002,2026-01-16,2026-03-14,Completed,7.85,94
PRG0007065,STU00403,MOD00010,CRS002,2026-01-13,2026-02-11,In Progress,1.52,81
PRG0007066,STU00403,MOD00011,CRS002,2026-01-11,2026-01-11,In Progress,2.32,84
PRG0007067,STU00403,MOD00012,CRS002,2025-12-29,2026-02-05,In Progress,6.42,47
PRG0007068,STU00403,MOD00013,CRS002,2026-01-13,2026-03-20,In Progress,12.15,13
PRG0007069,STU00403,MOD00014,CRS002,2026-01-16,2026-03-20,Completed,5.88,47
PRG0007070,STU00403,MOD00015,CRS002,2026-01-06,2026-01-16,In Progress,13.23,18
PRG0007071,STU00403,MOD00016,CRS002,2026-01-06,2026-02-20,Completed,8.09,3
PRG0007072,STU00403,MOD00076,CRS010,2025-08-02,2025-09-05,Completed,1.34,25
PRG0007073,STU00403,MOD00077,CRS010,2025-07-23,2025-08-06,In Progress,3.95,41
PRG0007074,STU00403,MOD00078,CRS010,2025-08-06,2025-08-04,Completed,2.6,92
PRG0007075,STU00403,MOD00079,CRS010,2025-07-19,2025-09-06,In Progress,5.13,28
PRG0007076,STU00403,MOD00080,CRS010,2025-07-16,2025-10-13,In Progress,4.13,98
PRG0007077,STU00404,MOD00001,CRS001,2025-10-07,2025-12-02,Completed,2.64,91
PRG0007078,STU00404,MOD00002,CRS001,2025-10-26,2025-10-17,Completed,1.13,86
PRG0007079,STU00404,MOD00003,CRS001,2025-10-14,2025-12-09,Completed,9.65,79
PRG0007080,STU00404,MOD00004,CRS001,2025-10-24,2025-11-17,Completed,13.1,9
PRG0007081,STU00404,MOD00005,CRS001,2025-10-06,2025-10-22,Not Started,3.29,98
PRG0007082,STU00404,MOD00006,CRS001,2025-10-19,2025-11-27,Completed,6.22,7
PRG0007083,STU00404,MOD00007,CRS001,2025-10-21,2025-12-21,In Progress,3.32,20
PRG0007084,STU00404,MOD00008,CRS001,2025-10-21,2025-10-31,Completed,14.76,94
PRG0007085,STU00404,MOD00021,CRS003,2026-03-31,2026-04-29,Completed,1.06,50
PRG0007086,STU00404,MOD00098,CRS013,2025-12-21,2026-02-25,Completed,3.24,74
PRG0007087,STU00404,MOD00099,CRS013,2025-12-04,2026-02-26,Not Started,6.78,56
PRG0007088,STU00404,MOD00100,CRS013,2025-12-09,2026-03-02,Completed,6.46,37
PRG0007089,STU00404,MOD00102,CRS013,2025-12-03,2026-01-09,Completed,1.73,91
PRG0007090,STU00404,MOD00104,CRS013,2025-12-31,2026-01-06,Completed,1.59,58
PRG0007091,STU00404,MOD00067,CRS009,2026-03-17,2026-05-01,Completed,1.06,11
PRG0007092,STU00404,MOD00071,CRS009,2026-03-29,2026-05-10,Completed,6.38,45
PRG0007093,STU00405,MOD00097,CRS013,2025-08-01,2025-09-29,Completed,14.12,42
PRG0007094,STU00405,MOD00098,CRS013,2025-08-11,2025-09-07,Completed,6.76,58
PRG0007095,STU00405,MOD00099,CRS013,2025-08-14,2025-08-13,Completed,7.23,69
PRG0007096,STU00405,MOD00100,CRS013,2025-07-27,2025-09-05,Completed,1.52,90
PRG0007097,STU00405,MOD00101,CRS013,2025-08-20,2025-09-23,In Progress,1.51,96
PRG0007098,STU00405,MOD00102,CRS013,2025-07-30,2025-08-27,Completed,2.38,82
PRG0007099,STU00405,MOD00103,CRS013,2025-08-23,2025-09-04,Completed,1.89,89
PRG0007100,STU00405,MOD00104,CRS013,2025-07-29,2025-09-03,Completed,1.97,89
PRG0007101,STU00405,MOD00057,CRS008,2025-09-23,2025-11-20,In Progress,2.5,0
PRG0007102,STU00405,MOD00058,CRS008,2025-09-27,2025-09-22,Completed,8.91,41
PRG0007103,STU00405,MOD00059,CRS008,2025-10-10,2025-10-10,Completed,1.07,66
PRG0007104,STU00405,MOD00060,CRS008,2025-10-12,2025-09-22,In Progress,6.36,75
PRG0007105,STU00405,MOD00061,CRS008,2025-10-11,2025-10-17,In Progress,6.09,12
PRG0007106,STU00405,MOD00062,CRS008,2025-10-16,2025-12-01,In Progress,8.66,30
PRG0007107,STU00405,MOD00063,CRS008,2025-10-13,2025-12-02,Not Started,4.3,90
PRG0007108,STU00405,MOD00064,CRS008,2025-10-11,2025-09-25,Completed,8.44,87
PRG0007109,STU00405,MOD00153,CRS020,2026-04-02,2026-05-29,Completed,5.6,75
PRG0007110,STU00405,MOD00154,CRS020,2026-04-01,2026-06-01,Completed,8.29,39
PRG0007111,STU00406,MOD00153,CRS020,2026-02-11,2026-03-04,In Progress,1.97,54
PRG0007112,STU00406,MOD00154,CRS020,2026-01-25,2026-03-23,Completed,14.12,55
PRG0007113,STU00406,MOD00137,CRS018,2025-09-03,2025-09-01,Completed,11.21,89
PRG0007114,STU00406,MOD00141,CRS018,2025-08-23,2025-10-13,Completed,9.65,29
PRG0007115,STU00406,MOD00017,CRS003,2025-06-12,2025-08-17,In Progress,1.88,6
PRG0007116,STU00406,MOD00018,CRS003,2025-07-07,2025-07-11,In Progress,1.29,88
PRG0007117,STU00406,MOD00019,CRS003,2025-06-19,2025-07-07,In Progress,2.21,45
PRG0007118,STU00406,MOD00020,CRS003,2025-06-17,2025-06-20,Completed,4.36,55
PRG0007119,STU00406,MOD00021,CRS003,2025-07-08,2025-08-01,In Progress,1.1,57
PRG0007120,STU00406,MOD00022,CRS003,2025-07-11,2025-07-02,Completed,13.09,93
PRG0007121,STU00406,MOD00023,CRS003,2025-06-16,2025-07-31,In Progress,5.37,7
PRG0007122,STU00406,MOD00024,CRS003,2025-06-29,2025-08-05,Not Started,6.93,14
PRG0007123,STU00406,MOD00041,CRS006,2025-06-07,2025-05-14,Completed,1.02,30
PRG0007124,STU00406,MOD00042,CRS006,2025-06-03,2025-07-23,Completed,3.29,61
PRG0007125,STU00406,MOD00043,CRS006,2025-05-26,2025-06-08,In Progress,1.13,67
PRG0007126,STU00406,MOD00044,CRS006,2025-06-08,2025-06-07,Completed,9.17,82
PRG0007127,STU00406,MOD00045,CRS006,2025-05-12,2025-07-01,Completed,3.63,63
PRG0007128,STU00406,MOD00046,CRS006,2025-06-05,2025-06-24,Completed,6.79,3
PRG0007129,STU00406,MOD00047,CRS006,2025-05-21,2025-05-18,In Progress,1.67,27
PRG0007130,STU00406,MOD00048,CRS006,2025-05-31,2025-07-30,Completed,1.24,90
PRG0007131,STU00407,MOD00058,CRS008,2026-02-22,2026-03-12,In Progress,8.43,39
PRG0007132,STU00407,MOD00064,CRS008,2026-02-05,2026-02-01,Completed,5.65,89
PRG0007133,STU00408,MOD00081,CRS011,2025-09-21,2025-11-15,In Progress,1.28,51
PRG0007134,STU00408,MOD00082,CRS011,2025-09-04,2025-11-21,Completed,10.27,39
PRG0007135,STU00408,MOD00083,CRS011,2025-09-18,2025-09-28,Completed,5.96,78
PRG0007136,STU00408,MOD00084,CRS011,2025-09-05,2025-09-13,Completed,4.91,89
PRG0007137,STU00408,MOD00085,CRS011,2025-09-04,2025-11-02,Completed,3.16,2
PRG0007138,STU00408,MOD00086,CRS011,2025-09-22,2025-09-07,Completed,3.89,43
PRG0007139,STU00408,MOD00087,CRS011,2025-09-07,2025-09-15,Completed,7.24,82
PRG0007140,STU00408,MOD00088,CRS011,2025-09-28,2025-09-18,In Progress,3.17,6
PRG0007141,STU00408,MOD00121,CRS016,2025-08-30,2025-10-03,Completed,3.47,74
PRG0007142,STU00408,MOD00122,CRS016,2025-08-26,2025-10-16,Completed,1.86,46
PRG0007143,STU00408,MOD00124,CRS016,2025-08-24,2025-09-09,In Progress,3.11,9
PRG0007144,STU00408,MOD00126,CRS016,2025-09-03,2025-11-11,Not Started,4.95,25
PRG0007145,STU00408,MOD00127,CRS016,2025-08-17,2025-10-16,Completed,1.99,7
PRG0007146,STU00408,MOD00128,CRS016,2025-08-14,2025-08-17,Completed,6.13,0
PRG0007147,STU00408,MOD00097,CRS013,2025-05-12,2025-07-26,Completed,13.12,64
PRG0007148,STU00408,MOD00098,CRS013,2025-05-12,2025-06-07,Not Started,7.5,51
PRG0007149,STU00408,MOD00099,CRS013,2025-05-26,2025-07-23,Completed,4.71,62
PRG0007150,STU00408,MOD00100,CRS013,2025-05-22,2025-06-20,Completed,3.6,10
PRG0007151,STU00408,MOD00101,CRS013,2025-05-20,2025-06-25,Completed,1.53,76
PRG0007152,STU00408,MOD00102,CRS013,2025-05-12,2025-07-20,Completed,3.35,51
PRG0007153,STU00408,MOD00103,CRS013,2025-05-18,2025-07-27,Completed,3.41,59
PRG0007154,STU00408,MOD00104,CRS013,2025-06-02,2025-07-01,Completed,1.84,43
PRG0007155,STU00409,MOD00075,CRS010,2026-04-21,2026-05-17,Completed,2.7,66
PRG0007156,STU00409,MOD00078,CRS010,2026-04-21,2026-05-11,Completed,5.51,90
PRG0007157,STU00409,MOD00080,CRS010,2026-04-15,2026-06-02,In Progress,4.16,79
PRG0007158,STU00409,MOD00057,CRS008,2025-07-25,2025-10-13,Completed,8.83,45
PRG0007159,STU00409,MOD00058,CRS008,2025-08-07,2025-07-28,Completed,2.41,69
PRG0007160,STU00409,MOD00059,CRS008,2025-08-02,2025-09-10,Completed,3.24,38
PRG0007161,STU00409,MOD00060,CRS008,2025-08-11,2025-08-17,In Progress,10.6,29
PRG0007162,STU00409,MOD00061,CRS008,2025-08-08,2025-10-10,Completed,13.11,7
PRG0007163,STU00409,MOD00062,CRS008,2025-08-02,2025-09-01,Completed,10.23,77
PRG0007164,STU00409,MOD00063,CRS008,2025-07-31,2025-08-16,Completed,3.5,83
PRG0007165,STU00409,MOD00064,CRS008,2025-08-10,2025-10-01,Completed,2.98,75
PRG0007166,STU00409,MOD00131,CRS017,2025-10-19,2025-10-18,Completed,2.45,84
PRG0007167,STU00409,MOD00132,CRS017,2025-09-24,2025-10-13,Completed,5.07,62
PRG0007168,STU00409,MOD00134,CRS017,2025-10-08,2025-12-09,Completed,1.97,48
PRG0007169,STU00410,MOD00002,CRS001,2025-10-31,2025-10-31,In Progress,1.26,47
PRG0007170,STU00410,MOD00004,CRS001,2025-10-14,2025-12-23,Completed,11.22,32
PRG0007171,STU00410,MOD00008,CRS001,2025-10-19,2025-12-30,Completed,10.65,73
PRG0007172,STU00410,MOD00137,CRS018,2026-04-16,2026-04-14,In Progress,6.28,49
PRG0007173,STU00410,MOD00139,CRS018,2026-03-22,2026-04-21,Completed,3.66,5
PRG0007174,STU00410,MOD00140,CRS018,2026-04-10,2026-05-10,In Progress,14.83,23
PRG0007175,STU00410,MOD00143,CRS018,2026-03-21,2026-05-03,In Progress,2.31,61
PRG0007176,STU00410,MOD00144,CRS018,2026-04-16,2026-06-04,In Progress,1.37,5
PRG0007177,STU00410,MOD00065,CRS009,2025-12-15,2026-01-30,In Progress,3.58,2
PRG0007178,STU00410,MOD00066,CRS009,2025-11-24,2026-01-28,In Progress,7.05,28
PRG0007179,STU00410,MOD00067,CRS009,2025-11-30,2025-12-29,In Progress,1.46,77
PRG0007180,STU00410,MOD00068,CRS009,2025-12-12,2026-02-14,In Progress,4.82,96
PRG0007181,STU00410,MOD00069,CRS009,2025-11-29,2025-12-19,In Progress,6.32,13
PRG0007182,STU00410,MOD00070,CRS009,2025-12-08,2026-01-02,Completed,2.23,58
PRG0007183,STU00410,MOD00071,CRS009,2025-12-02,2025-12-22,Completed,2.66,25
PRG0007184,STU00410,MOD00072,CRS009,2025-12-19,2026-02-18,Completed,2.42,7
PRG0007185,STU00410,MOD00057,CRS008,2025-07-17,2025-08-15,Completed,1.28,41
PRG0007186,STU00410,MOD00058,CRS008,2025-07-26,2025-08-13,Completed,8.26,81
PRG0007187,STU00410,MOD00063,CRS008,2025-07-17,2025-07-30,Completed,2.36,34
PRG0007188,STU00410,MOD00064,CRS008,2025-07-11,2025-09-02,Completed,13.44,97
PRG0007189,STU00411,MOD00129,CRS017,2025-11-06,2025-12-06,In Progress,1.75,40
PRG0007190,STU00411,MOD00130,CRS017,2025-11-02,2025-10-20,In Progress,6.59,98
PRG0007191,STU00411,MOD00131,CRS017,2025-11-02,2025-11-01,Not Started,1.53,30
PRG0007192,STU00411,MOD00132,CRS017,2025-10-28,2025-11-24,Completed,3.64,89
PRG0007193,STU00411,MOD00133,CRS017,2025-10-22,2025-12-14,Completed,1.75,49
PRG0007194,STU00411,MOD00134,CRS017,2025-11-07,2025-12-01,Completed,6.42,32
PRG0007195,STU00411,MOD00135,CRS017,2025-10-30,2025-11-29,Completed,10.88,7
PRG0007196,STU00411,MOD00136,CRS017,2025-11-03,2025-12-26,Completed,4.3,65
PRG0007197,STU00411,MOD00057,CRS008,2025-07-03,2025-08-31,Completed,5.8,54
PRG0007198,STU00411,MOD00058,CRS008,2025-06-19,2025-08-11,Completed,7.46,71
PRG0007199,STU00411,MOD00059,CRS008,2025-06-20,2025-07-24,Completed,1.0,28
PRG0007200,STU00411,MOD00060,CRS008,2025-06-20,2025-06-21,Completed,2.43,24
PRG0007201,STU00411,MOD00061,CRS008,2025-06-26,2025-06-06,In Progress,7.65,100
PRG0007202,STU00411,MOD00062,CRS008,2025-07-01,2025-07-21,In Progress,9.06,55
PRG0007203,STU00411,MOD00063,CRS008,2025-06-10,2025-08-17,Completed,3.34,61
PRG0007204,STU00411,MOD00064,CRS008,2025-06-10,2025-08-03,Completed,4.15,86
PRG0007205,STU00411,MOD00105,CRS014,2026-02-13,2026-03-01,Completed,5.84,96
PRG0007206,STU00411,MOD00107,CRS014,2026-02-08,2026-03-19,Completed,4.94,30
PRG0007207,STU00411,MOD00108,CRS014,2026-01-29,2026-04-11,Not Started,3.54,6
PRG0007208,STU00411,MOD00110,CRS014,2026-01-21,2026-03-04,Completed,4.64,50
PRG0007209,STU00411,MOD00111,CRS014,2026-02-17,2026-04-20,Completed,4.31,98
PRG0007210,STU00411,MOD00112,CRS014,2026-02-19,2026-01-22,Completed,2.12,83
PRG0007211,STU00411,MOD00145,CRS019,2025-07-26,2025-09-29,In Progress,1.58,57
PRG0007212,STU00411,MOD00146,CRS019,2025-07-29,2025-08-02,Completed,3.15,92
PRG0007213,STU00411,MOD00147,CRS019,2025-07-29,2025-09-07,Completed,10.36,45
PRG0007214,STU00411,MOD00148,CRS019,2025-07-18,2025-08-01,Completed,2.94,99
PRG0007215,STU00411,MOD00149,CRS019,2025-07-02,2025-07-19,In Progress,9.68,84
PRG0007216,STU00411,MOD00150,CRS019,2025-07-24,2025-08-02,Completed,3.02,22
PRG0007217,STU00411,MOD00151,CRS019,2025-07-03,2025-07-22,In Progress,2.99,33
PRG0007218,STU00411,MOD00152,CRS019,2025-07-19,2025-07-03,Completed,2.49,67
PRG0007219,STU00412,MOD00137,CRS018,2025-12-28,2026-02-24,In Progress,14.41,81
PRG0007220,STU00412,MOD00138,CRS018,2025-12-22,2026-02-01,Completed,6.77,32
PRG0007221,STU00412,MOD00139,CRS018,2025-12-10,2026-02-06,Completed,3.2,59
PRG0007222,STU00412,MOD00140,CRS018,2025-12-16,2026-02-01,Completed,3.71,100
PRG0007223,STU00412,MOD00141,CRS018,2025-12-07,2026-01-18,In Progress,2.72,51
PRG0007224,STU00412,MOD00142,CRS018,2025-12-28,2026-02-06,Completed,11.26,10
PRG0007225,STU00412,MOD00143,CRS018,2025-12-21,2026-02-07,Completed,2.9,89
PRG0007226,STU00412,MOD00144,CRS018,2025-12-11,2025-12-15,Completed,3.95,50
PRG0007227,STU00412,MOD00033,CRS005,2026-04-10,2026-03-30,Completed,4.88,86
PRG0007228,STU00412,MOD00034,CRS005,2026-04-02,2026-05-23,Completed,5.62,93
PRG0007229,STU00412,MOD00035,CRS005,2026-04-11,2026-05-04,Completed,11.31,64
PRG0007230,STU00412,MOD00036,CRS005,2026-03-23,2026-05-13,Completed,6.98,23
PRG0007231,STU00412,MOD00037,CRS005,2026-03-29,2026-05-05,In Progress,2.78,70
PRG0007232,STU00412,MOD00038,CRS005,2026-03-15,2026-06-10,Completed,2.37,56
PRG0007233,STU00412,MOD00039,CRS005,2026-03-22,2026-05-20,In Progress,3.87,78
PRG0007234,STU00412,MOD00040,CRS005,2026-03-28,2026-05-22,Completed,2.12,40
PRG0007235,STU00412,MOD00049,CRS007,2026-01-01,2026-01-04,In Progress,1.95,97
PRG0007236,STU00412,MOD00050,CRS007,2026-01-24,2026-02-26,Completed,5.26,16
PRG0007237,STU00412,MOD00052,CRS007,2026-01-27,2026-01-13,Not Started,3.77,40
PRG0007238,STU00412,MOD00053,CRS007,2026-01-05,2026-01-24,Not Started,4.62,72
PRG0007239,STU00412,MOD00054,CRS007,2026-01-14,2026-01-12,In Progress,2.94,57
PRG0007240,STU00412,MOD00055,CRS007,2026-01-13,2026-02-28,Completed,3.14,85
PRG0007241,STU00412,MOD00056,CRS007,2026-01-26,2026-01-15,Completed,10.92,50
PRG0007242,STU00412,MOD00145,CRS019,2025-06-14,2025-08-17,Completed,2.4,37
PRG0007243,STU00412,MOD00146,CRS019,2025-06-17,2025-06-09,In Progress,7.25,31
PRG0007244,STU00412,MOD00147,CRS019,2025-07-06,2025-06-30,In Progress,1.97,12
PRG0007245,STU00412,MOD00148,CRS019,2025-07-07,2025-07-16,In Progress,1.9,98
PRG0007246,STU00412,MOD00150,CRS019,2025-06-25,2025-08-22,In Progress,3.33,73
PRG0007247,STU00412,MOD00151,CRS019,2025-07-01,2025-08-04,Completed,1.46,89
PRG0007248,STU00412,MOD00152,CRS019,2025-06-07,2025-07-24,Completed,3.3,16
PRG0007249,STU00413,MOD00033,CRS005,2025-05-11,2025-05-19,In Progress,11.02,27
PRG0007250,STU00413,MOD00034,CRS005,2025-05-21,2025-06-29,In Progress,7.91,100
PRG0007251,STU00413,MOD00035,CRS005,2025-05-25,2025-07-28,Completed,10.61,29
PRG0007252,STU00413,MOD00036,CRS005,2025-05-23,2025-06-10,Completed,9.09,38
PRG0007253,STU00413,MOD00038,CRS005,2025-05-19,2025-07-24,Completed,1.41,84
PRG0007254,STU00413,MOD00039,CRS005,2025-06-09,2025-06-04,In Progress,7.27,57
PRG0007255,STU00413,MOD00105,CRS014,2025-11-29,2025-11-13,Completed,4.55,2
PRG0007256,STU00413,MOD00106,CRS014,2025-12-06,2026-01-23,Completed,7.78,17
PRG0007257,STU00413,MOD00107,CRS014,2025-11-11,2026-01-27,In Progress,3.93,33
PRG0007258,STU00413,MOD00108,CRS014,2025-11-29,2026-01-29,Completed,7.03,84
PRG0007259,STU00413,MOD00109,CRS014,2025-12-07,2025-12-01,Completed,6.5,26
PRG0007260,STU00413,MOD00110,CRS014,2025-11-13,2025-11-25,Completed,14.03,27
PRG0007261,STU00413,MOD00111,CRS014,2025-12-02,2026-01-24,In Progress,1.96,96
PRG0007262,STU00413,MOD00112,CRS014,2025-11-28,2025-11-15,Completed,2.78,99
PRG0007263,STU00413,MOD00153,CRS020,2025-08-07,2025-10-09,Not Started,5.04,38
PRG0007264,STU00413,MOD00154,CRS020,2025-07-27,2025-07-25,Completed,14.83,7
PRG0007265,STU00413,MOD00155,CRS020,2025-07-26,2025-09-18,Completed,3.61,39
PRG0007266,STU00413,MOD00156,CRS020,2025-08-10,2025-07-18,Completed,10.24,87
PRG0007267,STU00413,MOD00157,CRS020,2025-07-22,2025-09-06,Completed,1.75,89
PRG0007268,STU00413,MOD00158,CRS020,2025-07-17,2025-08-19,Completed,4.0,0
PRG0007269,STU00413,MOD00159,CRS020,2025-07-29,2025-08-17,Completed,2.28,13
PRG0007270,STU00413,MOD00160,CRS020,2025-07-25,2025-08-18,Completed,6.88,94
PRG0007271,STU00413,MOD00041,CRS006,2025-10-12,2025-10-05,In Progress,7.64,94
PRG0007272,STU00413,MOD00043,CRS006,2025-10-20,2025-12-13,In Progress,1.31,8
PRG0007273,STU00413,MOD00044,CRS006,2025-10-03,2025-10-03,Completed,6.83,89
PRG0007274,STU00413,MOD00045,CRS006,2025-09-24,2025-11-11,Not Started,2.97,81
PRG0007275,STU00413,MOD00046,CRS006,2025-10-06,2025-09-28,Not Started,11.89,9
PRG0007276,STU00413,MOD00047,CRS006,2025-10-10,2025-09-26,Completed,2.03,84
PRG0007277,STU00413,MOD00048,CRS006,2025-10-17,2025-11-17,Completed,2.93,26
PRG0007278,STU00413,MOD00083,CRS011,2026-03-16,2026-05-25,Completed,2.2,0
PRG0007279,STU00413,MOD00088,CRS011,2026-04-02,2026-05-28,Not Started,3.77,45
PRG0007280,STU00414,MOD00004,CRS001,2025-06-16,2025-09-02,Not Started,8.01,94
PRG0007281,STU00414,MOD00081,CRS011,2025-12-29,2026-01-12,Not Started,4.22,33
PRG0007282,STU00414,MOD00082,CRS011,2025-12-21,2026-03-04,Completed,5.45,12
PRG0007283,STU00414,MOD00083,CRS011,2025-12-22,2025-12-31,Completed,3.69,42
PRG0007284,STU00414,MOD00084,CRS011,2025-12-24,2026-01-31,In Progress,10.41,100
PRG0007285,STU00414,MOD00085,CRS011,2025-12-06,2026-02-24,Completed,3.4,72
PRG0007286,STU00414,MOD00086,CRS011,2025-12-04,2026-01-04,Completed,3.72,9
PRG0007287,STU00414,MOD00087,CRS011,2025-12-30,2026-01-25,Completed,10.62,79
PRG0007288,STU00414,MOD00088,CRS011,2025-12-15,2025-12-24,Completed,2.78,42
PRG0007289,STU00415,MOD00073,CRS010,2026-04-17,2026-05-09,Completed,5.65,33
PRG0007290,STU00415,MOD00074,CRS010,2026-03-27,2026-06-07,Completed,6.6,4
PRG0007291,STU00415,MOD00075,CRS010,2026-04-06,2026-06-16,In Progress,2.17,18
PRG0007292,STU00415,MOD00076,CRS010,2026-04-19,2026-05-30,In Progress,4.08,65
PRG0007293,STU00415,MOD00077,CRS010,2026-04-09,2026-05-30,Completed,2.67,27
PRG0007294,STU00415,MOD00078,CRS010,2026-03-27,2026-04-01,Completed,2.84,70
PRG0007295,STU00415,MOD00079,CRS010,2026-04-03,2026-06-02,In Progress,5.28,45
PRG0007296,STU00415,MOD00080,CRS010,2026-03-22,2026-05-19,Completed,2.61,70
PRG0007297,STU00415,MOD00113,CRS015,2026-01-16,2026-04-02,Completed,10.15,35
PRG0007298,STU00415,MOD00114,CRS015,2026-01-17,2026-01-26,Completed,3.67,90
PRG0007299,STU00415,MOD00117,CRS015,2026-01-17,2026-02-21,Completed,2.25,93
PRG0007300,STU00415,MOD00065,CRS009,2026-02-06,2026-02-18,Completed,1.52,92
PRG0007301,STU00415,MOD00066,CRS009,2026-02-06,2026-02-27,Completed,4.1,31
PRG0007302,STU00415,MOD00067,CRS009,2026-01-28,2026-02-04,Completed,3.35,10
PRG0007303,STU00415,MOD00068,CRS009,2026-01-19,2026-02-05,In Progress,8.88,88
PRG0007304,STU00415,MOD00071,CRS009,2026-01-17,2026-01-25,Not Started,1.73,24
PRG0007305,STU00415,MOD00072,CRS009,2026-01-19,2026-02-28,Completed,1.51,63
PRG0007306,STU00415,MOD00033,CRS005,2026-01-19,2026-01-31,Completed,11.64,65
PRG0007307,STU00415,MOD00034,CRS005,2026-01-21,2026-02-18,In Progress,1.3,51
PRG0007308,STU00415,MOD00035,CRS005,2026-02-14,2026-02-03,Not Started,6.76,9
PRG0007309,STU00415,MOD00036,CRS005,2026-01-28,2026-03-10,Not Started,6.35,66
PRG0007310,STU00415,MOD00037,CRS005,2026-02-07,2026-04-08,Completed,1.15,21
PRG0007311,STU00415,MOD00038,CRS005,2026-01-23,2026-04-16,Completed,2.47,74
PRG0007312,STU00415,MOD00039,CRS005,2026-01-26,2026-03-05,In Progress,4.12,59
PRG0007313,STU00415,MOD00040,CRS005,2026-01-21,2026-02-14,Completed,5.21,24
PRG0007314,STU00416,MOD00153,CRS020,2026-03-20,2026-03-24,Completed,3.0,50
PRG0007315,STU00416,MOD00154,CRS020,2026-03-16,2026-05-15,Completed,7.81,84
PRG0007316,STU00416,MOD00155,CRS020,2026-03-12,2026-04-21,Not Started,6.64,93
PRG0007317,STU00416,MOD00156,CRS020,2026-03-31,2026-03-13,Completed,6.83,0
PRG0007318,STU00416,MOD00157,CRS020,2026-04-08,2026-04-15,Completed,7.09,55
PRG0007319,STU00416,MOD00158,CRS020,2026-03-23,2026-03-31,Completed,6.57,22
PRG0007320,STU00416,MOD00159,CRS020,2026-04-02,2026-05-15,Completed,6.84,15
PRG0007321,STU00416,MOD00160,CRS020,2026-04-06,2026-04-28,Completed,9.71,44
PRG0007322,STU00416,MOD00066,CRS009,2025-12-03,2025-11-21,Completed,4.19,70
PRG0007323,STU00416,MOD00067,CRS009,2025-11-21,2025-12-28,Completed,3.76,31
PRG0007324,STU00416,MOD00068,CRS009,2025-11-14,2025-11-28,Completed,3.18,70
PRG0007325,STU00416,MOD00069,CRS009,2025-11-18,2026-01-17,Completed,7.11,21
PRG0007326,STU00416,MOD00070,CRS009,2025-11-11,2026-02-03,Completed,4.12,79
PRG0007327,STU00416,MOD00071,CRS009,2025-12-09,2026-01-08,Not Started,5.8,99
PRG0007328,STU00416,MOD00072,CRS009,2025-11-30,2025-12-12,In Progress,1.29,39
PRG0007329,STU00416,MOD00057,CRS008,2025-11-14,2025-12-21,Completed,1.89,31
PRG0007330,STU00416,MOD00058,CRS008,2025-10-30,2025-12-07,Completed,3.98,7
PRG0007331,STU00416,MOD00059,CRS008,2025-11-16,2025-11-06,Completed,1.23,2
PRG0007332,STU00416,MOD00060,CRS008,2025-10-22,2025-11-15,Completed,6.3,39
PRG0007333,STU00416,MOD00061,CRS008,2025-10-28,2025-11-20,Completed,6.98,86
PRG0007334,STU00416,MOD00062,CRS008,2025-10-19,2025-12-06,Completed,12.35,17
PRG0007335,STU00416,MOD00063,CRS008,2025-11-16,2025-12-20,Not Started,1.08,84
PRG0007336,STU00416,MOD00064,CRS008,2025-10-20,2025-11-28,Completed,5.99,83
PRG0007337,STU00416,MOD00137,CRS018,2026-04-11,2026-05-30,Not Started,10.74,44
PRG0007338,STU00416,MOD00138,CRS018,2026-04-11,2026-05-19,In Progress,2.99,8
PRG0007339,STU00416,MOD00139,CRS018,2026-03-24,2026-05-21,In Progress,4.93,79
PRG0007340,STU00416,MOD00140,CRS018,2026-04-07,2026-04-15,In Progress,10.89,24
PRG0007341,STU00416,MOD00141,CRS018,2026-04-06,2026-05-28,Completed,1.56,14
PRG0007342,STU00416,MOD00142,CRS018,2026-04-12,2026-04-30,Completed,1.52,99
PRG0007343,STU00416,MOD00143,CRS018,2026-03-29,2026-04-10,Completed,1.43,100
PRG0007344,STU00416,MOD00144,CRS018,2026-04-19,2026-03-26,In Progress,1.5,89
PRG0007345,STU00416,MOD00129,CRS017,2025-10-28,2025-11-08,Completed,4.59,17
PRG0007346,STU00416,MOD00130,CRS017,2025-10-27,2025-10-21,In Progress,3.56,14
PRG0007347,STU00416,MOD00131,CRS017,2025-11-09,2025-10-20,Completed,1.81,79
PRG0007348,STU00416,MOD00132,CRS017,2025-10-25,2025-11-19,In Progress,5.56,52
PRG0007349,STU00416,MOD00133,CRS017,2025-10-11,2025-12-12,Completed,8.55,67
PRG0007350,STU00416,MOD00134,CRS017,2025-10-28,2025-11-22,In Progress,9.71,15
PRG0007351,STU00416,MOD00135,CRS017,2025-10-27,2025-12-08,Completed,7.41,25
PRG0007352,STU00416,MOD00136,CRS017,2025-10-20,2026-01-01,Completed,8.38,51
PRG0007353,STU00417,MOD00121,CRS016,2026-01-03,2026-01-30,Completed,6.04,22
PRG0007354,STU00417,MOD00122,CRS016,2025-12-31,2026-02-04,In Progress,2.08,36
PRG0007355,STU00417,MOD00123,CRS016,2026-01-14,2026-03-07,In Progress,1.89,35
PRG0007356,STU00417,MOD00124,CRS016,2026-01-08,2026-02-24,Completed,1.17,85
PRG0007357,STU00417,MOD00125,CRS016,2026-01-11,2026-03-21,Completed,1.13,63
PRG0007358,STU00417,MOD00126,CRS016,2026-01-11,2026-01-31,Completed,1.48,93
PRG0007359,STU00417,MOD00127,CRS016,2025-12-30,2026-02-26,In Progress,2.61,39
PRG0007360,STU00417,MOD00128,CRS016,2026-01-05,2026-03-10,In Progress,4.86,54
PRG0007361,STU00417,MOD00089,CRS012,2026-03-05,2026-04-08,In Progress,11.28,14
PRG0007362,STU00417,MOD00090,CRS012,2026-03-04,2026-02-26,Completed,8.37,94
PRG0007363,STU00417,MOD00091,CRS012,2026-03-02,2026-05-10,Completed,8.82,59
PRG0007364,STU00417,MOD00092,CRS012,2026-03-01,2026-04-14,Not Started,3.59,47
PRG0007365,STU00417,MOD00093,CRS012,2026-03-02,2026-03-19,In Progress,4.03,81
PRG0007366,STU00417,MOD00094,CRS012,2026-03-08,2026-04-24,In Progress,12.3,13
PRG0007367,STU00417,MOD00095,CRS012,2026-03-03,2026-03-30,In Progress,1.6,27
PRG0007368,STU00417,MOD00096,CRS012,2026-02-24,2026-05-08,In Progress,8.91,43
PRG0007369,STU00417,MOD00041,CRS006,2026-02-13,2026-01-28,In Progress,9.42,92
PRG0007370,STU00417,MOD00042,CRS006,2026-02-21,2026-03-22,In Progress,3.91,80
PRG0007371,STU00417,MOD00043,CRS006,2026-02-03,2026-02-20,Completed,1.13,62
PRG0007372,STU00417,MOD00044,CRS006,2026-02-17,2026-02-27,Completed,7.59,44
PRG0007373,STU00417,MOD00045,CRS006,2026-01-27,2026-04-16,Completed,5.07,45
PRG0007374,STU00417,MOD00046,CRS006,2026-02-15,2026-02-10,Completed,5.03,43
PRG0007375,STU00417,MOD00097,CRS013,2026-02-22,2026-02-09,Completed,5.04,68
PRG0007376,STU00417,MOD00098,CRS013,2026-02-05,2026-02-15,Not Started,4.23,19
PRG0007377,STU00417,MOD00099,CRS013,2026-02-18,2026-03-02,Completed,3.46,64
PRG0007378,STU00417,MOD00100,CRS013,2026-02-20,2026-02-15,Completed,1.83,35
PRG0007379,STU00417,MOD00101,CRS013,2026-02-08,2026-03-05,Not Started,1.81,58
PRG0007380,STU00417,MOD00102,CRS013,2026-02-05,2026-02-16,In Progress,4.34,87
PRG0007381,STU00417,MOD00103,CRS013,2026-02-03,2026-04-02,Completed,1.16,52
PRG0007382,STU00417,MOD00104,CRS013,2026-02-02,2026-03-24,Completed,1.27,73
PRG0007383,STU00417,MOD00153,CRS020,2025-12-25,2026-03-06,Completed,5.68,79
PRG0007384,STU00417,MOD00154,CRS020,2025-12-27,2025-12-30,Completed,1.01,93
PRG0007385,STU00417,MOD00159,CRS020,2026-01-14,2026-02-03,Not Started,7.5,34
PRG0007386,STU00418,MOD00105,CRS014,2025-04-27,2025-05-18,Completed,2.32,13
PRG0007387,STU00418,MOD00106,CRS014,2025-04-15,2025-04-20,In Progress,8.45,4
PRG0007388,STU00418,MOD00107,CRS014,2025-04-27,2025-06-17,Completed,1.38,7
PRG0007389,STU00418,MOD00108,CRS014,2025-04-28,2025-05-04,Completed,3.61,46
PRG0007390,STU00418,MOD00109,CRS014,2025-05-15,2025-06-14,Completed,6.72,60
PRG0007391,STU00418,MOD00110,CRS014,2025-04-20,2025-06-28,Completed,5.72,55
PRG0007392,STU00418,MOD00111,CRS014,2025-04-17,2025-05-20,In Progress,2.06,22
PRG0007393,STU00418,MOD00112,CRS014,2025-04-30,2025-04-21,Not Started,1.43,87
PRG0007394,STU00418,MOD00058,CRS008,2026-04-02,2026-06-09,Completed,5.94,76
PRG0007395,STU00418,MOD00064,CRS008,2026-04-15,2026-05-19,Completed,7.08,50
PRG0007396,STU00418,MOD00050,CRS007,2026-03-06,2026-04-16,Completed,3.67,64
PRG0007397,STU00418,MOD00053,CRS007,2026-02-09,2026-03-06,Completed,3.28,87
PRG0007398,STU00418,MOD00055,CRS007,2026-02-13,2026-04-16,Completed,5.62,21
PRG0007399,STU00418,MOD00056,CRS007,2026-02-21,2026-04-12,Completed,4.37,67
PRG0007400,STU00419,MOD00153,CRS020,2025-10-14,2025-12-27,Completed,2.81,87
PRG0007401,STU00419,MOD00156,CRS020,2025-10-15,2025-10-22,Not Started,7.77,53
PRG0007402,STU00419,MOD00157,CRS020,2025-10-30,2025-11-23,Completed,3.95,59
PRG0007403,STU00419,MOD00159,CRS020,2025-10-25,2025-12-20,Completed,2.65,38
PRG0007404,STU00419,MOD00121,CRS016,2025-11-19,2026-01-25,In Progress,10.47,39
PRG0007405,STU00419,MOD00122,CRS016,2025-11-19,2025-11-17,Completed,2.93,54
PRG0007406,STU00419,MOD00123,CRS016,2025-11-27,2026-01-30,Not Started,1.53,10
PRG0007407,STU00419,MOD00124,CRS016,2025-11-08,2025-12-11,Completed,4.02,4
PRG0007408,STU00419,MOD00125,CRS016,2025-11-28,2025-12-31,Completed,2.76,42
PRG0007409,STU00419,MOD00126,CRS016,2025-11-17,2025-12-30,In Progress,7.66,30
PRG0007410,STU00419,MOD00127,CRS016,2025-12-03,2025-12-01,Not Started,3.61,85
PRG0007411,STU00419,MOD00128,CRS016,2025-11-17,2025-12-28,Completed,6.1,45
PRG0007412,STU00419,MOD00081,CRS011,2026-03-24,2026-06-05,Completed,6.92,40
PRG0007413,STU00419,MOD00082,CRS011,2026-04-14,2026-04-22,Completed,3.33,51
PRG0007414,STU00419,MOD00083,CRS011,2026-03-24,2026-04-06,Completed,5.67,43
PRG0007415,STU00419,MOD00084,CRS011,2026-04-02,2026-06-08,In Progress,10.54,22
PRG0007416,STU00419,MOD00085,CRS011,2026-04-09,2026-04-01,Completed,2.89,17
PRG0007417,STU00419,MOD00086,CRS011,2026-03-26,2026-06-08,Completed,2.22,69
PRG0007418,STU00419,MOD00087,CRS011,2026-04-08,2026-05-18,Completed,13.05,49
PRG0007419,STU00419,MOD00088,CRS011,2026-04-03,2026-05-09,In Progress,1.57,85
PRG0007420,STU00419,MOD00113,CRS015,2025-09-21,2025-10-09,In Progress,13.57,66
PRG0007421,STU00419,MOD00114,CRS015,2025-09-20,2025-09-23,Completed,1.15,74
PRG0007422,STU00419,MOD00115,CRS015,2025-08-30,2025-11-16,Completed,7.42,93
PRG0007423,STU00419,MOD00116,CRS015,2025-08-29,2025-10-23,Completed,4.14,81
PRG0007424,STU00419,MOD00117,CRS015,2025-09-18,2025-11-13,Completed,3.98,53
PRG0007425,STU00419,MOD00118,CRS015,2025-09-04,2025-11-14,Completed,6.96,2
PRG0007426,STU00419,MOD00119,CRS015,2025-09-03,2025-10-16,Completed,1.33,6
PRG0007427,STU00419,MOD00120,CRS015,2025-08-27,2025-10-25,Not Started,1.05,25
PRG0007428,STU00420,MOD00081,CRS011,2026-01-09,2025-12-22,Completed,6.68,79
PRG0007429,STU00420,MOD00082,CRS011,2025-12-20,2026-01-19,In Progress,6.66,11
PRG0007430,STU00420,MOD00083,CRS011,2026-01-09,2026-01-03,Completed,5.49,57
PRG0007431,STU00420,MOD00084,CRS011,2026-01-03,2026-03-02,Completed,3.46,18
PRG0007432,STU00420,MOD00085,CRS011,2026-01-11,2026-02-22,In Progress,6.68,41
PRG0007433,STU00420,MOD00086,CRS011,2026-01-03,2026-02-11,In Progress,1.44,31
PRG0007434,STU00420,MOD00087,CRS011,2026-01-12,2026-01-20,Not Started,11.23,65
PRG0007435,STU00420,MOD00088,CRS011,2026-01-12,2026-01-28,Completed,2.65,65
PRG0007436,STU00420,MOD00097,CRS013,2025-09-26,2025-10-22,In Progress,2.47,85
PRG0007437,STU00420,MOD00098,CRS013,2025-09-09,2025-12-02,Completed,5.72,64
PRG0007438,STU00420,MOD00099,CRS013,2025-09-07,2025-11-23,Completed,6.79,33
PRG0007439,STU00420,MOD00100,CRS013,2025-09-13,2025-10-07,Completed,2.15,18
PRG0007440,STU00420,MOD00101,CRS013,2025-10-01,2025-10-16,Completed,1.25,61
PRG0007441,STU00420,MOD00102,CRS013,2025-09-15,2025-09-25,Completed,1.81,17
PRG0007442,STU00420,MOD00103,CRS013,2025-09-29,2025-11-08,Completed,4.13,13
PRG0007443,STU00420,MOD00104,CRS013,2025-09-18,2025-10-08,Completed,1.4,12
PRG0007444,STU00420,MOD00138,CRS018,2025-12-28,2025-12-25,Completed,6.9,32
PRG0007445,STU00420,MOD00139,CRS018,2025-12-03,2026-02-25,Completed,5.07,99
PRG0007446,STU00420,MOD00141,CRS018,2025-12-18,2026-01-22,Completed,14.43,75
PRG0007447,STU00420,MOD00144,CRS018,2025-12-19,2026-01-25,Completed,3.53,94
PRG0007448,STU00420,MOD00129,CRS017,2026-04-09,2026-04-19,In Progress,3.03,95
PRG0007449,STU00420,MOD00130,CRS017,2026-04-29,2026-05-31,Completed,8.48,65
PRG0007450,STU00420,MOD00131,CRS017,2026-04-28,2026-04-17,In Progress,1.91,24
PRG0007451,STU00420,MOD00132,CRS017,2026-04-02,2026-06-13,In Progress,3.69,51
PRG0007452,STU00420,MOD00133,CRS017,2026-04-10,2026-04-06,In Progress,12.72,55
PRG0007453,STU00420,MOD00134,CRS017,2026-04-20,2026-06-04,Completed,10.96,8
PRG0007454,STU00420,MOD00136,CRS017,2026-04-22,2026-05-23,In Progress,3.89,79
PRG0007455,STU00421,MOD00010,CRS002,2025-06-16,2025-08-02,Completed,11.31,74
PRG0007456,STU00421,MOD00012,CRS002,2025-05-22,2025-06-04,Completed,3.2,39
PRG0007457,STU00421,MOD00057,CRS008,2025-11-16,2025-10-27,In Progress,2.58,87
PRG0007458,STU00421,MOD00058,CRS008,2025-10-30,2025-12-03,In Progress,7.81,19
PRG0007459,STU00421,MOD00059,CRS008,2025-10-29,2025-12-29,Completed,3.67,90
PRG0007460,STU00421,MOD00061,CRS008,2025-10-30,2025-11-08,In Progress,9.5,16
PRG0007461,STU00421,MOD00063,CRS008,2025-11-17,2026-01-10,In Progress,1.67,65
PRG0007462,STU00421,MOD00064,CRS008,2025-11-18,2026-01-22,Completed,12.46,32
PRG0007463,STU00421,MOD00129,CRS017,2026-04-10,2026-04-13,Completed,1.88,46
PRG0007464,STU00421,MOD00130,CRS017,2026-04-23,2026-06-11,Completed,6.57,26
PRG0007465,STU00421,MOD00131,CRS017,2026-04-15,2026-04-13,Completed,1.63,94
PRG0007466,STU00421,MOD00133,CRS017,2026-04-06,2026-05-11,In Progress,10.15,86
PRG0007467,STU00421,MOD00136,CRS017,2026-04-14,2026-04-10,In Progress,8.71,8
PRG0007468,STU00421,MOD00097,CRS013,2025-05-25,2025-06-12,Not Started,3.74,44
PRG0007469,STU00421,MOD00098,CRS013,2025-06-02,2025-05-24,In Progress,7.97,27
PRG0007470,STU00421,MOD00099,CRS013,2025-06-02,2025-08-03,Completed,8.2,41
PRG0007471,STU00421,MOD00100,CRS013,2025-05-28,2025-07-05,Completed,7.27,88
PRG0007472,STU00421,MOD00101,CRS013,2025-05-14,2025-07-03,Not Started,1.27,82
PRG0007473,STU00421,MOD00102,CRS013,2025-06-05,2025-06-15,Completed,2.93,5
PRG0007474,STU00421,MOD00103,CRS013,2025-05-29,2025-06-21,Completed,1.41,71
PRG0007475,STU00421,MOD00104,CRS013,2025-06-12,2025-08-09,Not Started,7.05,84
PRG0007476,STU00422,MOD00050,CRS007,2025-10-04,2025-11-16,Not Started,8.46,25
PRG0007477,STU00422,MOD00051,CRS007,2025-10-08,2025-11-10,Completed,3.72,12
PRG0007478,STU00422,MOD00052,CRS007,2025-10-28,2025-12-05,Not Started,1.89,28
PRG0007479,STU00422,MOD00053,CRS007,2025-10-21,2025-11-06,In Progress,1.53,12
PRG0007480,STU00422,MOD00054,CRS007,2025-09-29,2025-11-09,Completed,1.45,87
PRG0007481,STU00422,MOD00055,CRS007,2025-10-23,2025-12-24,In Progress,5.16,48
PRG0007482,STU00422,MOD00056,CRS007,2025-10-03,2025-12-02,In Progress,7.05,53
PRG0007483,STU00423,MOD00073,CRS010,2026-02-17,2026-03-08,Not Started,6.23,22
PRG0007484,STU00423,MOD00074,CRS010,2026-02-13,2026-03-28,In Progress,6.65,0
PRG0007485,STU00423,MOD00075,CRS010,2026-01-31,2026-04-09,In Progress,1.28,76
PRG0007486,STU00423,MOD00076,CRS010,2026-01-23,2026-01-26,Completed,6.27,21
PRG0007487,STU00423,MOD00077,CRS010,2026-01-21,2026-04-08,In Progress,1.37,48
PRG0007488,STU00423,MOD00078,CRS010,2026-02-05,2026-04-10,Completed,4.72,71
PRG0007489,STU00423,MOD00079,CRS010,2026-01-27,2026-03-23,Not Started,1.2,99
PRG0007490,STU00423,MOD00080,CRS010,2026-02-07,2026-02-07,In Progress,2.21,15
PRG0007491,STU00423,MOD00153,CRS020,2025-12-17,2026-01-18,In Progress,2.69,13
PRG0007492,STU00423,MOD00154,CRS020,2025-12-16,2026-01-06,Completed,11.26,34
PRG0007493,STU00423,MOD00155,CRS020,2025-12-26,2026-02-05,Completed,5.17,43
PRG0007494,STU00423,MOD00156,CRS020,2025-12-21,2026-01-30,In Progress,7.01,74
PRG0007495,STU00423,MOD00157,CRS020,2025-12-15,2025-12-24,Completed,7.27,7
PRG0007496,STU00423,MOD00158,CRS020,2025-12-19,2026-01-02,Completed,10.14,27
PRG0007497,STU00423,MOD00159,CRS020,2025-12-27,2026-01-18,Completed,10.45,23
PRG0007498,STU00423,MOD00160,CRS020,2026-01-06,2026-01-03,Completed,6.89,54
PRG0007499,STU00423,MOD00113,CRS015,2025-08-23,2025-09-06,Completed,6.03,89
PRG0007500,STU00423,MOD00115,CRS015,2025-08-15,2025-08-11,In Progress,6.79,99
PRG0007501,STU00423,MOD00116,CRS015,2025-08-04,2025-10-02,Completed,8.45,90
PRG0007502,STU00423,MOD00118,CRS015,2025-08-01,2025-09-09,In Progress,8.67,34
PRG0007503,STU00423,MOD00119,CRS015,2025-08-19,2025-09-19,Completed,3.63,64
PRG0007504,STU00423,MOD00120,CRS015,2025-07-30,2025-09-26,In Progress,4.38,55
PRG0007505,STU00423,MOD00041,CRS006,2025-08-03,2025-10-18,Completed,11.6,44
PRG0007506,STU00423,MOD00042,CRS006,2025-08-16,2025-09-01,Not Started,3.82,54
PRG0007507,STU00423,MOD00043,CRS006,2025-08-13,2025-10-15,Completed,6.06,16
PRG0007508,STU00423,MOD00044,CRS006,2025-08-14,2025-09-19,Completed,12.23,77
PRG0007509,STU00423,MOD00045,CRS006,2025-08-11,2025-08-17,Completed,3.11,80
PRG0007510,STU00423,MOD00046,CRS006,2025-08-11,2025-10-11,Completed,10.16,78
PRG0007511,STU00423,MOD00047,CRS006,2025-08-04,2025-08-08,Completed,8.07,15
PRG0007512,STU00423,MOD00048,CRS006,2025-08-26,2025-08-07,Completed,2.55,4
PRG0007513,STU00424,MOD00113,CRS015,2025-09-13,2025-09-20,Completed,3.0,46
PRG0007514,STU00424,MOD00114,CRS015,2025-09-02,2025-10-11,Completed,9.56,20
PRG0007515,STU00424,MOD00117,CRS015,2025-09-15,2025-09-04,Completed,1.88,59
PRG0007516,STU00424,MOD00118,CRS015,2025-09-30,2025-10-01,Completed,5.98,84
PRG0007517,STU00424,MOD00120,CRS015,2025-09-20,2025-11-03,Completed,3.33,0
PRG0007518,STU00424,MOD00153,CRS020,2025-07-04,2025-09-14,Completed,6.31,12
PRG0007519,STU00424,MOD00154,CRS020,2025-07-01,2025-06-25,Completed,12.57,29
PRG0007520,STU00424,MOD00155,CRS020,2025-07-17,2025-08-14,Completed,8.99,34
PRG0007521,STU00424,MOD00156,CRS020,2025-07-15,2025-07-01,Completed,5.88,72
PRG0007522,STU00424,MOD00157,CRS020,2025-06-23,2025-09-06,Completed,4.02,96
PRG0007523,STU00424,MOD00158,CRS020,2025-07-11,2025-06-26,Completed,8.31,45
PRG0007524,STU00424,MOD00159,CRS020,2025-07-17,2025-07-04,Completed,4.21,86
PRG0007525,STU00424,MOD00160,CRS020,2025-07-06,2025-07-15,In Progress,1.52,44
PRG0007526,STU00425,MOD00145,CRS019,2025-12-31,2026-02-24,Completed,3.43,3
PRG0007527,STU00425,MOD00146,CRS019,2026-01-23,2026-02-26,Completed,5.56,37
PRG0007528,STU00425,MOD00147,CRS019,2026-01-22,2026-03-04,Completed,2.5,48
PRG0007529,STU00425,MOD00148,CRS019,2025-12-30,2026-01-25,In Progress,2.7,71
PRG0007530,STU00425,MOD00149,CRS019,2026-01-02,2026-02-16,Completed,8.99,5
PRG0007531,STU00425,MOD00150,CRS019,2026-01-02,2026-03-06,Completed,1.34,17
PRG0007532,STU00425,MOD00151,CRS019,2025-12-30,2025-12-30,Completed,2.59,51
PRG0007533,STU00425,MOD00152,CRS019,2026-01-18,2026-01-26,In Progress,3.59,74
PRG0007534,STU00425,MOD00137,CRS018,2026-03-19,2026-05-29,In Progress,4.4,37
PRG0007535,STU00425,MOD00138,CRS018,2026-03-11,2026-05-10,In Progress,5.81,80
PRG0007536,STU00425,MOD00139,CRS018,2026-03-14,2026-04-14,In Progress,4.26,96
PRG0007537,STU00425,MOD00140,CRS018,2026-03-09,2026-05-06,Completed,11.08,19
PRG0007538,STU00425,MOD00141,CRS018,2026-03-11,2026-05-28,In Progress,3.23,49
PRG0007539,STU00425,MOD00142,CRS018,2026-04-05,2026-05-03,In Progress,7.26,28
PRG0007540,STU00425,MOD00143,CRS018,2026-04-06,2026-04-26,Completed,5.13,66
PRG0007541,STU00425,MOD00144,CRS018,2026-03-10,2026-06-01,In Progress,1.1,7
PRG0007542,STU00426,MOD00045,CRS006,2025-09-03,2025-10-17,Completed,5.29,8
PRG0007543,STU00426,MOD00048,CRS006,2025-09-21,2025-10-20,In Progress,3.62,31
PRG0007544,STU00426,MOD00113,CRS015,2025-06-09,2025-06-18,Completed,1.23,20
PRG0007545,STU00426,MOD00114,CRS015,2025-06-19,2025-07-01,Not Started,2.58,28
PRG0007546,STU00426,MOD00115,CRS015,2025-06-17,2025-07-12,In Progress,4.27,1
PRG0007547,STU00426,MOD00116,CRS015,2025-06-16,2025-08-19,Completed,2.53,86
PRG0007548,STU00426,MOD00117,CRS015,2025-06-12,2025-06-15,Completed,2.32,30
PRG0007549,STU00426,MOD00118,CRS015,2025-06-04,2025-08-10,Not Started,9.6,11
PRG0007550,STU00426,MOD00119,CRS015,2025-06-24,2025-07-29,Completed,2.38,66
PRG0007551,STU00426,MOD00120,CRS015,2025-06-09,2025-07-08,In Progress,4.32,37
PRG0007552,STU00426,MOD00049,CRS007,2025-12-02,2025-12-24,In Progress,3.88,50
PRG0007553,STU00426,MOD00050,CRS007,2025-12-19,2025-12-23,Completed,7.97,70
PRG0007554,STU00426,MOD00051,CRS007,2025-12-11,2025-12-25,Completed,1.01,14
PRG0007555,STU00426,MOD00052,CRS007,2025-12-23,2026-02-28,Not Started,6.44,86
PRG0007556,STU00426,MOD00053,CRS007,2025-12-25,2026-01-10,Completed,3.02,76
PRG0007557,STU00426,MOD00054,CRS007,2025-12-15,2026-01-05,Completed,1.21,93
PRG0007558,STU00426,MOD00055,CRS007,2025-12-18,2026-01-30,Completed,1.94,17
PRG0007559,STU00426,MOD00056,CRS007,2025-12-24,2026-02-23,Completed,5.1,78
PRG0007560,STU00427,MOD00026,CRS004,2026-02-05,2026-03-30,Completed,10.46,30
PRG0007561,STU00427,MOD00028,CRS004,2026-01-14,2026-01-31,Completed,3.61,92
PRG0007562,STU00427,MOD00029,CRS004,2026-01-28,2026-03-12,Completed,10.52,7
PRG0007563,STU00427,MOD00017,CRS003,2025-06-23,2025-07-18,In Progress,3.91,45
PRG0007564,STU00427,MOD00018,CRS003,2025-06-07,2025-06-24,Completed,2.62,82
PRG0007565,STU00427,MOD00019,CRS003,2025-06-28,2025-08-21,Completed,12.59,83
PRG0007566,STU00427,MOD00020,CRS003,2025-06-10,2025-09-02,Completed,1.9,44
PRG0007567,STU00427,MOD00021,CRS003,2025-06-16,2025-07-29,Completed,4.46,78
PRG0007568,STU00427,MOD00022,CRS003,2025-07-02,2025-06-26,Completed,6.22,12
PRG0007569,STU00427,MOD00023,CRS003,2025-06-10,2025-07-13,Completed,5.45,44
PRG0007570,STU00427,MOD00024,CRS003,2025-06-24,2025-08-23,Not Started,14.47,44
PRG0007571,STU00428,MOD00017,CRS003,2025-12-07,2026-02-18,Not Started,4.89,92
PRG0007572,STU00428,MOD00018,CRS003,2025-12-24,2025-12-10,Completed,3.57,38
PRG0007573,STU00428,MOD00019,CRS003,2025-12-07,2026-01-13,Completed,12.48,97
PRG0007574,STU00428,MOD00020,CRS003,2026-01-01,2025-12-31,In Progress,4.8,90
PRG0007575,STU00428,MOD00021,CRS003,2025-12-10,2026-01-19,Not Started,7.08,98
PRG0007576,STU00428,MOD00022,CRS003,2025-12-22,2026-01-29,Not Started,13.44,55
PRG0007577,STU00428,MOD00023,CRS003,2025-12-16,2026-02-28,Completed,3.48,92
PRG0007578,STU00428,MOD00024,CRS003,2025-12-08,2026-02-15,Completed,6.11,6
PRG0007579,STU00428,MOD00134,CRS017,2026-01-20,2026-03-26,Completed,7.78,42
PRG0007580,STU00428,MOD00097,CRS013,2025-12-10,2026-01-29,Completed,14.4,63
PRG0007581,STU00428,MOD00098,CRS013,2025-12-06,2026-02-13,Completed,7.21,88
PRG0007582,STU00428,MOD00099,CRS013,2025-12-31,2025-12-06,In Progress,6.02,28
PRG0007583,STU00428,MOD00100,CRS013,2025-12-30,2025-12-29,Completed,1.21,37
PRG0007584,STU00428,MOD00101,CRS013,2025-12-09,2026-02-03,Completed,2.72,80
PRG0007585,STU00428,MOD00102,CRS013,2025-12-05,2026-02-25,In Progress,1.63,22
PRG0007586,STU00428,MOD00103,CRS013,2025-12-29,2026-01-03,Completed,1.61,86
PRG0007587,STU00428,MOD00104,CRS013,2025-12-13,2026-03-05,In Progress,8.83,17
PRG0007588,STU00429,MOD00097,CRS013,2025-10-20,2025-10-23,In Progress,5.11,59
PRG0007589,STU00429,MOD00098,CRS013,2025-11-06,2025-12-10,In Progress,3.52,12
PRG0007590,STU00429,MOD00099,CRS013,2025-10-29,2025-11-22,Completed,7.03,71
PRG0007591,STU00429,MOD00100,CRS013,2025-11-02,2025-12-19,Completed,6.83,29
PRG0007592,STU00429,MOD00101,CRS013,2025-11-06,2026-01-03,Completed,2.22,77
PRG0007593,STU00429,MOD00102,CRS013,2025-11-05,2025-10-19,Completed,2.22,44
PRG0007594,STU00429,MOD00104,CRS013,2025-10-29,2025-11-23,Completed,5.4,60
PRG0007595,STU00429,MOD00137,CRS018,2025-05-17,2025-05-18,Completed,1.1,88
PRG0007596,STU00429,MOD00138,CRS018,2025-05-24,2025-05-19,Completed,2.96,73
PRG0007597,STU00429,MOD00139,CRS018,2025-05-31,2025-05-16,Completed,2.44,77
PRG0007598,STU00429,MOD00140,CRS018,2025-05-13,2025-07-01,In Progress,8.9,78
PRG0007599,STU00429,MOD00141,CRS018,2025-06-05,2025-05-14,Completed,1.04,86
PRG0007600,STU00429,MOD00142,CRS018,2025-05-17,2025-07-24,In Progress,7.99,13
PRG0007601,STU00429,MOD00143,CRS018,2025-05-21,2025-07-30,Not Started,1.4,90
PRG0007602,STU00429,MOD00144,CRS018,2025-05-22,2025-06-23,In Progress,1.73,86
PRG0007603,STU00430,MOD00145,CRS019,2025-11-20,2025-12-02,Completed,1.06,38
PRG0007604,STU00430,MOD00146,CRS019,2025-11-18,2026-01-02,Not Started,6.29,65
PRG0007605,STU00430,MOD00147,CRS019,2025-11-17,2025-12-20,Completed,7.27,59
PRG0007606,STU00430,MOD00149,CRS019,2025-11-07,2025-11-02,In Progress,5.35,42
PRG0007607,STU00430,MOD00151,CRS019,2025-10-29,2026-01-10,Completed,1.74,57
PRG0007608,STU00430,MOD00034,CRS005,2025-08-30,2025-10-18,Not Started,6.26,3
PRG0007609,STU00430,MOD00036,CRS005,2025-08-06,2025-10-29,Completed,3.62,27
PRG0007610,STU00430,MOD00037,CRS005,2025-08-30,2025-08-17,Completed,2.08,100
PRG0007611,STU00430,MOD00038,CRS005,2025-08-10,2025-09-22,In Progress,2.1,99
PRG0007612,STU00430,MOD00039,CRS005,2025-08-22,2025-09-20,Completed,2.28,59
PRG0007613,STU00430,MOD00040,CRS005,2025-08-26,2025-09-26,Completed,6.5,17
PRG0007614,STU00430,MOD00041,CRS006,2025-11-21,2026-01-19,Completed,6.24,72
PRG0007615,STU00430,MOD00042,CRS006,2025-11-23,2025-11-28,Completed,2.52,2
PRG0007616,STU00430,MOD00043,CRS006,2025-11-15,2025-11-18,Completed,1.81,1
PRG0007617,STU00430,MOD00044,CRS006,2025-11-02,2025-12-11,In Progress,10.21,3
PRG0007618,STU00430,MOD00045,CRS006,2025-11-19,2025-11-29,Completed,4.81,99
PRG0007619,STU00430,MOD00046,CRS006,2025-10-29,2025-12-08,Not Started,6.16,90
PRG0007620,STU00430,MOD00047,CRS006,2025-11-03,2025-11-20,Completed,12.59,84
PRG0007621,STU00430,MOD00048,CRS006,2025-11-01,2025-12-27,Completed,5.33,88
PRG0007622,STU00431,MOD00073,CRS010,2026-03-03,2026-05-13,Completed,5.76,94
PRG0007623,STU00431,MOD00074,CRS010,2026-03-07,2026-04-22,Completed,1.03,71
PRG0007624,STU00431,MOD00075,CRS010,2026-03-05,2026-05-09,In Progress,2.41,11
PRG0007625,STU00431,MOD00076,CRS010,2026-02-20,2026-03-15,In Progress,6.8,85
PRG0007626,STU00431,MOD00077,CRS010,2026-02-19,2026-03-11,Completed,1.82,35
PRG0007627,STU00431,MOD00078,CRS010,2026-03-13,2026-04-11,Completed,3.33,97
PRG0007628,STU00431,MOD00079,CRS010,2026-02-17,2026-04-17,Completed,11.81,53
PRG0007629,STU00431,MOD00080,CRS010,2026-03-08,2026-04-20,Completed,3.85,82
PRG0007630,STU00431,MOD00154,CRS020,2025-10-16,2025-10-18,Completed,1.71,64
PRG0007631,STU00431,MOD00156,CRS020,2025-09-26,2025-11-04,Completed,3.79,91
PRG0007632,STU00431,MOD00157,CRS020,2025-10-05,2025-10-10,In Progress,5.89,99
PRG0007633,STU00431,MOD00160,CRS020,2025-10-06,2025-11-25,Completed,8.21,37
PRG0007634,STU00431,MOD00113,CRS015,2026-04-23,2026-07-02,Completed,1.21,100
PRG0007635,STU00431,MOD00114,CRS015,2026-04-18,2026-06-18,Completed,2.46,97
PRG0007636,STU00431,MOD00115,CRS015,2026-04-14,2026-04-29,Completed,10.76,28
PRG0007637,STU00431,MOD00116,CRS015,2026-05-08,2026-04-26,Completed,4.94,35
PRG0007638,STU00431,MOD00117,CRS015,2026-04-14,2026-05-12,Not Started,4.18,43
PRG0007639,STU00431,MOD00118,CRS015,2026-04-28,2026-06-26,Completed,8.78,81
PRG0007640,STU00431,MOD00119,CRS015,2026-04-20,2026-05-12,Completed,3.26,14
PRG0007641,STU00431,MOD00120,CRS015,2026-04-29,2026-05-04,In Progress,1.16,80
PRG0007642,STU00431,MOD00146,CRS019,2025-06-21,2025-08-20,Completed,3.72,47
PRG0007643,STU00431,MOD00148,CRS019,2025-05-25,2025-06-04,Completed,1.9,81
PRG0007644,STU00431,MOD00149,CRS019,2025-05-28,2025-05-29,Completed,14.23,16
PRG0007645,STU00431,MOD00150,CRS019,2025-06-06,2025-08-16,Completed,2.85,81
PRG0007646,STU00431,MOD00151,CRS019,2025-06-13,2025-06-20,Completed,2.66,16
PRG0007647,STU00431,MOD00152,CRS019,2025-06-14,2025-06-24,In Progress,2.16,81
PRG0007648,STU00432,MOD00065,CRS009,2025-05-07,2025-06-04,Completed,5.62,48
PRG0007649,STU00432,MOD00066,CRS009,2025-05-26,2025-07-18,Completed,6.6,72
PRG0007650,STU00432,MOD00067,CRS009,2025-05-30,2025-07-11,Completed,7.11,75
PRG0007651,STU00432,MOD00068,CRS009,2025-05-12,2025-07-29,Not Started,7.42,94
PRG0007652,STU00432,MOD00069,CRS009,2025-05-08,2025-06-19,Completed,9.01,84
PRG0007653,STU00432,MOD00070,CRS009,2025-05-05,2025-06-10,Completed,3.75,39
PRG0007654,STU00432,MOD00071,CRS009,2025-05-25,2025-05-18,Completed,5.51,29
PRG0007655,STU00432,MOD00072,CRS009,2025-05-22,2025-05-05,Not Started,2.63,41
PRG0007656,STU00432,MOD00001,CRS001,2026-02-04,2026-03-08,Completed,9.81,62
PRG0007657,STU00432,MOD00002,CRS001,2026-01-29,2026-03-06,In Progress,1.32,17
PRG0007658,STU00432,MOD00116,CRS015,2025-05-01,2025-06-29,Not Started,3.35,9
PRG0007659,STU00432,MOD00117,CRS015,2025-05-18,2025-05-12,Completed,2.53,77
PRG0007660,STU00432,MOD00120,CRS015,2025-05-06,2025-07-17,Completed,2.7,16
PRG0007661,STU00432,MOD00122,CRS016,2025-06-07,2025-06-29,In Progress,1.33,14
PRG0007662,STU00432,MOD00123,CRS016,2025-06-06,2025-05-28,In Progress,2.7,86
PRG0007663,STU00432,MOD00124,CRS016,2025-06-20,2025-06-09,Completed,4.09,23
PRG0007664,STU00432,MOD00125,CRS016,2025-06-23,2025-07-25,Not Started,1.09,38
PRG0007665,STU00432,MOD00127,CRS016,2025-06-07,2025-06-24,In Progress,1.47,86
PRG0007666,STU00432,MOD00128,CRS016,2025-06-09,2025-06-27,Completed,6.66,77
PRG0007667,STU00432,MOD00129,CRS017,2026-02-23,2026-04-16,Not Started,5.69,26
PRG0007668,STU00432,MOD00130,CRS017,2026-02-14,2026-02-24,Completed,1.01,43
PRG0007669,STU00432,MOD00131,CRS017,2026-02-09,2026-04-26,Completed,1.71,69
PRG0007670,STU00432,MOD00132,CRS017,2026-02-28,2026-02-26,Not Started,5.72,20
PRG0007671,STU00432,MOD00133,CRS017,2026-02-19,2026-04-22,Completed,13.35,98
PRG0007672,STU00432,MOD00134,CRS017,2026-02-06,2026-02-11,Completed,4.81,64
PRG0007673,STU00432,MOD00135,CRS017,2026-02-25,2026-04-19,Completed,8.81,11
PRG0007674,STU00432,MOD00136,CRS017,2026-03-04,2026-02-16,In Progress,5.81,34
PRG0007675,STU00433,MOD00113,CRS015,2025-12-17,2026-02-16,In Progress,10.95,30
PRG0007676,STU00433,MOD00114,CRS015,2026-01-07,2026-03-07,Completed,3.81,25
PRG0007677,STU00433,MOD00115,CRS015,2026-01-01,2026-03-08,In Progress,4.99,24
PRG0007678,STU00433,MOD00116,CRS015,2025-12-20,2026-01-08,Completed,6.42,91
PRG0007679,STU00433,MOD00117,CRS015,2026-01-02,2026-02-09,Completed,1.04,6
PRG0007680,STU00433,MOD00118,CRS015,2026-01-10,2026-02-25,In Progress,3.37,37
PRG0007681,STU00433,MOD00119,CRS015,2026-01-07,2026-01-09,In Progress,7.31,4
PRG0007682,STU00433,MOD00120,CRS015,2026-01-02,2026-03-07,Completed,3.59,97
PRG0007683,STU00433,MOD00105,CRS014,2025-10-04,2025-10-27,Completed,4.24,0
PRG0007684,STU00433,MOD00110,CRS014,2025-10-06,2025-11-29,Completed,12.75,94
PRG0007685,STU00433,MOD00111,CRS014,2025-10-13,2025-10-14,In Progress,1.42,21
PRG0007686,STU00433,MOD00112,CRS014,2025-10-17,2025-12-07,Not Started,1.86,76
PRG0007687,STU00433,MOD00153,CRS020,2025-12-27,2026-01-02,Completed,4.27,84
PRG0007688,STU00433,MOD00154,CRS020,2026-01-11,2026-01-08,Not Started,5.07,79
PRG0007689,STU00433,MOD00155,CRS020,2025-12-19,2026-02-13,Completed,7.41,9
PRG0007690,STU00433,MOD00156,CRS020,2026-01-13,2026-02-26,Completed,1.86,99
PRG0007691,STU00433,MOD00158,CRS020,2026-01-05,2026-02-02,Completed,6.07,7
PRG0007692,STU00433,MOD00018,CRS003,2026-02-27,2026-03-18,Completed,2.36,14
PRG0007693,STU00433,MOD00020,CRS003,2026-03-02,2026-04-18,Completed,5.22,47
PRG0007694,STU00433,MOD00021,CRS003,2026-02-28,2026-03-02,Completed,6.59,96
PRG0007695,STU00433,MOD00024,CRS003,2026-03-17,2026-04-29,Not Started,4.31,34
PRG0007696,STU00434,MOD00049,CRS007,2025-06-21,2025-08-28,In Progress,1.46,88
PRG0007697,STU00434,MOD00050,CRS007,2025-07-02,2025-07-24,Completed,11.82,29
PRG0007698,STU00434,MOD00051,CRS007,2025-07-06,2025-06-30,Completed,4.85,9
PRG0007699,STU00434,MOD00052,CRS007,2025-06-13,2025-07-30,Completed,7.83,17
PRG0007700,STU00434,MOD00053,CRS007,2025-06-10,2025-06-19,Completed,5.31,4
PRG0007701,STU00434,MOD00054,CRS007,2025-06-13,2025-06-19,Completed,1.76,29
PRG0007702,STU00434,MOD00055,CRS007,2025-06-18,2025-06-12,Completed,3.27,37
PRG0007703,STU00434,MOD00056,CRS007,2025-07-06,2025-06-30,In Progress,3.0,19
PRG0007704,STU00434,MOD00009,CRS002,2025-12-09,2026-01-02,Completed,11.21,90
PRG0007705,STU00434,MOD00011,CRS002,2025-11-19,2025-11-22,Completed,1.88,47
PRG0007706,STU00434,MOD00012,CRS002,2025-12-01,2025-11-19,Completed,3.71,45
PRG0007707,STU00434,MOD00016,CRS002,2025-12-11,2025-12-09,Completed,11.87,32
PRG0007708,STU00434,MOD00044,CRS006,2026-04-16,2026-06-16,Completed,2.03,38
PRG0007709,STU00434,MOD00033,CRS005,2025-05-27,2025-05-19,In Progress,4.68,96
PRG0007710,STU00434,MOD00034,CRS005,2025-04-28,2025-06-13,Completed,4.41,18
PRG0007711,STU00434,MOD00035,CRS005,2025-05-16,2025-06-24,Completed,6.26,29
PRG0007712,STU00434,MOD00036,CRS005,2025-05-16,2025-07-20,Not Started,1.38,82
PRG0007713,STU00434,MOD00037,CRS005,2025-05-24,2025-07-02,In Progress,2.83,28
PRG0007714,STU00434,MOD00038,CRS005,2025-05-10,2025-05-03,Completed,2.33,43
PRG0007715,STU00434,MOD00039,CRS005,2025-05-25,2025-07-09,In Progress,2.48,11
PRG0007716,STU00434,MOD00040,CRS005,2025-05-20,2025-07-18,In Progress,5.43,35
PRG0007717,STU00434,MOD00145,CRS019,2025-06-06,2025-07-19,Completed,3.59,27
PRG0007718,STU00434,MOD00149,CRS019,2025-06-20,2025-07-28,In Progress,1.37,65
PRG0007719,STU00434,MOD00150,CRS019,2025-06-20,2025-07-22,In Progress,7.41,82
PRG0007720,STU00434,MOD00152,CRS019,2025-06-12,2025-07-16,Completed,2.97,47
PRG0007721,STU00435,MOD00081,CRS011,2025-12-27,2026-02-09,Completed,3.27,37
PRG0007722,STU00435,MOD00083,CRS011,2025-12-29,2025-12-17,In Progress,9.06,27
PRG0007723,STU00435,MOD00084,CRS011,2025-12-14,2026-02-09,Completed,8.21,74
PRG0007724,STU00435,MOD00087,CRS011,2025-12-10,2026-03-08,In Progress,7.34,82
PRG0007725,STU00435,MOD00018,CRS003,2025-10-13,2025-11-02,Completed,2.79,42
PRG0007726,STU00435,MOD00021,CRS003,2025-10-17,2025-12-09,In Progress,7.01,76
PRG0007727,STU00435,MOD00022,CRS003,2025-10-06,2025-10-17,In Progress,12.19,28
PRG0007728,STU00435,MOD00009,CRS002,2026-03-17,2026-06-06,In Progress,8.03,75
PRG0007729,STU00435,MOD00010,CRS002,2026-03-25,2026-04-06,Completed,12.25,2
PRG0007730,STU00435,MOD00012,CRS002,2026-04-07,2026-06-03,Not Started,3.95,78
PRG0007731,STU00435,MOD00013,CRS002,2026-03-21,2026-04-25,Completed,10.58,62
PRG0007732,STU00435,MOD00014,CRS002,2026-03-16,2026-05-01,Completed,2.18,72
PRG0007733,STU00435,MOD00015,CRS002,2026-03-27,2026-03-25,Completed,8.89,8
PRG0007734,STU00435,MOD00016,CRS002,2026-04-09,2026-05-07,Completed,11.62,79
PRG0007735,STU00436,MOD00153,CRS020,2025-05-18,2025-07-24,Completed,5.28,27
PRG0007736,STU00436,MOD00154,CRS020,2025-05-10,2025-07-07,Not Started,6.43,99
PRG0007737,STU00436,MOD00155,CRS020,2025-05-04,2025-07-07,In Progress,3.93,9
PRG0007738,STU00436,MOD00157,CRS020,2025-05-26,2025-05-25,In Progress,8.13,90
PRG0007739,STU00436,MOD00158,CRS020,2025-05-19,2025-06-28,Completed,4.31,58
PRG0007740,STU00436,MOD00159,CRS020,2025-05-17,2025-06-29,Completed,9.73,60
PRG0007741,STU00436,MOD00160,CRS020,2025-05-20,2025-05-14,Not Started,8.62,18
PRG0007742,STU00436,MOD00145,CRS019,2026-01-14,2026-01-17,Completed,2.45,6
PRG0007743,STU00436,MOD00146,CRS019,2025-12-26,2026-02-16,In Progress,6.93,56
PRG0007744,STU00436,MOD00147,CRS019,2025-12-27,2025-12-27,Completed,6.08,8
PRG0007745,STU00436,MOD00148,CRS019,2025-12-30,2026-02-12,In Progress,2.38,50
PRG0007746,STU00436,MOD00149,CRS019,2026-01-22,2026-01-05,Completed,6.29,0
PRG0007747,STU00436,MOD00150,CRS019,2026-01-05,2026-01-27,In Progress,1.27,63
PRG0007748,STU00436,MOD00151,CRS019,2025-12-26,2026-01-08,Completed,1.3,17
PRG0007749,STU00436,MOD00152,CRS019,2025-12-29,2026-01-17,In Progress,2.96,27
PRG0007750,STU00436,MOD00137,CRS018,2025-06-30,2025-08-18,Completed,2.34,95
PRG0007751,STU00436,MOD00138,CRS018,2025-06-29,2025-06-10,In Progress,6.81,8
PRG0007752,STU00436,MOD00139,CRS018,2025-06-18,2025-06-26,In Progress,4.63,14
PRG0007753,STU00436,MOD00140,CRS018,2025-06-12,2025-07-30,Completed,8.25,61
PRG0007754,STU00436,MOD00141,CRS018,2025-06-01,2025-06-15,Completed,5.27,10
PRG0007755,STU00436,MOD00142,CRS018,2025-06-30,2025-07-25,Completed,2.97,19
PRG0007756,STU00436,MOD00143,CRS018,2025-06-11,2025-06-15,Completed,2.67,17
PRG0007757,STU00436,MOD00144,CRS018,2025-06-29,2025-08-15,Not Started,2.77,49
PRG0007758,STU00437,MOD00017,CRS003,2026-01-07,2026-01-12,Completed,6.84,62
PRG0007759,STU00437,MOD00018,CRS003,2026-01-18,2026-01-13,In Progress,1.89,38
PRG0007760,STU00437,MOD00019,CRS003,2026-01-12,2026-02-12,Completed,1.45,20
PRG0007761,STU00437,MOD00020,CRS003,2026-01-22,2026-01-14,Not Started,1.42,66
PRG0007762,STU00437,MOD00021,CRS003,2026-01-18,2026-01-12,Not Started,6.42,33
PRG0007763,STU00437,MOD00022,CRS003,2025-12-25,2026-02-05,In Progress,12.84,79
PRG0007764,STU00437,MOD00023,CRS003,2026-01-03,2025-12-25,Not Started,1.85,18
PRG0007765,STU00437,MOD00024,CRS003,2026-01-13,2026-01-11,Completed,4.43,47
PRG0007766,STU00438,MOD00089,CRS012,2025-11-12,2026-02-02,Completed,5.48,64
PRG0007767,STU00438,MOD00090,CRS012,2025-12-09,2025-11-25,In Progress,14.46,19
PRG0007768,STU00438,MOD00091,CRS012,2025-11-09,2025-12-31,Completed,2.96,81
PRG0007769,STU00438,MOD00092,CRS012,2025-11-16,2025-11-23,In Progress,2.45,54
PRG0007770,STU00438,MOD00093,CRS012,2025-12-04,2026-01-08,Completed,7.48,21
PRG0007771,STU00438,MOD00094,CRS012,2025-12-02,2026-01-11,Completed,7.24,24
PRG0007772,STU00438,MOD00095,CRS012,2025-11-10,2025-12-18,In Progress,2.15,89
PRG0007773,STU00438,MOD00096,CRS012,2025-11-21,2026-01-02,Completed,6.61,55
PRG0007774,STU00438,MOD00018,CRS003,2026-02-23,2026-04-03,Completed,2.45,76
PRG0007775,STU00438,MOD00019,CRS003,2026-02-06,2026-03-12,In Progress,11.61,93
PRG0007776,STU00438,MOD00020,CRS003,2026-02-11,2026-03-15,Completed,4.58,15
PRG0007777,STU00438,MOD00021,CRS003,2026-02-24,2026-04-21,Completed,3.24,32
PRG0007778,STU00438,MOD00022,CRS003,2026-02-14,2026-04-14,Completed,11.53,66
PRG0007779,STU00439,MOD00033,CRS005,2025-10-26,2025-10-20,In Progress,10.59,54
PRG0007780,STU00439,MOD00034,CRS005,2025-10-05,2025-12-05,In Progress,2.02,39
PRG0007781,STU00439,MOD00035,CRS005,2025-10-21,2025-11-04,Not Started,10.64,43
PRG0007782,STU00439,MOD00036,CRS005,2025-10-17,2025-10-05,Completed,7.93,92
PRG0007783,STU00439,MOD00037,CRS005,2025-10-17,2025-10-10,In Progress,1.47,53
PRG0007784,STU00439,MOD00038,CRS005,2025-10-24,2025-12-09,Completed,4.15,25
PRG0007785,STU00439,MOD00039,CRS005,2025-10-14,2025-10-20,Not Started,2.72,31
PRG0007786,STU00439,MOD00040,CRS005,2025-10-27,2025-11-09,In Progress,2.42,49
PRG0007787,STU00439,MOD00025,CRS004,2025-07-10,2025-07-06,Not Started,10.68,67
PRG0007788,STU00439,MOD00026,CRS004,2025-07-08,2025-08-08,In Progress,8.32,85
PRG0007789,STU00439,MOD00027,CRS004,2025-07-04,2025-09-05,Completed,1.07,100
PRG0007790,STU00439,MOD00028,CRS004,2025-07-11,2025-09-13,In Progress,1.01,25
PRG0007791,STU00439,MOD00029,CRS004,2025-07-05,2025-08-14,In Progress,1.92,78
PRG0007792,STU00439,MOD00030,CRS004,2025-06-26,2025-09-10,Completed,8.77,12
PRG0007793,STU00439,MOD00031,CRS004,2025-07-13,2025-06-27,Completed,1.51,95
PRG0007794,STU00439,MOD00032,CRS004,2025-06-18,2025-09-05,Completed,2.0,8
PRG0007795,STU00439,MOD00065,CRS009,2025-12-05,2025-12-21,Completed,1.37,45
PRG0007796,STU00439,MOD00066,CRS009,2025-12-14,2026-01-07,Completed,6.48,8
PRG0007797,STU00439,MOD00067,CRS009,2025-12-14,2026-02-01,Completed,5.14,2
PRG0007798,STU00439,MOD00068,CRS009,2025-11-30,2026-02-02,In Progress,9.36,15
PRG0007799,STU00439,MOD00069,CRS009,2025-11-27,2025-11-25,Completed,9.92,71
PRG0007800,STU00439,MOD00070,CRS009,2025-11-17,2025-11-20,In Progress,3.99,37
PRG0007801,STU00439,MOD00071,CRS009,2025-11-17,2025-12-04,Completed,3.82,96
PRG0007802,STU00439,MOD00072,CRS009,2025-11-28,2025-12-29,Completed,1.58,57
PRG0007803,STU00439,MOD00081,CRS011,2026-02-27,2026-03-04,Completed,6.42,67
PRG0007804,STU00439,MOD00082,CRS011,2026-03-06,2026-03-05,Not Started,11.89,56
PRG0007805,STU00439,MOD00083,CRS011,2026-02-14,2026-05-07,In Progress,1.83,31
PRG0007806,STU00439,MOD00084,CRS011,2026-02-08,2026-04-07,Completed,13.03,64
PRG0007807,STU00439,MOD00085,CRS011,2026-03-07,2026-04-09,Not Started,2.8,34
PRG0007808,STU00439,MOD00086,CRS011,2026-03-09,2026-03-03,Completed,4.13,17
PRG0007809,STU00439,MOD00087,CRS011,2026-02-07,2026-03-28,In Progress,12.21,93
PRG0007810,STU00439,MOD00088,CRS011,2026-02-10,2026-03-16,Not Started,2.77,25
PRG0007811,STU00440,MOD00145,CRS019,2025-12-01,2026-01-12,In Progress,1.22,63
PRG0007812,STU00440,MOD00146,CRS019,2025-12-01,2025-11-26,In Progress,5.72,40
PRG0007813,STU00440,MOD00147,CRS019,2025-12-05,2025-11-15,Completed,4.13,60
PRG0007814,STU00440,MOD00148,CRS019,2025-11-25,2026-01-22,Completed,2.75,17
PRG0007815,STU00440,MOD00149,CRS019,2025-12-08,2026-01-23,Completed,12.53,83
PRG0007816,STU00440,MOD00150,CRS019,2025-12-04,2026-01-25,Completed,4.67,75
PRG0007817,STU00440,MOD00151,CRS019,2025-11-13,2025-12-15,Completed,2.38,3
PRG0007818,STU00440,MOD00152,CRS019,2025-12-08,2025-12-14,Completed,1.07,14
PRG0007819,STU00441,MOD00018,CRS003,2026-03-24,2026-05-21,Completed,2.13,35
PRG0007820,STU00441,MOD00019,CRS003,2026-04-08,2026-06-13,Completed,5.33,90
PRG0007821,STU00441,MOD00021,CRS003,2026-04-19,2026-04-07,Not Started,3.8,22
PRG0007822,STU00441,MOD00023,CRS003,2026-04-08,2026-05-04,In Progress,5.63,93
PRG0007823,STU00441,MOD00121,CRS016,2026-04-11,2026-06-10,In Progress,9.18,94
PRG0007824,STU00441,MOD00122,CRS016,2026-03-27,2026-06-06,Completed,2.32,81
PRG0007825,STU00441,MOD00123,CRS016,2026-04-12,2026-04-17,Completed,2.64,85
PRG0007826,STU00441,MOD00124,CRS016,2026-03-24,2026-04-13,In Progress,2.03,46
PRG0007827,STU00441,MOD00125,CRS016,2026-04-16,2026-05-23,In Progress,1.25,12
PRG0007828,STU00441,MOD00126,CRS016,2026-03-24,2026-03-30,Completed,1.98,30
PRG0007829,STU00441,MOD00127,CRS016,2026-04-01,2026-06-01,Completed,2.35,37
PRG0007830,STU00441,MOD00128,CRS016,2026-04-10,2026-04-13,Completed,1.82,54
PRG0007831,STU00441,MOD00073,CRS010,2026-03-30,2026-04-19,Completed,6.76,60
PRG0007832,STU00441,MOD00074,CRS010,2026-04-19,2026-03-30,Completed,10.03,77
PRG0007833,STU00441,MOD00075,CRS010,2026-04-18,2026-06-19,In Progress,2.36,10
PRG0007834,STU00441,MOD00076,CRS010,2026-04-19,2026-05-05,In Progress,3.65,98
PRG0007835,STU00441,MOD00077,CRS010,2026-03-26,2026-05-03,Completed,3.53,61
PRG0007836,STU00441,MOD00078,CRS010,2026-04-03,2026-04-26,Completed,4.89,15
PRG0007837,STU00441,MOD00079,CRS010,2026-04-14,2026-04-10,Completed,9.39,18
PRG0007838,STU00441,MOD00080,CRS010,2026-04-03,2026-06-14,Completed,3.53,60
PRG0007839,STU00441,MOD00105,CRS014,2026-04-12,2026-05-21,Completed,1.51,28
PRG0007840,STU00441,MOD00108,CRS014,2026-04-12,2026-06-05,Completed,14.22,45
PRG0007841,STU00441,MOD00109,CRS014,2026-04-02,2026-05-09,In Progress,1.99,82
PRG0007842,STU00441,MOD00110,CRS014,2026-04-13,2026-05-30,Completed,12.97,50
PRG0007843,STU00441,MOD00081,CRS011,2026-03-23,2026-05-14,Completed,4.72,26
PRG0007844,STU00441,MOD00082,CRS011,2026-04-18,2026-04-01,Completed,5.77,81
PRG0007845,STU00441,MOD00083,CRS011,2026-03-31,2026-04-30,Not Started,2.62,95
PRG0007846,STU00441,MOD00084,CRS011,2026-03-24,2026-05-27,Completed,11.03,84
PRG0007847,STU00441,MOD00085,CRS011,2026-04-12,2026-04-22,In Progress,3.66,21
PRG0007848,STU00441,MOD00086,CRS011,2026-04-01,2026-04-06,Completed,4.03,18
PRG0007849,STU00441,MOD00087,CRS011,2026-03-23,2026-05-15,In Progress,6.59,25
PRG0007850,STU00441,MOD00088,CRS011,2026-03-22,2026-05-17,In Progress,1.84,79
PRG0007851,STU00442,MOD00131,CRS017,2026-02-14,2026-05-04,Completed,1.54,25
PRG0007852,STU00442,MOD00132,CRS017,2026-02-19,2026-04-29,Completed,2.68,86
PRG0007853,STU00442,MOD00122,CRS016,2026-04-21,2026-05-23,In Progress,2.0,12
PRG0007854,STU00442,MOD00123,CRS016,2026-04-14,2026-05-01,In Progress,1.44,100
PRG0007855,STU00442,MOD00125,CRS016,2026-04-21,2026-05-04,Completed,1.91,45
PRG0007856,STU00442,MOD00126,CRS016,2026-04-24,2026-05-27,Completed,1.45,7
PRG0007857,STU00442,MOD00127,CRS016,2026-05-07,2026-05-22,Completed,7.83,48
PRG0007858,STU00442,MOD00128,CRS016,2026-04-09,2026-05-28,Completed,7.4,2
PRG0007859,STU00442,MOD00145,CRS019,2025-12-22,2026-02-11,Completed,1.17,65
PRG0007860,STU00442,MOD00147,CRS019,2026-01-14,2026-01-14,Completed,9.4,32
PRG0007861,STU00442,MOD00148,CRS019,2026-01-14,2026-01-01,In Progress,1.52,23
PRG0007862,STU00442,MOD00150,CRS019,2026-01-11,2026-01-21,Completed,3.83,36
PRG0007863,STU00442,MOD00151,CRS019,2025-12-24,2026-01-28,Completed,2.54,6
PRG0007864,STU00442,MOD00152,CRS019,2026-01-15,2025-12-27,Completed,3.4,0
PRG0007865,STU00442,MOD00041,CRS006,2025-08-22,2025-10-30,Completed,13.42,15
PRG0007866,STU00442,MOD00042,CRS006,2025-09-01,2025-11-05,Completed,3.24,61
PRG0007867,STU00442,MOD00043,CRS006,2025-08-13,2025-10-14,Completed,6.24,71
PRG0007868,STU00442,MOD00045,CRS006,2025-08-29,2025-10-18,Completed,4.93,12
PRG0007869,STU00442,MOD00046,CRS006,2025-08-10,2025-08-23,In Progress,11.51,59
PRG0007870,STU00442,MOD00047,CRS006,2025-08-24,2025-10-03,In Progress,2.28,4
PRG0007871,STU00443,MOD00001,CRS001,2026-04-20,2026-07-03,In Progress,9.24,16
PRG0007872,STU00443,MOD00002,CRS001,2026-04-15,2026-06-22,In Progress,1.67,87
PRG0007873,STU00443,MOD00003,CRS001,2026-04-13,2026-04-28,Completed,9.62,51
PRG0007874,STU00443,MOD00004,CRS001,2026-04-16,2026-04-17,Completed,7.12,9
PRG0007875,STU00443,MOD00005,CRS001,2026-05-03,2026-06-24,In Progress,7.45,37
PRG0007876,STU00443,MOD00006,CRS001,2026-04-09,2026-05-07,Completed,7.78,95
PRG0007877,STU00443,MOD00007,CRS001,2026-05-06,2026-05-31,In Progress,7.27,44
PRG0007878,STU00443,MOD00008,CRS001,2026-04-13,2026-06-08,Completed,6.18,11
PRG0007879,STU00444,MOD00049,CRS007,2025-12-08,2025-11-27,Completed,4.77,54
PRG0007880,STU00444,MOD00050,CRS007,2025-11-20,2025-11-25,Completed,8.45,58
PRG0007881,STU00444,MOD00051,CRS007,2025-11-13,2025-12-23,Completed,5.51,52
PRG0007882,STU00444,MOD00052,CRS007,2025-11-12,2025-12-05,Completed,2.87,42
PRG0007883,STU00444,MOD00053,CRS007,2025-11-16,2025-12-17,Completed,5.64,39
PRG0007884,STU00444,MOD00054,CRS007,2025-11-23,2026-01-31,Not Started,1.88,57
PRG0007885,STU00444,MOD00055,CRS007,2025-12-03,2025-12-18,Completed,2.58,90
PRG0007886,STU00444,MOD00056,CRS007,2025-11-14,2025-11-25,Completed,12.11,62
PRG0007887,STU00445,MOD00105,CRS014,2025-11-17,2026-01-24,Completed,4.79,42
PRG0007888,STU00445,MOD00106,CRS014,2025-11-16,2026-01-09,Not Started,11.54,35
PRG0007889,STU00445,MOD00107,CRS014,2025-11-28,2025-12-15,Completed,9.46,43
PRG0007890,STU00445,MOD00108,CRS014,2025-11-09,2026-01-25,Completed,1.75,90
PRG0007891,STU00445,MOD00109,CRS014,2025-11-10,2026-01-28,Completed,6.35,54
PRG0007892,STU00445,MOD00110,CRS014,2025-11-07,2026-01-09,Completed,4.73,61
PRG0007893,STU00445,MOD00111,CRS014,2025-11-02,2025-11-30,Completed,1.83,95
PRG0007894,STU00445,MOD00112,CRS014,2025-11-25,2026-01-06,In Progress,2.84,99
PRG0007895,STU00445,MOD00009,CRS002,2026-02-22,2026-02-26,Completed,5.61,58
PRG0007896,STU00445,MOD00010,CRS002,2026-02-18,2026-05-04,In Progress,13.22,79
PRG0007897,STU00445,MOD00011,CRS002,2026-02-27,2026-04-04,Completed,8.26,91
PRG0007898,STU00445,MOD00012,CRS002,2026-03-14,2026-04-09,In Progress,6.05,30
PRG0007899,STU00445,MOD00013,CRS002,2026-02-21,2026-03-14,Not Started,6.51,87
PRG0007900,STU00445,MOD00014,CRS002,2026-02-22,2026-03-26,In Progress,1.22,94
PRG0007901,STU00445,MOD00015,CRS002,2026-03-07,2026-04-27,Completed,8.32,15
PRG0007902,STU00445,MOD00016,CRS002,2026-03-10,2026-03-01,Completed,11.85,7
PRG0007903,STU00445,MOD00081,CRS011,2026-02-27,2026-03-06,Completed,5.78,42
PRG0007904,STU00445,MOD00082,CRS011,2026-02-14,2026-02-22,Completed,9.55,62
PRG0007905,STU00445,MOD00083,CRS011,2026-02-21,2026-02-16,In Progress,9.69,27
PRG0007906,STU00445,MOD00084,CRS011,2026-01-29,2026-03-26,Completed,4.94,55
PRG0007907,STU00445,MOD00085,CRS011,2026-02-01,2026-04-04,Not Started,4.09,65
PRG0007908,STU00445,MOD00086,CRS011,2026-02-26,2026-04-22,In Progress,2.84,65
PRG0007909,STU00445,MOD00088,CRS011,2026-02-14,2026-04-20,In Progress,2.72,93
PRG0007910,STU00445,MOD00089,CRS012,2026-02-05,2026-03-21,Completed,5.09,76
PRG0007911,STU00445,MOD00090,CRS012,2026-02-16,2026-04-06,In Progress,6.83,82
PRG0007912,STU00445,MOD00092,CRS012,2026-01-30,2026-04-04,In Progress,4.29,28
PRG0007913,STU00445,MOD00093,CRS012,2026-02-05,2026-03-05,Completed,7.74,83
PRG0007914,STU00445,MOD00095,CRS012,2026-02-10,2026-02-14,Not Started,4.81,85
PRG0007915,STU00445,MOD00096,CRS012,2026-01-30,2026-03-10,Completed,6.32,84
PRG0007916,STU00446,MOD00065,CRS009,2025-11-26,2025-12-06,Completed,2.14,49
PRG0007917,STU00446,MOD00067,CRS009,2025-12-07,2025-12-17,Not Started,6.71,17
PRG0007918,STU00446,MOD00068,CRS009,2025-11-20,2025-12-22,In Progress,1.43,56
PRG0007919,STU00446,MOD00070,CRS009,2025-11-20,2025-12-16,Completed,1.62,72
PRG0007920,STU00446,MOD00071,CRS009,2025-11-28,2026-01-17,Completed,4.11,80
PRG0007921,STU00446,MOD00072,CRS009,2025-11-30,2026-02-14,Completed,1.06,34
PRG0007922,STU00446,MOD00017,CRS003,2025-09-13,2025-11-03,In Progress,2.07,91
PRG0007923,STU00446,MOD00018,CRS003,2025-08-15,2025-09-22,In Progress,1.72,54
PRG0007924,STU00446,MOD00019,CRS003,2025-08-26,2025-08-23,Completed,10.39,57
PRG0007925,STU00446,MOD00020,CRS003,2025-08-26,2025-09-03,Completed,4.18,25
PRG0007926,STU00446,MOD00021,CRS003,2025-09-03,2025-09-25,Completed,1.44,35
PRG0007927,STU00446,MOD00022,CRS003,2025-09-10,2025-08-30,Completed,3.47,85
PRG0007928,STU00446,MOD00023,CRS003,2025-09-03,2025-09-08,In Progress,2.52,82
PRG0007929,STU00446,MOD00024,CRS003,2025-09-01,2025-09-30,Completed,14.02,22
PRG0007930,STU00446,MOD00073,CRS010,2025-06-26,2025-06-04,Completed,5.98,73
PRG0007931,STU00446,MOD00074,CRS010,2025-06-06,2025-06-04,Not Started,1.28,22
PRG0007932,STU00446,MOD00075,CRS010,2025-06-18,2025-07-25,Completed,1.81,32
PRG0007933,STU00446,MOD00076,CRS010,2025-06-04,2025-07-30,In Progress,3.07,26
PRG0007934,STU00446,MOD00077,CRS010,2025-06-17,2025-06-17,Completed,2.02,80
PRG0007935,STU00446,MOD00078,CRS010,2025-06-22,2025-08-02,Completed,3.41,50
PRG0007936,STU00446,MOD00079,CRS010,2025-05-30,2025-07-29,In Progress,7.57,84
PRG0007937,STU00446,MOD00080,CRS010,2025-06-20,2025-07-05,In Progress,4.37,82
PRG0007938,STU00447,MOD00081,CRS011,2025-06-30,2025-06-18,Completed,4.22,34
PRG0007939,STU00447,MOD00082,CRS011,2025-06-08,2025-06-15,In Progress,12.17,61
PRG0007940,STU00447,MOD00086,CRS011,2025-06-22,2025-07-28,Completed,1.79,35
PRG0007941,STU00447,MOD00088,CRS011,2025-06-27,2025-07-10,Completed,3.86,79
PRG0007942,STU00448,MOD00155,CRS020,2025-10-01,2025-11-02,Completed,6.3,35
PRG0007943,STU00448,MOD00156,CRS020,2025-09-13,2025-11-06,Completed,7.56,88
PRG0007944,STU00448,MOD00157,CRS020,2025-09-28,2025-11-07,Completed,8.32,27
PRG0007945,STU00448,MOD00158,CRS020,2025-09-23,2025-12-11,In Progress,6.78,86
PRG0007946,STU00448,MOD00041,CRS006,2025-11-23,2026-01-04,In Progress,1.02,21
PRG0007947,STU00448,MOD00042,CRS006,2025-11-20,2025-12-27,In Progress,3.58,39
PRG0007948,STU00448,MOD00043,CRS006,2025-11-16,2026-01-06,Not Started,2.89,25
PRG0007949,STU00448,MOD00044,CRS006,2025-11-02,2025-12-01,In Progress,7.96,81
PRG0007950,STU00448,MOD00045,CRS006,2025-11-15,2025-12-09,Completed,7.18,72
PRG0007951,STU00448,MOD00046,CRS006,2025-11-21,2025-11-14,In Progress,10.41,53
PRG0007952,STU00448,MOD00047,CRS006,2025-11-25,2025-12-11,In Progress,7.39,89
PRG0007953,STU00448,MOD00048,CRS006,2025-11-24,2025-11-27,In Progress,1.04,92
PRG0007954,STU00448,MOD00049,CRS007,2025-09-26,2025-11-09,Completed,5.66,64
PRG0007955,STU00448,MOD00050,CRS007,2025-10-11,2025-12-18,Completed,5.59,94
PRG0007956,STU00448,MOD00051,CRS007,2025-10-08,2025-11-08,In Progress,2.87,61
PRG0007957,STU00448,MOD00052,CRS007,2025-10-19,2025-11-10,In Progress,2.71,74
PRG0007958,STU00448,MOD00053,CRS007,2025-10-14,2025-11-14,Completed,1.12,64
PRG0007959,STU00448,MOD00054,CRS007,2025-09-25,2025-10-11,Completed,2.96,47
PRG0007960,STU00448,MOD00055,CRS007,2025-09-23,2025-10-09,Completed,2.97,96
PRG0007961,STU00448,MOD00056,CRS007,2025-10-16,2025-11-08,In Progress,1.04,35
PRG0007962,STU00448,MOD00081,CRS011,2026-04-17,2026-06-09,In Progress,2.51,36
PRG0007963,STU00448,MOD00082,CRS011,2026-03-22,2026-06-11,Not Started,6.27,18
PRG0007964,STU00448,MOD00084,CRS011,2026-04-01,2026-05-12,Completed,14.72,19
PRG0007965,STU00448,MOD00087,CRS011,2026-04-17,2026-03-27,Completed,3.02,40
PRG0007966,STU00448,MOD00088,CRS011,2026-04-14,2026-05-25,In Progress,2.5,14
PRG0007967,STU00449,MOD00121,CRS016,2026-03-04,2026-04-29,Completed,8.54,49
PRG0007968,STU00449,MOD00122,CRS016,2026-03-03,2026-03-16,In Progress,2.51,100
PRG0007969,STU00449,MOD00123,CRS016,2026-03-08,2026-05-02,In Progress,1.49,25
PRG0007970,STU00449,MOD00124,CRS016,2026-02-28,2026-04-11,In Progress,4.6,26
PRG0007971,STU00449,MOD00125,CRS016,2026-03-09,2026-04-05,Completed,2.58,19
PRG0007972,STU00449,MOD00126,CRS016,2026-02-15,2026-04-11,Completed,7.96,55
PRG0007973,STU00449,MOD00127,CRS016,2026-02-15,2026-04-02,Completed,8.06,31
PRG0007974,STU00449,MOD00128,CRS016,2026-02-27,2026-05-05,In Progress,7.75,78
PRG0007975,STU00449,MOD00037,CRS005,2026-03-03,2026-04-20,Completed,2.88,32
PRG0007976,STU00449,MOD00040,CRS005,2026-02-18,2026-03-11,Not Started,2.15,99
PRG0007977,STU00450,MOD00081,CRS011,2026-03-01,2026-02-26,Completed,4.01,92
PRG0007978,STU00450,MOD00082,CRS011,2026-03-11,2026-05-10,Completed,7.68,7
PRG0007979,STU00450,MOD00083,CRS011,2026-03-04,2026-04-18,In Progress,5.22,99
PRG0007980,STU00450,MOD00084,CRS011,2026-03-03,2026-04-16,In Progress,4.2,77
PRG0007981,STU00450,MOD00085,CRS011,2026-03-07,2026-02-27,Not Started,1.3,83
PRG0007982,STU00450,MOD00086,CRS011,2026-02-26,2026-04-15,Completed,3.76,72
PRG0007983,STU00450,MOD00087,CRS011,2026-02-19,2026-04-06,Completed,7.8,5
PRG0007984,STU00450,MOD00088,CRS011,2026-02-23,2026-03-23,Completed,1.41,90
PRG0007985,STU00450,MOD00113,CRS015,2025-11-28,2025-12-30,Not Started,10.7,63
PRG0007986,STU00450,MOD00114,CRS015,2025-12-05,2025-12-08,Completed,4.01,77
PRG0007987,STU00450,MOD00115,CRS015,2025-12-11,2026-01-16,In Progress,2.01,18
PRG0007988,STU00450,MOD00116,CRS015,2025-11-24,2026-01-15,Completed,3.91,60
PRG0007989,STU00450,MOD00117,CRS015,2025-12-08,2026-01-15,In Progress,3.1,44
PRG0007990,STU00450,MOD00118,CRS015,2025-11-28,2026-01-14,In Progress,6.76,4
PRG0007991,STU00450,MOD00119,CRS015,2025-11-28,2026-02-03,Not Started,5.59,29
PRG0007992,STU00450,MOD00120,CRS015,2025-12-16,2026-02-21,Completed,3.71,1
PRG0007993,STU00450,MOD00105,CRS014,2026-02-11,2026-04-09,Not Started,3.14,87
PRG0007994,STU00450,MOD00106,CRS014,2026-02-10,2026-02-13,In Progress,11.74,82
PRG0007995,STU00450,MOD00107,CRS014,2026-02-02,2026-04-22,Completed,4.59,34
PRG0007996,STU00450,MOD00108,CRS014,2026-02-01,2026-03-29,In Progress,11.47,44
PRG0007997,STU00450,MOD00109,CRS014,2026-02-07,2026-03-12,Completed,8.95,41
PRG0007998,STU00450,MOD00110,CRS014,2026-02-04,2026-03-02,In Progress,6.48,91
PRG0007999,STU00450,MOD00111,CRS014,2026-02-07,2026-04-07,In Progress,3.22,18
PRG0008000,STU00450,MOD00112,CRS014,2026-01-27,2026-04-23,Completed,2.74,48
PRG0008001,STU00450,MOD00009,CRS002,2025-04-30,2025-05-21,Completed,1.43,18
PRG0008002,STU00450,MOD00010,CRS002,2025-04-24,2025-06-18,In Progress,10.28,60
PRG0008003,STU00450,MOD00014,CRS002,2025-05-14,2025-07-18,Completed,4.66,68
PRG0008004,STU00450,MOD00015,CRS002,2025-05-18,2025-05-31,Completed,5.48,70
PRG0008005,STU00450,MOD00016,CRS002,2025-05-09,2025-07-16,Completed,11.24,66
PRG0008006,STU00450,MOD00073,CRS010,2025-10-11,2025-10-29,In Progress,6.76,63
PRG0008007,STU00450,MOD00074,CRS010,2025-10-09,2025-10-16,Completed,6.81,98
PRG0008008,STU00450,MOD00075,CRS010,2025-10-30,2025-10-20,Not Started,1.73,44
PRG0008009,STU00450,MOD00076,CRS010,2025-10-16,2025-12-23,In Progress,2.49,18
PRG0008010,STU00450,MOD00077,CRS010,2025-10-17,2025-11-19,Completed,2.53,23
PRG0008011,STU00450,MOD00078,CRS010,2025-10-13,2025-10-22,Completed,5.86,78
PRG0008012,STU00450,MOD00079,CRS010,2025-11-02,2025-10-20,Completed,12.22,73
PRG0008013,STU00450,MOD00080,CRS010,2025-10-29,2025-10-20,Not Started,2.41,76
PRG0008014,STU00451,MOD00090,CRS012,2025-04-18,2025-05-27,Completed,5.58,5
PRG0008015,STU00451,MOD00092,CRS012,2025-05-07,2025-07-12,In Progress,3.09,90
PRG0008016,STU00451,MOD00093,CRS012,2025-05-12,2025-06-11,In Progress,3.61,14
PRG0008017,STU00451,MOD00095,CRS012,2025-04-20,2025-06-22,In Progress,2.46,90
PRG0008018,STU00451,MOD00017,CRS003,2025-07-14,2025-07-13,Not Started,5.46,73
PRG0008019,STU00451,MOD00019,CRS003,2025-07-04,2025-07-07,Completed,4.92,69
PRG0008020,STU00451,MOD00020,CRS003,2025-07-13,2025-08-24,Completed,4.79,72
PRG0008021,STU00451,MOD00021,CRS003,2025-07-04,2025-08-31,Not Started,2.52,99
PRG0008022,STU00451,MOD00022,CRS003,2025-07-05,2025-07-25,Completed,2.81,64
PRG0008023,STU00451,MOD00023,CRS003,2025-06-28,2025-08-07,In Progress,3.8,24
PRG0008024,STU00451,MOD00033,CRS005,2025-05-29,2025-05-23,Completed,10.12,45
PRG0008025,STU00451,MOD00037,CRS005,2025-06-14,2025-07-26,Completed,2.95,34
PRG0008026,STU00451,MOD00040,CRS005,2025-06-15,2025-07-10,Completed,3.0,8
PRG0008027,STU00452,MOD00041,CRS006,2025-12-23,2026-03-01,In Progress,1.72,47
PRG0008028,STU00452,MOD00042,CRS006,2025-12-22,2026-01-17,Completed,1.13,51
PRG0008029,STU00452,MOD00044,CRS006,2026-01-04,2025-12-15,In Progress,6.49,0
PRG0008030,STU00452,MOD00047,CRS006,2025-12-20,2025-12-22,Completed,11.74,17
PRG0008031,STU00452,MOD00145,CRS019,2026-03-25,2026-04-02,Not Started,1.18,50
PRG0008032,STU00452,MOD00146,CRS019,2026-03-31,2026-04-22,Completed,1.36,46
PRG0008033,STU00452,MOD00147,CRS019,2026-03-15,2026-05-23,Completed,6.62,46
PRG0008034,STU00452,MOD00148,CRS019,2026-03-26,2026-05-02,Completed,1.97,73
PRG0008035,STU00452,MOD00149,CRS019,2026-03-29,2026-05-04,Completed,14.54,74
PRG0008036,STU00452,MOD00150,CRS019,2026-03-23,2026-04-13,Completed,2.47,19
PRG0008037,STU00452,MOD00151,CRS019,2026-03-30,2026-05-19,Completed,1.38,19
PRG0008038,STU00452,MOD00152,CRS019,2026-03-29,2026-05-16,In Progress,4.26,2
PRG0008039,STU00452,MOD00097,CRS013,2025-09-13,2025-10-01,Completed,13.69,34
PRG0008040,STU00452,MOD00098,CRS013,2025-10-12,2025-10-23,Completed,6.4,29
PRG0008041,STU00452,MOD00099,CRS013,2025-09-16,2025-09-23,In Progress,5.65,16
PRG0008042,STU00452,MOD00100,CRS013,2025-09-26,2025-12-09,Completed,4.15,24
PRG0008043,STU00452,MOD00101,CRS013,2025-10-12,2025-11-23,Completed,1.44,100
PRG0008044,STU00452,MOD00102,CRS013,2025-10-02,2025-11-21,Completed,4.49,47
PRG0008045,STU00452,MOD00103,CRS013,2025-09-20,2025-11-15,Completed,3.69,1
PRG0008046,STU00452,MOD00104,CRS013,2025-09-25,2025-10-11,In Progress,6.9,23
PRG0008047,STU00452,MOD00153,CRS020,2026-02-07,2026-03-22,Completed,3.62,70
PRG0008048,STU00452,MOD00154,CRS020,2026-02-27,2026-04-13,Completed,10.22,42
PRG0008049,STU00452,MOD00156,CRS020,2026-02-04,2026-03-22,Not Started,6.47,44
PRG0008050,STU00452,MOD00159,CRS020,2026-02-06,2026-03-17,Completed,5.66,6
PRG0008051,STU00452,MOD00025,CRS004,2026-02-11,2026-04-01,Not Started,10.33,42
PRG0008052,STU00452,MOD00026,CRS004,2026-01-24,2026-04-03,In Progress,10.13,58
PRG0008053,STU00452,MOD00027,CRS004,2026-02-19,2026-02-26,In Progress,11.14,13
PRG0008054,STU00452,MOD00028,CRS004,2026-02-18,2026-03-30,Not Started,9.28,14
PRG0008055,STU00452,MOD00029,CRS004,2026-02-14,2026-04-13,Not Started,11.5,37
PRG0008056,STU00452,MOD00030,CRS004,2026-02-03,2026-02-02,In Progress,6.26,43
PRG0008057,STU00452,MOD00031,CRS004,2026-02-04,2026-02-02,Completed,6.64,52
PRG0008058,STU00453,MOD00017,CRS003,2025-12-27,2026-02-12,Completed,4.49,46
PRG0008059,STU00453,MOD00018,CRS003,2026-01-17,2026-02-02,In Progress,1.82,81
PRG0008060,STU00453,MOD00019,CRS003,2025-12-30,2026-02-25,Not Started,7.2,55
PRG0008061,STU00453,MOD00020,CRS003,2026-01-11,2026-02-07,In Progress,1.23,84
PRG0008062,STU00453,MOD00021,CRS003,2026-01-01,2026-01-09,Completed,6.21,13
PRG0008063,STU00453,MOD00022,CRS003,2025-12-28,2026-01-16,Completed,13.16,65
PRG0008064,STU00453,MOD00023,CRS003,2026-01-11,2026-03-16,Completed,4.24,12
PRG0008065,STU00453,MOD00024,CRS003,2026-01-20,2026-01-13,Completed,4.27,27
PRG0008066,STU00453,MOD00122,CRS016,2025-07-09,2025-07-25,Completed,2.32,10
PRG0008067,STU00453,MOD00124,CRS016,2025-07-04,2025-08-12,Completed,6.3,56
PRG0008068,STU00453,MOD00126,CRS016,2025-07-14,2025-08-05,Completed,3.38,58
PRG0008069,STU00453,MOD00057,CRS008,2025-12-09,2026-01-03,In Progress,8.11,95
PRG0008070,STU00453,MOD00058,CRS008,2025-12-28,2026-01-22,Completed,6.59,52
PRG0008071,STU00453,MOD00061,CRS008,2025-12-21,2026-01-17,In Progress,7.53,34
PRG0008072,STU00453,MOD00063,CRS008,2025-12-24,2026-01-14,In Progress,3.38,38
PRG0008073,STU00453,MOD00064,CRS008,2025-12-18,2026-01-13,Completed,1.35,57
PRG0008074,STU00453,MOD00093,CRS012,2025-11-01,2025-12-18,Completed,8.15,7
PRG0008075,STU00453,MOD00094,CRS012,2025-11-07,2025-11-23,In Progress,4.28,42
PRG0008076,STU00453,MOD00095,CRS012,2025-11-07,2025-10-27,Completed,2.3,40
PRG0008077,STU00453,MOD00096,CRS012,2025-11-19,2026-01-15,Completed,2.31,16
PRG0008078,STU00454,MOD00089,CRS012,2025-09-24,2025-10-12,Completed,4.52,8
PRG0008079,STU00454,MOD00090,CRS012,2025-10-08,2025-09-23,In Progress,1.67,83
PRG0008080,STU00454,MOD00091,CRS012,2025-09-19,2025-11-28,Not Started,3.89,41
PRG0008081,STU00454,MOD00092,CRS012,2025-09-18,2025-11-14,In Progress,2.22,22
PRG0008082,STU00454,MOD00093,CRS012,2025-10-07,2025-10-28,Completed,2.2,55
PRG0008083,STU00454,MOD00094,CRS012,2025-09-14,2025-10-30,In Progress,4.73,9
PRG0008084,STU00454,MOD00095,CRS012,2025-09-26,2025-10-11,Completed,3.13,66
PRG0008085,STU00454,MOD00096,CRS012,2025-10-04,2025-11-30,Completed,4.34,80
PRG0008086,STU00455,MOD00017,CRS003,2026-03-25,2026-03-25,In Progress,4.17,73
PRG0008087,STU00455,MOD00018,CRS003,2026-04-12,2026-04-06,In Progress,2.05,44
PRG0008088,STU00455,MOD00019,CRS003,2026-04-10,2026-05-08,Completed,8.28,88
PRG0008089,STU00455,MOD00020,CRS003,2026-04-02,2026-05-31,In Progress,3.71,27
PRG0008090,STU00455,MOD00021,CRS003,2026-03-24,2026-05-22,Completed,3.56,92
PRG0008091,STU00455,MOD00022,CRS003,2026-04-19,2026-05-29,Completed,4.22,66
PRG0008092,STU00455,MOD00023,CRS003,2026-03-25,2026-05-11,In Progress,2.55,17
PRG0008093,STU00455,MOD00024,CRS003,2026-04-14,2026-04-14,Not Started,10.13,2
PRG0008094,STU00455,MOD00113,CRS015,2025-12-12,2025-11-28,Completed,1.24,39
PRG0008095,STU00455,MOD00114,CRS015,2025-12-05,2025-12-29,Completed,1.04,2
PRG0008096,STU00455,MOD00115,CRS015,2025-12-05,2026-02-17,Completed,5.47,92
PRG0008097,STU00455,MOD00116,CRS015,2025-12-12,2026-02-10,Completed,1.67,65
PRG0008098,STU00455,MOD00117,CRS015,2025-11-29,2025-11-30,Completed,2.73,48
PRG0008099,STU00455,MOD00118,CRS015,2025-11-27,2026-01-21,Completed,3.27,63
PRG0008100,STU00455,MOD00119,CRS015,2025-12-06,2026-02-10,In Progress,1.39,26
PRG0008101,STU00455,MOD00120,CRS015,2025-12-13,2026-01-12,In Progress,2.16,6
PRG0008102,STU00456,MOD00033,CRS005,2025-05-04,2025-06-12,Completed,11.54,21
PRG0008103,STU00456,MOD00034,CRS005,2025-05-23,2025-07-21,Not Started,3.08,26
PRG0008104,STU00456,MOD00035,CRS005,2025-05-22,2025-06-11,In Progress,14.46,72
PRG0008105,STU00456,MOD00036,CRS005,2025-05-03,2025-06-06,In Progress,1.92,86
PRG0008106,STU00456,MOD00037,CRS005,2025-05-22,2025-07-15,Completed,1.59,53
PRG0008107,STU00456,MOD00038,CRS005,2025-05-09,2025-05-05,In Progress,3.14,79
PRG0008108,STU00456,MOD00039,CRS005,2025-05-02,2025-06-26,Completed,1.09,40
PRG0008109,STU00456,MOD00040,CRS005,2025-05-17,2025-07-26,Completed,6.96,49
PRG0008110,STU00456,MOD00053,CRS007,2025-07-01,2025-07-28,In Progress,7.33,97
PRG0008111,STU00456,MOD00054,CRS007,2025-06-29,2025-07-25,In Progress,1.35,5
PRG0008112,STU00456,MOD00055,CRS007,2025-06-22,2025-08-27,In Progress,3.88,23
PRG0008113,STU00456,MOD00056,CRS007,2025-07-04,2025-07-22,Completed,11.64,77
PRG0008114,STU00456,MOD00081,CRS011,2025-11-02,2025-12-29,Completed,4.73,47
PRG0008115,STU00456,MOD00084,CRS011,2025-10-23,2025-10-22,In Progress,4.9,62
PRG0008116,STU00456,MOD00085,CRS011,2025-11-01,2025-11-17,In Progress,3.98,50
PRG0008117,STU00456,MOD00086,CRS011,2025-10-16,2025-11-03,Completed,3.72,65
PRG0008118,STU00456,MOD00127,CRS016,2026-04-19,2026-03-28,Completed,2.21,9
PRG0008119,STU00456,MOD00079,CRS010,2025-12-01,2026-01-07,Completed,8.16,42
PRG0008120,STU00456,MOD00080,CRS010,2025-12-23,2026-01-11,In Progress,2.59,72
PRG0008121,STU00457,MOD00049,CRS007,2026-02-16,2026-04-16,Completed,3.12,66
PRG0008122,STU00457,MOD00050,CRS007,2026-02-11,2026-04-24,Completed,2.88,36
PRG0008123,STU00457,MOD00051,CRS007,2026-02-13,2026-02-19,Not Started,5.48,96
PRG0008124,STU00457,MOD00052,CRS007,2026-02-24,2026-02-03,Completed,4.92,87
PRG0008125,STU00457,MOD00053,CRS007,2026-02-19,2026-03-15,Completed,6.52,100
PRG0008126,STU00457,MOD00054,CRS007,2026-02-11,2026-04-09,In Progress,2.62,94
PRG0008127,STU00457,MOD00055,CRS007,2026-02-17,2026-02-27,Completed,5.81,60
PRG0008128,STU00457,MOD00056,CRS007,2026-02-07,2026-02-08,Completed,1.58,9
PRG0008129,STU00457,MOD00009,CRS002,2025-08-25,2025-08-22,Completed,12.13,91
PRG0008130,STU00457,MOD00010,CRS002,2025-09-06,2025-10-02,Not Started,2.33,12
PRG0008131,STU00457,MOD00011,CRS002,2025-09-01,2025-11-04,Completed,2.3,19
PRG0008132,STU00457,MOD00012,CRS002,2025-09-17,2025-09-22,Completed,8.81,21
PRG0008133,STU00457,MOD00013,CRS002,2025-08-26,2025-11-08,Completed,10.3,95
PRG0008134,STU00457,MOD00014,CRS002,2025-08-28,2025-09-22,Completed,6.91,13
PRG0008135,STU00457,MOD00015,CRS002,2025-08-20,2025-09-23,Completed,11.43,50
PRG0008136,STU00457,MOD00016,CRS002,2025-09-15,2025-10-15,Completed,6.5,4
PRG0008137,STU00458,MOD00026,CRS004,2025-05-05,2025-05-31,In Progress,1.95,22
PRG0008138,STU00458,MOD00027,CRS004,2025-04-24,2025-05-09,Completed,3.45,87
PRG0008139,STU00458,MOD00028,CRS004,2025-04-25,2025-05-31,In Progress,4.94,87
PRG0008140,STU00458,MOD00029,CRS004,2025-04-21,2025-06-04,In Progress,8.03,24
PRG0008141,STU00458,MOD00030,CRS004,2025-05-13,2025-05-29,Completed,5.54,31
PRG0008142,STU00458,MOD00031,CRS004,2025-05-07,2025-06-25,Completed,2.91,43
PRG0008143,STU00458,MOD00032,CRS004,2025-05-15,2025-06-26,In Progress,3.84,99
PRG0008144,STU00458,MOD00008,CRS001,2025-07-28,2025-09-26,Completed,8.12,10
PRG0008145,STU00458,MOD00073,CRS010,2025-06-11,2025-08-25,Completed,4.22,72
PRG0008146,STU00458,MOD00075,CRS010,2025-06-15,2025-08-08,Completed,2.05,13
PRG0008147,STU00458,MOD00078,CRS010,2025-06-24,2025-08-16,Completed,3.81,87
PRG0008148,STU00458,MOD00079,CRS010,2025-06-08,2025-06-12,Completed,14.49,10
PRG0008149,STU00458,MOD00080,CRS010,2025-06-17,2025-05-29,Completed,2.01,46
PRG0008150,STU00458,MOD00009,CRS002,2025-11-09,2025-12-06,Completed,5.96,27
PRG0008151,STU00458,MOD00010,CRS002,2025-11-23,2025-12-22,Completed,3.55,21
PRG0008152,STU00458,MOD00011,CRS002,2025-10-26,2025-11-11,Completed,8.74,77
PRG0008153,STU00458,MOD00012,CRS002,2025-11-24,2025-12-20,Completed,7.47,68
PRG0008154,STU00458,MOD00013,CRS002,2025-11-11,2025-11-29,Completed,2.11,20
PRG0008155,STU00458,MOD00014,CRS002,2025-10-26,2026-01-19,In Progress,3.3,96
PRG0008156,STU00458,MOD00015,CRS002,2025-11-16,2026-01-12,Completed,6.77,100
PRG0008157,STU00458,MOD00016,CRS002,2025-11-06,2025-12-11,In Progress,4.19,25
PRG0008158,STU00458,MOD00017,CRS003,2025-05-29,2025-07-04,Completed,1.43,5
PRG0008159,STU00458,MOD00018,CRS003,2025-06-09,2025-05-27,Not Started,3.7,59
PRG0008160,STU00458,MOD00019,CRS003,2025-06-01,2025-05-25,Completed,8.87,74
PRG0008161,STU00458,MOD00020,CRS003,2025-06-05,2025-07-08,In Progress,4.04,42
PRG0008162,STU00458,MOD00021,CRS003,2025-05-28,2025-06-15,Completed,2.05,12
PRG0008163,STU00458,MOD00022,CRS003,2025-05-27,2025-07-01,Completed,2.27,44
PRG0008164,STU00458,MOD00023,CRS003,2025-06-18,2025-07-29,Completed,3.12,82
PRG0008165,STU00458,MOD00024,CRS003,2025-05-19,2025-08-07,In Progress,2.5,5
PRG0008166,STU00459,MOD00145,CRS019,2025-08-25,2025-11-16,Completed,4.04,93
PRG0008167,STU00459,MOD00146,CRS019,2025-09-12,2025-11-07,Completed,1.81,38
PRG0008168,STU00459,MOD00147,CRS019,2025-09-02,2025-08-25,Completed,1.66,44
PRG0008169,STU00459,MOD00148,CRS019,2025-08-26,2025-09-24,In Progress,1.96,34
PRG0008170,STU00459,MOD00149,CRS019,2025-09-12,2025-11-21,Completed,4.07,53
PRG0008171,STU00459,MOD00150,CRS019,2025-09-21,2025-09-17,Completed,3.68,57
PRG0008172,STU00459,MOD00151,CRS019,2025-09-15,2025-09-28,In Progress,2.4,94
PRG0008173,STU00459,MOD00152,CRS019,2025-09-02,2025-10-07,Completed,4.25,50
PRG0008174,STU00460,MOD00081,CRS011,2026-01-25,2026-01-21,Completed,1.54,36
PRG0008175,STU00460,MOD00083,CRS011,2026-01-28,2026-04-14,Completed,6.43,89
PRG0008176,STU00460,MOD00053,CRS007,2025-10-31,2026-01-07,In Progress,1.66,19
PRG0008177,STU00460,MOD00054,CRS007,2025-11-21,2025-12-17,Completed,2.87,20
PRG0008178,STU00461,MOD00113,CRS015,2025-08-03,2025-07-31,In Progress,12.79,75
PRG0008179,STU00461,MOD00115,CRS015,2025-08-19,2025-08-30,Completed,12.42,87
PRG0008180,STU00461,MOD00116,CRS015,2025-07-31,2025-08-08,Completed,6.2,30
PRG0008181,STU00461,MOD00117,CRS015,2025-07-30,2025-08-16,In Progress,2.23,26
PRG0008182,STU00461,MOD00118,CRS015,2025-08-17,2025-09-28,Completed,5.28,39
PRG0008183,STU00461,MOD00120,CRS015,2025-08-22,2025-09-29,Not Started,2.93,23
PRG0008184,STU00461,MOD00025,CRS004,2026-01-22,2026-03-25,Completed,9.56,41
PRG0008185,STU00461,MOD00026,CRS004,2026-01-27,2026-01-24,Completed,9.79,23
PRG0008186,STU00461,MOD00027,CRS004,2026-02-01,2026-04-04,Not Started,6.82,56
PRG0008187,STU00461,MOD00030,CRS004,2026-02-18,2026-02-20,Completed,1.8,11
PRG0008188,STU00461,MOD00031,CRS004,2026-02-05,2026-02-19,In Progress,7.42,96
PRG0008189,STU00461,MOD00065,CRS009,2025-12-31,2026-02-05,Completed,2.84,27
PRG0008190,STU00461,MOD00066,CRS009,2026-01-08,2026-02-28,Completed,2.96,83
PRG0008191,STU00461,MOD00069,CRS009,2025-12-13,2026-01-26,In Progress,7.09,25
PRG0008192,STU00461,MOD00072,CRS009,2025-12-13,2026-01-07,Completed,1.84,90
PRG0008193,STU00462,MOD00137,CRS018,2025-07-26,2025-09-01,Completed,3.57,96
PRG0008194,STU00462,MOD00138,CRS018,2025-07-30,2025-08-11,In Progress,5.47,39
PRG0008195,STU00462,MOD00139,CRS018,2025-08-03,2025-08-17,In Progress,3.98,97
PRG0008196,STU00462,MOD00140,CRS018,2025-07-30,2025-08-26,Completed,6.69,56
PRG0008197,STU00462,MOD00141,CRS018,2025-08-10,2025-08-24,Not Started,4.1,22
PRG0008198,STU00462,MOD00142,CRS018,2025-08-12,2025-09-26,Completed,8.52,37
PRG0008199,STU00462,MOD00143,CRS018,2025-08-06,2025-08-30,Completed,2.28,88
PRG0008200,STU00462,MOD00144,CRS018,2025-08-16,2025-10-15,Completed,1.98,19
PRG0008201,STU00462,MOD00131,CRS017,2025-07-23,2025-08-20,In Progress,1.03,51
PRG0008202,STU00462,MOD00132,CRS017,2025-07-08,2025-09-13,Completed,1.95,34
PRG0008203,STU00462,MOD00134,CRS017,2025-07-20,2025-06-26,In Progress,2.38,77
PRG0008204,STU00462,MOD00136,CRS017,2025-07-22,2025-08-15,Not Started,2.34,19
PRG0008205,STU00462,MOD00025,CRS004,2026-02-26,2026-03-23,Not Started,4.27,40
PRG0008206,STU00462,MOD00027,CRS004,2026-02-14,2026-03-25,Completed,14.22,61
PRG0008207,STU00462,MOD00031,CRS004,2026-02-19,2026-02-23,Completed,4.34,90
PRG0008208,STU00462,MOD00032,CRS004,2026-02-27,2026-02-11,In Progress,2.34,16
PRG0008209,STU00462,MOD00053,CRS007,2025-12-23,2026-02-16,Completed,5.17,53
PRG0008210,STU00462,MOD00089,CRS012,2026-04-12,2026-06-20,Completed,2.32,69
PRG0008211,STU00462,MOD00090,CRS012,2026-04-12,2026-06-01,Completed,14.31,53
PRG0008212,STU00462,MOD00091,CRS012,2026-04-28,2026-04-30,Completed,6.54,41
PRG0008213,STU00462,MOD00092,CRS012,2026-04-07,2026-05-24,Completed,2.47,23
PRG0008214,STU00462,MOD00093,CRS012,2026-04-19,2026-06-01,Completed,9.88,9
PRG0008215,STU00462,MOD00094,CRS012,2026-04-05,2026-04-05,Completed,5.75,8
PRG0008216,STU00462,MOD00095,CRS012,2026-04-14,2026-06-21,Completed,5.4,20
PRG0008217,STU00462,MOD00096,CRS012,2026-05-03,2026-05-31,Completed,1.57,70
PRG0008218,STU00463,MOD00017,CRS003,2025-10-29,2025-10-10,Completed,1.1,7
PRG0008219,STU00463,MOD00018,CRS003,2025-11-01,2025-11-02,Completed,3.62,61
PRG0008220,STU00463,MOD00019,CRS003,2025-10-30,2025-10-14,Completed,1.62,60
PRG0008221,STU00463,MOD00020,CRS003,2025-10-30,2025-12-27,Completed,2.17,67
PRG0008222,STU00463,MOD00021,CRS003,2025-11-03,2025-11-20,In Progress,6.41,89
PRG0008223,STU00463,MOD00022,CRS003,2025-10-07,2026-01-01,In Progress,8.41,19
PRG0008224,STU00463,MOD00023,CRS003,2025-10-05,2025-12-03,Completed,1.99,26
PRG0008225,STU00463,MOD00024,CRS003,2025-10-27,2025-12-14,Completed,4.14,69
PRG0008226,STU00463,MOD00073,CRS010,2025-06-20,2025-09-15,Completed,2.57,97
PRG0008227,STU00463,MOD00075,CRS010,2025-07-11,2025-08-17,Not Started,1.49,84
PRG0008228,STU00463,MOD00076,CRS010,2025-06-22,2025-08-13,Completed,5.44,56
PRG0008229,STU00463,MOD00079,CRS010,2025-06-17,2025-09-07,Completed,5.1,16
PRG0008230,STU00463,MOD00080,CRS010,2025-06-29,2025-08-09,Completed,2.07,87
PRG0008231,STU00464,MOD00012,CRS002,2025-12-27,2026-01-04,In Progress,4.06,8
PRG0008232,STU00464,MOD00033,CRS005,2025-11-12,2026-01-24,Completed,6.49,6
PRG0008233,STU00464,MOD00034,CRS005,2025-11-27,2026-01-14,Completed,2.67,97
PRG0008234,STU00464,MOD00035,CRS005,2025-11-17,2025-12-10,Not Started,4.06,15
PRG0008235,STU00464,MOD00038,CRS005,2025-11-26,2025-11-24,In Progress,1.26,81
PRG0008236,STU00464,MOD00039,CRS005,2025-11-22,2025-12-11,In Progress,1.17,43
PRG0008237,STU00464,MOD00001,CRS001,2025-12-14,2026-02-18,Not Started,1.58,36
PRG0008238,STU00464,MOD00002,CRS001,2026-01-02,2025-12-28,Completed,2.65,75
PRG0008239,STU00464,MOD00003,CRS001,2025-12-23,2026-02-28,Not Started,2.35,66
PRG0008240,STU00464,MOD00004,CRS001,2026-01-05,2026-02-28,Completed,12.58,100
PRG0008241,STU00464,MOD00005,CRS001,2025-12-27,2026-01-24,Completed,14.71,52
PRG0008242,STU00464,MOD00006,CRS001,2025-12-14,2025-12-14,Completed,6.0,42
PRG0008243,STU00464,MOD00008,CRS001,2026-01-03,2026-02-28,In Progress,4.26,30
PRG0008244,STU00464,MOD00121,CRS016,2025-11-09,2025-12-20,Completed,9.31,9
PRG0008245,STU00464,MOD00122,CRS016,2025-11-24,2026-01-01,Not Started,1.35,93
PRG0008246,STU00464,MOD00123,CRS016,2025-11-17,2025-11-25,In Progress,1.26,68
PRG0008247,STU00464,MOD00124,CRS016,2025-11-20,2025-11-20,In Progress,2.52,63
PRG0008248,STU00464,MOD00125,CRS016,2025-12-04,2025-11-25,Completed,2.57,35
PRG0008249,STU00464,MOD00127,CRS016,2025-11-25,2025-12-15,In Progress,2.01,24
PRG0008250,STU00464,MOD00128,CRS016,2025-12-08,2026-01-28,Completed,9.57,99
PRG0008251,STU00465,MOD00041,CRS006,2025-10-09,2025-12-13,Completed,5.74,98
PRG0008252,STU00465,MOD00146,CRS019,2025-08-23,2025-10-03,Completed,2.24,95
PRG0008253,STU00465,MOD00147,CRS019,2025-09-11,2025-09-27,In Progress,7.51,50
PRG0008254,STU00465,MOD00150,CRS019,2025-09-08,2025-09-18,Not Started,4.5,17
PRG0008255,STU00465,MOD00152,CRS019,2025-08-21,2025-08-25,Completed,3.86,50
PRG0008256,STU00465,MOD00113,CRS015,2026-02-16,2026-02-15,Completed,9.16,59
PRG0008257,STU00465,MOD00114,CRS015,2026-02-22,2026-04-15,Completed,10.58,65
PRG0008258,STU00465,MOD00115,CRS015,2026-02-27,2026-04-02,Not Started,7.82,78
PRG0008259,STU00465,MOD00116,CRS015,2026-03-04,2026-04-12,Completed,4.99,56
PRG0008260,STU00465,MOD00117,CRS015,2026-02-13,2026-02-14,Completed,3.86,94
PRG0008261,STU00465,MOD00118,CRS015,2026-02-17,2026-03-04,Not Started,11.89,71
PRG0008262,STU00465,MOD00119,CRS015,2026-02-18,2026-02-24,Not Started,2.4,90
PRG0008263,STU00465,MOD00120,CRS015,2026-02-11,2026-04-09,Completed,3.2,11
PRG0008264,STU00465,MOD00089,CRS012,2026-01-25,2026-02-15,Completed,11.64,39
PRG0008265,STU00465,MOD00090,CRS012,2026-01-30,2026-03-26,In Progress,5.15,41
PRG0008266,STU00465,MOD00091,CRS012,2026-01-23,2026-02-24,Completed,8.95,2
PRG0008267,STU00465,MOD00092,CRS012,2026-02-14,2026-01-28,Completed,2.47,92
PRG0008268,STU00465,MOD00093,CRS012,2026-01-23,2026-02-17,Completed,1.09,33
PRG0008269,STU00465,MOD00094,CRS012,2026-01-27,2026-01-28,In Progress,3.48,5
PRG0008270,STU00465,MOD00095,CRS012,2026-01-30,2026-03-07,In Progress,1.35,0
PRG0008271,STU00465,MOD00096,CRS012,2026-02-14,2026-01-30,Completed,10.04,71
PRG0008272,STU00466,MOD00018,CRS003,2025-06-03,2025-07-20,In Progress,1.47,82
PRG0008273,STU00466,MOD00021,CRS003,2025-05-16,2025-07-19,Completed,4.4,9
PRG0008274,STU00466,MOD00022,CRS003,2025-05-29,2025-07-01,Completed,8.55,28
PRG0008275,STU00466,MOD00024,CRS003,2025-05-20,2025-05-20,Completed,7.16,39
PRG0008276,STU00466,MOD00113,CRS015,2026-01-11,2026-02-07,In Progress,6.74,25
PRG0008277,STU00466,MOD00115,CRS015,2026-01-09,2026-03-25,Completed,1.1,84
PRG0008278,STU00466,MOD00117,CRS015,2026-02-07,2026-02-16,Not Started,2.67,89
PRG0008279,STU00466,MOD00118,CRS015,2026-01-15,2026-01-18,In Progress,1.31,56
PRG0008280,STU00466,MOD00119,CRS015,2026-02-03,2026-02-28,Completed,6.35,48
PRG0008281,STU00466,MOD00120,CRS015,2026-01-23,2026-01-27,Completed,2.91,46
PRG0008282,STU00466,MOD00033,CRS005,2026-04-05,2026-04-15,In Progress,7.42,32
PRG0008283,STU00466,MOD00034,CRS005,2026-04-16,2026-06-10,Completed,7.43,61
PRG0008284,STU00466,MOD00035,CRS005,2026-04-14,2026-05-04,In Progress,2.24,20
PRG0008285,STU00466,MOD00036,CRS005,2026-03-28,2026-05-07,Not Started,4.65,88
PRG0008286,STU00466,MOD00037,CRS005,2026-04-08,2026-05-12,Completed,1.78,58
PRG0008287,STU00466,MOD00038,CRS005,2026-04-01,2026-04-02,Not Started,3.88,17
PRG0008288,STU00466,MOD00039,CRS005,2026-04-02,2026-03-21,Completed,6.51,2
PRG0008289,STU00466,MOD00040,CRS005,2026-04-07,2026-05-25,In Progress,2.25,47
PRG0008290,STU00466,MOD00153,CRS020,2025-07-02,2025-09-06,Completed,2.21,52
PRG0008291,STU00466,MOD00154,CRS020,2025-07-10,2025-07-31,Completed,7.45,10
PRG0008292,STU00466,MOD00155,CRS020,2025-07-09,2025-07-18,Completed,10.59,77
PRG0008293,STU00466,MOD00156,CRS020,2025-07-03,2025-09-08,Completed,1.45,66
PRG0008294,STU00466,MOD00157,CRS020,2025-07-03,2025-08-12,In Progress,7.36,81
PRG0008295,STU00466,MOD00158,CRS020,2025-07-17,2025-07-12,In Progress,11.24,26
PRG0008296,STU00466,MOD00159,CRS020,2025-06-21,2025-07-08,Completed,11.93,63
PRG0008297,STU00466,MOD00160,CRS020,2025-06-23,2025-07-04,In Progress,2.18,88
PRG0008298,STU00466,MOD00145,CRS019,2026-02-17,2026-02-26,Completed,3.04,72
PRG0008299,STU00466,MOD00146,CRS019,2026-01-26,2026-04-09,Completed,1.05,31
PRG0008300,STU00466,MOD00147,CRS019,2026-02-21,2026-03-21,Completed,4.4,94
PRG0008301,STU00466,MOD00148,CRS019,2026-02-16,2026-04-09,In Progress,1.03,38
PRG0008302,STU00466,MOD00149,CRS019,2026-02-05,2026-03-23,Completed,1.01,45
PRG0008303,STU00466,MOD00150,CRS019,2026-02-10,2026-01-31,In Progress,6.31,76
PRG0008304,STU00466,MOD00151,CRS019,2026-02-05,2026-04-15,Completed,2.36,59
PRG0008305,STU00466,MOD00152,CRS019,2026-02-13,2026-01-27,Completed,1.68,77
PRG0008306,STU00467,MOD00037,CRS005,2025-12-15,2026-01-22,In Progress,2.06,69
PRG0008307,STU00467,MOD00038,CRS005,2025-12-03,2026-01-21,Completed,4.32,10
PRG0008308,STU00467,MOD00039,CRS005,2025-12-05,2026-01-18,Not Started,6.37,60
PRG0008309,STU00467,MOD00066,CRS009,2025-12-18,2026-01-21,In Progress,7.47,90
PRG0008310,STU00467,MOD00067,CRS009,2025-12-20,2025-12-23,In Progress,5.05,45
PRG0008311,STU00467,MOD00071,CRS009,2025-12-16,2026-02-07,In Progress,9.4,33
PRG0008312,STU00467,MOD00072,CRS009,2025-12-03,2026-01-02,Completed,1.33,56
PRG0008313,STU00468,MOD00081,CRS011,2026-03-18,2026-03-12,In Progress,6.23,60
PRG0008314,STU00468,MOD00082,CRS011,2026-03-17,2026-03-13,Completed,3.04,37
PRG0008315,STU00468,MOD00084,CRS011,2026-03-24,2026-05-15,Completed,12.5,49
PRG0008316,STU00468,MOD00085,CRS011,2026-04-06,2026-05-22,In Progress,6.62,12
PRG0008317,STU00468,MOD00086,CRS011,2026-03-25,2026-03-22,Not Started,1.7,59
PRG0008318,STU00468,MOD00087,CRS011,2026-04-05,2026-04-12,In Progress,2.13,21
PRG0008319,STU00468,MOD00088,CRS011,2026-03-14,2026-04-12,In Progress,3.85,68
PRG0008320,STU00468,MOD00113,CRS015,2026-01-09,2026-03-15,Not Started,11.46,69
PRG0008321,STU00468,MOD00114,CRS015,2026-02-01,2026-01-13,Not Started,4.42,37
PRG0008322,STU00468,MOD00115,CRS015,2026-01-12,2026-03-05,Completed,9.59,25
PRG0008323,STU00468,MOD00116,CRS015,2026-01-29,2026-03-01,Not Started,2.48,52
PRG0008324,STU00468,MOD00117,CRS015,2026-01-18,2026-02-02,Completed,2.76,73
PRG0008325,STU00468,MOD00118,CRS015,2026-01-12,2026-02-13,In Progress,4.41,83
PRG0008326,STU00468,MOD00119,CRS015,2026-01-28,2026-02-04,Not Started,2.16,8
PRG0008327,STU00468,MOD00120,CRS015,2026-02-02,2026-01-09,In Progress,3.08,37
PRG0008328,STU00468,MOD00121,CRS016,2025-11-29,2025-11-30,Completed,11.03,85
PRG0008329,STU00468,MOD00122,CRS016,2025-12-11,2026-01-16,Completed,1.01,79
PRG0008330,STU00468,MOD00123,CRS016,2025-12-13,2026-01-29,In Progress,2.86,81
PRG0008331,STU00468,MOD00124,CRS016,2025-12-12,2026-01-20,In Progress,6.36,35
PRG0008332,STU00468,MOD00125,CRS016,2025-11-29,2025-11-25,Completed,2.19,47
PRG0008333,STU00468,MOD00126,CRS016,2025-12-10,2025-11-22,Completed,7.72,51
PRG0008334,STU00468,MOD00127,CRS016,2025-11-21,2025-12-27,Completed,4.78,8
PRG0008335,STU00468,MOD00128,CRS016,2025-12-09,2026-02-05,Completed,2.35,3
PRG0008336,STU00469,MOD00041,CRS006,2025-09-04,2025-10-26,Not Started,5.81,2
PRG0008337,STU00469,MOD00042,CRS006,2025-08-12,2025-09-13,Completed,1.26,54
PRG0008338,STU00469,MOD00043,CRS006,2025-09-06,2025-09-29,In Progress,1.27,47
PRG0008339,STU00469,MOD00044,CRS006,2025-09-08,2025-09-01,Completed,7.07,23
PRG0008340,STU00469,MOD00045,CRS006,2025-08-14,2025-10-08,Completed,4.69,71
PRG0008341,STU00469,MOD00046,CRS006,2025-09-02,2025-08-14,Completed,6.05,15
PRG0008342,STU00469,MOD00047,CRS006,2025-08-31,2025-10-12,In Progress,9.78,3
PRG0008343,STU00469,MOD00048,CRS006,2025-09-01,2025-10-09,Completed,4.36,27
PRG0008344,STU00469,MOD00073,CRS010,2025-07-18,2025-07-31,Completed,4.95,99
PRG0008345,STU00469,MOD00074,CRS010,2025-07-15,2025-08-24,In Progress,5.58,46
PRG0008346,STU00469,MOD00075,CRS010,2025-07-10,2025-09-12,Not Started,2.87,49
PRG0008347,STU00469,MOD00076,CRS010,2025-07-05,2025-07-22,In Progress,3.63,97
PRG0008348,STU00469,MOD00077,CRS010,2025-07-04,2025-07-15,Completed,4.42,77
PRG0008349,STU00469,MOD00078,CRS010,2025-07-12,2025-06-30,In Progress,3.21,60
PRG0008350,STU00469,MOD00079,CRS010,2025-07-24,2025-08-01,Completed,5.82,43
PRG0008351,STU00469,MOD00080,CRS010,2025-07-09,2025-09-04,Completed,3.88,46
PRG0008352,STU00469,MOD00089,CRS012,2026-01-08,2026-03-02,Completed,2.93,72
PRG0008353,STU00469,MOD00090,CRS012,2025-12-29,2026-02-24,In Progress,12.86,78
PRG0008354,STU00469,MOD00091,CRS012,2026-01-16,2026-02-02,Completed,4.29,23
PRG0008355,STU00469,MOD00092,CRS012,2026-01-01,2026-01-13,Completed,1.3,59
PRG0008356,STU00469,MOD00093,CRS012,2025-12-29,2026-01-17,Completed,8.84,35
PRG0008357,STU00469,MOD00094,CRS012,2026-01-14,2026-02-17,In Progress,6.52,56
PRG0008358,STU00469,MOD00095,CRS012,2026-01-10,2026-01-12,Completed,4.29,9
PRG0008359,STU00469,MOD00096,CRS012,2025-12-17,2026-01-11,Completed,7.71,99
PRG0008360,STU00469,MOD00034,CRS005,2025-08-26,2025-10-23,Not Started,8.75,52
PRG0008361,STU00469,MOD00035,CRS005,2025-08-27,2025-10-17,In Progress,7.13,91
PRG0008362,STU00469,MOD00036,CRS005,2025-09-03,2025-09-03,Not Started,4.14,89
PRG0008363,STU00469,MOD00037,CRS005,2025-09-06,2025-09-22,Completed,2.94,51
PRG0008364,STU00469,MOD00038,CRS005,2025-09-06,2025-08-20,Completed,1.92,52
PRG0008365,STU00469,MOD00039,CRS005,2025-08-28,2025-10-02,In Progress,7.18,44
PRG0008366,STU00469,MOD00040,CRS005,2025-08-15,2025-08-20,Completed,1.47,29
PRG0008367,STU00470,MOD00017,CRS003,2026-01-28,2026-04-15,In Progress,5.17,61
PRG0008368,STU00470,MOD00018,CRS003,2026-02-10,2026-03-21,In Progress,2.5,100
PRG0008369,STU00470,MOD00019,CRS003,2026-02-13,2026-02-26,Completed,6.12,6
PRG0008370,STU00470,MOD00020,CRS003,2026-01-27,2026-03-29,Completed,4.83,44
PRG0008371,STU00470,MOD00021,CRS003,2026-02-12,2026-03-19,Completed,1.7,88
PRG0008372,STU00470,MOD00022,CRS003,2026-02-15,2026-02-15,Completed,4.85,94
PRG0008373,STU00470,MOD00023,CRS003,2026-02-05,2026-03-13,Completed,4.44,94
PRG0008374,STU00470,MOD00024,CRS003,2026-02-15,2026-03-28,Completed,14.52,25
PRG0008375,STU00470,MOD00073,CRS010,2025-08-28,2025-09-11,Completed,7.11,23
PRG0008376,STU00470,MOD00074,CRS010,2025-09-08,2025-10-10,In Progress,1.78,83
PRG0008377,STU00470,MOD00075,CRS010,2025-08-12,2025-08-19,Completed,2.49,76
PRG0008378,STU00470,MOD00076,CRS010,2025-08-12,2025-10-19,Completed,10.25,40
PRG0008379,STU00470,MOD00077,CRS010,2025-08-21,2025-09-27,Completed,2.7,37
PRG0008380,STU00470,MOD00078,CRS010,2025-08-17,2025-08-31,Completed,2.14,77
PRG0008381,STU00470,MOD00079,CRS010,2025-08-15,2025-11-04,In Progress,1.93,81
PRG0008382,STU00470,MOD00080,CRS010,2025-08-23,2025-10-25,In Progress,4.47,79
PRG0008383,STU00470,MOD00137,CRS018,2025-06-18,2025-08-24,Completed,4.8,76
PRG0008384,STU00470,MOD00138,CRS018,2025-06-26,2025-08-05,Completed,4.75,100
PRG0008385,STU00470,MOD00139,CRS018,2025-06-12,2025-08-07,Completed,2.67,18
PRG0008386,STU00470,MOD00140,CRS018,2025-06-30,2025-08-24,Completed,1.75,18
PRG0008387,STU00470,MOD00141,CRS018,2025-06-11,2025-07-23,In Progress,8.35,44
PRG0008388,STU00470,MOD00142,CRS018,2025-06-21,2025-06-06,In Progress,5.18,3
PRG0008389,STU00470,MOD00143,CRS018,2025-06-16,2025-08-09,Completed,1.36,53
PRG0008390,STU00470,MOD00144,CRS018,2025-06-29,2025-07-27,Completed,3.52,42
PRG0008391,STU00470,MOD00113,CRS015,2026-01-27,2026-03-26,Completed,3.48,34
PRG0008392,STU00470,MOD00114,CRS015,2026-01-18,2026-02-28,Not Started,11.67,10
PRG0008393,STU00470,MOD00115,CRS015,2026-01-25,2026-04-07,Completed,2.75,5
PRG0008394,STU00470,MOD00116,CRS015,2026-01-14,2026-03-09,Completed,2.97,72
PRG0008395,STU00470,MOD00118,CRS015,2026-01-11,2026-04-07,Completed,2.52,23
PRG0008396,STU00470,MOD00120,CRS015,2026-01-29,2026-01-22,Not Started,3.26,64
PRG0008397,STU00470,MOD00097,CRS013,2026-03-04,2026-04-17,Completed,1.45,37
PRG0008398,STU00470,MOD00098,CRS013,2026-03-20,2026-04-17,In Progress,2.32,29
PRG0008399,STU00470,MOD00099,CRS013,2026-02-26,2026-05-06,In Progress,4.62,60
PRG0008400,STU00470,MOD00100,CRS013,2026-03-17,2026-03-05,In Progress,2.34,20
PRG0008401,STU00470,MOD00101,CRS013,2026-03-11,2026-03-02,Completed,1.57,59
PRG0008402,STU00470,MOD00102,CRS013,2026-03-07,2026-03-29,Completed,2.64,32
PRG0008403,STU00470,MOD00103,CRS013,2026-03-07,2026-04-22,Completed,3.23,9
PRG0008404,STU00470,MOD00104,CRS013,2026-03-24,2026-03-25,Completed,8.88,69
PRG0008405,STU00471,MOD00081,CRS011,2025-09-23,2025-10-01,Completed,5.65,61
PRG0008406,STU00471,MOD00082,CRS011,2025-09-21,2025-10-14,Completed,7.73,9
PRG0008407,STU00471,MOD00083,CRS011,2025-09-26,2025-10-04,In Progress,6.72,78
PRG0008408,STU00471,MOD00084,CRS011,2025-09-02,2025-09-16,Completed,2.3,17
PRG0008409,STU00471,MOD00085,CRS011,2025-09-26,2025-09-09,Completed,7.19,46
PRG0008410,STU00471,MOD00087,CRS011,2025-09-14,2025-09-24,In Progress,3.36,26
PRG0008411,STU00471,MOD00088,CRS011,2025-09-15,2025-09-14,Completed,1.45,99
PRG0008412,STU00472,MOD00105,CRS014,2026-02-27,2026-02-16,In Progress,3.25,7
PRG0008413,STU00472,MOD00106,CRS014,2026-03-11,2026-05-04,In Progress,9.04,92
PRG0008414,STU00472,MOD00107,CRS014,2026-03-05,2026-03-09,In Progress,4.3,91
PRG0008415,STU00472,MOD00108,CRS014,2026-02-22,2026-04-15,Completed,9.43,56
PRG0008416,STU00472,MOD00109,CRS014,2026-02-20,2026-02-28,Completed,8.17,53
PRG0008417,STU00472,MOD00110,CRS014,2026-03-11,2026-04-17,Completed,10.43,16
PRG0008418,STU00472,MOD00111,CRS014,2026-02-25,2026-03-23,Completed,4.63,54
PRG0008419,STU00472,MOD00112,CRS014,2026-03-03,2026-03-21,Not Started,2.06,47
PRG0008420,STU00472,MOD00156,CRS020,2026-03-12,2026-03-30,Completed,4.28,91
PRG0008421,STU00472,MOD00157,CRS020,2026-02-25,2026-03-10,In Progress,7.6,60
PRG0008422,STU00472,MOD00158,CRS020,2026-03-11,2026-03-09,Completed,1.89,19
PRG0008423,STU00472,MOD00159,CRS020,2026-02-18,2026-02-28,In Progress,3.16,70
PRG0008424,STU00472,MOD00084,CRS011,2026-02-20,2026-04-10,Not Started,14.07,99
PRG0008425,STU00472,MOD00086,CRS011,2026-03-15,2026-04-18,Completed,3.27,40
PRG0008426,STU00472,MOD00057,CRS008,2026-03-26,2026-05-25,Completed,7.57,84
PRG0008427,STU00472,MOD00058,CRS008,2026-03-13,2026-04-03,In Progress,8.96,30
PRG0008428,STU00472,MOD00059,CRS008,2026-03-09,2026-03-30,Completed,3.76,22
PRG0008429,STU00472,MOD00060,CRS008,2026-03-07,2026-03-21,In Progress,13.35,60
PRG0008430,STU00472,MOD00061,CRS008,2026-03-06,2026-03-06,Completed,11.9,22
PRG0008431,STU00472,MOD00062,CRS008,2026-03-06,2026-04-20,Completed,10.37,5
PRG0008432,STU00472,MOD00063,CRS008,2026-03-12,2026-05-18,In Progress,2.34,98
PRG0008433,STU00472,MOD00064,CRS008,2026-03-23,2026-05-12,Completed,6.31,9
PRG0008434,STU00472,MOD00041,CRS006,2026-02-16,2026-02-15,In Progress,5.0,68
PRG0008435,STU00472,MOD00042,CRS006,2026-03-10,2026-04-14,In Progress,4.14,78
PRG0008436,STU00472,MOD00043,CRS006,2026-03-09,2026-03-01,Not Started,2.24,5
PRG0008437,STU00472,MOD00044,CRS006,2026-02-26,2026-03-27,Completed,6.64,67
PRG0008438,STU00472,MOD00045,CRS006,2026-03-01,2026-04-01,Completed,3.79,4
PRG0008439,STU00472,MOD00046,CRS006,2026-03-15,2026-03-11,Completed,1.22,44
PRG0008440,STU00472,MOD00047,CRS006,2026-03-07,2026-03-25,In Progress,5.25,50
PRG0008441,STU00472,MOD00048,CRS006,2026-03-15,2026-03-11,Completed,3.32,7
PRG0008442,STU00473,MOD00153,CRS020,2026-03-30,2026-04-08,In Progress,2.79,11
PRG0008443,STU00473,MOD00154,CRS020,2026-04-18,2026-05-13,In Progress,4.6,98
PRG0008444,STU00473,MOD00155,CRS020,2026-03-29,2026-05-14,In Progress,5.2,53
PRG0008445,STU00473,MOD00156,CRS020,2026-03-31,2026-06-09,Not Started,7.95,32
PRG0008446,STU00473,MOD00157,CRS020,2026-04-15,2026-04-04,Completed,7.79,39
PRG0008447,STU00473,MOD00158,CRS020,2026-03-19,2026-03-21,In Progress,2.37,97
PRG0008448,STU00473,MOD00160,CRS020,2026-03-25,2026-05-16,Completed,5.65,12
PRG0008449,STU00473,MOD00081,CRS011,2025-10-21,2025-10-30,In Progress,1.92,26
PRG0008450,STU00473,MOD00083,CRS011,2025-10-09,2025-10-23,Completed,2.13,63
PRG0008451,STU00473,MOD00084,CRS011,2025-10-22,2025-12-16,Not Started,14.98,55
PRG0008452,STU00473,MOD00085,CRS011,2025-10-30,2025-12-31,Completed,1.12,44
PRG0008453,STU00473,MOD00086,CRS011,2025-11-04,2025-10-24,Completed,2.33,82
PRG0008454,STU00473,MOD00088,CRS011,2025-11-01,2025-11-08,In Progress,3.19,26
PRG0008455,STU00473,MOD00025,CRS004,2025-10-26,2025-10-19,Completed,2.6,75
PRG0008456,STU00473,MOD00026,CRS004,2025-10-20,2025-11-06,Completed,4.04,89
PRG0008457,STU00473,MOD00027,CRS004,2025-10-19,2026-01-03,Completed,10.08,64
PRG0008458,STU00473,MOD00028,CRS004,2025-10-23,2025-11-21,Completed,1.94,88
PRG0008459,STU00473,MOD00029,CRS004,2025-10-24,2025-11-06,In Progress,7.89,24
PRG0008460,STU00473,MOD00030,CRS004,2025-10-29,2025-12-16,Completed,3.05,68
PRG0008461,STU00473,MOD00032,CRS004,2025-10-11,2026-01-02,Completed,4.52,31
PRG0008462,STU00473,MOD00147,CRS019,2026-01-05,2026-03-14,Not Started,2.95,28
PRG0008463,STU00473,MOD00148,CRS019,2026-01-14,2026-02-07,Not Started,1.91,8
PRG0008464,STU00474,MOD00083,CRS011,2025-12-14,2026-01-17,Completed,1.42,37
PRG0008465,STU00474,MOD00087,CRS011,2025-12-19,2025-12-31,Completed,1.53,19
PRG0008466,STU00474,MOD00128,CRS016,2026-04-28,2026-04-09,Completed,5.8,78
PRG0008467,STU00474,MOD00009,CRS002,2025-06-27,2025-09-14,Not Started,5.8,12
PRG0008468,STU00474,MOD00010,CRS002,2025-07-20,2025-09-07,Completed,8.22,11
PRG0008469,STU00474,MOD00011,CRS002,2025-07-12,2025-08-07,Completed,3.89,46
PRG0008470,STU00474,MOD00012,CRS002,2025-07-04,2025-06-30,Completed,3.57,25
PRG0008471,STU00474,MOD00013,CRS002,2025-07-03,2025-07-12,Not Started,8.23,17
PRG0008472,STU00474,MOD00014,CRS002,2025-07-15,2025-08-19,Not Started,1.61,87
PRG0008473,STU00474,MOD00015,CRS002,2025-07-18,2025-08-27,Completed,5.93,55
PRG0008474,STU00474,MOD00016,CRS002,2025-07-25,2025-08-07,In Progress,9.78,48
PRG0008475,STU00474,MOD00017,CRS003,2025-06-20,2025-08-26,Completed,1.19,98
PRG0008476,STU00474,MOD00018,CRS003,2025-06-23,2025-08-12,In Progress,2.18,43
PRG0008477,STU00474,MOD00019,CRS003,2025-06-06,2025-06-06,Completed,11.0,44
PRG0008478,STU00474,MOD00020,CRS003,2025-06-20,2025-08-28,In Progress,4.89,47
PRG0008479,STU00474,MOD00021,CRS003,2025-06-29,2025-07-01,Completed,2.88,12
PRG0008480,STU00474,MOD00022,CRS003,2025-06-26,2025-06-05,Completed,5.35,29
PRG0008481,STU00474,MOD00023,CRS003,2025-06-16,2025-08-08,Completed,1.43,77
PRG0008482,STU00474,MOD00024,CRS003,2025-06-27,2025-06-23,Completed,14.84,57
PRG0008483,STU00475,MOD00033,CRS005,2026-02-12,2026-03-16,Completed,3.62,6
PRG0008484,STU00475,MOD00034,CRS005,2026-02-13,2026-04-16,In Progress,2.5,64
PRG0008485,STU00475,MOD00035,CRS005,2026-02-04,2026-01-30,Completed,7.63,62
PRG0008486,STU00475,MOD00036,CRS005,2026-01-21,2026-02-03,Completed,3.7,22
PRG0008487,STU00475,MOD00037,CRS005,2026-02-16,2026-03-22,In Progress,1.87,63
PRG0008488,STU00475,MOD00038,CRS005,2026-02-01,2026-02-21,Completed,3.19,8
PRG0008489,STU00475,MOD00039,CRS005,2026-02-07,2026-03-27,Completed,7.34,3
PRG0008490,STU00475,MOD00040,CRS005,2026-02-15,2026-01-30,Completed,1.38,87
PRG0008491,STU00476,MOD00138,CRS018,2025-10-07,2025-12-05,Completed,6.95,10
PRG0008492,STU00476,MOD00139,CRS018,2025-10-16,2025-10-22,In Progress,4.85,73
PRG0008493,STU00476,MOD00140,CRS018,2025-10-01,2025-12-14,In Progress,13.1,9
PRG0008494,STU00476,MOD00141,CRS018,2025-10-04,2025-11-22,Not Started,4.73,31
PRG0008495,STU00476,MOD00142,CRS018,2025-10-12,2025-11-13,Not Started,4.55,9
PRG0008496,STU00476,MOD00143,CRS018,2025-10-19,2025-10-30,Completed,4.73,12
PRG0008497,STU00476,MOD00144,CRS018,2025-10-12,2025-12-11,Completed,3.9,26
PRG0008498,STU00476,MOD00073,CRS010,2025-10-20,2025-11-02,In Progress,3.88,62
PRG0008499,STU00476,MOD00074,CRS010,2025-10-19,2025-12-10,Not Started,1.99,65
PRG0008500,STU00476,MOD00075,CRS010,2025-10-12,2025-10-06,In Progress,2.39,77
PRG0008501,STU00476,MOD00076,CRS010,2025-10-17,2025-11-25,In Progress,3.12,66
PRG0008502,STU00476,MOD00077,CRS010,2025-10-16,2025-11-08,Completed,1.42,60
PRG0008503,STU00476,MOD00078,CRS010,2025-10-15,2025-12-04,Completed,5.43,17
PRG0008504,STU00476,MOD00079,CRS010,2025-10-03,2025-12-17,In Progress,2.65,93
PRG0008505,STU00476,MOD00080,CRS010,2025-10-17,2025-12-02,In Progress,3.55,58
PRG0008506,STU00476,MOD00097,CRS013,2026-03-12,2026-04-25,In Progress,6.94,100
PRG0008507,STU00476,MOD00098,CRS013,2026-03-05,2026-03-29,Not Started,6.87,47
PRG0008508,STU00476,MOD00100,CRS013,2026-03-12,2026-04-01,In Progress,6.91,62
PRG0008509,STU00476,MOD00101,CRS013,2026-02-25,2026-05-19,In Progress,2.61,64
PRG0008510,STU00476,MOD00102,CRS013,2026-03-19,2026-04-20,Completed,3.56,52
PRG0008511,STU00476,MOD00103,CRS013,2026-02-25,2026-05-14,In Progress,3.73,30
PRG0008512,STU00476,MOD00113,CRS015,2025-10-05,2025-11-03,Completed,4.96,11
PRG0008513,STU00476,MOD00114,CRS015,2025-10-21,2025-10-21,Completed,7.19,51
PRG0008514,STU00476,MOD00115,CRS015,2025-10-12,2025-10-05,Completed,9.06,69
PRG0008515,STU00476,MOD00116,CRS015,2025-10-09,2025-11-01,In Progress,1.02,95
PRG0008516,STU00476,MOD00117,CRS015,2025-10-02,2025-10-09,Not Started,4.48,26
PRG0008517,STU00476,MOD00118,CRS015,2025-10-05,2025-10-26,Completed,4.65,56
PRG0008518,STU00476,MOD00119,CRS015,2025-10-16,2025-10-20,In Progress,4.3,1
PRG0008519,STU00476,MOD00120,CRS015,2025-10-20,2025-12-24,Not Started,3.06,44
PRG0008520,STU00477,MOD00105,CRS014,2025-07-09,2025-08-18,Completed,4.78,7
PRG0008521,STU00477,MOD00106,CRS014,2025-07-02,2025-07-13,Completed,8.52,56
PRG0008522,STU00477,MOD00107,CRS014,2025-07-03,2025-06-24,In Progress,8.4,100
PRG0008523,STU00477,MOD00108,CRS014,2025-06-28,2025-07-02,Completed,10.27,10
PRG0008524,STU00477,MOD00109,CRS014,2025-06-24,2025-07-14,In Progress,3.79,10
PRG0008525,STU00477,MOD00110,CRS014,2025-06-30,2025-07-25,In Progress,7.36,81
PRG0008526,STU00477,MOD00111,CRS014,2025-07-13,2025-07-22,Completed,2.99,15
PRG0008527,STU00477,MOD00112,CRS014,2025-06-29,2025-07-06,Completed,2.06,40
PRG0008528,STU00477,MOD00089,CRS012,2025-08-29,2025-09-17,Completed,6.91,100
PRG0008529,STU00477,MOD00090,CRS012,2025-09-13,2025-08-24,Not Started,4.51,53
PRG0008530,STU00477,MOD00091,CRS012,2025-09-06,2025-11-15,In Progress,8.34,58
PRG0008531,STU00477,MOD00092,CRS012,2025-08-17,2025-10-21,In Progress,1.57,85
PRG0008532,STU00477,MOD00093,CRS012,2025-08-19,2025-09-18,Completed,2.26,50
PRG0008533,STU00477,MOD00094,CRS012,2025-08-18,2025-08-26,In Progress,8.75,65
PRG0008534,STU00477,MOD00095,CRS012,2025-08-31,2025-09-01,Completed,4.93,91
PRG0008535,STU00477,MOD00096,CRS012,2025-09-11,2025-11-02,Completed,12.13,60
PRG0008536,STU00477,MOD00017,CRS003,2026-04-02,2026-05-10,In Progress,4.58,85
PRG0008537,STU00477,MOD00018,CRS003,2026-03-08,2026-03-27,Completed,1.37,71
PRG0008538,STU00477,MOD00019,CRS003,2026-03-16,2026-03-09,Completed,3.39,39
PRG0008539,STU00477,MOD00020,CRS003,2026-03-31,2026-05-25,Completed,2.19,11
PRG0008540,STU00477,MOD00021,CRS003,2026-03-19,2026-04-06,Not Started,2.81,44
PRG0008541,STU00477,MOD00022,CRS003,2026-03-14,2026-03-15,In Progress,3.29,31
PRG0008542,STU00477,MOD00023,CRS003,2026-04-02,2026-04-17,Completed,1.37,96
PRG0008543,STU00477,MOD00024,CRS003,2026-03-23,2026-03-16,Completed,6.75,24
PRG0008544,STU00478,MOD00073,CRS010,2025-11-26,2025-12-20,Completed,5.65,65
PRG0008545,STU00478,MOD00075,CRS010,2025-12-04,2025-12-28,Completed,1.65,40
PRG0008546,STU00478,MOD00077,CRS010,2025-12-08,2025-12-02,Completed,1.81,33
PRG0008547,STU00478,MOD00009,CRS002,2026-02-23,2026-04-18,In Progress,7.0,64
PRG0008548,STU00478,MOD00010,CRS002,2026-02-22,2026-02-23,Completed,4.86,43
PRG0008549,STU00478,MOD00011,CRS002,2026-02-26,2026-03-04,Completed,5.12,98
PRG0008550,STU00478,MOD00012,CRS002,2026-02-17,2026-03-09,Completed,8.34,73
PRG0008551,STU00478,MOD00013,CRS002,2026-02-04,2026-02-22,Not Started,10.19,9
PRG0008552,STU00478,MOD00014,CRS002,2026-02-04,2026-02-02,Not Started,3.46,26
PRG0008553,STU00478,MOD00015,CRS002,2026-02-15,2026-03-01,In Progress,6.05,12
PRG0008554,STU00478,MOD00016,CRS002,2026-02-02,2026-02-15,Not Started,1.94,4
PRG0008555,STU00479,MOD00001,CRS001,2025-12-23,2026-02-16,Completed,2.9,98
PRG0008556,STU00479,MOD00002,CRS001,2025-12-31,2026-01-08,Not Started,1.47,66
PRG0008557,STU00479,MOD00003,CRS001,2025-12-18,2025-12-07,In Progress,6.33,73
PRG0008558,STU00479,MOD00004,CRS001,2025-12-23,2025-12-06,Completed,12.62,12
PRG0008559,STU00479,MOD00005,CRS001,2025-12-30,2025-12-31,Completed,10.47,19
PRG0008560,STU00479,MOD00006,CRS001,2025-12-29,2026-01-23,Completed,6.53,28
PRG0008561,STU00479,MOD00007,CRS001,2025-12-20,2026-01-27,Completed,6.97,15
PRG0008562,STU00479,MOD00008,CRS001,2025-12-25,2026-02-19,Completed,5.1,73
PRG0008563,STU00480,MOD00025,CRS004,2025-12-17,2025-12-21,Completed,1.33,22
PRG0008564,STU00480,MOD00028,CRS004,2025-11-29,2026-02-15,In Progress,3.55,14
PRG0008565,STU00480,MOD00029,CRS004,2025-12-11,2025-12-05,Completed,6.0,87
PRG0008566,STU00480,MOD00030,CRS004,2025-12-06,2025-11-25,Completed,7.48,12
PRG0008567,STU00480,MOD00031,CRS004,2025-12-12,2025-12-13,Completed,7.15,90
PRG0008568,STU00480,MOD00032,CRS004,2025-11-26,2025-12-25,In Progress,3.35,10
PRG0008569,STU00480,MOD00073,CRS010,2025-06-22,2025-07-31,Completed,5.63,69
PRG0008570,STU00480,MOD00074,CRS010,2025-07-08,2025-07-03,In Progress,10.33,89
PRG0008571,STU00480,MOD00075,CRS010,2025-06-15,2025-07-20,In Progress,2.99,88
PRG0008572,STU00480,MOD00076,CRS010,2025-06-23,2025-06-29,Completed,5.24,63
PRG0008573,STU00480,MOD00077,CRS010,2025-07-11,2025-08-09,Completed,2.86,78
PRG0008574,STU00480,MOD00078,CRS010,2025-06-17,2025-08-23,In Progress,2.45,49
PRG0008575,STU00480,MOD00079,CRS010,2025-07-11,2025-06-28,Completed,6.26,76
PRG0008576,STU00480,MOD00080,CRS010,2025-06-21,2025-08-21,Completed,3.25,82
PRG0008577,STU00480,MOD00003,CRS001,2026-04-18,2026-05-04,Completed,7.81,27
PRG0008578,STU00480,MOD00006,CRS001,2026-05-01,2026-05-30,Completed,10.36,71
PRG0008579,STU00480,MOD00007,CRS001,2026-04-16,2026-06-09,In Progress,2.27,32
PRG0008580,STU00480,MOD00008,CRS001,2026-04-14,2026-04-22,Not Started,11.89,69
PRG0008581,STU00481,MOD00097,CRS013,2026-03-03,2026-05-10,Completed,4.61,36
PRG0008582,STU00481,MOD00098,CRS013,2026-03-06,2026-04-16,Completed,3.18,9
PRG0008583,STU00481,MOD00099,CRS013,2026-03-06,2026-05-07,Completed,6.86,49
PRG0008584,STU00481,MOD00100,CRS013,2026-02-25,2026-04-06,Completed,4.76,80
PRG0008585,STU00481,MOD00101,CRS013,2026-03-01,2026-03-27,In Progress,2.51,35
PRG0008586,STU00481,MOD00102,CRS013,2026-02-23,2026-05-05,Not Started,2.29,0
PRG0008587,STU00481,MOD00103,CRS013,2026-03-12,2026-05-21,In Progress,2.69,33
PRG0008588,STU00481,MOD00104,CRS013,2026-03-14,2026-05-01,In Progress,6.95,85
PRG0008589,STU00481,MOD00154,CRS020,2025-06-30,2025-06-20,Completed,7.0,22
PRG0008590,STU00481,MOD00155,CRS020,2025-06-28,2025-07-14,In Progress,5.93,15
PRG0008591,STU00481,MOD00156,CRS020,2025-07-16,2025-07-26,Completed,5.52,36
PRG0008592,STU00481,MOD00157,CRS020,2025-07-07,2025-07-06,Completed,4.31,66
PRG0008593,STU00481,MOD00150,CRS019,2026-02-26,2026-02-24,In Progress,5.17,0
PRG0008594,STU00482,MOD00051,CRS007,2025-12-14,2026-02-28,Completed,5.2,75
PRG0008595,STU00482,MOD00052,CRS007,2025-12-13,2026-01-04,In Progress,6.43,62
PRG0008596,STU00482,MOD00054,CRS007,2026-01-01,2025-12-30,Completed,2.56,16
PRG0008597,STU00482,MOD00138,CRS018,2026-05-08,2026-07-09,Not Started,2.1,76
PRG0008598,STU00483,MOD00034,CRS005,2025-12-11,2026-02-03,In Progress,6.91,32
PRG0008599,STU00483,MOD00036,CRS005,2025-12-11,2025-11-21,Completed,8.99,38
PRG0008600,STU00483,MOD00037,CRS005,2025-11-16,2026-02-08,Completed,2.28,1
PRG0008601,STU00483,MOD00038,CRS005,2025-12-10,2026-01-24,Completed,1.37,44
PRG0008602,STU00483,MOD00039,CRS005,2025-11-28,2026-01-25,Completed,3.35,1
PRG0008603,STU00483,MOD00040,CRS005,2025-12-14,2026-01-27,In Progress,3.4,73
PRG0008604,STU00483,MOD00073,CRS010,2026-03-07,2026-02-21,Completed,1.76,45
PRG0008605,STU00483,MOD00074,CRS010,2026-02-19,2026-03-04,In Progress,5.85,49
PRG0008606,STU00483,MOD00075,CRS010,2026-02-14,2026-04-29,Completed,2.44,88
PRG0008607,STU00483,MOD00076,CRS010,2026-02-22,2026-03-01,Completed,5.2,47
PRG0008608,STU00483,MOD00077,CRS010,2026-03-14,2026-02-22,Completed,2.03,64
PRG0008609,STU00483,MOD00078,CRS010,2026-02-21,2026-04-16,Completed,2.72,86
PRG0008610,STU00483,MOD00079,CRS010,2026-03-10,2026-02-17,In Progress,3.04,77
PRG0008611,STU00483,MOD00080,CRS010,2026-03-02,2026-03-22,Completed,1.71,97
PRG0008612,STU00483,MOD00153,CRS020,2025-08-12,2025-10-21,In Progress,4.52,84
PRG0008613,STU00483,MOD00154,CRS020,2025-08-09,2025-08-04,Completed,14.69,84
PRG0008614,STU00483,MOD00160,CRS020,2025-08-13,2025-10-10,In Progress,4.08,62
PRG0008615,STU00483,MOD00141,CRS018,2026-01-08,2026-03-24,In Progress,11.38,90
PRG0008616,STU00483,MOD00143,CRS018,2026-01-17,2026-01-31,Completed,6.3,44
PRG0008617,STU00484,MOD00038,CRS005,2026-01-18,2026-03-18,Not Started,4.26,82
PRG0008618,STU00484,MOD00017,CRS003,2025-08-03,2025-10-05,Completed,2.44,59
PRG0008619,STU00484,MOD00018,CRS003,2025-07-16,2025-07-22,Completed,1.51,14
PRG0008620,STU00484,MOD00019,CRS003,2025-08-10,2025-10-11,Completed,7.25,43
PRG0008621,STU00484,MOD00153,CRS020,2025-09-01,2025-10-25,Completed,4.09,29
PRG0008622,STU00484,MOD00154,CRS020,2025-08-23,2025-10-05,Completed,2.68,28
PRG0008623,STU00484,MOD00155,CRS020,2025-09-05,2025-10-08,Not Started,1.26,97
PRG0008624,STU00484,MOD00156,CRS020,2025-09-02,2025-08-23,Completed,1.55,14
PRG0008625,STU00484,MOD00157,CRS020,2025-08-11,2025-10-03,Completed,2.56,35
PRG0008626,STU00484,MOD00158,CRS020,2025-08-18,2025-09-01,Completed,10.66,72
PRG0008627,STU00484,MOD00159,CRS020,2025-08-21,2025-08-22,In Progress,8.6,84
PRG0008628,STU00484,MOD00160,CRS020,2025-08-31,2025-10-25,Completed,7.21,42
PRG0008629,STU00484,MOD00105,CRS014,2025-11-26,2026-01-28,Completed,2.42,30
PRG0008630,STU00484,MOD00106,CRS014,2025-11-29,2025-11-18,In Progress,10.88,34
PRG0008631,STU00484,MOD00107,CRS014,2025-12-04,2025-12-15,Completed,7.54,3
PRG0008632,STU00484,MOD00109,CRS014,2025-11-20,2025-11-19,Completed,6.78,8
PRG0008633,STU00484,MOD00110,CRS014,2025-11-12,2026-01-05,Completed,6.61,69
PRG0008634,STU00484,MOD00111,CRS014,2025-11-29,2026-02-10,Completed,5.67,24
PRG0008635,STU00484,MOD00112,CRS014,2025-11-27,2026-01-27,Not Started,1.34,49
PRG0008636,STU00485,MOD00043,CRS006,2026-03-07,2026-05-03,Completed,3.19,73
PRG0008637,STU00485,MOD00046,CRS006,2026-03-06,2026-05-12,Completed,5.13,14
PRG0008638,STU00485,MOD00047,CRS006,2026-03-09,2026-05-02,In Progress,5.62,2
PRG0008639,STU00485,MOD00113,CRS015,2025-12-12,2025-11-20,Completed,5.59,92
PRG0008640,STU00485,MOD00114,CRS015,2025-12-04,2025-12-21,Completed,4.93,68
PRG0008641,STU00485,MOD00115,CRS015,2025-11-22,2025-11-27,Completed,11.85,93
PRG0008642,STU00485,MOD00116,CRS015,2025-12-09,2025-12-29,Completed,5.52,31
PRG0008643,STU00485,MOD00117,CRS015,2025-11-30,2026-01-21,Completed,1.52,52
PRG0008644,STU00485,MOD00118,CRS015,2025-12-02,2025-12-02,Completed,7.9,80
PRG0008645,STU00485,MOD00119,CRS015,2025-12-13,2026-01-04,Not Started,5.58,85
PRG0008646,STU00485,MOD00120,CRS015,2025-11-17,2025-11-27,Completed,1.14,27
PRG0008647,STU00485,MOD00129,CRS017,2025-11-11,2025-12-29,Completed,4.69,16
PRG0008648,STU00485,MOD00130,CRS017,2025-11-13,2025-11-14,Completed,11.1,69
PRG0008649,STU00485,MOD00131,CRS017,2025-11-11,2026-01-10,In Progress,1.33,56
PRG0008650,STU00485,MOD00132,CRS017,2025-10-25,2025-12-08,In Progress,3.73,57
PRG0008651,STU00485,MOD00133,CRS017,2025-11-18,2025-11-26,Completed,4.29,59
PRG0008652,STU00485,MOD00134,CRS017,2025-11-13,2025-10-25,Completed,10.57,17
PRG0008653,STU00485,MOD00135,CRS017,2025-11-02,2026-01-08,Completed,5.52,63
PRG0008654,STU00485,MOD00136,CRS017,2025-11-01,2025-11-24,Completed,3.8,38
PRG0008655,STU00485,MOD00105,CRS014,2025-11-30,2025-12-25,Completed,2.95,32
PRG0008656,STU00485,MOD00106,CRS014,2025-12-07,2026-01-27,Completed,10.3,84
PRG0008657,STU00485,MOD00107,CRS014,2025-11-09,2026-02-06,In Progress,11.53,42
PRG0008658,STU00485,MOD00108,CRS014,2025-11-29,2025-12-18,Completed,9.0,21
PRG0008659,STU00485,MOD00109,CRS014,2025-12-08,2025-12-27,Completed,2.04,44
PRG0008660,STU00485,MOD00110,CRS014,2025-12-07,2026-01-27,Completed,11.86,94
PRG0008661,STU00485,MOD00111,CRS014,2025-11-27,2026-02-04,Completed,5.5,49
PRG0008662,STU00485,MOD00112,CRS014,2025-11-24,2025-12-25,In Progress,2.69,82
PRG0008663,STU00485,MOD00145,CRS019,2025-10-22,2025-11-22,Completed,4.42,41
PRG0008664,STU00485,MOD00146,CRS019,2025-11-09,2025-12-25,Completed,6.99,44
PRG0008665,STU00485,MOD00147,CRS019,2025-10-24,2025-11-05,Not Started,4.05,96
PRG0008666,STU00485,MOD00148,CRS019,2025-11-06,2025-12-18,Completed,1.87,41
PRG0008667,STU00485,MOD00149,CRS019,2025-11-16,2026-01-10,Completed,8.16,13
PRG0008668,STU00485,MOD00150,CRS019,2025-10-26,2025-12-20,Completed,6.05,53
PRG0008669,STU00485,MOD00151,CRS019,2025-11-18,2026-01-08,In Progress,1.72,53
PRG0008670,STU00485,MOD00152,CRS019,2025-11-05,2026-01-11,Not Started,1.61,53
PRG0008671,STU00486,MOD00129,CRS017,2026-04-23,2026-04-16,In Progress,2.02,55
PRG0008672,STU00486,MOD00130,CRS017,2026-04-17,2026-06-30,In Progress,11.32,57
PRG0008673,STU00486,MOD00131,CRS017,2026-05-05,2026-04-08,Completed,2.97,70
PRG0008674,STU00486,MOD00132,CRS017,2026-04-13,2026-06-29,In Progress,1.66,80
PRG0008675,STU00486,MOD00133,CRS017,2026-04-08,2026-04-29,Completed,12.47,28
PRG0008676,STU00486,MOD00134,CRS017,2026-05-03,2026-05-29,Completed,4.4,99
PRG0008677,STU00486,MOD00135,CRS017,2026-04-24,2026-05-25,Completed,2.25,9
PRG0008678,STU00486,MOD00136,CRS017,2026-04-16,2026-07-06,Completed,3.59,53
PRG0008679,STU00486,MOD00065,CRS009,2026-02-09,2026-03-27,In Progress,2.7,87
PRG0008680,STU00486,MOD00066,CRS009,2026-01-30,2026-02-17,Completed,9.87,30
PRG0008681,STU00486,MOD00067,CRS009,2026-01-23,2026-03-28,Completed,3.24,90
PRG0008682,STU00486,MOD00068,CRS009,2026-02-01,2026-03-09,Completed,11.46,59
PRG0008683,STU00486,MOD00069,CRS009,2026-01-26,2026-03-05,Completed,6.81,91
PRG0008684,STU00486,MOD00070,CRS009,2026-01-18,2026-02-04,Completed,3.65,70
PRG0008685,STU00486,MOD00071,CRS009,2026-01-30,2026-01-20,Completed,2.2,19
PRG0008686,STU00486,MOD00072,CRS009,2026-01-16,2026-04-14,In Progress,2.76,42
PRG0008687,STU00487,MOD00009,CRS002,2025-10-11,2025-12-29,Completed,2.67,96
PRG0008688,STU00487,MOD00010,CRS002,2025-10-08,2025-10-17,Completed,3.38,88
PRG0008689,STU00487,MOD00011,CRS002,2025-10-03,2025-12-26,Completed,6.46,9
PRG0008690,STU00487,MOD00012,CRS002,2025-10-12,2025-11-07,Not Started,6.67,80
PRG0008691,STU00487,MOD00013,CRS002,2025-10-18,2025-11-28,In Progress,12.6,96
PRG0008692,STU00487,MOD00014,CRS002,2025-10-07,2025-11-17,Completed,3.93,13
PRG0008693,STU00487,MOD00015,CRS002,2025-10-06,2025-10-21,Completed,4.81,46
PRG0008694,STU00487,MOD00016,CRS002,2025-10-18,2025-12-31,Completed,7.95,56
PRG0008695,STU00487,MOD00153,CRS020,2026-02-16,2026-04-10,In Progress,2.12,0
PRG0008696,STU00487,MOD00154,CRS020,2026-01-24,2026-02-13,Completed,3.5,29
PRG0008697,STU00487,MOD00156,CRS020,2026-02-01,2026-03-11,Completed,10.39,84
PRG0008698,STU00487,MOD00121,CRS016,2025-08-30,2025-10-21,In Progress,6.65,95
PRG0008699,STU00487,MOD00122,CRS016,2025-08-07,2025-08-14,Completed,1.27,78
PRG0008700,STU00487,MOD00123,CRS016,2025-08-29,2025-08-07,In Progress,2.95,87
PRG0008701,STU00487,MOD00124,CRS016,2025-08-28,2025-08-13,Completed,4.06,80
PRG0008702,STU00487,MOD00125,CRS016,2025-08-06,2025-10-26,Not Started,2.4,14
PRG0008703,STU00487,MOD00126,CRS016,2025-08-07,2025-10-08,Not Started,7.68,31
PRG0008704,STU00487,MOD00127,CRS016,2025-08-07,2025-08-11,In Progress,2.09,87
PRG0008705,STU00487,MOD00128,CRS016,2025-08-17,2025-08-10,Completed,4.15,82
PRG0008706,STU00488,MOD00033,CRS005,2025-11-03,2026-01-08,Completed,5.84,53
PRG0008707,STU00488,MOD00034,CRS005,2025-11-06,2025-12-09,Completed,2.6,76
PRG0008708,STU00488,MOD00035,CRS005,2025-11-09,2026-01-21,In Progress,2.9,98
PRG0008709,STU00488,MOD00036,CRS005,2025-11-10,2025-11-24,In Progress,9.61,94
PRG0008710,STU00488,MOD00037,CRS005,2025-10-30,2025-12-08,In Progress,1.36,34
PRG0008711,STU00488,MOD00038,CRS005,2025-11-11,2025-10-28,Completed,4.49,76
PRG0008712,STU00488,MOD00039,CRS005,2025-11-16,2025-12-20,Completed,4.78,51
PRG0008713,STU00488,MOD00040,CRS005,2025-10-31,2026-01-07,Completed,4.87,21
PRG0008714,STU00489,MOD00065,CRS009,2025-10-19,2025-11-06,In Progress,1.83,83
PRG0008715,STU00489,MOD00067,CRS009,2025-10-13,2025-11-09,Completed,4.78,87
PRG0008716,STU00489,MOD00071,CRS009,2025-10-29,2025-12-11,Completed,11.08,69
PRG0008717,STU00489,MOD00113,CRS015,2026-02-05,2026-02-19,Completed,10.0,34
PRG0008718,STU00489,MOD00114,CRS015,2026-02-20,2026-04-15,In Progress,4.06,100
PRG0008719,STU00489,MOD00115,CRS015,2026-02-25,2026-03-11,Completed,7.57,100
PRG0008720,STU00489,MOD00116,CRS015,2026-02-24,2026-04-21,In Progress,6.88,38
PRG0008721,STU00489,MOD00117,CRS015,2026-02-02,2026-05-01,Completed,1.41,47
PRG0008722,STU00489,MOD00118,CRS015,2026-02-19,2026-04-17,Completed,2.46,91
PRG0008723,STU00489,MOD00119,CRS015,2026-02-02,2026-03-01,Completed,4.77,34
PRG0008724,STU00489,MOD00120,CRS015,2026-02-17,2026-02-17,Completed,3.75,84
PRG0008725,STU00489,MOD00129,CRS017,2026-03-10,2026-02-25,Completed,4.01,41
PRG0008726,STU00489,MOD00130,CRS017,2026-03-03,2026-05-01,Not Started,10.86,92
PRG0008727,STU00489,MOD00131,CRS017,2026-02-11,2026-03-07,Completed,2.68,1
PRG0008728,STU00489,MOD00132,CRS017,2026-03-05,2026-04-09,Completed,5.3,27
PRG0008729,STU00489,MOD00133,CRS017,2026-02-27,2026-05-06,Completed,1.33,78
PRG0008730,STU00489,MOD00134,CRS017,2026-02-14,2026-03-13,Completed,5.35,6
PRG0008731,STU00489,MOD00135,CRS017,2026-02-18,2026-03-08,Completed,9.98,11
PRG0008732,STU00489,MOD00136,CRS017,2026-03-05,2026-05-01,Completed,2.52,20
PRG0008733,STU00489,MOD00017,CRS003,2025-10-17,2025-12-08,In Progress,4.32,92
PRG0008734,STU00489,MOD00018,CRS003,2025-10-25,2025-11-07,Completed,1.83,64
PRG0008735,STU00489,MOD00019,CRS003,2025-10-16,2025-11-07,Completed,5.54,50
PRG0008736,STU00489,MOD00020,CRS003,2025-10-07,2025-10-09,In Progress,2.33,17
PRG0008737,STU00489,MOD00021,CRS003,2025-10-12,2025-11-08,Completed,7.37,52
PRG0008738,STU00489,MOD00022,CRS003,2025-10-11,2025-11-16,Not Started,9.44,91
PRG0008739,STU00489,MOD00023,CRS003,2025-10-03,2025-11-30,In Progress,5.79,39
PRG0008740,STU00489,MOD00024,CRS003,2025-10-07,2025-11-18,In Progress,14.81,10
PRG0008741,STU00489,MOD00137,CRS018,2025-08-07,2025-08-15,Completed,7.33,26
PRG0008742,STU00489,MOD00138,CRS018,2025-07-13,2025-08-18,Completed,5.87,31
PRG0008743,STU00489,MOD00139,CRS018,2025-07-21,2025-08-22,Completed,5.0,11
PRG0008744,STU00489,MOD00140,CRS018,2025-07-15,2025-07-29,Completed,9.64,87
PRG0008745,STU00489,MOD00141,CRS018,2025-07-31,2025-09-14,Completed,2.4,10
PRG0008746,STU00489,MOD00142,CRS018,2025-07-12,2025-08-26,In Progress,3.7,70
PRG0008747,STU00489,MOD00143,CRS018,2025-07-30,2025-08-10,Completed,4.68,19
PRG0008748,STU00489,MOD00144,CRS018,2025-07-16,2025-07-31,In Progress,1.58,39
PRG0008749,STU00490,MOD00145,CRS019,2025-11-29,2026-01-07,Completed,4.2,75
PRG0008750,STU00490,MOD00146,CRS019,2025-11-30,2026-01-31,Completed,4.45,89
PRG0008751,STU00490,MOD00147,CRS019,2025-11-21,2025-11-26,Completed,5.5,37
PRG0008752,STU00490,MOD00148,CRS019,2025-12-03,2025-11-07,In Progress,2.2,84
PRG0008753,STU00490,MOD00149,CRS019,2025-11-11,2025-12-16,In Progress,5.11,84
PRG0008754,STU00490,MOD00150,CRS019,2025-11-15,2026-01-29,In Progress,3.28,2
PRG0008755,STU00490,MOD00151,CRS019,2025-11-08,2025-11-16,Completed,1.66,24
PRG0008756,STU00490,MOD00152,CRS019,2025-11-09,2025-12-18,Completed,3.4,25
PRG0008757,STU00490,MOD00073,CRS010,2025-10-20,2025-12-01,Completed,2.45,7
PRG0008758,STU00490,MOD00074,CRS010,2025-11-01,2025-11-24,Not Started,3.84,2
PRG0008759,STU00490,MOD00075,CRS010,2025-10-14,2025-11-16,Completed,1.37,9
PRG0008760,STU00490,MOD00076,CRS010,2025-10-20,2025-11-24,Not Started,8.17,63
PRG0008761,STU00490,MOD00077,CRS010,2025-11-09,2025-11-26,Completed,4.43,20
PRG0008762,STU00490,MOD00078,CRS010,2025-11-06,2026-01-04,Not Started,4.89,70
PRG0008763,STU00490,MOD00079,CRS010,2025-11-09,2025-11-27,Completed,3.16,76
PRG0008764,STU00490,MOD00080,CRS010,2025-10-23,2025-10-14,Completed,2.83,26
PRG0008765,STU00490,MOD00009,CRS002,2026-01-07,2026-03-07,Completed,13.32,64
PRG0008766,STU00490,MOD00010,CRS002,2026-01-24,2026-03-21,Completed,12.9,19
PRG0008767,STU00490,MOD00011,CRS002,2026-02-01,2026-03-16,In Progress,6.31,91
PRG0008768,STU00490,MOD00012,CRS002,2026-02-03,2026-02-25,Completed,5.23,12
PRG0008769,STU00490,MOD00013,CRS002,2026-01-26,2026-04-03,Completed,10.61,92
PRG0008770,STU00490,MOD00014,CRS002,2026-01-17,2026-02-12,Not Started,5.77,4
PRG0008771,STU00490,MOD00015,CRS002,2026-01-27,2026-02-03,In Progress,6.32,32
PRG0008772,STU00490,MOD00016,CRS002,2026-01-30,2026-01-19,Completed,9.66,29
PRG0008773,STU00490,MOD00081,CRS011,2026-03-27,2026-05-25,In Progress,4.23,33
PRG0008774,STU00490,MOD00082,CRS011,2026-04-24,2026-03-31,Completed,13.24,81
PRG0008775,STU00490,MOD00083,CRS011,2026-03-28,2026-04-20,In Progress,3.79,100
PRG0008776,STU00490,MOD00084,CRS011,2026-04-26,2026-05-23,Completed,14.94,77
PRG0008777,STU00490,MOD00085,CRS011,2026-04-11,2026-06-07,Completed,1.54,33
PRG0008778,STU00490,MOD00086,CRS011,2026-04-14,2026-04-09,Not Started,3.7,3
PRG0008779,STU00490,MOD00087,CRS011,2026-04-23,2026-04-30,Completed,12.54,71
PRG0008780,STU00490,MOD00088,CRS011,2026-04-12,2026-05-03,In Progress,2.08,98
PRG0008781,STU00490,MOD00001,CRS001,2025-11-11,2025-10-26,Completed,8.48,96
PRG0008782,STU00490,MOD00002,CRS001,2025-10-28,2025-12-11,Completed,2.15,44
PRG0008783,STU00490,MOD00003,CRS001,2025-10-14,2025-11-23,In Progress,4.81,75
PRG0008784,STU00490,MOD00004,CRS001,2025-10-16,2025-12-27,Completed,9.07,58
PRG0008785,STU00490,MOD00005,CRS001,2025-10-30,2025-10-17,In Progress,6.57,67
PRG0008786,STU00490,MOD00006,CRS001,2025-10-12,2025-11-21,In Progress,9.04,88
PRG0008787,STU00490,MOD00007,CRS001,2025-10-12,2025-12-31,In Progress,8.44,39
PRG0008788,STU00490,MOD00008,CRS001,2025-11-01,2025-12-28,Completed,2.43,40
PRG0008789,STU00491,MOD00073,CRS010,2025-09-30,2025-11-18,Completed,7.2,64
PRG0008790,STU00491,MOD00074,CRS010,2025-09-19,2025-10-24,Completed,9.0,35
PRG0008791,STU00491,MOD00075,CRS010,2025-09-15,2025-10-06,In Progress,1.56,52
PRG0008792,STU00491,MOD00076,CRS010,2025-09-29,2025-11-01,Completed,8.86,26
PRG0008793,STU00491,MOD00077,CRS010,2025-09-08,2025-10-24,Completed,2.39,83
PRG0008794,STU00491,MOD00078,CRS010,2025-09-08,2025-09-18,Not Started,5.03,47
PRG0008795,STU00491,MOD00079,CRS010,2025-09-16,2025-09-23,Completed,13.68,15
PRG0008796,STU00491,MOD00080,CRS010,2025-09-20,2025-10-14,Completed,1.57,52
PRG0008797,STU00491,MOD00041,CRS006,2025-12-15,2026-01-03,Completed,2.23,15
PRG0008798,STU00491,MOD00042,CRS006,2025-12-07,2025-12-29,In Progress,3.81,71
PRG0008799,STU00491,MOD00043,CRS006,2025-12-29,2025-12-23,In Progress,4.72,98
PRG0008800,STU00491,MOD00044,CRS006,2025-12-09,2025-12-14,Completed,11.38,5
PRG0008801,STU00491,MOD00045,CRS006,2025-12-27,2026-02-04,In Progress,4.04,89
PRG0008802,STU00491,MOD00046,CRS006,2025-12-17,2026-03-05,Completed,5.8,75
PRG0008803,STU00491,MOD00047,CRS006,2025-12-15,2025-12-24,Completed,7.26,23
PRG0008804,STU00491,MOD00048,CRS006,2025-12-12,2026-01-09,Completed,4.47,19
PRG0008805,STU00491,MOD00012,CRS002,2025-09-20,2025-09-11,Completed,4.69,82
PRG0008806,STU00491,MOD00014,CRS002,2025-09-28,2025-09-30,Completed,2.87,42
PRG0008807,STU00491,MOD00015,CRS002,2025-09-26,2025-10-15,In Progress,1.76,22
PRG0008808,STU00491,MOD00016,CRS002,2025-10-03,2025-09-19,In Progress,10.06,84
PRG0008809,STU00492,MOD00065,CRS009,2025-10-18,2025-12-01,In Progress,1.66,0
PRG0008810,STU00492,MOD00066,CRS009,2025-10-28,2025-10-29,Completed,2.42,100
PRG0008811,STU00492,MOD00067,CRS009,2025-10-13,2026-01-04,Completed,7.06,82
PRG0008812,STU00492,MOD00068,CRS009,2025-10-06,2025-12-11,In Progress,11.36,30
PRG0008813,STU00492,MOD00069,CRS009,2025-10-15,2025-11-11,Completed,6.53,46
PRG0008814,STU00492,MOD00070,CRS009,2025-10-07,2025-12-16,Completed,4.13,2
PRG0008815,STU00492,MOD00071,CRS009,2025-11-05,2025-12-11,In Progress,5.03,89
PRG0008816,STU00492,MOD00072,CRS009,2025-10-22,2025-10-12,Not Started,2.11,35
PRG0008817,STU00492,MOD00011,CRS002,2025-08-25,2025-08-20,In Progress,6.25,91
PRG0008818,STU00492,MOD00014,CRS002,2025-08-24,2025-10-29,In Progress,6.25,58
PRG0008819,STU00492,MOD00016,CRS002,2025-08-17,2025-09-14,Completed,3.58,62
PRG0008820,STU00492,MOD00121,CRS016,2026-01-01,2026-02-17,In Progress,1.22,97
PRG0008821,STU00492,MOD00122,CRS016,2026-01-24,2026-03-07,In Progress,2.73,31
PRG0008822,STU00492,MOD00123,CRS016,2025-12-31,2025-12-29,Not Started,1.03,87
PRG0008823,STU00492,MOD00124,CRS016,2026-01-15,2026-02-26,Completed,3.74,61
PRG0008824,STU00492,MOD00125,CRS016,2026-01-13,2026-01-14,In Progress,1.84,80
PRG0008825,STU00492,MOD00126,CRS016,2025-12-27,2026-03-16,Completed,2.45,21
PRG0008826,STU00492,MOD00127,CRS016,2026-01-12,2026-03-08,Completed,6.92,26
PRG0008827,STU00492,MOD00128,CRS016,2026-01-06,2026-03-06,In Progress,8.35,22
PRG0008828,STU00492,MOD00041,CRS006,2026-02-26,2026-04-26,Completed,5.27,17
PRG0008829,STU00492,MOD00042,CRS006,2026-03-21,2026-04-13,In Progress,2.81,71
PRG0008830,STU00492,MOD00043,CRS006,2026-03-13,2026-05-18,Completed,5.92,74
PRG0008831,STU00492,MOD00044,CRS006,2026-03-01,2026-05-02,Not Started,3.33,85
PRG0008832,STU00492,MOD00045,CRS006,2026-03-14,2026-03-18,Completed,4.26,93
PRG0008833,STU00492,MOD00046,CRS006,2026-03-17,2026-04-13,Completed,7.42,56
PRG0008834,STU00492,MOD00047,CRS006,2026-03-09,2026-03-06,In Progress,6.0,18
PRG0008835,STU00492,MOD00145,CRS019,2026-01-19,2026-04-05,Completed,4.28,88
PRG0008836,STU00492,MOD00146,CRS019,2026-02-11,2026-04-10,In Progress,1.52,33
PRG0008837,STU00492,MOD00147,CRS019,2026-01-23,2026-02-20,Completed,2.44,61
PRG0008838,STU00492,MOD00148,CRS019,2026-01-13,2026-02-15,Not Started,2.82,87
PRG0008839,STU00492,MOD00149,CRS019,2026-01-27,2026-02-15,In Progress,3.31,22
PRG0008840,STU00492,MOD00150,CRS019,2026-01-31,2026-04-10,In Progress,2.3,27
PRG0008841,STU00492,MOD00151,CRS019,2026-01-28,2026-02-28,In Progress,2.05,100
PRG0008842,STU00492,MOD00152,CRS019,2026-02-07,2026-02-16,In Progress,1.51,6
PRG0008843,STU00493,MOD00131,CRS017,2025-08-06,2025-10-28,In Progress,1.49,81
PRG0008844,STU00493,MOD00136,CRS017,2025-08-30,2025-09-22,Not Started,3.85,66
PRG0008845,STU00493,MOD00017,CRS003,2025-09-29,2025-11-07,Completed,2.52,29
PRG0008846,STU00493,MOD00018,CRS003,2025-10-04,2025-12-01,Completed,3.68,75
PRG0008847,STU00493,MOD00020,CRS003,2025-10-14,2025-12-12,Not Started,2.46,86
PRG0008848,STU00493,MOD00021,CRS003,2025-10-10,2025-12-13,In Progress,5.41,58
PRG0008849,STU00493,MOD00022,CRS003,2025-09-30,2025-12-15,Completed,12.74,67
PRG0008850,STU00493,MOD00023,CRS003,2025-10-20,2025-12-23,Not Started,3.31,80
PRG0008851,STU00493,MOD00024,CRS003,2025-10-05,2025-12-06,Completed,9.04,78
PRG0008852,STU00494,MOD00153,CRS020,2026-02-11,2026-02-08,In Progress,3.13,14
PRG0008853,STU00494,MOD00157,CRS020,2026-01-22,2026-02-01,Completed,7.91,2
PRG0008854,STU00494,MOD00158,CRS020,2026-02-04,2026-03-04,In Progress,5.16,50
PRG0008855,STU00494,MOD00159,CRS020,2026-02-17,2026-02-28,Completed,5.6,5
PRG0008856,STU00494,MOD00065,CRS009,2026-03-08,2026-04-02,In Progress,4.95,65
PRG0008857,STU00494,MOD00066,CRS009,2026-02-28,2026-05-01,Not Started,7.66,62
PRG0008858,STU00494,MOD00068,CRS009,2026-03-25,2026-05-04,Completed,1.2,21
PRG0008859,STU00494,MOD00072,CRS009,2026-03-20,2026-05-25,In Progress,2.96,1
PRG0008860,STU00495,MOD00153,CRS020,2025-09-12,2025-11-17,Completed,7.33,99
PRG0008861,STU00495,MOD00154,CRS020,2025-09-19,2025-12-06,Completed,12.33,78
PRG0008862,STU00495,MOD00155,CRS020,2025-09-10,2025-10-09,Completed,10.42,1
PRG0008863,STU00495,MOD00156,CRS020,2025-09-20,2025-10-14,Completed,8.86,31
PRG0008864,STU00495,MOD00157,CRS020,2025-09-16,2025-09-23,Completed,7.76,47
PRG0008865,STU00495,MOD00159,CRS020,2025-10-03,2025-10-14,Completed,7.44,93
PRG0008866,STU00495,MOD00160,CRS020,2025-10-03,2025-11-27,Completed,7.67,72
PRG0008867,STU00496,MOD00033,CRS005,2026-02-15,2026-03-29,Completed,9.68,82
PRG0008868,STU00496,MOD00034,CRS005,2026-02-24,2026-03-31,Completed,5.98,18
PRG0008869,STU00496,MOD00035,CRS005,2026-02-04,2026-04-28,In Progress,12.81,50
PRG0008870,STU00496,MOD00036,CRS005,2026-02-15,2026-02-10,In Progress,4.99,3
PRG0008871,STU00496,MOD00037,CRS005,2026-02-10,2026-03-28,Completed,2.82,5
PRG0008872,STU00496,MOD00038,CRS005,2026-02-14,2026-02-06,In Progress,3.03,73
PRG0008873,STU00496,MOD00039,CRS005,2026-02-14,2026-03-20,Completed,4.74,48
PRG0008874,STU00496,MOD00040,CRS005,2026-02-27,2026-04-07,In Progress,6.5,32
PRG0008875,STU00496,MOD00113,CRS015,2025-08-29,2025-09-12,Completed,2.15,13
PRG0008876,STU00496,MOD00114,CRS015,2025-09-17,2025-09-18,Completed,11.69,41
PRG0008877,STU00496,MOD00115,CRS015,2025-09-10,2025-09-26,Completed,2.28,64
PRG0008878,STU00496,MOD00118,CRS015,2025-09-12,2025-10-05,Completed,3.47,16
PRG0008879,STU00496,MOD00119,CRS015,2025-09-19,2025-10-27,Not Started,7.01,23
PRG0008880,STU00496,MOD00089,CRS012,2025-10-03,2025-12-27,Completed,14.34,62
PRG0008881,STU00496,MOD00090,CRS012,2025-10-23,2025-12-25,Completed,1.97,15
PRG0008882,STU00496,MOD00091,CRS012,2025-10-07,2025-11-06,Completed,4.67,29
PRG0008883,STU00496,MOD00092,CRS012,2025-10-13,2025-11-29,Completed,2.28,74
PRG0008884,STU00496,MOD00093,CRS012,2025-10-14,2025-11-26,Completed,9.17,65
PRG0008885,STU00496,MOD00094,CRS012,2025-10-13,2025-10-04,Completed,9.78,38
PRG0008886,STU00496,MOD00041,CRS006,2025-12-30,2026-01-27,Completed,11.63,7
PRG0008887,STU00496,MOD00042,CRS006,2025-12-26,2026-02-08,Completed,3.42,68
PRG0008888,STU00496,MOD00043,CRS006,2025-12-26,2026-02-20,Completed,4.18,54
PRG0008889,STU00496,MOD00044,CRS006,2025-12-25,2026-01-22,In Progress,9.6,72
PRG0008890,STU00496,MOD00045,CRS006,2025-12-16,2026-02-01,In Progress,3.53,2
PRG0008891,STU00496,MOD00046,CRS006,2025-12-25,2026-02-16,Completed,11.12,69
PRG0008892,STU00496,MOD00047,CRS006,2025-12-03,2025-12-03,Completed,7.03,89
PRG0008893,STU00496,MOD00048,CRS006,2025-12-08,2025-12-16,Not Started,3.59,20
PRG0008894,STU00496,MOD00065,CRS009,2026-03-14,2026-03-27,Completed,3.7,86
PRG0008895,STU00496,MOD00067,CRS009,2026-02-27,2026-03-18,Completed,5.77,11
PRG0008896,STU00496,MOD00068,CRS009,2026-03-01,2026-05-13,In Progress,2.77,33
PRG0008897,STU00496,MOD00069,CRS009,2026-03-21,2026-04-11,Completed,7.59,92
PRG0008898,STU00497,MOD00033,CRS005,2026-04-02,2026-05-25,Not Started,9.86,22
PRG0008899,STU00497,MOD00034,CRS005,2026-04-13,2026-05-15,In Progress,6.83,58
PRG0008900,STU00497,MOD00035,CRS005,2026-03-21,2026-05-17,Completed,6.71,50
PRG0008901,STU00497,MOD00036,CRS005,2026-04-02,2026-05-31,In Progress,8.08,16
PRG0008902,STU00497,MOD00037,CRS005,2026-04-09,2026-05-07,Completed,1.94,77
PRG0008903,STU00497,MOD00038,CRS005,2026-04-15,2026-04-10,Completed,2.32,71
PRG0008904,STU00497,MOD00039,CRS005,2026-04-11,2026-06-05,In Progress,7.72,26
PRG0008905,STU00497,MOD00040,CRS005,2026-04-05,2026-05-22,Completed,6.01,72
PRG0008906,STU00498,MOD00121,CRS016,2026-03-08,2026-03-29,Completed,1.96,10
PRG0008907,STU00498,MOD00122,CRS016,2026-04-03,2026-04-27,Completed,2.6,91
PRG0008908,STU00498,MOD00123,CRS016,2026-03-09,2026-04-22,Completed,1.15,22
PRG0008909,STU00498,MOD00124,CRS016,2026-03-18,2026-03-28,Completed,3.11,94
PRG0008910,STU00498,MOD00125,CRS016,2026-03-12,2026-03-31,Completed,1.26,98
PRG0008911,STU00498,MOD00126,CRS016,2026-03-15,2026-04-13,Completed,6.38,69
PRG0008912,STU00498,MOD00127,CRS016,2026-04-04,2026-05-10,Completed,7.88,12
PRG0008913,STU00498,MOD00128,CRS016,2026-03-17,2026-06-04,Completed,1.41,31
PRG0008914,STU00498,MOD00106,CRS014,2025-08-18,2025-10-17,In Progress,2.29,37
PRG0008915,STU00499,MOD00041,CRS006,2025-11-20,2025-11-27,Completed,9.35,34
PRG0008916,STU00499,MOD00042,CRS006,2025-12-03,2025-12-12,In Progress,2.66,10
PRG0008917,STU00499,MOD00043,CRS006,2025-11-27,2026-02-10,Completed,6.22,67
PRG0008918,STU00499,MOD00044,CRS006,2025-12-07,2026-02-06,Completed,9.34,48
PRG0008919,STU00499,MOD00045,CRS006,2025-12-03,2025-11-27,Completed,6.29,8
PRG0008920,STU00499,MOD00046,CRS006,2025-11-14,2026-01-19,In Progress,3.99,79
PRG0008921,STU00499,MOD00047,CRS006,2025-11-25,2025-12-16,In Progress,5.2,72
PRG0008922,STU00499,MOD00048,CRS006,2025-11-25,2026-01-05,Completed,4.77,44
PRG0008923,STU00499,MOD00049,CRS007,2025-12-13,2026-01-28,In Progress,4.47,6
PRG0008924,STU00499,MOD00050,CRS007,2025-11-17,2025-11-21,In Progress,5.54,22
PRG0008925,STU00499,MOD00051,CRS007,2025-12-06,2026-01-31,In Progress,2.07,43
PRG0008926,STU00499,MOD00052,CRS007,2025-12-07,2026-02-07,In Progress,1.38,22
PRG0008927,STU00499,MOD00053,CRS007,2025-11-21,2025-11-30,In Progress,6.76,23
PRG0008928,STU00499,MOD00054,CRS007,2025-11-19,2026-01-01,Completed,1.57,99
PRG0008929,STU00499,MOD00055,CRS007,2025-11-25,2025-12-25,In Progress,2.24,1
PRG0008930,STU00499,MOD00056,CRS007,2025-11-24,2026-01-23,Completed,4.14,54
PRG0008931,STU00499,MOD00089,CRS012,2025-11-21,2026-02-02,Completed,10.34,66
PRG0008932,STU00499,MOD00090,CRS012,2025-11-14,2026-01-10,Completed,2.13,25
PRG0008933,STU00499,MOD00091,CRS012,2025-11-26,2026-01-08,Completed,8.17,79
PRG0008934,STU00499,MOD00093,CRS012,2025-12-06,2026-01-28,In Progress,12.99,58
PRG0008935,STU00499,MOD00094,CRS012,2025-12-07,2025-12-02,Completed,13.04,14
PRG0008936,STU00499,MOD00095,CRS012,2025-11-22,2026-01-22,Completed,3.0,36
PRG0008937,STU00499,MOD00009,CRS002,2026-03-26,2026-06-21,In Progress,8.44,78
PRG0008938,STU00499,MOD00010,CRS002,2026-04-05,2026-03-29,In Progress,5.06,66
PRG0008939,STU00499,MOD00011,CRS002,2026-04-04,2026-04-05,Not Started,3.58,22
PRG0008940,STU00499,MOD00013,CRS002,2026-04-21,2026-05-07,In Progress,1.42,17
PRG0008941,STU00499,MOD00014,CRS002,2026-04-13,2026-04-25,Not Started,6.87,10
PRG0008942,STU00499,MOD00015,CRS002,2026-04-19,2026-05-04,In Progress,13.4,81
PRG0008943,STU00499,MOD00016,CRS002,2026-04-08,2026-06-14,Completed,6.94,5
PRG0008944,STU00500,MOD00121,CRS016,2025-11-28,2025-11-03,Completed,9.26,33
PRG0008945,STU00500,MOD00122,CRS016,2025-11-19,2026-01-27,Completed,1.75,24
PRG0008946,STU00500,MOD00123,CRS016,2025-11-03,2025-12-23,Not Started,1.13,4
PRG0008947,STU00500,MOD00126,CRS016,2025-11-04,2026-01-20,Completed,8.08,57
PRG0008948,STU00500,MOD00073,CRS010,2026-02-03,2026-03-24,Completed,4.43,91
PRG0008949,STU00500,MOD00074,CRS010,2026-02-13,2026-03-17,Not Started,5.8,40
PRG0008950,STU00500,MOD00075,CRS010,2026-02-13,2026-04-15,In Progress,1.95,68
PRG0008951,STU00500,MOD00076,CRS010,2026-02-24,2026-02-09,Completed,4.98,81
PRG0008952,STU00500,MOD00077,CRS010,2026-02-10,2026-03-13,Completed,3.01,96
PRG0008953,STU00500,MOD00078,CRS010,2026-02-15,2026-03-28,Completed,2.51,60
PRG0008954,STU00500,MOD00079,CRS010,2026-02-03,2026-02-09,Completed,7.34,65
PRG0008955,STU00500,MOD00080,CRS010,2026-02-07,2026-03-11,Completed,4.13,87
PRG0008956,STU00500,MOD00153,CRS020,2026-02-08,2026-02-02,Completed,5.15,43
PRG0008957,STU00500,MOD00154,CRS020,2026-02-13,2026-04-02,In Progress,5.37,47
PRG0008958,STU00500,MOD00155,CRS020,2026-02-05,2026-02-26,Not Started,10.39,90
PRG0008959,STU00500,MOD00156,CRS020,2026-01-29,2026-02-06,In Progress,4.06,46
PRG0008960,STU00500,MOD00157,CRS020,2026-02-10,2026-02-03,Not Started,9.84,44
PRG0008961,STU00500,MOD00158,CRS020,2026-02-08,2026-02-17,Completed,12.1,79
PRG0008962,STU00500,MOD00159,CRS020,2026-01-29,2026-04-07,Completed,5.59,57
PRG0008963,STU00500,MOD00160,CRS020,2026-02-14,2026-02-16,Completed,6.3,32
PRG0008964,STU00500,MOD00058,CRS008,2025-06-06,2025-06-18,Not Started,8.41,5
PRG0008965,STU00500,MOD00059,CRS008,2025-06-03,2025-07-04,In Progress,2.97,25
PRG0008966,STU00500,MOD00061,CRS008,2025-05-23,2025-06-25,In Progress,7.73,65
PRG0008967,STU00500,MOD00062,CRS008,2025-06-05,2025-06-11,Completed,2.11,74
PRG0008968,STU00500,MOD00063,CRS008,2025-05-17,2025-06-28,In Progress,2.79,73
