progress_id,student_id,module_id,course_id,start_date,completion_date,completion_status,time_spent_hours,progress_percentage
PRG0000001,STU00001,MOD00057,CRS008,2025-08-12,2025-09-16,Completed,2.99,96
PRG0000002,STU00001,MOD00058,CRS008,2025-07-16,2025-07-25,Completed,3.78,95
PRG0000003,STU00001,MOD00059,CRS008,2025-07-28,2025-09-30,Completed,4.08,44
PRG0000004,STU00001,MOD00060,CRS008,2025-07-24,2025-09-01,Completed,4.76,13
PRG0000005,STU00001,MOD00061,CRS008,2025-08-11,2025-10-13,Not Started,11.92,47
PRG0000006,STU00001,MOD00062,CRS008,2025-07-17,2025-07-17,Completed,3.89,93
PRG0000007,STU00001,MOD00063,CRS008,2025-08-06,2025-07-25,In Progress,3.52,77
PRG0000008,STU00001,MOD00064,CRS008,2025-07-28,2025-08-23,Completed,7.96,32
PRG0000009,STU00001,MOD00017,CRS003,2025-06-07,2025-07-24,Completed,5.49,36
PRG0000010,STU00001,MOD00018,CRS003,2025-05-21,2025-05-18,Completed,10.25,32
PRG0000011,STU00001,MOD00019,CRS003,2025-06-12,2025-07-25,In Progress,6.71,56
PRG0000012,STU00001,MOD00020,CRS003,2025-06-04,2025-07-11,Completed,2.09,10
PRG0000013,STU00001,MOD00021,CRS003,2025-06-10,2025-06-03,Completed,13.17,55
PRG0000014,STU00001,MOD00022,CRS003,2025-05-29,2025-06-12,Not Started,10.6,80
PRG0000015,STU00001,MOD00023,CRS003,2025-06-01,2025-06-05,In Progress,8.19,66
PRG0000016,STU00001,MOD00024,CRS003,2025-05-15,2025-08-13,Completed,6.7,79
PRG0000017,STU00001,MOD00077,CRS010,2025-06-02,2025-06-30,Completed,6.46,71
PRG0000018,STU00001,MOD00078,CRS010,2025-05-22,2025-05-31,In Progress,1.98,36
PRG0000019,STU00001,MOD00079,CRS010,2025-05-19,2025-07-18,In Progress,4.43,12
PRG0000020,STU00001,MOD00033,CRS005,2026-04-16,2026-04-07,In Progress,3.19,22
PRG0000021,STU00001,MOD00034,CRS005,2026-03-26,2026-06-01,Completed,4.77,53
PRG0000022,STU00001,MOD00035,CRS005,2026-04-15,2026-05-29,Completed,4.4,42
PRG0000023,STU00001,MOD00036,CRS005,2026-04-11,2026-06-01,In Progress,2.85,96
PRG0000024,STU00001,MOD00037,CRS005,2026-04-16,2026-04-30,Completed,3.43,22
PRG0000025,STU00001,MOD00038,CRS005,2026-03-31,2026-06-12,Completed,10.35,20
PRG0000026,STU00001,MOD00039,CRS005,2026-03-30,2026-05-15,In Progress,13.05,57
PRG0000027,STU00001,MOD00040,CRS005,2026-03-29,2026-04-27,In Progress,10.98,19
PRG0000028,STU00002,MOD00025,CRS004,2025-11-14,2025-12-19,Completed,2.85,86
PRG0000029,STU00002,MOD00026,CRS004,2025-11-28,2025-12-13,Completed,2.05,59
PRG0000030,STU00002,MOD00029,CRS004,2025-12-08,2025-11-27,Completed,3.54,92
PRG0000031,STU00002,MOD00030,CRS004,2025-11-12,2025-12-17,Not Started,7.08,70
PRG0000032,STU00002,MOD00031,CRS004,2025-12-05,2025-11-15,Completed,10.85,98
PRG0000033,STU00002,MOD00032,CRS004,2025-11-26,2025-11-27,Completed,5.93,8
PRG0000034,STU00002,MOD00033,CRS005,2025-05-26,2025-06-02,In Progress,3.41,88
PRG0000035,STU00002,MOD00034,CRS005,2025-05-29,2025-07-09,In Progress,7.27,37
PRG0000036,STU00002,MOD00035,CRS005,2025-05-27,2025-07-04,Completed,6.4,19
PRG0000037,STU00002,MOD00036,CRS005,2025-05-26,2025-07-07,Not Started,2.41,77
PRG0000038,STU00002,MOD00037,CRS005,2025-06-03,2025-07-28,Completed,1.81,37
PRG0000039,STU00002,MOD00038,CRS005,2025-06-03,2025-05-20,Completed,9.98,52
PRG0000040,STU00002,MOD00039,CRS005,2025-06-05,2025-06-28,In Progress,11.55,46
PRG0000041,STU00002,MOD00040,CRS005,2025-06-07,2025-06-13,Completed,11.3,51
PRG0000042,STU00003,MOD00026,CRS004,2025-12-24,2026-01-26,Completed,7.13,29
PRG0000043,STU00003,MOD00028,CRS004,2025-11-24,2026-01-25,Completed,1.32,66
PRG0000044,STU00003,MOD00029,CRS004,2025-11-27,2025-12-10,Completed,2.16,0
PRG0000045,STU00003,MOD00030,CRS004,2025-12-14,2026-02-01,Completed,5.03,88
PRG0000046,STU00003,MOD00031,CRS004,2025-12-06,2026-01-14,Completed,2.17,55
PRG0000047,STU00003,MOD00032,CRS004,2025-12-13,2026-02-03,In Progress,8.1,82
PRG0000048,STU00003,MOD00089,CRS012,2025-12-21,2025-12-26,Completed,5.2,4
PRG0000049,STU00003,MOD00090,CRS012,2025-11-26,2026-01-04,Completed,2.4,22
PRG0000050,STU00003,MOD00091,CRS012,2025-12-20,2026-02-16,In Progress,2.36,7
PRG0000051,STU00003,MOD00092,CRS012,2025-11-25,2026-01-04,Completed,9.4,34
PRG0000052,STU00003,MOD00093,CRS012,2025-11-27,2026-02-21,Not Started,1.51,37
PRG0000053,STU00003,MOD00094,CRS012,2025-12-17,2026-02-02,Completed,1.54,62
PRG0000054,STU00003,MOD00095,CRS012,2025-12-22,2026-01-05,Completed,2.21,98
PRG0000055,STU00003,MOD00096,CRS012,2025-12-01,2026-01-23,Completed,11.48,10
PRG0000056,STU00003,MOD00113,CRS015,2025-12-10,2026-02-02,Not Started,9.08,20
PRG0000057,STU00003,MOD00114,CRS015,2025-12-21,2026-01-04,In Progress,1.43,47
PRG0000058,STU00003,MOD00115,CRS015,2025-11-29,2025-12-12,Completed,2.28,73
PRG0000059,STU00003,MOD00116,CRS015,2025-12-17,2025-12-08,Completed,6.65,60
PRG0000060,STU00003,MOD00117,CRS015,2025-11-27,2025-12-31,In Progress,3.41,14
PRG0000061,STU00003,MOD00118,CRS015,2025-11-24,2025-12-15,Completed,2.87,89
PRG0000062,STU00003,MOD00119,CRS015,2025-11-28,2026-02-15,Not Started,6.51,91
PRG0000063,STU00003,MOD00120,CRS015,2025-12-10,2026-01-17,Completed,5.29,47
PRG0000064,STU00003,MOD00049,CRS007,2025-12-08,2026-02-20,Not Started,5.65,63
PRG0000065,STU00003,MOD00050,CRS007,2025-12-02,2025-12-19,Not Started,7.35,22
PRG0000066,STU00003,MOD00051,CRS007,2025-12-16,2026-01-04,Not Started,1.51,84
PRG0000067,STU00003,MOD00052,CRS007,2025-12-23,2026-01-05,In Progress,1.63,10
PRG0000068,STU00003,MOD00053,CRS007,2025-11-27,2026-02-21,Not Started,3.04,56
PRG0000069,STU00003,MOD00054,CRS007,2025-11-30,2026-01-14,Completed,2.36,95
PRG0000070,STU00003,MOD00055,CRS007,2025-12-14,2026-01-31,Completed,2.96,35
PRG0000071,STU00003,MOD00056,CRS007,2025-12-06,2026-01-06,Completed,5.27,36
PRG0000072,STU00003,MOD00036,CRS005,2025-11-30,2026-02-11,Completed,4.03,79
PRG0000073,STU00003,MOD00037,CRS005,2025-12-20,2026-01-10,Completed,1.97,67
PRG0000074,STU00003,MOD00039,CRS005,2025-12-15,2026-02-15,Completed,5.32,98
PRG0000075,STU00003,MOD00040,CRS005,2025-12-07,2026-01-07,Not Started,5.36,30
PRG0000076,STU00004,MOD00155,CRS020,2025-11-21,2025-12-14,Completed,2.35,50
PRG0000077,STU00005,MOD00065,CRS009,2025-11-24,2025-12-10,In Progress,1.92,50
PRG0000078,STU00005,MOD00066,CRS009,2025-11-27,2025-12-21,Completed,4.0,85
PRG0000079,STU00005,MOD00067,CRS009,2025-11-01,2025-12-05,Completed,5.74,97
PRG0000080,STU00005,MOD00068,CRS009,2025-11-02,2026-01-25,Completed,2.0,38
PRG0000081,STU00005,MOD00069,CRS009,2025-11-12,2025-12-22,Completed,4.23,68
PRG0000082,STU00005,MOD00070,CRS009,2025-11-15,2025-11-26,Not Started,1.06,23
PRG0000083,STU00005,MOD00071,CRS009,2025-11-02,2026-01-18,In Progress,8.09,80
PRG0000084,STU00005,MOD00072,CRS009,2025-11-12,2025-11-21,Completed,4.8,43
PRG0000085,STU00005,MOD00041,CRS006,2026-02-05,2026-01-27,Completed,3.86,82
PRG0000086,STU00005,MOD00042,CRS006,2026-01-27,2026-04-07,Completed,4.82,64
PRG0000087,STU00005,MOD00043,CRS006,2026-02-14,2026-01-28,In Progress,1.4,21
PRG0000088,STU00005,MOD00044,CRS006,2026-01-27,2026-04-16,In Progress,4.25,29
PRG0000089,STU00005,MOD00045,CRS006,2026-02-11,2026-03-29,Completed,2.51,6
PRG0000090,STU00005,MOD00097,CRS013,2025-10-28,2025-12-08,Completed,9.43,86
PRG0000091,STU00005,MOD00098,CRS013,2025-10-09,2025-11-29,In Progress,6.32,30
PRG0000092,STU00005,MOD00099,CRS013,2025-09-30,2025-12-15,In Progress,1.08,18
PRG0000093,STU00005,MOD00100,CRS013,2025-10-15,2025-10-23,In Progress,1.07,50
PRG0000094,STU00005,MOD00101,CRS013,2025-10-01,2025-10-12,Completed,3.71,92
PRG0000095,STU00005,MOD00102,CRS013,2025-10-06,2025-10-10,Not Started,5.51,30
PRG0000096,STU00005,MOD00103,CRS013,2025-10-12,2025-11-15,In Progress,5.69,54
PRG0000097,STU00005,MOD00104,CRS013,2025-10-18,2025-10-18,Completed,14.96,33
PRG0000098,STU00005,MOD00073,CRS010,2025-10-16,2025-12-08,Completed,11.45,3
PRG0000099,STU00005,MOD00074,CRS010,2025-10-04,2025-10-30,Completed,5.32,52
PRG0000100,STU00005,MOD00075,CRS010,2025-10-13,2025-12-16,Completed,3.99,21
PRG0000101,STU00005,MOD00076,CRS010,2025-10-12,2025-10-09,Completed,1.2,25
PRG0000102,STU00005,MOD00077,CRS010,2025-10-18,2025-12-04,Completed,2.3,20
PRG0000103,STU00005,MOD00078,CRS010,2025-10-27,2025-11-25,Completed,1.47,58
PRG0000104,STU00005,MOD00079,CRS010,2025-10-01,2025-12-19,Completed,1.69,94
PRG0000105,STU00005,MOD00080,CRS010,2025-10-07,2025-12-02,Not Started,1.9,25
PRG0000106,STU00005,MOD00090,CRS012,2025-12-19,2025-12-27,Completed,4.19,83
PRG0000107,STU00005,MOD00091,CRS012,2025-12-04,2025-12-29,In Progress,6.94,47
PRG0000108,STU00005,MOD00092,CRS012,2025-12-06,2026-01-19,In Progress,7.08,89
PRG0000109,STU00005,MOD00094,CRS012,2025-12-30,2025-12-08,In Progress,1.93,35
PRG0000110,STU00005,MOD00096,CRS012,2025-12-29,2025-12-26,Completed,4.07,10
PRG0000111,STU00006,MOD00001,CRS001,2025-11-21,2026-02-01,In Progress,4.76,32
PRG0000112,STU00006,MOD00002,CRS001,2025-11-17,2026-01-22,In Progress,8.27,10
PRG0000113,STU00006,MOD00003,CRS001,2025-11-12,2025-12-12,Completed,2.94,33
PRG0000114,STU00006,MOD00004,CRS001,2025-11-19,2025-11-21,Completed,4.95,65
PRG0000115,STU00006,MOD00005,CRS001,2025-12-02,2025-12-17,Completed,4.26,71
PRG0000116,STU00006,MOD00006,CRS001,2025-11-12,2026-01-13,Completed,1.38,1
PRG0000117,STU00006,MOD00007,CRS001,2025-11-21,2025-12-17,In Progress,4.12,41
PRG0000118,STU00006,MOD00008,CRS001,2025-12-01,2025-11-13,Completed,5.35,67
PRG0000119,STU00006,MOD00121,CRS016,2026-02-25,2026-05-19,Completed,11.03,50
PRG0000120,STU00006,MOD00122,CRS016,2026-03-06,2026-04-23,Completed,1.43,11
PRG0000121,STU00006,MOD00123,CRS016,2026-03-15,2026-04-10,Completed,2.26,52
PRG0000122,STU00006,MOD00124,CRS016,2026-03-20,2026-03-25,Completed,6.57,98
PRG0000123,STU00006,MOD00125,CRS016,2026-03-10,2026-04-17,Completed,3.38,5
PRG0000124,STU00006,MOD00126,CRS016,2026-03-13,2026-04-27,Completed,6.37,94
PRG0000125,STU00006,MOD00127,CRS016,2026-03-11,2026-05-14,Completed,3.85,31
PRG0000126,STU00006,MOD00128,CRS016,2026-02-20,2026-03-12,Not Started,9.69,0
PRG0000127,STU00006,MOD00027,CRS004,2025-12-21,2026-01-26,Completed,2.23,94
PRG0000128,STU00006,MOD00129,CRS017,2025-05-27,2025-07-06,Completed,6.17,68
PRG0000129,STU00006,MOD00131,CRS017,2025-05-25,2025-05-27,Completed,2.54,70
PRG0000130,STU00006,MOD00136,CRS017,2025-05-28,2025-06-23,Completed,1.9,16
PRG0000131,STU00007,MOD00033,CRS005,2025-07-13,2025-09-21,In Progress,1.59,48
PRG0000132,STU00007,MOD00035,CRS005,2025-07-23,2025-09-22,Completed,5.86,37
PRG0000133,STU00007,MOD00137,CRS018,2026-01-22,2026-01-11,Completed,1.63,64
PRG0000134,STU00007,MOD00138,CRS018,2026-01-12,2026-02-09,Completed,1.92,81
PRG0000135,STU00007,MOD00139,CRS018,2025-12-26,2026-03-21,Completed,2.65,72
PRG0000136,STU00007,MOD00140,CRS018,2026-01-09,2026-02-08,Completed,2.07,72
PRG0000137,STU00007,MOD00141,CRS018,2025-12-24,2026-01-18,Completed,10.33,13
PRG0000138,STU00007,MOD00142,CRS018,2026-01-21,2026-02-26,Completed,11.94,91
PRG0000139,STU00007,MOD00143,CRS018,2026-01-20,2026-01-28,Completed,6.02,81
PRG0000140,STU00007,MOD00144,CRS018,2026-01-05,2026-01-01,In Progress,8.6,7
PRG0000141,STU00007,MOD00084,CRS011,2025-06-09,2025-07-29,Completed,4.47,53
PRG0000142,STU00007,MOD00086,CRS011,2025-06-13,2025-07-28,Completed,2.63,50
PRG0000143,STU00007,MOD00087,CRS011,2025-06-16,2025-06-29,In Progress,2.57,71
PRG0000144,STU00007,MOD00088,CRS011,2025-07-02,2025-09-06,Completed,3.31,5
PRG0000145,STU00008,MOD00001,CRS001,2026-03-26,2026-05-24,Completed,10.64,55
PRG0000146,STU00008,MOD00002,CRS001,2026-04-21,2026-04-05,Completed,11.15,12
PRG0000147,STU00008,MOD00003,CRS001,2026-04-20,2026-05-30,Completed,4.39,82
PRG0000148,STU00008,MOD00004,CRS001,2026-04-02,2026-06-04,Completed,2.32,36
PRG0000149,STU00008,MOD00005,CRS001,2026-04-20,2026-05-19,In Progress,1.94,32
PRG0000150,STU00008,MOD00006,CRS001,2026-04-09,2026-05-11,Completed,4.99,82
PRG0000151,STU00008,MOD00007,CRS001,2026-03-25,2026-06-18,In Progress,7.9,60
PRG0000152,STU00008,MOD00008,CRS001,2026-03-28,2026-03-31,Completed,7.29,67
PRG0000153,STU00008,MOD00145,CRS019,2026-02-23,2026-04-18,Not Started,3.34,69
PRG0000154,STU00008,MOD00146,CRS019,2026-03-07,2026-05-03,Completed,5.97,64
PRG0000155,STU00008,MOD00147,CRS019,2026-03-02,2026-04-03,Completed,2.07,93
PRG0000156,STU00008,MOD00148,CRS019,2026-02-27,2026-03-28,In Progress,11.29,88
PRG0000157,STU00008,MOD00149,CRS019,2026-02-20,2026-05-20,Completed,2.41,57
PRG0000158,STU00008,MOD00150,CRS019,2026-03-14,2026-03-26,In Progress,4.11,91
PRG0000159,STU00008,MOD00151,CRS019,2026-02-19,2026-05-07,Completed,7.24,85
PRG0000160,STU00008,MOD00152,CRS019,2026-03-20,2026-04-12,Completed,2.82,94
PRG0000161,STU00008,MOD00113,CRS015,2025-11-07,2025-11-16,Completed,7.83,56
PRG0000162,STU00008,MOD00114,CRS015,2025-11-04,2025-10-21,Completed,2.62,65
PRG0000163,STU00008,MOD00115,CRS015,2025-10-15,2025-11-07,Not Started,1.77,68
PRG0000164,STU00008,MOD00116,CRS015,2025-10-15,2025-11-09,Completed,4.67,14
PRG0000165,STU00008,MOD00117,CRS015,2025-10-28,2025-11-29,Completed,2.34,58
PRG0000166,STU00008,MOD00118,CRS015,2025-10-12,2025-12-09,In Progress,7.95,100
PRG0000167,STU00008,MOD00119,CRS015,2025-11-05,2025-10-18,Completed,1.77,31
PRG0000168,STU00008,MOD00120,CRS015,2025-10-21,2025-10-27,In Progress,2.6,72
PRG0000169,STU00008,MOD00027,CRS004,2026-04-15,2026-06-14,In Progress,2.54,24
PRG0000170,STU00008,MOD00028,CRS004,2026-04-09,2026-06-18,In Progress,1.12,68
PRG0000171,STU00008,MOD00029,CRS004,2026-04-20,2026-05-31,Completed,2.99,57
PRG0000172,STU00008,MOD00030,CRS004,2026-04-24,2026-07-05,Completed,11.16,11
PRG0000173,STU00008,MOD00031,CRS004,2026-05-03,2026-04-12,In Progress,3.67,60
PRG0000174,STU00008,MOD00032,CRS004,2026-04-07,2026-06-23,Completed,1.92,93
PRG0000175,STU00009,MOD00049,CRS007,2025-10-23,2025-11-10,In Progress,4.7,26
PRG0000176,STU00009,MOD00050,CRS007,2025-10-30,2025-12-19,Completed,6.15,63
PRG0000177,STU00009,MOD00051,CRS007,2025-11-05,2025-12-25,Not Started,8.09,2
PRG0000178,STU00009,MOD00052,CRS007,2025-10-20,2025-11-25,Completed,4.82,10
PRG0000179,STU00009,MOD00053,CRS007,2025-11-07,2025-10-30,Completed,1.33,19
PRG0000180,STU00009,MOD00054,CRS007,2025-11-11,2025-11-17,Completed,1.74,85
PRG0000181,STU00009,MOD00055,CRS007,2025-11-15,2025-10-30,Completed,1.13,0
PRG0000182,STU00009,MOD00056,CRS007,2025-10-29,2025-12-26,Completed,5.48,98
PRG0000183,STU00009,MOD00065,CRS009,2025-07-20,2025-08-06,Completed,4.04,54
PRG0000184,STU00009,MOD00066,CRS009,2025-08-01,2025-07-28,Not Started,4.49,47
PRG0000185,STU00009,MOD00067,CRS009,2025-07-18,2025-08-21,Not Started,5.98,56
PRG0000186,STU00009,MOD00068,CRS009,2025-08-13,2025-08-31,Completed,3.95,6
PRG0000187,STU00009,MOD00069,CRS009,2025-08-01,2025-08-05,Completed,8.03,61
PRG0000188,STU00009,MOD00070,CRS009,2025-07-25,2025-07-19,In Progress,7.2,61
PRG0000189,STU00009,MOD00071,CRS009,2025-08-02,2025-07-29,In Progress,9.71,91
PRG0000190,STU00009,MOD00072,CRS009,2025-07-24,2025-08-29,Completed,6.13,99
PRG0000191,STU00009,MOD00057,CRS008,2026-02-13,2026-04-24,Completed,4.78,69
PRG0000192,STU00009,MOD00058,CRS008,2026-02-18,2026-03-09,Completed,6.65,40
PRG0000193,STU00009,MOD00059,CRS008,2026-02-21,2026-02-17,In Progress,4.68,9
PRG0000194,STU00009,MOD00061,CRS008,2026-01-27,2026-03-23,Completed,7.26,70
PRG0000195,STU00009,MOD00062,CRS008,2026-02-17,2026-03-11,Completed,2.1,25
PRG0000196,STU00009,MOD00063,CRS008,2026-02-04,2026-04-10,Completed,3.81,85
PRG0000197,STU00009,MOD00064,CRS008,2026-02-02,2026-01-30,Completed,1.78,98
PRG0000198,STU00009,MOD00081,CRS011,2026-02-02,2026-03-31,Not Started,1.93,40
PRG0000199,STU00009,MOD00082,CRS011,2026-01-27,2026-04-13,Completed,9.39,71
PRG0000200,STU00009,MOD00083,CRS011,2026-02-03,2026-02-15,Completed,2.61,32
PRG0000201,STU00009,MOD00084,CRS011,2026-01-18,2026-04-10,Completed,3.85,30
PRG0000202,STU00009,MOD00085,CRS011,2026-02-17,2026-03-19,Completed,2.42,72
PRG0000203,STU00009,MOD00086,CRS011,2026-02-05,2026-03-03,In Progress,1.96,18
PRG0000204,STU00009,MOD00087,CRS011,2026-01-27,2026-02-25,Completed,1.08,8
PRG0000205,STU00009,MOD00088,CRS011,2026-01-22,2026-03-06,Completed,5.27,93
PRG0000206,STU00009,MOD00073,CRS010,2025-07-01,2025-07-03,Completed,2.38,52
PRG0000207,STU00009,MOD00074,CRS010,2025-06-21,2025-07-14,In Progress,6.31,73
PRG0000208,STU00009,MOD00075,CRS010,2025-07-05,2025-06-28,Completed,6.32,64
PRG0000209,STU00009,MOD00076,CRS010,2025-06-17,2025-06-27,Completed,1.77,54
PRG0000210,STU00009,MOD00077,CRS010,2025-06-17,2025-08-10,In Progress,8.93,25
PRG0000211,STU00009,MOD00078,CRS010,2025-06-16,2025-08-07,Not Started,1.07,60
PRG0000212,STU00009,MOD00079,CRS010,2025-07-15,2025-07-22,Not Started,3.54,44
PRG0000213,STU00009,MOD00080,CRS010,2025-06-20,2025-07-31,Completed,1.49,92
PRG0000214,STU00010,MOD00017,CRS003,2025-11-22,2026-01-06,Completed,4.04,31
PRG0000215,STU00010,MOD00018,CRS003,2025-11-23,2026-01-15,Completed,14.44,11
PRG0000216,STU00010,MOD00019,CRS003,2025-11-05,2025-12-27,Not Started,5.1,57
PRG0000217,STU00010,MOD00020,CRS003,2025-10-26,2025-12-24,Not Started,2.09,84
PRG0000218,STU00010,MOD00021,CRS003,2025-11-11,2025-11-21,Completed,14.44,44
PRG0000219,STU00010,MOD00022,CRS003,2025-11-25,2026-01-22,Completed,1.32,24
PRG0000220,STU00010,MOD00023,CRS003,2025-11-09,2025-11-03,Completed,6.1,44
PRG0000221,STU00010,MOD00024,CRS003,2025-10-31,2025-11-05,Completed,6.27,60
PRG0000222,STU00010,MOD00049,CRS007,2025-05-28,2025-07-23,Not Started,4.96,80
PRG0000223,STU00010,MOD00051,CRS007,2025-05-29,2025-06-03,Completed,3.87,59
PRG0000224,STU00010,MOD00052,CRS007,2025-05-28,2025-07-09,Not Started,4.26,49
PRG0000225,STU00010,MOD00053,CRS007,2025-05-13,2025-06-06,Completed,4.5,96
PRG0000226,STU00010,MOD00055,CRS007,2025-05-27,2025-05-30,Completed,1.82,7
PRG0000227,STU00010,MOD00056,CRS007,2025-05-14,2025-06-08,Completed,1.5,32
PRG0000228,STU00010,MOD00075,CRS010,2025-06-29,2025-07-03,Completed,4.62,31
PRG0000229,STU00010,MOD00076,CRS010,2025-07-08,2025-08-01,Completed,1.1,59
PRG0000230,STU00010,MOD00079,CRS010,2025-07-11,2025-09-06,Completed,2.97,50
PRG0000231,STU00010,MOD00080,CRS010,2025-06-27,2025-09-06,Completed,1.2,35
PRG0000232,STU00010,MOD00089,CRS012,2025-12-16,2026-02-14,Completed,6.53,64
PRG0000233,STU00010,MOD00090,CRS012,2025-12-30,2025-12-13,Not Started,2.75,61
PRG0000234,STU00010,MOD00091,CRS012,2025-12-23,2026-02-20,Completed,7.81,7
PRG0000235,STU00010,MOD00092,CRS012,2026-01-05,2025-12-28,In Progress,10.41,59
PRG0000236,STU00010,MOD00094,CRS012,2025-12-27,2026-03-09,Not Started,1.65,93
PRG0000237,STU00010,MOD00010,CRS002,2025-06-25,2025-06-25,Completed,6.11,2
PRG0000238,STU00010,MOD00013,CRS002,2025-07-16,2025-06-29,Completed,1.55,71
PRG0000239,STU00010,MOD00016,CRS002,2025-06-24,2025-08-05,Completed,5.7,44
PRG0000240,STU00011,MOD00065,CRS009,2025-11-10,2026-01-13,In Progress,2.97,98
PRG0000241,STU00011,MOD00066,CRS009,2025-11-15,2025-11-09,Completed,5.87,62
PRG0000242,STU00011,MOD00067,CRS009,2025-10-28,2025-12-24,Completed,5.69,37
PRG0000243,STU00011,MOD00068,CRS009,2025-11-02,2025-11-03,Completed,3.72,100
PRG0000244,STU00011,MOD00069,CRS009,2025-10-24,2025-12-12,Not Started,2.63,27
PRG0000245,STU00011,MOD00070,CRS009,2025-11-09,2025-11-26,Completed,3.06,71
PRG0000246,STU00011,MOD00071,CRS009,2025-11-18,2025-12-10,Completed,2.16,70
PRG0000247,STU00011,MOD00072,CRS009,2025-11-17,2025-11-09,Completed,1.84,99
PRG0000248,STU00011,MOD00081,CRS011,2025-09-08,2025-08-17,Completed,1.6,13
PRG0000249,STU00011,MOD00082,CRS011,2025-09-04,2025-09-24,Not Started,9.66,27
PRG0000250,STU00011,MOD00083,CRS011,2025-09-08,2025-11-08,Not Started,2.45,80
PRG0000251,STU00011,MOD00084,CRS011,2025-09-09,2025-10-02,In Progress,3.44,63
PRG0000252,STU00011,MOD00085,CRS011,2025-09-07,2025-08-26,In Progress,3.23,4
PRG0000253,STU00011,MOD00086,CRS011,2025-09-12,2025-09-19,Not Started,3.42,98
PRG0000254,STU00011,MOD00087,CRS011,2025-08-25,2025-10-13,In Progress,2.72,92
PRG0000255,STU00011,MOD00088,CRS011,2025-08-15,2025-08-22,In Progress,5.51,37
PRG0000256,STU00011,MOD00105,CRS014,2025-09-06,2025-11-01,In Progress,8.33,52
PRG0000257,STU00011,MOD00106,CRS014,2025-09-25,2025-10-30,Completed,4.32,93
PRG0000258,STU00011,MOD00107,CRS014,2025-09-13,2025-12-02,Completed,5.8,66
PRG0000259,STU00011,MOD00111,CRS014,2025-10-02,2025-10-06,Completed,7.13,74
PRG0000260,STU00011,MOD00112,CRS014,2025-10-03,2025-10-31,Completed,6.84,76
PRG0000261,STU00011,MOD00121,CRS016,2025-11-21,2025-12-23,Completed,4.05,56
PRG0000262,STU00011,MOD00123,CRS016,2025-11-30,2025-11-27,Completed,14.64,43
PRG0000263,STU00011,MOD00126,CRS016,2025-12-02,2025-12-01,Completed,3.92,69
PRG0000264,STU00012,MOD00089,CRS012,2026-03-17,2026-05-17,Completed,7.26,19
PRG0000265,STU00012,MOD00090,CRS012,2026-03-16,2026-04-05,Completed,4.37,33
PRG0000266,STU00012,MOD00091,CRS012,2026-03-28,2026-04-26,Completed,5.11,86
PRG0000267,STU00012,MOD00092,CRS012,2026-03-17,2026-06-02,In Progress,10.89,16
PRG0000268,STU00012,MOD00093,CRS012,2026-03-31,2026-03-16,In Progress,8.0,9
PRG0000269,STU00012,MOD00094,CRS012,2026-04-01,2026-04-10,Completed,1.76,71
PRG0000270,STU00012,MOD00095,CRS012,2026-03-12,2026-05-17,Completed,2.76,66
PRG0000271,STU00012,MOD00096,CRS012,2026-04-04,2026-04-23,In Progress,10.13,92
PRG0000272,STU00012,MOD00113,CRS015,2025-08-15,2025-08-12,In Progress,1.93,33
PRG0000273,STU00012,MOD00114,CRS015,2025-08-01,2025-09-28,Completed,2.61,97
PRG0000274,STU00012,MOD00116,CRS015,2025-08-19,2025-08-23,Completed,2.76,7
PRG0000275,STU00012,MOD00097,CRS013,2025-07-12,2025-09-18,Completed,4.33,32
PRG0000276,STU00012,MOD00098,CRS013,2025-07-30,2025-10-04,Completed,1.94,29
PRG0000277,STU00012,MOD00100,CRS013,2025-07-09,2025-07-20,Completed,5.88,70
PRG0000278,STU00012,MOD00101,CRS013,2025-07-23,2025-09-22,Completed,1.03,34
PRG0000279,STU00012,MOD00102,CRS013,2025-07-26,2025-08-21,Completed,1.57,60
PRG0000280,STU00012,MOD00103,CRS013,2025-07-20,2025-07-18,Completed,8.97,51
PRG0000281,STU00012,MOD00104,CRS013,2025-07-17,2025-08-27,Completed,6.65,95
PRG0000282,STU00012,MOD00145,CRS019,2026-03-08,2026-03-26,In Progress,2.56,15
PRG0000283,STU00012,MOD00147,CRS019,2026-02-21,2026-04-03,Completed,3.37,35
PRG0000284,STU00012,MOD00150,CRS019,2026-03-15,2026-03-10,Completed,5.98,8
PRG0000285,STU00012,MOD00138,CRS018,2025-06-10,2025-07-11,Completed,2.78,23
PRG0000286,STU00012,MOD00139,CRS018,2025-05-26,2025-08-16,Completed,12.88,4
PRG0000287,STU00012,MOD00140,CRS018,2025-06-13,2025-06-24,In Progress,2.47,50
PRG0000288,STU00012,MOD00141,CRS018,2025-06-03,2025-06-07,Completed,2.39,16
PRG0000289,STU00012,MOD00142,CRS018,2025-06-07,2025-06-20,Completed,6.81,36
PRG0000290,STU00012,MOD00143,CRS018,2025-05-28,2025-06-07,Completed,5.43,31
PRG0000291,STU00013,MOD00009,CRS002,2025-09-11,2025-11-18,In Progress,4.2,72
PRG0000292,STU00013,MOD00010,CRS002,2025-09-18,2025-10-27,Completed,1.79,63
PRG0000293,STU00013,MOD00011,CRS002,2025-09-21,2025-09-21,In Progress,5.32,23
PRG0000294,STU00013,MOD00012,CRS002,2025-09-28,2025-11-13,In Progress,9.34,62
PRG0000295,STU00013,MOD00013,CRS002,2025-09-10,2025-11-08,In Progress,1.73,4
PRG0000296,STU00013,MOD00014,CRS002,2025-09-20,2025-10-05,Completed,3.44,100
PRG0000297,STU00013,MOD00015,CRS002,2025-09-22,2025-10-09,Completed,5.93,48
PRG0000298,STU00013,MOD00016,CRS002,2025-09-24,2025-09-12,In Progress,6.7,82
PRG0000299,STU00013,MOD00114,CRS015,2025-12-04,2025-12-24,Completed,1.13,28
PRG0000300,STU00013,MOD00115,CRS015,2025-12-12,2025-12-29,Completed,1.22,15
PRG0000301,STU00013,MOD00116,CRS015,2025-12-26,2026-02-13,In Progress,4.37,6
PRG0000302,STU00013,MOD00119,CRS015,2025-12-26,2026-03-01,Completed,5.51,34
PRG0000303,STU00013,MOD00155,CRS020,2025-10-31,2025-12-23,In Progress,7.31,16
PRG0000304,STU00013,MOD00156,CRS020,2025-10-22,2025-10-23,Completed,1.38,46
PRG0000305,STU00013,MOD00157,CRS020,2025-10-08,2025-12-09,Completed,3.9,75
PRG0000306,STU00013,MOD00158,CRS020,2025-10-27,2025-11-28,In Progress,1.3,49
PRG0000307,STU00013,MOD00159,CRS020,2025-10-18,2026-01-03,Completed,14.29,97
PRG0000308,STU00013,MOD00073,CRS010,2026-04-23,2026-04-25,Completed,8.32,33
PRG0000309,STU00013,MOD00074,CRS010,2026-04-07,2026-04-19,In Progress,6.62,3
PRG0000310,STU00013,MOD00075,CRS010,2026-04-25,2026-06-17,Completed,7.43,24
PRG0000311,STU00013,MOD00076,CRS010,2026-04-07,2026-04-18,Completed,2.63,15
PRG0000312,STU00013,MOD00077,CRS010,2026-04-07,2026-06-06,In Progress,6.87,11
PRG0000313,STU00013,MOD00079,CRS010,2026-04-19,2026-05-18,Completed,2.1,49
PRG0000314,STU00013,MOD00080,CRS010,2026-04-19,2026-06-03,Completed,1.43,9
PRG0000315,STU00013,MOD00105,CRS014,2025-10-03,2025-11-28,Completed,6.28,64
PRG0000316,STU00013,MOD00106,CRS014,2025-09-09,2025-11-23,Completed,4.43,55
PRG0000317,STU00013,MOD00107,CRS014,2025-09-28,2025-11-10,Completed,3.27,95
PRG0000318,STU00013,MOD00108,CRS014,2025-09-13,2025-11-26,Completed,2.21,35
PRG0000319,STU00013,MOD00109,CRS014,2025-10-02,2025-11-16,In Progress,12.82,58
PRG0000320,STU00013,MOD00110,CRS014,2025-09-16,2025-09-08,Completed,2.23,39
PRG0000321,STU00013,MOD00111,CRS014,2025-10-04,2025-10-03,In Progress,5.7,91
PRG0000322,STU00013,MOD00112,CRS014,2025-09-21,2025-11-18,Completed,9.57,18
PRG0000323,STU00014,MOD00073,CRS010,2025-07-13,2025-07-14,Completed,2.84,19
PRG0000324,STU00014,MOD00074,CRS010,2025-06-29,2025-08-28,Completed,1.59,18
PRG0000325,STU00014,MOD00075,CRS010,2025-07-07,2025-07-20,In Progress,11.67,86
PRG0000326,STU00014,MOD00076,CRS010,2025-06-30,2025-07-19,Completed,1.38,8
PRG0000327,STU00014,MOD00077,CRS010,2025-07-09,2025-08-11,Not Started,7.43,75
PRG0000328,STU00014,MOD00078,CRS010,2025-07-05,2025-07-13,Completed,2.58,72
PRG0000329,STU00014,MOD00079,CRS010,2025-07-15,2025-09-08,Completed,2.38,81
PRG0000330,STU00014,MOD00080,CRS010,2025-07-16,2025-07-07,Completed,2.67,2
PRG0000331,STU00014,MOD00122,CRS016,2025-07-28,2025-09-27,Not Started,2.43,13
PRG0000332,STU00014,MOD00123,CRS016,2025-07-15,2025-08-29,Not Started,13.05,36
PRG0000333,STU00014,MOD00124,CRS016,2025-07-12,2025-09-26,Completed,5.09,88
PRG0000334,STU00014,MOD00127,CRS016,2025-08-02,2025-10-05,Completed,4.18,25
PRG0000335,STU00014,MOD00128,CRS016,2025-07-12,2025-09-25,In Progress,3.74,30
PRG0000336,STU00014,MOD00017,CRS003,2025-05-30,2025-08-19,Not Started,4.61,3
PRG0000337,STU00014,MOD00018,CRS003,2025-06-24,2025-06-19,Completed,4.41,17
PRG0000338,STU00014,MOD00019,CRS003,2025-06-11,2025-06-15,Not Started,1.39,14
PRG0000339,STU00014,MOD00020,CRS003,2025-06-05,2025-08-22,Completed,2.75,83
PRG0000340,STU00014,MOD00021,CRS003,2025-05-25,2025-06-10,In Progress,8.38,4
PRG0000341,STU00014,MOD00022,CRS003,2025-05-29,2025-06-09,Completed,11.57,51
PRG0000342,STU00014,MOD00023,CRS003,2025-06-03,2025-08-11,In Progress,6.04,50
PRG0000343,STU00014,MOD00024,CRS003,2025-06-16,2025-07-15,Completed,3.35,20
PRG0000344,STU00014,MOD00153,CRS020,2025-07-01,2025-09-09,Not Started,12.97,11
PRG0000345,STU00014,MOD00154,CRS020,2025-06-23,2025-08-01,Completed,6.84,35
PRG0000346,STU00014,MOD00158,CRS020,2025-06-15,2025-08-26,Not Started,5.2,2
PRG0000347,STU00014,MOD00090,CRS012,2025-12-03,2026-02-02,Completed,1.75,41
PRG0000348,STU00014,MOD00093,CRS012,2025-12-03,2025-12-18,Completed,2.31,33
PRG0000349,STU00014,MOD00095,CRS012,2025-12-11,2026-01-22,Completed,2.45,3
PRG0000350,STU00014,MOD00096,CRS012,2025-11-30,2026-01-28,In Progress,8.45,44
PRG0000351,STU00015,MOD00145,CRS019,2025-06-19,2025-08-22,Completed,2.24,79
PRG0000352,STU00015,MOD00146,CRS019,2025-06-11,2025-07-31,In Progress,3.33,8
PRG0000353,STU00015,MOD00147,CRS019,2025-06-27,2025-07-12,In Progress,4.76,13
PRG0000354,STU00015,MOD00148,CRS019,2025-06-28,2025-08-01,In Progress,11.88,77
PRG0000355,STU00015,MOD00149,CRS019,2025-06-29,2025-06-01,In Progress,4.53,88
PRG0000356,STU00015,MOD00150,CRS019,2025-06-24,2025-08-02,In Progress,4.44,28
PRG0000357,STU00015,MOD00151,CRS019,2025-06-10,2025-06-25,In Progress,1.31,25
PRG0000358,STU00015,MOD00152,CRS019,2025-06-08,2025-06-28,Completed,2.69,64
PRG0000359,STU00016,MOD00107,CRS014,2026-01-05,2026-01-24,Completed,6.06,64
PRG0000360,STU00016,MOD00109,CRS014,2025-12-11,2026-01-01,In Progress,8.75,79
PRG0000361,STU00016,MOD00110,CRS014,2025-12-25,2026-02-06,Completed,2.84,17
PRG0000362,STU00016,MOD00112,CRS014,2025-12-24,2025-12-29,Completed,5.65,55
PRG0000363,STU00016,MOD00065,CRS009,2025-06-02,2025-08-04,Not Started,3.52,43
PRG0000364,STU00016,MOD00066,CRS009,2025-06-14,2025-07-24,Completed,4.16,24
PRG0000365,STU00016,MOD00067,CRS009,2025-06-23,2025-06-10,In Progress,3.35,93
PRG0000366,STU00016,MOD00068,CRS009,2025-06-15,2025-06-29,Completed,1.13,2
PRG0000367,STU00016,MOD00069,CRS009,2025-06-28,2025-06-23,In Progress,5.72,28
PRG0000368,STU00016,MOD00070,CRS009,2025-06-18,2025-08-13,Not Started,4.76,69
PRG0000369,STU00016,MOD00071,CRS009,2025-06-22,2025-08-12,Completed,4.13,11
PRG0000370,STU00016,MOD00072,CRS009,2025-06-12,2025-06-18,Completed,5.05,74
PRG0000371,STU00016,MOD00115,CRS015,2025-06-24,2025-08-03,Completed,2.53,85
PRG0000372,STU00016,MOD00117,CRS015,2025-06-25,2025-06-03,Not Started,1.61,61
PRG0000373,STU00016,MOD00001,CRS001,2026-05-02,2026-04-14,Completed,10.25,66
PRG0000374,STU00016,MOD00002,CRS001,2026-05-05,2026-04-15,Completed,3.18,77
PRG0000375,STU00016,MOD00003,CRS001,2026-04-26,2026-06-12,In Progress,4.28,58
PRG0000376,STU00016,MOD00005,CRS001,2026-04-15,2026-06-07,Completed,2.11,20
PRG0000377,STU00016,MOD00006,CRS001,2026-04-29,2026-04-17,Completed,5.87,2
PRG0000378,STU00016,MOD00008,CRS001,2026-05-02,2026-06-09,Completed,12.15,54
PRG0000379,STU00017,MOD00065,CRS009,2026-04-13,2026-05-28,Completed,1.6,66
PRG0000380,STU00017,MOD00066,CRS009,2026-04-02,2026-03-27,Completed,7.99,85
PRG0000381,STU00017,MOD00067,CRS009,2026-03-16,2026-04-25,In Progress,3.92,15
PRG0000382,STU00017,MOD00068,CRS009,2026-04-05,2026-05-31,In Progress,4.33,53
PRG0000383,STU00017,MOD00069,CRS009,2026-03-17,2026-03-21,Completed,7.87,8
PRG0000384,STU00017,MOD00070,CRS009,2026-04-02,2026-04-11,In Progress,3.26,57
PRG0000385,STU00017,MOD00071,CRS009,2026-04-06,2026-04-01,Completed,9.16,24
PRG0000386,STU00017,MOD00072,CRS009,2026-04-12,2026-06-02,Completed,4.94,95
PRG0000387,STU00017,MOD00049,CRS007,2026-03-28,2026-05-26,Completed,1.76,19
PRG0000388,STU00017,MOD00050,CRS007,2026-04-01,2026-04-13,Completed,2.3,61
PRG0000389,STU00017,MOD00051,CRS007,2026-04-11,2026-04-20,Completed,5.84,97
PRG0000390,STU00017,MOD00052,CRS007,2026-03-31,2026-04-01,Completed,2.61,12
PRG0000391,STU00017,MOD00053,CRS007,2026-03-26,2026-05-29,Completed,3.8,39
PRG0000392,STU00017,MOD00054,CRS007,2026-04-14,2026-04-22,In Progress,5.76,58
PRG0000393,STU00017,MOD00055,CRS007,2026-04-13,2026-04-10,Not Started,2.44,9
PRG0000394,STU00017,MOD00056,CRS007,2026-03-27,2026-06-06,Completed,1.23,74
PRG0000395,STU00017,MOD00153,CRS020,2026-03-27,2026-04-23,In Progress,8.77,8
PRG0000396,STU00017,MOD00154,CRS020,2026-03-30,2026-05-03,Completed,4.24,54
PRG0000397,STU00017,MOD00155,CRS020,2026-04-02,2026-05-09,Completed,7.05,22
PRG0000398,STU00017,MOD00156,CRS020,2026-03-18,2026-05-11,Completed,8.69,60
PRG0000399,STU00017,MOD00158,CRS020,2026-04-03,2026-06-07,Not Started,5.24,48
PRG0000400,STU00017,MOD00160,CRS020,2026-03-25,2026-06-07,In Progress,1.8,90
PRG0000401,STU00017,MOD00129,CRS017,2026-04-10,2026-03-27,Completed,1.43,24
PRG0000402,STU00017,MOD00130,CRS017,2026-03-29,2026-04-16,Not Started,5.41,47
PRG0000403,STU00017,MOD00131,CRS017,2026-04-08,2026-06-01,In Progress,1.57,72
PRG0000404,STU00017,MOD00132,CRS017,2026-03-25,2026-05-11,In Progress,3.77,44
PRG0000405,STU00017,MOD00133,CRS017,2026-04-11,2026-05-07,In Progress,4.17,2
PRG0000406,STU00017,MOD00134,CRS017,2026-04-12,2026-06-05,Completed,3.96,32
PRG0000407,STU00017,MOD00135,CRS017,2026-04-05,2026-05-23,Not Started,5.63,5
PRG0000408,STU00017,MOD00136,CRS017,2026-03-27,2026-06-13,Completed,10.01,100
PRG0000409,STU00018,MOD00129,CRS017,2025-07-05,2025-07-02,In Progress,1.55,28
PRG0000410,STU00018,MOD00130,CRS017,2025-07-08,2025-07-25,Not Started,3.53,36
PRG0000411,STU00018,MOD00131,CRS017,2025-07-10,2025-08-31,Completed,3.61,31
PRG0000412,STU00018,MOD00132,CRS017,2025-06-29,2025-08-17,Completed,4.24,24
PRG0000413,STU00018,MOD00133,CRS017,2025-07-09,2025-08-25,Completed,7.5,68
PRG0000414,STU00018,MOD00134,CRS017,2025-07-10,2025-09-05,In Progress,2.35,13
PRG0000415,STU00018,MOD00135,CRS017,2025-07-27,2025-08-25,Not Started,7.86,23
PRG0000416,STU00018,MOD00136,CRS017,2025-07-17,2025-07-16,Completed,9.5,23
PRG0000417,STU00018,MOD00009,CRS002,2026-04-10,2026-05-26,Not Started,2.65,61
PRG0000418,STU00018,MOD00010,CRS002,2026-04-22,2026-05-29,Completed,2.28,21
PRG0000419,STU00018,MOD00011,CRS002,2026-04-22,2026-06-16,In Progress,3.31,86
PRG0000420,STU00018,MOD00012,CRS002,2026-04-11,2026-04-10,Completed,6.34,9
PRG0000421,STU00018,MOD00013,CRS002,2026-04-05,2026-05-26,Completed,5.35,56
PRG0000422,STU00018,MOD00014,CRS002,2026-04-14,2026-05-18,Completed,9.73,13
PRG0000423,STU00018,MOD00015,CRS002,2026-03-31,2026-04-05,Completed,6.17,30
PRG0000424,STU00018,MOD00016,CRS002,2026-03-27,2026-06-11,In Progress,4.19,45
PRG0000425,STU00018,MOD00105,CRS014,2025-11-05,2025-12-15,In Progress,7.65,82
PRG0000426,STU00018,MOD00106,CRS014,2025-11-21,2026-01-18,Completed,3.41,50
PRG0000427,STU00018,MOD00107,CRS014,2025-11-29,2025-11-22,Completed,4.59,81
PRG0000428,STU00018,MOD00108,CRS014,2025-11-28,2025-11-28,Completed,1.87,73
PRG0000429,STU00018,MOD00109,CRS014,2025-11-29,2025-12-14,Completed,8.78,7
PRG0000430,STU00018,MOD00110,CRS014,2025-11-26,2025-12-09,Completed,1.06,11
PRG0000431,STU00018,MOD00111,CRS014,2025-11-30,2025-12-21,Completed,5.14,60
PRG0000432,STU00018,MOD00112,CRS014,2025-12-04,2026-01-17,In Progress,11.93,49
PRG0000433,STU00018,MOD00081,CRS011,2025-12-29,2026-01-02,Completed,2.18,28
PRG0000434,STU00018,MOD00082,CRS011,2025-12-16,2026-02-25,Completed,11.85,11
PRG0000435,STU00018,MOD00083,CRS011,2025-12-14,2025-12-06,In Progress,2.44,49
PRG0000436,STU00018,MOD00084,CRS011,2025-12-18,2026-01-03,Completed,3.72,58
PRG0000437,STU00018,MOD00085,CRS011,2026-01-01,2026-01-30,Completed,2.85,21
PRG0000438,STU00018,MOD00086,CRS011,2025-12-05,2026-01-07,In Progress,3.06,82
PRG0000439,STU00018,MOD00087,CRS011,2026-01-01,2026-02-15,In Progress,2.26,27
PRG0000440,STU00018,MOD00088,CRS011,2025-12-03,2026-01-09,Completed,5.49,93
PRG0000441,STU00018,MOD00153,CRS020,2026-01-13,2026-01-11,In Progress,6.77,72
PRG0000442,STU00018,MOD00155,CRS020,2026-01-20,2026-01-24,In Progress,7.03,4
PRG0000443,STU00018,MOD00156,CRS020,2026-01-08,2026-02-06,Completed,6.52,87
PRG0000444,STU00018,MOD00159,CRS020,2026-01-19,2026-01-25,Not Started,12.92,77
PRG0000445,STU00018,MOD00160,CRS020,2026-01-08,2026-01-22,Completed,2.67,50
PRG0000446,STU00019,MOD00081,CRS011,2026-02-25,2026-04-11,Completed,1.06,7
PRG0000447,STU00019,MOD00082,CRS011,2026-02-13,2026-05-04,In Progress,8.0,85
PRG0000448,STU00019,MOD00083,CRS011,2026-02-15,2026-02-26,Completed,1.5,54
PRG0000449,STU00019,MOD00084,CRS011,2026-02-09,2026-03-30,In Progress,4.09,98
PRG0000450,STU00019,MOD00085,CRS011,2026-02-22,2026-04-12,In Progress,3.88,40
PRG0000451,STU00019,MOD00086,CRS011,2026-02-18,2026-04-12,Completed,4.4,31
PRG0000452,STU00019,MOD00087,CRS011,2026-02-14,2026-04-14,Not Started,2.3,49
PRG0000453,STU00019,MOD00088,CRS011,2026-03-05,2026-04-21,Completed,4.91,40
PRG0000454,STU00019,MOD00017,CRS003,2026-01-09,2026-02-16,In Progress,4.05,86
PRG0000455,STU00019,MOD00018,CRS003,2026-01-09,2026-04-04,In Progress,8.29,43
PRG0000456,STU00019,MOD00020,CRS003,2026-02-01,2026-04-02,Completed,2.74,41
PRG0000457,STU00019,MOD00021,CRS003,2026-01-20,2026-02-22,Completed,4.61,70
PRG0000458,STU00019,MOD00022,CRS003,2026-01-08,2026-02-20,Completed,4.77,26
PRG0000459,STU00019,MOD00023,CRS003,2026-01-17,2026-02-26,Completed,10.02,84
PRG0000460,STU00019,MOD00024,CRS003,2026-01-19,2026-03-12,Completed,12.33,73
PRG0000461,STU00019,MOD00105,CRS014,2026-01-15,2026-03-19,Completed,11.73,95
PRG0000462,STU00019,MOD00106,CRS014,2026-01-09,2026-03-05,Completed,3.94,37
PRG0000463,STU00019,MOD00107,CRS014,2026-01-09,2026-03-20,Completed,4.81,67
PRG0000464,STU00019,MOD00108,CRS014,2026-01-25,2026-03-13,Not Started,2.92,33
PRG0000465,STU00019,MOD00109,CRS014,2026-01-29,2026-03-26,In Progress,12.35,36
PRG0000466,STU00019,MOD00110,CRS014,2026-01-30,2026-03-05,Completed,2.17,11
PRG0000467,STU00019,MOD00111,CRS014,2026-01-08,2026-01-28,Completed,8.3,1
PRG0000468,STU00019,MOD00112,CRS014,2026-01-21,2026-04-02,Not Started,9.81,28
PRG0000469,STU00019,MOD00049,CRS007,2026-01-14,2026-01-27,Completed,4.82,100
PRG0000470,STU00019,MOD00050,CRS007,2026-01-29,2026-02-01,In Progress,10.26,93
PRG0000471,STU00019,MOD00051,CRS007,2026-01-11,2026-02-18,Completed,5.95,93
PRG0000472,STU00019,MOD00052,CRS007,2026-01-25,2026-02-20,In Progress,6.53,25
PRG0000473,STU00019,MOD00053,CRS007,2026-01-31,2026-02-21,Completed,2.8,44
PRG0000474,STU00019,MOD00054,CRS007,2026-01-22,2026-02-19,Completed,1.44,94
PRG0000475,STU00019,MOD00055,CRS007,2026-02-04,2026-02-05,In Progress,2.84,83
PRG0000476,STU00019,MOD00056,CRS007,2026-01-14,2026-01-27,In Progress,3.36,100
PRG0000477,STU00019,MOD00089,CRS012,2026-01-19,2026-03-15,Completed,10.15,51
PRG0000478,STU00019,MOD00090,CRS012,2026-02-02,2026-02-05,In Progress,1.95,39
PRG0000479,STU00019,MOD00091,CRS012,2026-01-13,2026-01-27,In Progress,6.86,28
PRG0000480,STU00019,MOD00092,CRS012,2026-01-24,2026-03-05,In Progress,14.63,67
PRG0000481,STU00019,MOD00093,CRS012,2026-01-26,2026-03-31,In Progress,3.01,3
PRG0000482,STU00019,MOD00094,CRS012,2026-02-04,2026-01-07,Completed,2.77,80
PRG0000483,STU00019,MOD00095,CRS012,2026-01-09,2026-01-29,In Progress,4.24,48
PRG0000484,STU00019,MOD00096,CRS012,2026-01-24,2026-02-01,In Progress,9.71,14
PRG0000485,STU00020,MOD00140,CRS018,2026-01-21,2026-02-23,Completed,1.92,67
PRG0000486,STU00020,MOD00141,CRS018,2026-01-27,2026-02-14,Completed,5.2,95
PRG0000487,STU00020,MOD00142,CRS018,2026-01-26,2026-02-11,Completed,1.01,78
PRG0000488,STU00020,MOD00144,CRS018,2026-01-08,2026-03-27,Completed,8.24,39
PRG0000489,STU00020,MOD00057,CRS008,2026-02-13,2026-03-20,In Progress,14.73,11
PRG0000490,STU00020,MOD00058,CRS008,2026-02-12,2026-03-03,Not Started,4.65,70
PRG0000491,STU00020,MOD00059,CRS008,2026-02-17,2026-02-10,Completed,2.76,5
PRG0000492,STU00020,MOD00060,CRS008,2026-01-23,2026-03-15,Completed,13.39,0
PRG0000493,STU00020,MOD00061,CRS008,2026-02-04,2026-03-15,Completed,10.22,69
PRG0000494,STU00020,MOD00062,CRS008,2026-02-09,2026-01-29,Completed,2.04,67
PRG0000495,STU00020,MOD00063,CRS008,2026-01-29,2026-01-29,Completed,7.27,7
PRG0000496,STU00020,MOD00064,CRS008,2026-01-27,2026-04-12,Completed,1.65,22
PRG0000497,STU00020,MOD00105,CRS014,2026-03-02,2026-04-04,Completed,10.36,8
PRG0000498,STU00020,MOD00106,CRS014,2026-03-09,2026-04-22,In Progress,1.44,81
PRG0000499,STU00020,MOD00107,CRS014,2026-03-12,2026-03-22,In Progress,2.79,52
PRG0000500,STU00020,MOD00108,CRS014,2026-03-09,2026-03-24,Completed,2.34,12
PRG0000501,STU00020,MOD00109,CRS014,2026-03-16,2026-03-03,Completed,11.22,66
PRG0000502,STU00020,MOD00110,CRS014,2026-02-23,2026-05-12,In Progress,1.37,39
PRG0000503,STU00020,MOD00111,CRS014,2026-03-15,2026-03-17,In Progress,6.22,86
PRG0000504,STU00020,MOD00112,CRS014,2026-03-02,2026-04-03,Not Started,9.15,37
PRG0000505,STU00020,MOD00017,CRS003,2025-08-18,2025-10-19,Completed,6.08,47
PRG0000506,STU00020,MOD00018,CRS003,2025-08-06,2025-08-31,Completed,7.11,70
PRG0000507,STU00020,MOD00020,CRS003,2025-09-03,2025-10-21,Completed,4.34,53
PRG0000508,STU00020,MOD00021,CRS003,2025-08-12,2025-08-06,Completed,4.52,38
PRG0000509,STU00020,MOD00022,CRS003,2025-09-02,2025-08-12,Completed,7.18,95
PRG0000510,STU00020,MOD00023,CRS003,2025-08-24,2025-08-08,Completed,5.34,50
PRG0000511,STU00020,MOD00024,CRS003,2025-08-28,2025-09-08,Completed,13.79,67
PRG0000512,STU00020,MOD00153,CRS020,2025-09-18,2025-10-17,Completed,6.68,79
PRG0000513,STU00020,MOD00154,CRS020,2025-09-06,2025-09-15,Completed,13.64,87
PRG0000514,STU00020,MOD00155,CRS020,2025-09-09,2025-09-14,Completed,6.08,13
PRG0000515,STU00020,MOD00156,CRS020,2025-10-06,2025-11-18,In Progress,3.42,72
PRG0000516,STU00020,MOD00157,CRS020,2025-09-28,2025-11-13,In Progress,2.64,98
PRG0000517,STU00020,MOD00158,CRS020,2025-09-23,2025-11-01,In Progress,2.5,69
PRG0000518,STU00020,MOD00159,CRS020,2025-09-20,2025-10-19,Completed,11.23,96
PRG0000519,STU00020,MOD00160,CRS020,2025-09-21,2025-10-19,Completed,3.76,81
PRG0000520,STU00021,MOD00017,CRS003,2025-12-06,2025-12-26,In Progress,3.79,71
PRG0000521,STU00021,MOD00018,CRS003,2025-12-20,2026-02-08,In Progress,12.41,1
PRG0000522,STU00021,MOD00022,CRS003,2026-01-01,2026-02-14,In Progress,1.41,46
PRG0000523,STU00021,MOD00024,CRS003,2025-12-12,2025-12-31,Completed,14.0,21
PRG0000524,STU00021,MOD00098,CRS013,2025-12-14,2026-03-10,In Progress,2.61,82
PRG0000525,STU00022,MOD00146,CRS019,2025-10-03,2025-10-19,In Progress,4.94,92
PRG0000526,STU00022,MOD00147,CRS019,2025-09-19,2025-10-13,In Progress,1.25,50
PRG0000527,STU00022,MOD00149,CRS019,2025-10-13,2025-12-08,In Progress,4.51,87
PRG0000528,STU00022,MOD00150,CRS019,2025-09-21,2025-12-15,Completed,2.68,100
PRG0000529,STU00022,MOD00151,CRS019,2025-09-27,2025-10-25,Completed,7.75,15
PRG0000530,STU00022,MOD00152,CRS019,2025-10-15,2025-09-24,In Progress,5.03,21
PRG0000531,STU00022,MOD00081,CRS011,2025-07-13,2025-09-09,In Progress,2.56,45
PRG0000532,STU00022,MOD00082,CRS011,2025-07-15,2025-07-28,Completed,5.34,67
PRG0000533,STU00022,MOD00083,CRS011,2025-06-28,2025-07-29,In Progress,1.36,18
PRG0000534,STU00022,MOD00084,CRS011,2025-07-18,2025-08-28,Not Started,1.7,67
PRG0000535,STU00022,MOD00085,CRS011,2025-06-28,2025-07-17,In Progress,2.26,18
PRG0000536,STU00022,MOD00086,CRS011,2025-07-21,2025-08-26,Not Started,4.44,0
PRG0000537,STU00022,MOD00087,CRS011,2025-06-24,2025-09-06,Completed,2.87,71
PRG0000538,STU00022,MOD00088,CRS011,2025-07-11,2025-08-13,In Progress,4.25,80
PRG0000539,STU00022,MOD00129,CRS017,2025-12-06,2026-01-26,Completed,2.98,89
PRG0000540,STU00022,MOD00130,CRS017,2025-12-18,2026-01-18,In Progress,2.9,28
PRG0000541,STU00022,MOD00131,CRS017,2025-12-16,2026-01-14,In Progress,1.98,0
PRG0000542,STU00022,MOD00132,CRS017,2025-12-23,2025-12-31,In Progress,3.31,44
PRG0000543,STU00022,MOD00133,CRS017,2025-12-20,2026-01-11,Completed,4.69,43
PRG0000544,STU00022,MOD00134,CRS017,2025-12-18,2026-01-29,In Progress,3.28,27
PRG0000545,STU00022,MOD00135,CRS017,2025-11-28,2025-12-01,Completed,8.96,75
PRG0000546,STU00022,MOD00136,CRS017,2025-12-18,2026-01-23,Completed,6.27,84
PRG0000547,STU00022,MOD00137,CRS018,2025-07-03,2025-08-10,Completed,2.52,39
PRG0000548,STU00022,MOD00138,CRS018,2025-07-18,2025-08-13,In Progress,2.12,1
PRG0000549,STU00022,MOD00139,CRS018,2025-06-29,2025-08-14,In Progress,14.18,42
PRG0000550,STU00022,MOD00140,CRS018,2025-07-04,2025-07-25,In Progress,1.22,82
PRG0000551,STU00022,MOD00141,CRS018,2025-07-11,2025-09-07,Completed,9.67,90
PRG0000552,STU00022,MOD00142,CRS018,2025-06-23,2025-07-10,Completed,1.57,9
PRG0000553,STU00022,MOD00143,CRS018,2025-07-14,2025-08-14,Completed,1.04,92
PRG0000554,STU00022,MOD00144,CRS018,2025-07-22,2025-08-16,Completed,5.94,19
PRG0000555,STU00022,MOD00041,CRS006,2025-09-05,2025-11-12,Completed,1.31,69
PRG0000556,STU00022,MOD00042,CRS006,2025-09-10,2025-11-11,Completed,4.61,4
PRG0000557,STU00022,MOD00043,CRS006,2025-09-15,2025-10-10,Completed,3.51,86
PRG0000558,STU00022,MOD00044,CRS006,2025-08-26,2025-10-21,In Progress,3.6,2
PRG0000559,STU00022,MOD00045,CRS006,2025-08-19,2025-11-12,In Progress,1.85,92
PRG0000560,STU00022,MOD00046,CRS006,2025-09-14,2025-08-21,In Progress,5.67,95
PRG0000561,STU00022,MOD00047,CRS006,2025-08-21,2025-10-14,Not Started,8.64,0
PRG0000562,STU00022,MOD00048,CRS006,2025-09-08,2025-08-18,In Progress,2.78,46
PRG0000563,STU00023,MOD00009,CRS002,2026-04-01,2026-06-03,Completed,2.88,93
PRG0000564,STU00023,MOD00010,CRS002,2026-04-09,2026-05-16,Completed,5.58,23
PRG0000565,STU00023,MOD00011,CRS002,2026-04-18,2026-04-16,In Progress,1.55,33
PRG0000566,STU00023,MOD00012,CRS002,2026-04-09,2026-06-08,In Progress,10.02,45
PRG0000567,STU00023,MOD00013,CRS002,2026-04-02,2026-06-04,Completed,1.88,78
PRG0000568,STU00023,MOD00014,CRS002,2026-03-24,2026-05-17,In Progress,2.89,89
PRG0000569,STU00023,MOD00015,CRS002,2026-03-31,2026-03-26,Completed,7.46,58
PRG0000570,STU00023,MOD00016,CRS002,2026-04-02,2026-05-20,Completed,10.92,81
PRG0000571,STU00024,MOD00009,CRS002,2026-02-28,2026-05-07,Completed,3.09,34
PRG0000572,STU00024,MOD00010,CRS002,2026-03-02,2026-04-09,Completed,7.37,63
PRG0000573,STU00024,MOD00011,CRS002,2026-03-14,2026-02-28,In Progress,3.03,58
PRG0000574,STU00024,MOD00012,CRS002,2026-03-14,2026-05-02,In Progress,4.2,7
PRG0000575,STU00024,MOD00013,CRS002,2026-02-24,2026-04-01,Completed,5.44,65
PRG0000576,STU00024,MOD00014,CRS002,2026-02-27,2026-03-08,In Progress,2.08,74
PRG0000577,STU00024,MOD00015,CRS002,2026-02-24,2026-02-21,Completed,1.69,86
PRG0000578,STU00024,MOD00016,CRS002,2026-02-19,2026-03-02,Not Started,9.49,45
PRG0000579,STU00025,MOD00089,CRS012,2026-02-28,2026-04-27,In Progress,6.42,20
PRG0000580,STU00025,MOD00090,CRS012,2026-03-23,2026-04-21,Completed,4.48,9
PRG0000581,STU00025,MOD00060,CRS008,2026-03-05,2026-05-18,In Progress,9.45,99
PRG0000582,STU00025,MOD00061,CRS008,2026-03-13,2026-04-08,Completed,12.04,80
PRG0000583,STU00025,MOD00122,CRS016,2026-03-31,2026-06-12,Completed,4.05,46
PRG0000584,STU00025,MOD00123,CRS016,2026-04-06,2026-06-07,Completed,11.76,86
PRG0000585,STU00025,MOD00125,CRS016,2026-03-31,2026-05-22,Not Started,1.32,34
PRG0000586,STU00025,MOD00126,CRS016,2026-04-11,2026-05-19,Completed,7.65,0
PRG0000587,STU00025,MOD00127,CRS016,2026-03-23,2026-05-20,In Progress,7.47,69
PRG0000588,STU00025,MOD00017,CRS003,2026-03-08,2026-03-22,Not Started,1.75,50
PRG0000589,STU00025,MOD00018,CRS003,2026-03-09,2026-03-09,Completed,12.07,48
PRG0000590,STU00025,MOD00019,CRS003,2026-03-04,2026-03-21,In Progress,6.86,72
PRG0000591,STU00025,MOD00020,CRS003,2026-03-22,2026-04-17,Completed,4.13,99
PRG0000592,STU00025,MOD00021,CRS003,2026-03-27,2026-05-25,In Progress,14.51,73
PRG0000593,STU00025,MOD00022,CRS003,2026-02-27,2026-03-16,In Progress,7.76,54
PRG0000594,STU00025,MOD00023,CRS003,2026-03-04,2026-05-09,Completed,6.21,76
PRG0000595,STU00025,MOD00024,CRS003,2026-03-16,2026-03-01,Completed,3.32,43
PRG0000596,STU00026,MOD00009,CRS002,2025-08-07,2025-09-09,In Progress,3.82,78
PRG0000597,STU00026,MOD00010,CRS002,2025-08-07,2025-09-23,Completed,2.57,34
PRG0000598,STU00026,MOD00012,CRS002,2025-07-12,2025-09-25,In Progress,8.98,67
PRG0000599,STU00026,MOD00013,CRS002,2025-08-07,2025-08-22,Completed,5.69,57
PRG0000600,STU00026,MOD00014,CRS002,2025-07-31,2025-09-01,Completed,3.43,14
PRG0000601,STU00026,MOD00015,CRS002,2025-07-15,2025-09-09,In Progress,2.61,88
PRG0000602,STU00026,MOD00057,CRS008,2025-09-25,2025-09-29,Completed,15.0,86
PRG0000603,STU00026,MOD00059,CRS008,2025-10-03,2025-09-16,In Progress,7.99,26
PRG0000604,STU00026,MOD00060,CRS008,2025-09-28,2025-09-21,In Progress,9.25,72
PRG0000605,STU00026,MOD00061,CRS008,2025-09-26,2025-12-10,Not Started,2.5,61
PRG0000606,STU00026,MOD00062,CRS008,2025-10-03,2025-10-07,Not Started,4.87,66
PRG0000607,STU00026,MOD00063,CRS008,2025-09-18,2025-12-07,Completed,8.78,67
PRG0000608,STU00026,MOD00064,CRS008,2025-09-29,2025-10-22,Completed,3.15,3
PRG0000609,STU00026,MOD00105,CRS014,2025-06-08,2025-08-25,Completed,6.98,90
PRG0000610,STU00026,MOD00106,CRS014,2025-06-11,2025-08-11,Completed,3.11,48
PRG0000611,STU00026,MOD00107,CRS014,2025-07-05,2025-07-25,Completed,6.61,50
PRG0000612,STU00026,MOD00108,CRS014,2025-07-03,2025-08-03,Completed,1.39,42
PRG0000613,STU00026,MOD00111,CRS014,2025-06-29,2025-07-12,Completed,6.0,8
PRG0000614,STU00026,MOD00112,CRS014,2025-06-28,2025-08-25,Completed,12.93,87
PRG0000615,STU00026,MOD00099,CRS013,2026-03-01,2026-04-23,Completed,2.75,58
PRG0000616,STU00026,MOD00100,CRS013,2026-02-23,2026-04-26,Completed,3.61,75
PRG0000617,STU00026,MOD00103,CRS013,2026-03-08,2026-04-13,Completed,8.35,100
PRG0000618,STU00026,MOD00104,CRS013,2026-02-28,2026-03-30,In Progress,9.88,25
PRG0000619,STU00027,MOD00137,CRS018,2026-01-26,2026-02-27,In Progress,1.36,17
PRG0000620,STU00027,MOD00138,CRS018,2026-01-22,2026-02-26,In Progress,6.02,89
PRG0000621,STU00027,MOD00139,CRS018,2026-01-18,2026-03-10,Completed,13.51,7
PRG0000622,STU00027,MOD00140,CRS018,2026-01-13,2026-02-15,In Progress,5.04,18
PRG0000623,STU00027,MOD00141,CRS018,2026-01-20,2026-02-16,Completed,2.69,64
PRG0000624,STU00027,MOD00142,CRS018,2026-01-17,2026-01-22,Completed,1.96,84
PRG0000625,STU00027,MOD00143,CRS018,2026-01-31,2026-01-26,Completed,1.07,77
PRG0000626,STU00027,MOD00144,CRS018,2026-01-25,2026-03-17,Completed,6.39,48
PRG0000627,STU00027,MOD00129,CRS017,2025-10-31,2025-11-07,Completed,1.04,76
PRG0000628,STU00027,MOD00130,CRS017,2025-11-15,2025-12-24,In Progress,8.39,2
PRG0000629,STU00027,MOD00131,CRS017,2025-10-17,2025-11-17,Not Started,1.87,7
PRG0000630,STU00027,MOD00132,CRS017,2025-10-25,2025-12-18,Completed,4.24,90
PRG0000631,STU00027,MOD00133,CRS017,2025-11-01,2025-11-02,In Progress,6.66,62
PRG0000632,STU00027,MOD00134,CRS017,2025-11-09,2026-01-04,Completed,2.72,18
PRG0000633,STU00027,MOD00135,CRS017,2025-10-21,2025-11-18,In Progress,1.34,72
PRG0000634,STU00027,MOD00136,CRS017,2025-11-06,2026-01-05,Completed,8.51,23
PRG0000635,STU00027,MOD00081,CRS011,2025-06-28,2025-09-05,Completed,2.63,8
PRG0000636,STU00027,MOD00082,CRS011,2025-07-05,2025-08-21,Completed,3.68,11
PRG0000637,STU00027,MOD00083,CRS011,2025-06-22,2025-06-24,In Progress,2.59,50
PRG0000638,STU00027,MOD00084,CRS011,2025-07-03,2025-09-05,Not Started,3.24,96
PRG0000639,STU00027,MOD00085,CRS011,2025-07-02,2025-08-28,Completed,7.49,87
PRG0000640,STU00027,MOD00086,CRS011,2025-06-25,2025-09-14,Not Started,2.13,30
PRG0000641,STU00027,MOD00087,CRS011,2025-07-17,2025-07-18,In Progress,2.64,83
PRG0000642,STU00027,MOD00088,CRS011,2025-06-25,2025-08-12,Completed,5.15,68
PRG0000643,STU00027,MOD00090,CRS012,2025-06-07,2025-05-26,Completed,4.48,89
PRG0000644,STU00027,MOD00093,CRS012,2025-06-17,2025-06-17,Completed,5.99,80
PRG0000645,STU00027,MOD00095,CRS012,2025-06-14,2025-07-03,Completed,4.24,97
PRG0000646,STU00028,MOD00121,CRS016,2025-08-14,2025-10-02,Completed,10.77,21
PRG0000647,STU00028,MOD00122,CRS016,2025-07-31,2025-09-20,Completed,2.2,13
PRG0000648,STU00028,MOD00123,CRS016,2025-08-10,2025-08-21,In Progress,12.96,25
PRG0000649,STU00028,MOD00124,CRS016,2025-08-12,2025-09-17,Completed,5.52,58
PRG0000650,STU00028,MOD00125,CRS016,2025-08-05,2025-10-14,In Progress,4.44,94
PRG0000651,STU00028,MOD00126,CRS016,2025-07-25,2025-09-14,Completed,7.72,49
PRG0000652,STU00028,MOD00127,CRS016,2025-08-19,2025-09-17,In Progress,4.84,68
PRG0000653,STU00028,MOD00128,CRS016,2025-08-04,2025-09-09,Completed,4.1,47
PRG0000654,STU00028,MOD00113,CRS015,2025-07-25,2025-09-24,In Progress,11.37,5
PRG0000655,STU00028,MOD00114,CRS015,2025-08-10,2025-08-08,In Progress,1.36,10
PRG0000656,STU00028,MOD00116,CRS015,2025-07-26,2025-08-15,In Progress,1.31,53
PRG0000657,STU00028,MOD00118,CRS015,2025-07-24,2025-10-06,Not Started,10.05,46
PRG0000658,STU00028,MOD00119,CRS015,2025-08-02,2025-09-03,Completed,8.3,92
PRG0000659,STU00029,MOD00049,CRS007,2025-06-25,2025-07-27,In Progress,5.94,20
PRG0000660,STU00029,MOD00050,CRS007,2025-06-18,2025-08-24,Not Started,5.17,100
PRG0000661,STU00029,MOD00052,CRS007,2025-07-02,2025-08-21,In Progress,5.6,4
PRG0000662,STU00029,MOD00053,CRS007,2025-07-04,2025-07-27,In Progress,2.33,43
PRG0000663,STU00029,MOD00054,CRS007,2025-06-20,2025-07-12,Completed,5.09,87
PRG0000664,STU00029,MOD00055,CRS007,2025-07-11,2025-08-31,In Progress,2.36,67
PRG0000665,STU00029,MOD00056,CRS007,2025-06-21,2025-07-09,Not Started,4.98,90
PRG0000666,STU00029,MOD00105,CRS014,2026-02-14,2026-04-12,Completed,1.55,49
PRG0000667,STU00029,MOD00106,CRS014,2026-01-20,2026-03-19,Completed,3.42,13
PRG0000668,STU00029,MOD00107,CRS014,2026-02-13,2026-01-22,In Progress,3.43,90
PRG0000669,STU00029,MOD00108,CRS014,2026-02-14,2026-01-27,Completed,1.87,90
PRG0000670,STU00029,MOD00109,CRS014,2026-01-18,2026-03-13,Completed,11.92,47
PRG0000671,STU00029,MOD00110,CRS014,2026-01-18,2026-01-28,In Progress,2.94,43
PRG0000672,STU00029,MOD00111,CRS014,2026-01-21,2026-03-23,In Progress,1.81,62
PRG0000673,STU00029,MOD00112,CRS014,2026-02-05,2026-02-08,Not Started,2.79,69
PRG0000674,STU00030,MOD00009,CRS002,2025-10-11,2025-12-12,Completed,3.36,46
PRG0000675,STU00030,MOD00015,CRS002,2025-09-30,2025-10-28,Completed,3.21,94
PRG0000676,STU00030,MOD00016,CRS002,2025-10-04,2025-12-26,Not Started,8.32,17
PRG0000677,STU00030,MOD00134,CRS017,2026-01-18,2026-03-16,Completed,1.08,38
PRG0000678,STU00030,MOD00135,CRS017,2026-01-27,2026-02-15,In Progress,2.87,79
PRG0000679,STU00030,MOD00116,CRS015,2025-06-12,2025-08-10,Completed,3.97,66
PRG0000680,STU00030,MOD00120,CRS015,2025-05-31,2025-07-20,In Progress,5.13,38
PRG0000681,STU00031,MOD00145,CRS019,2025-10-21,2025-12-09,Completed,2.6,24
PRG0000682,STU00031,MOD00146,CRS019,2025-10-06,2025-12-16,Completed,3.2,20
PRG0000683,STU00031,MOD00147,CRS019,2025-10-01,2025-11-08,Completed,1.72,72
PRG0000684,STU00031,MOD00148,CRS019,2025-10-11,2025-11-22,Completed,5.79,88
PRG0000685,STU00031,MOD00149,CRS019,2025-10-22,2025-10-29,Completed,1.53,23
PRG0000686,STU00031,MOD00150,CRS019,2025-09-24,2025-10-29,Completed,1.61,21
PRG0000687,STU00031,MOD00151,CRS019,2025-10-20,2025-09-23,Completed,2.85,44
PRG0000688,STU00031,MOD00152,CRS019,2025-10-10,2025-10-05,In Progress,5.93,69
PRG0000689,STU00031,MOD00033,CRS005,2025-07-29,2025-10-14,Completed,2.51,48
PRG0000690,STU00031,MOD00034,CRS005,2025-08-02,2025-09-23,Completed,2.73,71
PRG0000691,STU00031,MOD00035,CRS005,2025-08-15,2025-09-20,Completed,3.22,19
PRG0000692,STU00031,MOD00036,CRS005,2025-08-15,2025-10-04,Not Started,3.38,85
PRG0000693,STU00031,MOD00037,CRS005,2025-08-07,2025-09-28,In Progress,3.21,85
PRG0000694,STU00031,MOD00038,CRS005,2025-08-22,2025-08-31,Completed,12.3,17
PRG0000695,STU00031,MOD00039,CRS005,2025-08-14,2025-08-24,In Progress,11.97,25
PRG0000696,STU00031,MOD00040,CRS005,2025-08-05,2025-09-28,In Progress,9.73,11
PRG0000697,STU00032,MOD00017,CRS003,2025-07-23,2025-08-13,Completed,3.26,3
PRG0000698,STU00032,MOD00018,CRS003,2025-08-02,2025-09-15,In Progress,4.93,86
PRG0000699,STU00032,MOD00019,CRS003,2025-08-10,2025-09-25,In Progress,3.97,57
PRG0000700,STU00032,MOD00020,CRS003,2025-07-15,2025-10-02,In Progress,2.14,40
PRG0000701,STU00032,MOD00021,CRS003,2025-08-14,2025-09-23,Completed,2.28,79
PRG0000702,STU00032,MOD00022,CRS003,2025-07-26,2025-08-11,Completed,5.82,0
PRG0000703,STU00032,MOD00023,CRS003,2025-07-18,2025-09-17,In Progress,7.16,69
PRG0000704,STU00032,MOD00024,CRS003,2025-08-11,2025-10-09,Completed,12.67,88
PRG0000705,STU00032,MOD00121,CRS016,2025-07-24,2025-09-02,In Progress,7.53,65
PRG0000706,STU00032,MOD00122,CRS016,2025-08-07,2025-08-23,In Progress,1.26,39
PRG0000707,STU00032,MOD00123,CRS016,2025-08-01,2025-08-26,Completed,14.36,93
PRG0000708,STU00032,MOD00124,CRS016,2025-08-02,2025-09-30,In Progress,8.98,93
PRG0000709,STU00032,MOD00125,CRS016,2025-07-23,2025-10-05,Completed,2.39,83
PRG0000710,STU00032,MOD00126,CRS016,2025-08-06,2025-09-01,In Progress,5.13,99
PRG0000711,STU00032,MOD00127,CRS016,2025-08-08,2025-08-08,Completed,8.93,15
PRG0000712,STU00032,MOD00128,CRS016,2025-08-02,2025-08-26,In Progress,1.31,57
PRG0000713,STU00032,MOD00118,CRS015,2026-02-25,2026-04-22,Completed,4.16,8
PRG0000714,STU00032,MOD00119,CRS015,2026-02-24,2026-04-25,Not Started,5.01,52
PRG0000715,STU00033,MOD00065,CRS009,2026-03-14,2026-03-19,Not Started,2.54,33
PRG0000716,STU00033,MOD00066,CRS009,2026-02-22,2026-04-20,In Progress,1.73,97
PRG0000717,STU00033,MOD00070,CRS009,2026-03-11,2026-02-24,Completed,7.16,99
PRG0000718,STU00033,MOD00071,CRS009,2026-03-05,2026-04-19,Completed,6.58,73
PRG0000719,STU00033,MOD00153,CRS020,2026-03-27,2026-04-13,In Progress,2.94,81
PRG0000720,STU00033,MOD00159,CRS020,2026-04-12,2026-05-02,Completed,11.48,1
PRG0000721,STU00033,MOD00145,CRS019,2026-02-20,2026-05-17,In Progress,1.59,70
PRG0000722,STU00033,MOD00146,CRS019,2026-02-27,2026-03-16,Completed,1.74,56
PRG0000723,STU00033,MOD00147,CRS019,2026-02-17,2026-04-12,In Progress,5.49,12
PRG0000724,STU00033,MOD00149,CRS019,2026-03-13,2026-02-18,In Progress,5.13,75
PRG0000725,STU00033,MOD00044,CRS006,2026-03-09,2026-03-12,Completed,3.87,3
PRG0000726,STU00034,MOD00127,CRS016,2025-10-03,2025-09-21,In Progress,8.19,69
PRG0000727,STU00034,MOD00128,CRS016,2025-09-22,2025-11-24,Completed,5.06,100
PRG0000728,STU00035,MOD00155,CRS020,2025-06-08,2025-07-07,Completed,2.77,29
PRG0000729,STU00035,MOD00157,CRS020,2025-06-16,2025-06-10,In Progress,2.48,8
PRG0000730,STU00035,MOD00160,CRS020,2025-06-16,2025-06-30,In Progress,2.62,65
PRG0000731,STU00036,MOD00113,CRS015,2026-02-16,2026-02-18,In Progress,2.29,13
PRG0000732,STU00036,MOD00114,CRS015,2026-02-12,2026-02-10,Completed,2.73,84
PRG0000733,STU00036,MOD00115,CRS015,2026-01-20,2026-04-15,In Progress,2.05,80
PRG0000734,STU00036,MOD00117,CRS015,2026-01-31,2026-02-12,Completed,1.89,50
PRG0000735,STU00036,MOD00089,CRS012,2025-12-25,2026-01-30,Not Started,4.8,69
PRG0000736,STU00036,MOD00090,CRS012,2025-12-21,2026-01-08,Completed,4.13,52
PRG0000737,STU00036,MOD00092,CRS012,2025-12-06,2026-02-04,Completed,5.52,69
PRG0000738,STU00036,MOD00094,CRS012,2025-12-11,2026-01-01,Completed,2.31,33
PRG0000739,STU00036,MOD00095,CRS012,2025-12-22,2025-12-27,Completed,1.37,13
PRG0000740,STU00036,MOD00096,CRS012,2025-12-20,2026-02-28,Completed,6.83,92
PRG0000741,STU00036,MOD00105,CRS014,2025-09-04,2025-11-22,Completed,12.44,97
PRG0000742,STU00036,MOD00106,CRS014,2025-09-15,2025-11-13,Completed,2.11,30
PRG0000743,STU00036,MOD00107,CRS014,2025-09-17,2025-09-30,Completed,2.31,88
PRG0000744,STU00036,MOD00108,CRS014,2025-09-06,2025-10-11,Completed,1.38,81
PRG0000745,STU00036,MOD00109,CRS014,2025-09-12,2025-08-31,Completed,6.12,18
PRG0000746,STU00036,MOD00110,CRS014,2025-09-25,2025-10-25,Completed,2.75,94
PRG0000747,STU00036,MOD00111,CRS014,2025-09-14,2025-09-16,In Progress,1.37,31
PRG0000748,STU00036,MOD00112,CRS014,2025-09-17,2025-11-16,Completed,13.28,4
PRG0000749,STU00036,MOD00130,CRS017,2026-04-13,2026-06-18,Completed,4.52,12
PRG0000750,STU00036,MOD00131,CRS017,2026-04-07,2026-06-21,Not Started,3.84,35
PRG0000751,STU00036,MOD00057,CRS008,2025-11-24,2026-01-21,Completed,7.59,90
PRG0000752,STU00036,MOD00058,CRS008,2025-11-21,2025-10-30,In Progress,1.82,51
PRG0000753,STU00036,MOD00059,CRS008,2025-10-30,2025-11-23,In Progress,5.72,95
PRG0000754,STU00036,MOD00060,CRS008,2025-11-06,2026-01-14,Completed,5.38,51
PRG0000755,STU00036,MOD00061,CRS008,2025-11-18,2026-01-16,Completed,4.94,3
PRG0000756,STU00036,MOD00062,CRS008,2025-10-30,2025-10-29,Not Started,4.56,75
PRG0000757,STU00036,MOD00063,CRS008,2025-10-30,2025-11-21,Completed,4.54,31
PRG0000758,STU00036,MOD00064,CRS008,2025-11-19,2026-01-19,Completed,5.04,61
PRG0000759,STU00037,MOD00145,CRS019,2025-12-24,2025-12-02,In Progress,3.62,29
PRG0000760,STU00037,MOD00146,CRS019,2025-12-13,2026-02-26,Completed,4.05,17
PRG0000761,STU00037,MOD00147,CRS019,2025-11-30,2025-12-20,Completed,5.15,69
PRG0000762,STU00037,MOD00149,CRS019,2025-12-05,2026-02-10,Not Started,2.08,17
PRG0000763,STU00037,MOD00150,CRS019,2025-12-18,2026-02-07,Completed,6.4,31
PRG0000764,STU00037,MOD00151,CRS019,2025-12-03,2026-02-21,Completed,1.4,95
PRG0000765,STU00037,MOD00152,CRS019,2025-12-25,2026-01-04,Not Started,1.22,76
PRG0000766,STU00037,MOD00138,CRS018,2025-10-22,2025-12-09,Not Started,2.77,22
PRG0000767,STU00037,MOD00139,CRS018,2025-10-21,2025-10-14,In Progress,4.57,64
PRG0000768,STU00037,MOD00140,CRS018,2025-10-04,2025-11-04,Completed,3.26,60
PRG0000769,STU00037,MOD00141,CRS018,2025-10-21,2025-10-18,Completed,10.93,98
PRG0000770,STU00037,MOD00142,CRS018,2025-10-24,2025-10-29,Completed,6.44,60
PRG0000771,STU00037,MOD00143,CRS018,2025-10-26,2025-10-06,Completed,6.12,55
PRG0000772,STU00037,MOD00144,CRS018,2025-10-27,2025-11-16,Completed,6.69,50
PRG0000773,STU00037,MOD00114,CRS015,2025-09-30,2025-10-30,Not Started,4.43,50
PRG0000774,STU00037,MOD00118,CRS015,2025-10-07,2025-10-27,Completed,7.25,92
PRG0000775,STU00037,MOD00119,CRS015,2025-10-04,2025-09-28,Completed,6.86,76
PRG0000776,STU00037,MOD00105,CRS014,2025-10-09,2025-10-12,Not Started,7.07,37
PRG0000777,STU00037,MOD00106,CRS014,2025-10-05,2025-10-14,Completed,1.33,82
PRG0000778,STU00037,MOD00108,CRS014,2025-10-06,2025-11-18,In Progress,2.38,23
PRG0000779,STU00037,MOD00109,CRS014,2025-10-19,2025-12-20,Completed,2.39,62
PRG0000780,STU00037,MOD00110,CRS014,2025-10-18,2025-12-05,Completed,2.5,10
PRG0000781,STU00037,MOD00112,CRS014,2025-10-13,2025-12-03,In Progress,7.08,86
PRG0000782,STU00038,MOD00114,CRS015,2025-08-29,2025-09-13,In Progress,1.64,23
PRG0000783,STU00038,MOD00115,CRS015,2025-08-24,2025-09-13,In Progress,2.77,40
PRG0000784,STU00038,MOD00118,CRS015,2025-09-05,2025-10-13,In Progress,5.53,42
PRG0000785,STU00038,MOD00033,CRS005,2025-08-27,2025-10-22,In Progress,1.3,9
PRG0000786,STU00038,MOD00034,CRS005,2025-08-23,2025-10-06,Completed,4.43,79
PRG0000787,STU00038,MOD00145,CRS019,2026-03-11,2026-05-13,Completed,4.29,7
PRG0000788,STU00038,MOD00147,CRS019,2026-03-13,2026-05-04,Completed,6.06,33
PRG0000789,STU00038,MOD00151,CRS019,2026-02-24,2026-05-09,Completed,3.31,30
PRG0000790,STU00039,MOD00082,CRS011,2025-10-23,2025-11-23,Completed,2.45,84
PRG0000791,STU00039,MOD00084,CRS011,2025-11-10,2025-12-07,Completed,1.82,79
PRG0000792,STU00039,MOD00085,CRS011,2025-10-28,2025-11-24,Completed,3.31,90
PRG0000793,STU00039,MOD00086,CRS011,2025-10-20,2025-10-31,In Progress,3.24,24
PRG0000794,STU00039,MOD00057,CRS008,2025-08-26,2025-10-01,In Progress,14.72,0
PRG0000795,STU00039,MOD00058,CRS008,2025-08-09,2025-08-15,Completed,7.1,31
PRG0000796,STU00039,MOD00059,CRS008,2025-08-03,2025-10-25,In Progress,1.77,100
PRG0000797,STU00039,MOD00060,CRS008,2025-08-09,2025-09-25,Completed,3.3,94
PRG0000798,STU00039,MOD00061,CRS008,2025-08-07,2025-10-23,In Progress,12.18,10
PRG0000799,STU00039,MOD00062,CRS008,2025-08-22,2025-10-18,Not Started,1.25,50
PRG0000800,STU00039,MOD00063,CRS008,2025-08-18,2025-08-19,Completed,8.74,17
PRG0000801,STU00039,MOD00064,CRS008,2025-08-08,2025-10-27,In Progress,1.16,22
PRG0000802,STU00039,MOD00137,CRS018,2025-09-24,2025-09-12,Completed,2.21,99
PRG0000803,STU00039,MOD00138,CRS018,2025-09-04,2025-11-28,Completed,1.43,98
PRG0000804,STU00039,MOD00139,CRS018,2025-09-09,2025-09-13,In Progress,3.09,75
PRG0000805,STU00039,MOD00140,CRS018,2025-09-25,2025-10-06,Completed,4.45,99
PRG0000806,STU00039,MOD00141,CRS018,2025-09-03,2025-09-05,Completed,8.2,13
PRG0000807,STU00039,MOD00142,CRS018,2025-09-19,2025-10-19,Completed,10.46,46
PRG0000808,STU00039,MOD00143,CRS018,2025-09-03,2025-10-20,Completed,1.2,33
PRG0000809,STU00039,MOD00144,CRS018,2025-09-19,2025-10-15,Completed,6.98,97
PRG0000810,STU00039,MOD00122,CRS016,2025-05-15,2025-05-07,Completed,1.36,4
PRG0000811,STU00039,MOD00123,CRS016,2025-05-28,2025-07-27,Completed,8.87,99
PRG0000812,STU00039,MOD00124,CRS016,2025-05-27,2025-05-09,Completed,7.77,15
PRG0000813,STU00039,MOD00125,CRS016,2025-05-14,2025-06-26,Completed,4.44,71
PRG0000814,STU00039,MOD00126,CRS016,2025-05-11,2025-07-28,Not Started,4.86,49
PRG0000815,STU00039,MOD00128,CRS016,2025-05-26,2025-05-22,Completed,7.24,36
PRG0000816,STU00039,MOD00013,CRS002,2026-04-10,2026-05-31,Completed,4.56,94
PRG0000817,STU00039,MOD00014,CRS002,2026-04-19,2026-04-07,Completed,11.17,12
PRG0000818,STU00039,MOD00016,CRS002,2026-03-27,2026-04-17,Completed,3.95,89
PRG0000819,STU00040,MOD00066,CRS009,2025-05-19,2025-05-24,Completed,6.33,9
PRG0000820,STU00040,MOD00115,CRS015,2026-03-18,2026-03-19,Completed,2.16,32
PRG0000821,STU00040,MOD00120,CRS015,2026-03-26,2026-04-20,In Progress,5.98,89
PRG0000822,STU00041,MOD00058,CRS008,2025-07-23,2025-09-26,Completed,9.67,84
PRG0000823,STU00041,MOD00064,CRS008,2025-08-04,2025-10-05,In Progress,5.95,100
PRG0000824,STU00041,MOD00154,CRS020,2025-07-21,2025-08-19,Completed,13.27,71
PRG0000825,STU00041,MOD00157,CRS020,2025-07-25,2025-08-05,Not Started,4.63,18
PRG0000826,STU00041,MOD00159,CRS020,2025-07-07,2025-08-03,Completed,6.91,52
PRG0000827,STU00041,MOD00160,CRS020,2025-07-24,2025-07-23,Completed,1.54,0
PRG0000828,STU00042,MOD00009,CRS002,2026-03-26,2026-05-28,Completed,7.04,86
PRG0000829,STU00042,MOD00012,CRS002,2026-04-18,2026-06-21,Completed,8.49,20
PRG0000830,STU00042,MOD00014,CRS002,2026-04-19,2026-04-12,Completed,9.16,6
PRG0000831,STU00042,MOD00131,CRS017,2026-03-29,2026-04-13,Completed,1.62,83
PRG0000832,STU00042,MOD00132,CRS017,2026-04-13,2026-04-08,In Progress,1.76,21
PRG0000833,STU00042,MOD00133,CRS017,2026-03-31,2026-06-10,Completed,11.96,56
PRG0000834,STU00042,MOD00135,CRS017,2026-03-16,2026-03-27,Completed,8.67,72
PRG0000835,STU00042,MOD00018,CRS003,2026-02-18,2026-05-17,Completed,12.71,43
PRG0000836,STU00042,MOD00020,CRS003,2026-03-07,2026-05-05,Completed,4.04,10
PRG0000837,STU00042,MOD00022,CRS003,2026-03-07,2026-03-11,Completed,1.26,44
PRG0000838,STU00042,MOD00023,CRS003,2026-02-19,2026-05-06,Completed,2.2,52
PRG0000839,STU00042,MOD00024,CRS003,2026-02-20,2026-03-02,Completed,11.16,75
PRG0000840,STU00042,MOD00003,CRS001,2026-02-27,2026-02-09,Completed,1.26,57
PRG0000841,STU00042,MOD00004,CRS001,2026-03-10,2026-04-06,Completed,3.2,51
PRG0000842,STU00042,MOD00005,CRS001,2026-02-12,2026-03-09,In Progress,7.17,12
PRG0000843,STU00042,MOD00113,CRS015,2026-03-30,2026-04-17,Not Started,1.63,50
PRG0000844,STU00042,MOD00114,CRS015,2026-03-30,2026-05-17,In Progress,3.97,18
PRG0000845,STU00042,MOD00115,CRS015,2026-03-27,2026-04-22,Completed,1.76,28
PRG0000846,STU00042,MOD00116,CRS015,2026-03-18,2026-05-05,Completed,3.88,37
PRG0000847,STU00042,MOD00117,CRS015,2026-03-30,2026-05-12,Completed,1.46,72
PRG0000848,STU00042,MOD00118,CRS015,2026-04-03,2026-05-19,Completed,1.82,86
PRG0000849,STU00042,MOD00119,CRS015,2026-03-16,2026-05-16,In Progress,11.33,75
PRG0000850,STU00042,MOD00120,CRS015,2026-04-03,2026-06-11,Completed,5.22,84
PRG0000851,STU00043,MOD00117,CRS015,2026-03-30,2026-05-27,In Progress,1.89,3
PRG0000852,STU00044,MOD00129,CRS017,2025-12-02,2026-02-02,In Progress,2.41,25
PRG0000853,STU00044,MOD00132,CRS017,2025-12-21,2026-02-21,Completed,4.2,23
PRG0000854,STU00044,MOD00133,CRS017,2025-12-24,2025-12-05,In Progress,14.68,71
PRG0000855,STU00044,MOD00134,CRS017,2025-12-12,2025-12-31,Completed,1.32,98
PRG0000856,STU00044,MOD00136,CRS017,2025-12-07,2026-01-13,Not Started,11.15,78
PRG0000857,STU00044,MOD00057,CRS008,2026-04-01,2026-06-13,Completed,9.39,44
PRG0000858,STU00044,MOD00058,CRS008,2026-04-23,2026-04-11,Completed,7.96,38
PRG0000859,STU00044,MOD00059,CRS008,2026-04-02,2026-06-19,Completed,2.28,62
PRG0000860,STU00044,MOD00061,CRS008,2026-04-13,2026-05-27,Completed,12.05,36
PRG0000861,STU00044,MOD00062,CRS008,2026-04-21,2026-05-01,Not Started,1.05,35
PRG0000862,STU00044,MOD00063,CRS008,2026-04-08,2026-04-17,In Progress,3.26,13
PRG0000863,STU00044,MOD00064,CRS008,2026-04-24,2026-05-06,Completed,3.44,41
PRG0000864,STU00045,MOD00081,CRS011,2025-10-01,2025-10-16,Completed,1.86,94
PRG0000865,STU00045,MOD00082,CRS011,2025-10-02,2025-11-17,Not Started,13.3,40
PRG0000866,STU00045,MOD00083,CRS011,2025-09-14,2025-11-09,In Progress,2.83,8
PRG0000867,STU00045,MOD00084,CRS011,2025-09-17,2025-10-28,In Progress,3.01,69
PRG0000868,STU00045,MOD00085,CRS011,2025-09-07,2025-10-10,Completed,2.88,68
PRG0000869,STU00045,MOD00086,CRS011,2025-10-04,2025-10-08,In Progress,2.79,16
PRG0000870,STU00045,MOD00087,CRS011,2025-09-20,2025-12-06,In Progress,1.12,58
PRG0000871,STU00045,MOD00088,CRS011,2025-09-10,2025-10-07,Not Started,5.02,80
PRG0000872,STU00045,MOD00057,CRS008,2026-04-11,2026-04-04,In Progress,6.89,14
PRG0000873,STU00045,MOD00058,CRS008,2026-04-22,2026-05-23,In Progress,4.88,97
PRG0000874,STU00045,MOD00153,CRS020,2025-09-10,2025-10-06,In Progress,7.36,37
PRG0000875,STU00045,MOD00154,CRS020,2025-10-05,2025-11-20,Completed,13.86,100
PRG0000876,STU00045,MOD00155,CRS020,2025-09-20,2025-09-20,Completed,3.09,80
PRG0000877,STU00045,MOD00156,CRS020,2025-09-15,2025-10-25,Not Started,4.52,64
PRG0000878,STU00045,MOD00157,CRS020,2025-09-20,2025-09-24,Not Started,3.2,54
PRG0000879,STU00045,MOD00158,CRS020,2025-09-12,2025-11-04,In Progress,1.23,85
PRG0000880,STU00045,MOD00159,CRS020,2025-09-15,2025-09-17,Not Started,13.36,14
PRG0000881,STU00045,MOD00160,CRS020,2025-09-30,2025-10-14,In Progress,1.54,67
PRG0000882,STU00045,MOD00097,CRS013,2025-12-30,2026-03-08,Completed,6.49,0
PRG0000883,STU00045,MOD00098,CRS013,2026-01-01,2026-01-15,Completed,2.77,12
PRG0000884,STU00045,MOD00099,CRS013,2025-12-26,2026-02-12,Completed,1.5,42
PRG0000885,STU00045,MOD00100,CRS013,2025-12-25,2026-02-07,In Progress,4.25,24
PRG0000886,STU00045,MOD00101,CRS013,2025-12-19,2026-02-05,Completed,4.22,0
PRG0000887,STU00045,MOD00102,CRS013,2025-12-17,2026-02-13,Completed,2.97,84
PRG0000888,STU00045,MOD00103,CRS013,2025-12-20,2025-12-28,Not Started,2.68,20
PRG0000889,STU00045,MOD00104,CRS013,2025-12-25,2026-01-20,In Progress,9.96,5
PRG0000890,STU00046,MOD00137,CRS018,2025-11-13,2025-11-21,Not Started,2.51,95
PRG0000891,STU00046,MOD00139,CRS018,2025-11-25,2026-01-09,Completed,1.49,81
PRG0000892,STU00046,MOD00140,CRS018,2025-11-24,2025-11-29,In Progress,3.47,93
PRG0000893,STU00046,MOD00143,CRS018,2025-11-26,2026-01-18,Completed,1.86,54
PRG0000894,STU00046,MOD00144,CRS018,2025-11-04,2026-01-22,In Progress,1.21,9
PRG0000895,STU00046,MOD00146,CRS019,2025-11-25,2026-01-13,In Progress,4.43,79
PRG0000896,STU00046,MOD00148,CRS019,2025-11-24,2025-11-19,Completed,11.36,42
PRG0000897,STU00046,MOD00149,CRS019,2025-11-13,2025-12-23,In Progress,3.5,89
PRG0000898,STU00046,MOD00152,CRS019,2025-11-10,2025-12-21,Completed,1.36,21
PRG0000899,STU00047,MOD00097,CRS013,2025-07-26,2025-09-19,Completed,1.13,86
PRG0000900,STU00047,MOD00098,CRS013,2025-07-25,2025-08-05,Completed,2.56,2
PRG0000901,STU00047,MOD00099,CRS013,2025-07-27,2025-07-22,In Progress,1.57,96
PRG0000902,STU00047,MOD00100,CRS013,2025-07-26,2025-07-30,In Progress,2.22,35
PRG0000903,STU00047,MOD00101,CRS013,2025-07-26,2025-09-07,Completed,1.52,7
PRG0000904,STU00047,MOD00102,CRS013,2025-07-13,2025-08-05,Completed,3.59,28
PRG0000905,STU00047,MOD00103,CRS013,2025-07-14,2025-10-03,Not Started,4.65,48
PRG0000906,STU00047,MOD00104,CRS013,2025-07-24,2025-07-19,Completed,8.85,21
PRG0000907,STU00047,MOD00129,CRS017,2025-07-19,2025-10-10,Completed,4.54,60
PRG0000908,STU00047,MOD00130,CRS017,2025-08-02,2025-09-23,Completed,1.62,26
PRG0000909,STU00047,MOD00131,CRS017,2025-07-18,2025-10-10,Completed,3.87,68
PRG0000910,STU00047,MOD00132,CRS017,2025-07-16,2025-09-29,Completed,6.06,36
PRG0000911,STU00047,MOD00133,CRS017,2025-07-24,2025-09-19,Completed,3.1,35
PRG0000912,STU00047,MOD00134,CRS017,2025-07-29,2025-09-02,Completed,3.21,65
PRG0000913,STU00047,MOD00135,CRS017,2025-07-27,2025-09-12,In Progress,4.0,42
PRG0000914,STU00047,MOD00136,CRS017,2025-08-06,2025-07-19,In Progress,2.31,0
PRG0000915,STU00048,MOD00090,CRS012,2025-09-21,2025-12-04,In Progress,1.52,42
PRG0000916,STU00048,MOD00091,CRS012,2025-09-06,2025-11-19,In Progress,7.71,30
PRG0000917,STU00048,MOD00093,CRS012,2025-10-03,2025-10-17,Completed,1.65,10
PRG0000918,STU00048,MOD00094,CRS012,2025-09-24,2025-11-04,Not Started,2.75,78
PRG0000919,STU00048,MOD00095,CRS012,2025-09-21,2025-09-23,In Progress,2.56,34
PRG0000920,STU00048,MOD00096,CRS012,2025-09-11,2025-10-18,Not Started,2.71,33
PRG0000921,STU00048,MOD00105,CRS014,2025-09-20,2025-11-12,Completed,8.43,25
PRG0000922,STU00048,MOD00106,CRS014,2025-09-21,2025-09-28,In Progress,2.44,31
PRG0000923,STU00048,MOD00107,CRS014,2025-09-06,2025-09-12,Completed,3.55,20
PRG0000924,STU00048,MOD00108,CRS014,2025-10-01,2025-09-15,In Progress,2.18,23
PRG0000925,STU00048,MOD00109,CRS014,2025-09-29,2025-10-02,In Progress,6.35,99
PRG0000926,STU00048,MOD00110,CRS014,2025-09-12,2025-12-02,Completed,1.55,59
PRG0000927,STU00048,MOD00111,CRS014,2025-09-13,2025-11-29,Completed,10.42,36
PRG0000928,STU00048,MOD00112,CRS014,2025-09-17,2025-11-30,In Progress,7.72,54
PRG0000929,STU00048,MOD00065,CRS009,2026-01-21,2026-03-12,In Progress,4.24,19
PRG0000930,STU00048,MOD00069,CRS009,2026-01-17,2026-02-19,Completed,5.96,89
PRG0000931,STU00048,MOD00070,CRS009,2026-01-25,2026-02-25,Completed,10.3,64
PRG0000932,STU00048,MOD00001,CRS001,2025-10-05,2025-12-05,Completed,10.99,81
PRG0000933,STU00048,MOD00002,CRS001,2025-10-04,2025-10-23,In Progress,2.78,5
PRG0000934,STU00048,MOD00003,CRS001,2025-10-05,2025-10-03,Completed,1.21,82
PRG0000935,STU00048,MOD00004,CRS001,2025-09-20,2025-11-25,In Progress,1.19,17
PRG0000936,STU00048,MOD00005,CRS001,2025-09-16,2025-10-17,In Progress,5.94,71
PRG0000937,STU00048,MOD00006,CRS001,2025-09-28,2025-09-26,In Progress,4.57,51
PRG0000938,STU00048,MOD00007,CRS001,2025-09-23,2025-09-29,Completed,7.26,68
PRG0000939,STU00048,MOD00008,CRS001,2025-10-04,2025-10-06,Completed,8.71,71
PRG0000940,STU00049,MOD00057,CRS008,2026-02-05,2026-02-19,Completed,3.35,93
PRG0000941,STU00049,MOD00058,CRS008,2026-02-24,2026-03-24,Completed,4.78,7
PRG0000942,STU00049,MOD00059,CRS008,2026-02-08,2026-04-09,Completed,3.67,19
PRG0000943,STU00049,MOD00060,CRS008,2026-02-20,2026-02-26,Completed,11.0,65
PRG0000944,STU00049,MOD00061,CRS008,2026-02-22,2026-04-28,Completed,6.68,95
PRG0000945,STU00049,MOD00062,CRS008,2026-02-19,2026-03-05,Completed,4.04,0
PRG0000946,STU00049,MOD00063,CRS008,2026-02-24,2026-03-02,In Progress,7.89,39
PRG0000947,STU00049,MOD00064,CRS008,2026-01-29,2026-03-08,In Progress,9.09,30
PRG0000948,STU00050,MOD00001,CRS001,2025-12-01,2025-12-20,Not Started,5.8,90
PRG0000949,STU00050,MOD00002,CRS001,2025-11-23,2025-11-28,Completed,8.52,45
PRG0000950,STU00050,MOD00003,CRS001,2025-11-14,2025-12-30,In Progress,2.88,73
PRG0000951,STU00050,MOD00004,CRS001,2025-12-04,2025-11-28,In Progress,3.14,84
PRG0000952,STU00050,MOD00005,CRS001,2025-11-11,2025-11-10,Completed,4.53,70
PRG0000953,STU00050,MOD00006,CRS001,2025-11-10,2025-11-11,Completed,5.55,64
PRG0000954,STU00050,MOD00007,CRS001,2025-11-27,2025-12-05,Completed,5.78,50
PRG0000955,STU00050,MOD00008,CRS001,2025-11-23,2026-02-03,Completed,12.52,30
PRG0000956,STU00051,MOD00057,CRS008,2025-12-08,2026-01-06,Completed,4.5,90
PRG0000957,STU00051,MOD00033,CRS005,2025-12-20,2026-01-12,In Progress,2.23,51
PRG0000958,STU00051,MOD00034,CRS005,2025-12-31,2026-02-14,In Progress,4.22,55
PRG0000959,STU00051,MOD00035,CRS005,2025-12-18,2026-03-07,Completed,6.95,82
PRG0000960,STU00051,MOD00036,CRS005,2025-12-28,2026-02-25,Completed,2.92,44
PRG0000961,STU00051,MOD00037,CRS005,2026-01-09,2026-03-06,In Progress,1.43,5
PRG0000962,STU00051,MOD00038,CRS005,2026-01-09,2026-01-24,In Progress,11.09,28
PRG0000963,STU00051,MOD00039,CRS005,2025-12-22,2026-01-29,Completed,2.3,22
PRG0000964,STU00051,MOD00040,CRS005,2026-01-02,2026-02-16,In Progress,1.87,6
PRG0000965,STU00051,MOD00065,CRS009,2026-04-13,2026-04-05,Completed,3.78,66
PRG0000966,STU00051,MOD00068,CRS009,2026-03-30,2026-05-04,Completed,2.98,48
PRG0000967,STU00051,MOD00069,CRS009,2026-04-06,2026-04-19,In Progress,11.25,44
PRG0000968,STU00051,MOD00070,CRS009,2026-03-31,2026-06-13,Completed,11.43,26
PRG0000969,STU00051,MOD00072,CRS009,2026-04-23,2026-04-24,Not Started,3.76,29
PRG0000970,STU00051,MOD00137,CRS018,2025-11-16,2025-11-25,Completed,2.37,51
PRG0000971,STU00051,MOD00138,CRS018,2025-11-06,2025-12-01,Completed,4.34,100
PRG0000972,STU00051,MOD00139,CRS018,2025-11-11,2026-01-07,Not Started,11.96,20
PRG0000973,STU00051,MOD00140,CRS018,2025-11-16,2025-11-13,Completed,2.0,96
PRG0000974,STU00051,MOD00144,CRS018,2025-11-07,2025-12-18,In Progress,5.64,47
PRG0000975,STU00052,MOD00057,CRS008,2025-08-19,2025-09-26,In Progress,11.47,58
PRG0000976,STU00052,MOD00058,CRS008,2025-09-01,2025-10-02,In Progress,7.91,4
PRG0000977,STU00052,MOD00059,CRS008,2025-08-29,2025-08-18,Completed,2.13,9
PRG0000978,STU00052,MOD00060,CRS008,2025-08-31,2025-11-12,Completed,4.98,96
PRG0000979,STU00052,MOD00061,CRS008,2025-08-23,2025-10-05,Completed,6.12,26
PRG0000980,STU00052,MOD00062,CRS008,2025-09-16,2025-09-13,Completed,5.59,61
PRG0000981,STU00052,MOD00063,CRS008,2025-09-12,2025-08-23,In Progress,4.52,60
PRG0000982,STU00052,MOD00064,CRS008,2025-08-19,2025-08-23,Completed,5.11,14
PRG0000983,STU00053,MOD00049,CRS007,2025-09-16,2025-09-17,Completed,3.28,98
PRG0000984,STU00053,MOD00050,CRS007,2025-09-11,2025-10-17,In Progress,3.01,28
PRG0000985,STU00053,MOD00051,CRS007,2025-09-15,2025-09-21,In Progress,6.33,70
PRG0000986,STU00053,MOD00052,CRS007,2025-09-05,2025-10-12,Completed,1.43,16
PRG0000987,STU00053,MOD00053,CRS007,2025-09-03,2025-11-03,Not Started,2.15,42
PRG0000988,STU00053,MOD00054,CRS007,2025-09-05,2025-10-21,Completed,5.28,90
PRG0000989,STU00053,MOD00055,CRS007,2025-08-26,2025-11-23,Completed,2.05,28
PRG0000990,STU00053,MOD00056,CRS007,2025-08-28,2025-09-05,Completed,4.16,25
PRG0000991,STU00053,MOD00121,CRS016,2025-12-01,2026-01-11,In Progress,10.39,94
PRG0000992,STU00053,MOD00122,CRS016,2025-12-08,2025-12-08,In Progress,2.99,69
PRG0000993,STU00053,MOD00113,CRS015,2026-03-04,2026-05-19,Completed,10.88,15
PRG0000994,STU00053,MOD00114,CRS015,2026-03-16,2026-03-09,Completed,1.41,68
PRG0000995,STU00053,MOD00115,CRS015,2026-03-21,2026-03-28,Completed,1.33,32
PRG0000996,STU00053,MOD00116,CRS015,2026-03-18,2026-04-05,Not Started,6.43,89
PRG0000997,STU00053,MOD00117,CRS015,2026-03-15,2026-05-10,In Progress,1.38,96
PRG0000998,STU00053,MOD00119,CRS015,2026-03-22,2026-04-28,In Progress,4.97,34
PRG0000999,STU00053,MOD00120,CRS015,2026-03-19,2026-03-02,Completed,3.49,27
PRG0001000,STU00053,MOD00065,CRS009,2025-08-17,2025-10-22,Completed,3.53,73
PRG0001001,STU00053,MOD00066,CRS009,2025-08-18,2025-10-14,Not Started,7.37,74
PRG0001002,STU00053,MOD00067,CRS009,2025-08-12,2025-08-21,In Progress,5.24,65
PRG0001003,STU00053,MOD00068,CRS009,2025-08-22,2025-08-13,Completed,2.77,89
PRG0001004,STU00053,MOD00069,CRS009,2025-08-22,2025-08-22,In Progress,10.23,7
PRG0001005,STU00053,MOD00070,CRS009,2025-09-03,2025-09-20,Completed,3.58,73
PRG0001006,STU00053,MOD00071,CRS009,2025-08-14,2025-08-15,Not Started,10.27,81
PRG0001007,STU00053,MOD00072,CRS009,2025-08-29,2025-09-28,Completed,3.03,51
PRG0001008,STU00053,MOD00041,CRS006,2026-02-18,2026-04-23,Completed,1.22,81
PRG0001009,STU00053,MOD00042,CRS006,2026-03-10,2026-02-23,In Progress,6.93,63
PRG0001010,STU00053,MOD00043,CRS006,2026-02-22,2026-04-16,Completed,2.34,62
PRG0001011,STU00053,MOD00044,CRS006,2026-02-23,2026-04-04,In Progress,1.54,0
PRG0001012,STU00053,MOD00048,CRS006,2026-02-16,2026-03-16,Completed,1.02,99
PRG0001013,STU00054,MOD00121,CRS016,2026-04-12,2026-04-01,Completed,7.62,35
PRG0001014,STU00054,MOD00124,CRS016,2026-04-04,2026-03-21,Completed,8.26,18
PRG0001015,STU00054,MOD00125,CRS016,2026-03-26,2026-05-13,In Progress,1.58,1
PRG0001016,STU00054,MOD00126,CRS016,2026-03-31,2026-03-26,Completed,4.12,61
PRG0001017,STU00054,MOD00128,CRS016,2026-04-03,2026-06-03,Completed,6.99,79
PRG0001018,STU00054,MOD00089,CRS012,2026-04-10,2026-03-24,In Progress,7.44,90
PRG0001019,STU00054,MOD00090,CRS012,2026-03-21,2026-04-02,Not Started,3.71,79
PRG0001020,STU00054,MOD00093,CRS012,2026-04-12,2026-03-30,In Progress,7.33,57
PRG0001021,STU00054,MOD00095,CRS012,2026-04-06,2026-04-02,Completed,2.47,83
PRG0001022,STU00054,MOD00096,CRS012,2026-03-20,2026-05-27,Completed,11.94,67
PRG0001023,STU00054,MOD00105,CRS014,2026-03-24,2026-06-12,Completed,9.69,12
PRG0001024,STU00054,MOD00106,CRS014,2026-04-06,2026-05-29,In Progress,1.26,87
PRG0001025,STU00054,MOD00107,CRS014,2026-03-28,2026-05-19,Completed,2.47,8
PRG0001026,STU00054,MOD00108,CRS014,2026-04-16,2026-06-11,Completed,1.0,28
PRG0001027,STU00054,MOD00109,CRS014,2026-03-18,2026-03-28,In Progress,8.92,23
PRG0001028,STU00054,MOD00110,CRS014,2026-04-02,2026-06-07,In Progress,2.23,31
PRG0001029,STU00054,MOD00111,CRS014,2026-04-10,2026-03-24,Completed,1.88,24
PRG0001030,STU00054,MOD00112,CRS014,2026-04-07,2026-06-03,Completed,10.25,64
PRG0001031,STU00054,MOD00081,CRS011,2026-04-15,2026-06-16,In Progress,2.25,51
PRG0001032,STU00054,MOD00086,CRS011,2026-04-05,2026-04-12,Completed,3.86,56
PRG0001033,STU00054,MOD00087,CRS011,2026-03-28,2026-05-26,Completed,1.22,90
PRG0001034,STU00054,MOD00088,CRS011,2026-03-25,2026-04-03,Not Started,1.78,25
PRG0001035,STU00055,MOD00140,CRS018,2025-11-13,2025-12-21,Completed,2.1,72
PRG0001036,STU00055,MOD00019,CRS003,2026-01-15,2026-01-30,Completed,5.61,42
PRG0001037,STU00055,MOD00020,CRS003,2025-12-20,2026-01-04,Completed,1.27,62
PRG0001038,STU00055,MOD00021,CRS003,2025-12-27,2025-12-18,In Progress,4.59,88
PRG0001039,STU00055,MOD00024,CRS003,2025-12-30,2026-02-28,In Progress,8.97,4
PRG0001040,STU00055,MOD00097,CRS013,2025-09-27,2025-10-28,In Progress,7.63,21
PRG0001041,STU00055,MOD00098,CRS013,2025-09-03,2025-09-22,Completed,5.1,4
PRG0001042,STU00055,MOD00099,CRS013,2025-09-24,2025-09-18,In Progress,1.55,37
PRG0001043,STU00055,MOD00100,CRS013,2025-09-20,2025-11-27,In Progress,2.02,61
PRG0001044,STU00055,MOD00101,CRS013,2025-09-04,2025-10-29,Completed,1.15,11
PRG0001045,STU00055,MOD00102,CRS013,2025-09-26,2025-10-12,Completed,1.18,6
PRG0001046,STU00055,MOD00103,CRS013,2025-09-06,2025-11-02,Completed,1.79,4
PRG0001047,STU00055,MOD00104,CRS013,2025-09-17,2025-09-14,In Progress,7.14,85
PRG0001048,STU00055,MOD00082,CRS011,2026-03-24,2026-05-31,Not Started,9.84,0
PRG0001049,STU00055,MOD00083,CRS011,2026-03-10,2026-05-15,Completed,2.81,12
PRG0001050,STU00055,MOD00084,CRS011,2026-03-06,2026-05-19,Completed,1.42,97
PRG0001051,STU00055,MOD00085,CRS011,2026-03-20,2026-04-12,In Progress,4.98,34
PRG0001052,STU00055,MOD00086,CRS011,2026-03-08,2026-03-03,Not Started,2.65,37
PRG0001053,STU00055,MOD00087,CRS011,2026-03-16,2026-03-30,Completed,1.78,9
PRG0001054,STU00055,MOD00088,CRS011,2026-04-01,2026-05-10,In Progress,3.73,39
PRG0001055,STU00056,MOD00089,CRS012,2025-07-28,2025-08-01,Completed,6.46,100
PRG0001056,STU00056,MOD00090,CRS012,2025-07-18,2025-09-17,Completed,3.37,25
PRG0001057,STU00056,MOD00095,CRS012,2025-07-10,2025-09-19,Completed,3.26,93
PRG0001058,STU00057,MOD00113,CRS015,2026-03-03,2026-03-16,In Progress,2.66,9
PRG0001059,STU00057,MOD00114,CRS015,2026-03-04,2026-04-11,In Progress,2.76,23
PRG0001060,STU00057,MOD00115,CRS015,2026-03-10,2026-04-07,In Progress,1.97,34
PRG0001061,STU00057,MOD00116,CRS015,2026-02-22,2026-04-30,Completed,6.69,30
PRG0001062,STU00057,MOD00117,CRS015,2026-03-13,2026-04-17,Completed,4.16,26
PRG0001063,STU00057,MOD00118,CRS015,2026-03-19,2026-03-08,Completed,3.29,71
PRG0001064,STU00057,MOD00119,CRS015,2026-03-12,2026-05-07,In Progress,5.34,36
PRG0001065,STU00057,MOD00120,CRS015,2026-03-03,2026-03-13,Completed,3.92,14
PRG0001066,STU00057,MOD00082,CRS011,2025-06-23,2025-09-19,Completed,1.85,29
PRG0001067,STU00057,MOD00083,CRS011,2025-06-30,2025-07-20,Completed,2.45,29
PRG0001068,STU00057,MOD00085,CRS011,2025-06-25,2025-07-21,In Progress,5.43,15
PRG0001069,STU00057,MOD00086,CRS011,2025-07-12,2025-07-08,In Progress,3.8,24
PRG0001070,STU00057,MOD00087,CRS011,2025-07-10,2025-08-31,Completed,1.69,6
PRG0001071,STU00057,MOD00088,CRS011,2025-07-10,2025-09-17,In Progress,1.77,58
PRG0001072,STU00057,MOD00018,CRS003,2025-09-22,2025-09-24,Completed,12.42,99
PRG0001073,STU00057,MOD00019,CRS003,2025-09-30,2025-11-05,In Progress,5.8,0
PRG0001074,STU00057,MOD00020,CRS003,2025-09-11,2025-10-30,In Progress,1.95,13
PRG0001075,STU00057,MOD00021,CRS003,2025-09-26,2025-10-12,Completed,14.51,53
PRG0001076,STU00057,MOD00023,CRS003,2025-09-20,2025-11-25,Completed,9.82,24
PRG0001077,STU00057,MOD00024,CRS003,2025-09-06,2025-10-24,Not Started,14.32,91
PRG0001078,STU00058,MOD00035,CRS005,2026-04-28,2026-06-28,Completed,5.73,25
PRG0001079,STU00058,MOD00036,CRS005,2026-05-08,2026-04-16,Not Started,3.51,67
PRG0001080,STU00058,MOD00038,CRS005,2026-04-29,2026-04-19,Completed,8.99,5
PRG0001081,STU00058,MOD00040,CRS005,2026-05-07,2026-05-21,In Progress,11.14,30
PRG0001082,STU00058,MOD00121,CRS016,2025-12-23,2026-02-16,Completed,2.42,29
PRG0001083,STU00058,MOD00122,CRS016,2025-12-28,2025-12-22,Completed,1.71,63
PRG0001084,STU00058,MOD00123,CRS016,2025-12-16,2025-12-06,Completed,13.95,17
PRG0001085,STU00058,MOD00124,CRS016,2025-12-04,2025-12-24,Completed,7.39,69
PRG0001086,STU00058,MOD00125,CRS016,2025-12-11,2025-12-01,Completed,2.48,26
PRG0001087,STU00058,MOD00126,CRS016,2025-11-28,2026-02-05,Completed,2.8,53
PRG0001088,STU00058,MOD00127,CRS016,2025-12-18,2026-02-15,Completed,2.35,78
PRG0001089,STU00058,MOD00128,CRS016,2025-12-02,2026-02-19,Completed,7.69,91
PRG0001090,STU00058,MOD00097,CRS013,2026-01-07,2026-03-12,Completed,1.5,13
PRG0001091,STU00058,MOD00099,CRS013,2026-01-02,2026-01-18,Completed,1.05,72
PRG0001092,STU00058,MOD00100,CRS013,2026-01-06,2026-01-30,Completed,1.64,13
PRG0001093,STU00058,MOD00101,CRS013,2025-12-14,2026-01-31,In Progress,2.69,42
PRG0001094,STU00058,MOD00102,CRS013,2026-01-05,2026-02-11,Completed,3.13,63
PRG0001095,STU00058,MOD00103,CRS013,2026-01-01,2025-12-22,Completed,2.35,1
PRG0001096,STU00058,MOD00104,CRS013,2026-01-07,2026-02-03,Completed,4.52,12
PRG0001097,STU00059,MOD00098,CRS013,2026-04-03,2026-05-31,In Progress,6.3,93
PRG0001098,STU00059,MOD00099,CRS013,2026-04-28,2026-06-28,Completed,2.97,13
PRG0001099,STU00059,MOD00101,CRS013,2026-04-27,2026-05-18,Completed,4.0,100
PRG0001100,STU00059,MOD00102,CRS013,2026-04-20,2026-06-27,In Progress,3.96,50
PRG0001101,STU00059,MOD00103,CRS013,2026-04-27,2026-05-31,In Progress,2.65,88
PRG0001102,STU00059,MOD00104,CRS013,2026-04-06,2026-05-19,In Progress,2.19,57
PRG0001103,STU00059,MOD00105,CRS014,2026-04-14,2026-04-27,Completed,7.16,61
PRG0001104,STU00059,MOD00106,CRS014,2026-04-08,2026-03-28,Completed,3.65,16
PRG0001105,STU00059,MOD00107,CRS014,2026-04-13,2026-05-22,Completed,8.93,39
PRG0001106,STU00059,MOD00108,CRS014,2026-03-28,2026-03-19,Completed,2.12,5
PRG0001107,STU00059,MOD00109,CRS014,2026-04-16,2026-05-19,In Progress,4.46,31
PRG0001108,STU00059,MOD00110,CRS014,2026-03-31,2026-06-14,Completed,2.92,64
PRG0001109,STU00059,MOD00111,CRS014,2026-04-16,2026-05-20,Completed,2.48,73
PRG0001110,STU00059,MOD00112,CRS014,2026-04-14,2026-03-20,Completed,3.83,28
PRG0001111,STU00060,MOD00017,CRS003,2026-03-03,2026-04-26,In Progress,3.26,98
PRG0001112,STU00060,MOD00018,CRS003,2026-02-11,2026-04-06,Completed,3.79,62
PRG0001113,STU00060,MOD00019,CRS003,2026-03-05,2026-03-03,In Progress,2.51,21
PRG0001114,STU00060,MOD00020,CRS003,2026-03-06,2026-03-04,In Progress,4.21,38
PRG0001115,STU00060,MOD00021,CRS003,2026-03-06,2026-02-13,Completed,8.45,77
PRG0001116,STU00060,MOD00022,CRS003,2026-02-13,2026-05-01,In Progress,5.01,88
PRG0001117,STU00060,MOD00023,CRS003,2026-02-10,2026-02-08,In Progress,6.21,96
PRG0001118,STU00060,MOD00024,CRS003,2026-02-04,2026-03-26,Completed,11.43,88
PRG0001119,STU00060,MOD00146,CRS019,2026-02-12,2026-04-08,Completed,2.88,13
PRG0001120,STU00060,MOD00147,CRS019,2026-02-19,2026-02-08,In Progress,7.49,80
PRG0001121,STU00060,MOD00148,CRS019,2026-02-25,2026-03-21,In Progress,9.74,82
PRG0001122,STU00060,MOD00151,CRS019,2026-02-14,2026-04-24,Completed,8.95,90
PRG0001123,STU00060,MOD00114,CRS015,2026-03-03,2026-04-29,In Progress,2.77,66
PRG0001124,STU00060,MOD00115,CRS015,2026-02-13,2026-05-04,In Progress,2.04,14
PRG0001125,STU00060,MOD00117,CRS015,2026-02-20,2026-03-27,Not Started,4.42,47
PRG0001126,STU00060,MOD00118,CRS015,2026-02-20,2026-04-12,Not Started,4.13,26
PRG0001127,STU00060,MOD00120,CRS015,2026-02-09,2026-04-16,Completed,1.44,93
PRG0001128,STU00061,MOD00097,CRS013,2025-05-29,2025-05-24,Completed,2.84,96
PRG0001129,STU00061,MOD00098,CRS013,2025-05-24,2025-08-07,Completed,6.7,13
PRG0001130,STU00061,MOD00101,CRS013,2025-05-31,2025-05-25,Completed,1.95,54
PRG0001131,STU00061,MOD00102,CRS013,2025-05-16,2025-06-08,In Progress,4.87,17
PRG0001132,STU00061,MOD00104,CRS013,2025-06-11,2025-07-22,In Progress,3.01,56
PRG0001133,STU00061,MOD00107,CRS014,2025-07-19,2025-08-06,Not Started,2.81,62
PRG0001134,STU00061,MOD00111,CRS014,2025-07-12,2025-08-12,In Progress,7.3,94
PRG0001135,STU00061,MOD00112,CRS014,2025-08-01,2025-09-07,Completed,5.09,86
PRG0001136,STU00062,MOD00081,CRS011,2026-03-29,2026-03-25,In Progress,2.65,21
PRG0001137,STU00062,MOD00082,CRS011,2026-03-12,2026-04-08,Completed,2.34,35
PRG0001138,STU00062,MOD00083,CRS011,2026-03-28,2026-05-01,Completed,1.92,41
PRG0001139,STU00062,MOD00084,CRS011,2026-03-19,2026-03-15,In Progress,2.52,14
PRG0001140,STU00062,MOD00085,CRS011,2026-03-23,2026-04-04,In Progress,5.18,47
PRG0001141,STU00062,MOD00086,CRS011,2026-03-20,2026-04-11,Completed,2.96,3
PRG0001142,STU00062,MOD00087,CRS011,2026-03-16,2026-04-27,Completed,1.53,32
PRG0001143,STU00062,MOD00088,CRS011,2026-03-31,2026-05-06,Completed,2.79,97
PRG0001144,STU00063,MOD00001,CRS001,2025-09-05,2025-11-29,In Progress,9.37,17
PRG0001145,STU00063,MOD00002,CRS001,2025-09-24,2025-11-17,Completed,2.0,81
PRG0001146,STU00063,MOD00003,CRS001,2025-09-19,2025-09-09,Completed,3.41,3
PRG0001147,STU00063,MOD00004,CRS001,2025-09-25,2025-09-10,Completed,7.04,6
PRG0001148,STU00063,MOD00005,CRS001,2025-09-20,2025-10-05,Not Started,2.57,92
PRG0001149,STU00063,MOD00006,CRS001,2025-09-14,2025-09-29,Completed,3.18,57
PRG0001150,STU00063,MOD00007,CRS001,2025-09-21,2025-09-24,Completed,6.92,54
PRG0001151,STU00063,MOD00008,CRS001,2025-09-15,2025-11-06,Completed,10.97,89
PRG0001152,STU00063,MOD00081,CRS011,2026-05-01,2026-06-08,In Progress,1.89,25
PRG0001153,STU00063,MOD00082,CRS011,2026-04-28,2026-04-16,In Progress,10.81,15
PRG0001154,STU00063,MOD00083,CRS011,2026-04-11,2026-06-09,Completed,2.54,82
PRG0001155,STU00063,MOD00084,CRS011,2026-04-08,2026-06-24,Completed,1.57,68
PRG0001156,STU00063,MOD00085,CRS011,2026-05-01,2026-07-05,In Progress,6.04,37
PRG0001157,STU00063,MOD00086,CRS011,2026-04-10,2026-06-03,Completed,3.35,78
PRG0001158,STU00063,MOD00087,CRS011,2026-04-22,2026-05-06,Completed,1.94,69
PRG0001159,STU00063,MOD00088,CRS011,2026-04-18,2026-07-04,In Progress,4.84,99
PRG0001160,STU00063,MOD00025,CRS004,2025-12-09,2026-02-18,Completed,11.61,0
PRG0001161,STU00063,MOD00026,CRS004,2025-12-10,2026-02-19,Completed,4.43,88
PRG0001162,STU00063,MOD00027,CRS004,2025-12-13,2026-01-15,Completed,2.59,47
PRG0001163,STU00063,MOD00028,CRS004,2025-12-12,2026-02-25,Completed,1.51,19
PRG0001164,STU00063,MOD00029,CRS004,2025-12-08,2025-12-25,Completed,4.1,9
PRG0001165,STU00063,MOD00030,CRS004,2025-11-30,2026-01-13,Completed,6.81,26
PRG0001166,STU00063,MOD00031,CRS004,2025-12-02,2026-01-04,In Progress,7.08,8
PRG0001167,STU00063,MOD00032,CRS004,2025-12-20,2026-02-22,In Progress,6.3,19
PRG0001168,STU00063,MOD00122,CRS016,2026-03-30,2026-05-24,Completed,2.89,70
PRG0001169,STU00063,MOD00123,CRS016,2026-03-21,2026-03-17,Not Started,12.05,65
PRG0001170,STU00063,MOD00125,CRS016,2026-03-19,2026-03-21,Completed,1.13,5
PRG0001171,STU00063,MOD00126,CRS016,2026-03-21,2026-03-13,In Progress,1.06,20
PRG0001172,STU00064,MOD00137,CRS018,2026-03-10,2026-04-19,Completed,2.77,98
PRG0001173,STU00064,MOD00138,CRS018,2026-03-13,2026-05-24,Completed,1.96,79
PRG0001174,STU00064,MOD00139,CRS018,2026-03-08,2026-05-20,Completed,10.01,32
PRG0001175,STU00064,MOD00140,CRS018,2026-03-29,2026-04-07,Completed,3.52,99
PRG0001176,STU00064,MOD00141,CRS018,2026-03-27,2026-05-19,Completed,4.3,0
PRG0001177,STU00064,MOD00142,CRS018,2026-03-06,2026-04-12,Completed,9.37,50
PRG0001178,STU00064,MOD00143,CRS018,2026-03-17,2026-05-26,Completed,6.67,8
PRG0001179,STU00064,MOD00144,CRS018,2026-03-06,2026-03-13,Completed,6.53,80
PRG0001180,STU00064,MOD00062,CRS008,2025-05-31,2025-05-14,Completed,4.35,97
PRG0001181,STU00064,MOD00064,CRS008,2025-06-03,2025-06-13,Completed,10.74,20
PRG0001182,STU00065,MOD00057,CRS008,2026-04-09,2026-05-13,In Progress,4.87,55
PRG0001183,STU00065,MOD00058,CRS008,2026-04-01,2026-04-08,Completed,7.11,8
PRG0001184,STU00065,MOD00059,CRS008,2026-03-17,2026-05-30,In Progress,8.11,61
PRG0001185,STU00065,MOD00060,CRS008,2026-04-04,2026-04-13,Not Started,10.32,43
PRG0001186,STU00065,MOD00061,CRS008,2026-04-03,2026-05-01,In Progress,1.59,97
PRG0001187,STU00065,MOD00062,CRS008,2026-03-13,2026-05-21,In Progress,5.8,33
PRG0001188,STU00065,MOD00063,CRS008,2026-03-29,2026-04-22,Completed,3.8,4
PRG0001189,STU00065,MOD00064,CRS008,2026-04-03,2026-05-23,Completed,7.73,44
PRG0001190,STU00065,MOD00089,CRS012,2025-11-23,2026-02-09,In Progress,1.21,45
PRG0001191,STU00065,MOD00090,CRS012,2025-11-20,2025-12-31,In Progress,3.12,71
PRG0001192,STU00065,MOD00091,CRS012,2025-12-08,2026-01-28,Completed,5.14,7
PRG0001193,STU00065,MOD00092,CRS012,2025-12-17,2026-01-06,Completed,8.97,66
PRG0001194,STU00065,MOD00093,CRS012,2025-11-27,2026-01-31,In Progress,6.41,51
PRG0001195,STU00065,MOD00094,CRS012,2025-12-16,2026-01-10,Completed,1.35,29
PRG0001196,STU00065,MOD00096,CRS012,2025-11-28,2026-02-11,Not Started,6.5,82
PRG0001197,STU00065,MOD00105,CRS014,2025-05-26,2025-06-30,In Progress,1.34,61
PRG0001198,STU00065,MOD00106,CRS014,2025-06-03,2025-06-22,Not Started,1.89,25
PRG0001199,STU00065,MOD00107,CRS014,2025-05-19,2025-06-18,In Progress,6.7,27
PRG0001200,STU00065,MOD00108,CRS014,2025-05-27,2025-05-27,Completed,2.58,71
PRG0001201,STU00065,MOD00109,CRS014,2025-05-22,2025-08-10,Completed,10.28,37
PRG0001202,STU00065,MOD00110,CRS014,2025-05-15,2025-08-11,Not Started,1.98,35
PRG0001203,STU00065,MOD00041,CRS006,2025-07-13,2025-10-03,In Progress,4.24,69
PRG0001204,STU00065,MOD00042,CRS006,2025-07-11,2025-09-28,Not Started,1.42,87
PRG0001205,STU00065,MOD00043,CRS006,2025-07-29,2025-08-18,Completed,3.9,31
PRG0001206,STU00065,MOD00044,CRS006,2025-07-30,2025-09-28,Completed,4.27,24
PRG0001207,STU00065,MOD00045,CRS006,2025-08-07,2025-08-10,In Progress,2.15,8
PRG0001208,STU00065,MOD00046,CRS006,2025-07-29,2025-09-07,Completed,6.55,61
PRG0001209,STU00065,MOD00047,CRS006,2025-08-02,2025-08-29,Not Started,8.41,36
PRG0001210,STU00065,MOD00048,CRS006,2025-07-25,2025-10-05,Completed,3.96,43
PRG0001211,STU00065,MOD00122,CRS016,2025-11-24,2026-01-30,Completed,4.1,62
PRG0001212,STU00065,MOD00125,CRS016,2025-12-03,2025-11-18,Completed,1.35,80
PRG0001213,STU00065,MOD00126,CRS016,2025-11-15,2025-12-05,In Progress,5.53,93
PRG0001214,STU00066,MOD00004,CRS001,2026-01-29,2026-03-26,In Progress,3.47,13
PRG0001215,STU00066,MOD00008,CRS001,2026-02-06,2026-01-29,Completed,7.84,16
PRG0001216,STU00066,MOD00099,CRS013,2026-04-10,2026-04-23,Completed,2.13,84
PRG0001217,STU00066,MOD00100,CRS013,2026-04-13,2026-03-28,In Progress,5.77,63
PRG0001218,STU00066,MOD00101,CRS013,2026-04-01,2026-04-29,Completed,2.07,86
PRG0001219,STU00066,MOD00102,CRS013,2026-04-08,2026-05-23,Completed,2.46,84
PRG0001220,STU00066,MOD00103,CRS013,2026-03-20,2026-04-08,In Progress,3.5,26
PRG0001221,STU00067,MOD00153,CRS020,2026-03-19,2026-05-13,Completed,2.1,88
PRG0001222,STU00067,MOD00154,CRS020,2026-04-11,2026-05-26,Completed,2.27,2
PRG0001223,STU00067,MOD00155,CRS020,2026-03-30,2026-03-22,Completed,3.58,94
PRG0001224,STU00067,MOD00156,CRS020,2026-03-27,2026-06-10,Completed,3.85,14
PRG0001225,STU00067,MOD00157,CRS020,2026-04-04,2026-06-12,In Progress,4.68,31
PRG0001226,STU00067,MOD00158,CRS020,2026-04-07,2026-05-10,In Progress,4.92,68
PRG0001227,STU00067,MOD00159,CRS020,2026-04-01,2026-06-15,Completed,2.44,87
PRG0001228,STU00067,MOD00160,CRS020,2026-03-19,2026-05-22,In Progress,1.47,85
PRG0001229,STU00068,MOD00043,CRS006,2026-02-12,2026-02-23,In Progress,2.32,26
PRG0001230,STU00068,MOD00046,CRS006,2026-02-14,2026-03-17,Completed,7.74,73
PRG0001231,STU00068,MOD00047,CRS006,2026-02-25,2026-04-29,Completed,14.19,4
PRG0001232,STU00068,MOD00049,CRS007,2026-02-20,2026-02-11,Completed,2.51,55
PRG0001233,STU00068,MOD00050,CRS007,2026-02-28,2026-02-03,Completed,4.2,79
PRG0001234,STU00068,MOD00051,CRS007,2026-02-12,2026-03-17,Completed,2.18,54
PRG0001235,STU00068,MOD00052,CRS007,2026-02-14,2026-04-05,Completed,5.41,43
PRG0001236,STU00068,MOD00053,CRS007,2026-02-22,2026-02-10,Completed,1.86,85
PRG0001237,STU00068,MOD00054,CRS007,2026-02-08,2026-03-06,Completed,2.95,79
PRG0001238,STU00068,MOD00055,CRS007,2026-02-28,2026-03-01,Completed,2.61,65
PRG0001239,STU00068,MOD00056,CRS007,2026-02-06,2026-04-13,In Progress,3.71,9
PRG0001240,STU00068,MOD00010,CRS002,2026-02-19,2026-02-21,Completed,5.8,43
PRG0001241,STU00068,MOD00013,CRS002,2026-02-16,2026-03-13,In Progress,3.95,79
PRG0001242,STU00068,MOD00014,CRS002,2026-03-03,2026-03-04,Completed,8.05,84
PRG0001243,STU00068,MOD00016,CRS002,2026-02-09,2026-03-08,Completed,5.59,76
PRG0001244,STU00068,MOD00022,CRS003,2026-02-26,2026-04-28,Not Started,5.16,61
PRG0001245,STU00068,MOD00131,CRS017,2026-02-01,2026-04-22,Completed,2.02,37
PRG0001246,STU00068,MOD00132,CRS017,2026-02-27,2026-02-09,Completed,3.42,87
PRG0001247,STU00068,MOD00133,CRS017,2026-02-03,2026-04-21,Completed,12.66,62
PRG0001248,STU00068,MOD00134,CRS017,2026-03-01,2026-02-19,Completed,3.58,24
PRG0001249,STU00068,MOD00136,CRS017,2026-02-18,2026-02-17,In Progress,5.01,17
PRG0001250,STU00069,MOD00137,CRS018,2026-04-03,2026-05-22,In Progress,1.97,6
PRG0001251,STU00069,MOD00138,CRS018,2026-03-25,2026-06-04,In Progress,5.79,67
PRG0001252,STU00069,MOD00139,CRS018,2026-03-21,2026-03-21,In Progress,7.79,16
PRG0001253,STU00069,MOD00140,CRS018,2026-03-21,2026-05-18,In Progress,4.63,89
PRG0001254,STU00069,MOD00141,CRS018,2026-04-03,2026-04-02,Completed,1.81,76
PRG0001255,STU00069,MOD00142,CRS018,2026-03-31,2026-04-03,Not Started,4.3,3
PRG0001256,STU00069,MOD00143,CRS018,2026-03-28,2026-05-22,Completed,3.12,27
PRG0001257,STU00069,MOD00144,CRS018,2026-03-25,2026-06-04,Completed,4.36,40
PRG0001258,STU00070,MOD00129,CRS017,2026-04-26,2026-04-10,Completed,3.62,96
PRG0001259,STU00070,MOD00130,CRS017,2026-04-16,2026-07-01,Not Started,2.21,90
PRG0001260,STU00070,MOD00131,CRS017,2026-04-14,2026-04-23,Not Started,4.46,42
PRG0001261,STU00070,MOD00132,CRS017,2026-04-29,2026-06-19,Completed,2.23,0
PRG0001262,STU00070,MOD00133,CRS017,2026-05-01,2026-05-23,Not Started,1.05,33
PRG0001263,STU00070,MOD00134,CRS017,2026-04-10,2026-05-30,Completed,1.52,6
PRG0001264,STU00070,MOD00135,CRS017,2026-04-24,2026-07-01,In Progress,6.84,80
PRG0001265,STU00070,MOD00136,CRS017,2026-04-18,2026-05-08,Completed,5.51,72
PRG0001266,STU00070,MOD00017,CRS003,2026-02-06,2026-03-05,In Progress,2.55,98
PRG0001267,STU00070,MOD00020,CRS003,2026-01-27,2026-03-25,In Progress,1.73,28
PRG0001268,STU00070,MOD00021,CRS003,2026-02-18,2026-03-05,Completed,5.15,66
PRG0001269,STU00070,MOD00022,CRS003,2026-02-01,2026-04-11,In Progress,8.3,21
PRG0001270,STU00070,MOD00023,CRS003,2026-01-30,2026-03-18,Completed,9.04,51
PRG0001271,STU00070,MOD00024,CRS003,2026-02-19,2026-02-18,In Progress,9.18,72
PRG0001272,STU00070,MOD00081,CRS011,2026-03-25,2026-04-02,Not Started,1.11,95
PRG0001273,STU00070,MOD00082,CRS011,2026-03-16,2026-04-02,In Progress,11.01,76
PRG0001274,STU00070,MOD00083,CRS011,2026-02-27,2026-03-17,In Progress,2.24,46
PRG0001275,STU00070,MOD00084,CRS011,2026-03-14,2026-04-22,Completed,1.45,12
PRG0001276,STU00070,MOD00085,CRS011,2026-02-28,2026-02-28,In Progress,6.87,94
PRG0001277,STU00070,MOD00086,CRS011,2026-03-22,2026-03-05,Completed,2.35,66
PRG0001278,STU00070,MOD00087,CRS011,2026-03-04,2026-05-27,In Progress,2.02,13
PRG0001279,STU00070,MOD00088,CRS011,2026-03-13,2026-04-13,Completed,2.08,80
PRG0001280,STU00071,MOD00153,CRS020,2025-06-09,2025-06-19,Completed,12.41,96
PRG0001281,STU00071,MOD00154,CRS020,2025-05-28,2025-08-01,Completed,13.98,75
PRG0001282,STU00071,MOD00155,CRS020,2025-05-23,2025-07-01,In Progress,3.77,24
PRG0001283,STU00071,MOD00156,CRS020,2025-05-22,2025-07-22,In Progress,7.99,11
PRG0001284,STU00071,MOD00157,CRS020,2025-05-24,2025-07-18,In Progress,2.53,63
PRG0001285,STU00071,MOD00158,CRS020,2025-05-26,2025-06-27,Not Started,2.48,48
PRG0001286,STU00071,MOD00160,CRS020,2025-06-07,2025-06-22,In Progress,3.83,45
PRG0001287,STU00071,MOD00121,CRS016,2025-10-23,2025-12-20,Completed,5.89,91
PRG0001288,STU00071,MOD00122,CRS016,2025-11-06,2025-11-22,Not Started,1.56,86
PRG0001289,STU00071,MOD00123,CRS016,2025-10-19,2025-10-30,In Progress,9.59,42
PRG0001290,STU00071,MOD00126,CRS016,2025-10-16,2025-12-24,Completed,7.82,94
PRG0001291,STU00071,MOD00128,CRS016,2025-11-01,2025-12-13,Completed,1.07,4
PRG0001292,STU00072,MOD00089,CRS012,2025-10-18,2025-11-06,In Progress,3.14,43
PRG0001293,STU00072,MOD00094,CRS012,2025-10-15,2025-12-10,Completed,2.44,72
PRG0001294,STU00072,MOD00095,CRS012,2025-10-28,2025-12-09,Not Started,1.91,56
PRG0001295,STU00072,MOD00041,CRS006,2025-11-09,2026-01-04,Completed,5.08,49
PRG0001296,STU00072,MOD00042,CRS006,2025-12-03,2025-11-08,In Progress,7.36,18
PRG0001297,STU00072,MOD00043,CRS006,2025-11-14,2026-01-24,In Progress,4.07,64
PRG0001298,STU00072,MOD00044,CRS006,2025-11-30,2025-12-03,Completed,1.9,11
PRG0001299,STU00072,MOD00045,CRS006,2025-11-22,2026-02-01,In Progress,2.37,28
PRG0001300,STU00072,MOD00046,CRS006,2025-11-15,2025-11-24,In Progress,3.7,20
PRG0001301,STU00072,MOD00047,CRS006,2025-11-06,2026-01-12,Completed,7.0,36
PRG0001302,STU00072,MOD00048,CRS006,2025-11-24,2025-12-13,Completed,3.09,100
PRG0001303,STU00072,MOD00114,CRS015,2025-10-15,2025-12-19,Completed,3.57,43
PRG0001304,STU00072,MOD00120,CRS015,2025-10-05,2025-10-16,Not Started,3.65,35
PRG0001305,STU00073,MOD00113,CRS015,2026-01-10,2026-03-10,Completed,3.83,41
PRG0001306,STU00073,MOD00114,CRS015,2026-01-17,2025-12-24,Completed,4.39,47
PRG0001307,STU00073,MOD00115,CRS015,2025-12-22,2026-01-15,Completed,1.21,56
PRG0001308,STU00073,MOD00116,CRS015,2025-12-20,2026-02-17,Not Started,2.46,73
PRG0001309,STU00073,MOD00117,CRS015,2026-01-10,2026-02-24,In Progress,2.52,12
PRG0001310,STU00073,MOD00118,CRS015,2026-01-15,2026-02-02,In Progress,2.61,67
PRG0001311,STU00073,MOD00119,CRS015,2026-01-10,2026-02-19,In Progress,1.07,26
PRG0001312,STU00073,MOD00120,CRS015,2025-12-24,2026-01-09,In Progress,2.33,73
PRG0001313,STU00074,MOD00057,CRS008,2026-03-21,2026-05-26,In Progress,10.34,46
PRG0001314,STU00074,MOD00059,CRS008,2026-04-02,2026-05-26,Completed,8.17,31
PRG0001315,STU00074,MOD00060,CRS008,2026-03-28,2026-04-08,Completed,3.55,22
PRG0001316,STU00074,MOD00062,CRS008,2026-03-22,2026-05-28,Completed,2.06,46
PRG0001317,STU00074,MOD00064,CRS008,2026-04-13,2026-03-19,Completed,7.63,81
PRG0001318,STU00074,MOD00049,CRS007,2026-01-14,2026-02-25,Completed,3.91,98
PRG0001319,STU00074,MOD00050,CRS007,2026-01-17,2026-02-09,Completed,11.18,66
PRG0001320,STU00074,MOD00051,CRS007,2026-02-03,2026-03-27,Completed,4.15,82
PRG0001321,STU00074,MOD00052,CRS007,2026-02-08,2026-02-03,Completed,2.31,78
PRG0001322,STU00074,MOD00053,CRS007,2026-01-09,2026-01-18,Completed,3.53,81
PRG0001323,STU00074,MOD00054,CRS007,2026-01-11,2026-01-27,In Progress,2.7,52
PRG0001324,STU00074,MOD00055,CRS007,2026-01-26,2026-02-15,In Progress,2.12,20
PRG0001325,STU00074,MOD00056,CRS007,2026-01-31,2026-04-02,In Progress,5.8,39
PRG0001326,STU00074,MOD00129,CRS017,2026-01-07,2026-01-12,In Progress,6.63,33
PRG0001327,STU00074,MOD00130,CRS017,2026-01-21,2026-03-19,Completed,2.48,53
PRG0001328,STU00074,MOD00131,CRS017,2026-01-17,2026-03-21,Completed,3.9,51
PRG0001329,STU00074,MOD00132,CRS017,2026-01-09,2026-01-29,Completed,5.25,77
PRG0001330,STU00074,MOD00133,CRS017,2026-01-01,2026-02-18,Completed,11.4,5
PRG0001331,STU00074,MOD00134,CRS017,2026-01-24,2026-03-22,Not Started,2.98,35
PRG0001332,STU00074,MOD00135,CRS017,2026-01-12,2026-01-15,Completed,2.08,39
PRG0001333,STU00074,MOD00136,CRS017,2026-01-11,2026-01-04,In Progress,10.5,18
PRG0001334,STU00074,MOD00149,CRS019,2025-12-29,2026-01-19,In Progress,1.34,8
PRG0001335,STU00074,MOD00150,CRS019,2026-01-08,2025-12-30,In Progress,4.77,68
PRG0001336,STU00075,MOD00025,CRS004,2026-01-04,2026-02-23,Completed,10.16,35
PRG0001337,STU00075,MOD00026,CRS004,2026-01-09,2026-01-14,Completed,1.51,32
PRG0001338,STU00075,MOD00027,CRS004,2026-01-04,2026-02-15,Not Started,1.98,67
PRG0001339,STU00075,MOD00029,CRS004,2026-01-24,2026-02-26,Completed,3.72,37
PRG0001340,STU00075,MOD00030,CRS004,2026-02-01,2026-03-03,In Progress,9.35,8
PRG0001341,STU00075,MOD00031,CRS004,2026-01-24,2026-02-16,In Progress,10.36,66
PRG0001342,STU00076,MOD00025,CRS004,2026-04-30,2026-04-03,Completed,10.8,75
PRG0001343,STU00076,MOD00026,CRS004,2026-04-21,2026-04-27,Not Started,5.6,84
PRG0001344,STU00076,MOD00027,CRS004,2026-04-24,2026-06-03,In Progress,2.75,76
PRG0001345,STU00076,MOD00028,CRS004,2026-04-20,2026-06-21,Completed,1.4,99
PRG0001346,STU00076,MOD00029,CRS004,2026-04-14,2026-05-06,Completed,3.95,11
PRG0001347,STU00076,MOD00030,CRS004,2026-04-24,2026-05-03,Completed,10.26,41
PRG0001348,STU00076,MOD00031,CRS004,2026-04-11,2026-06-08,Not Started,3.25,67
PRG0001349,STU00076,MOD00032,CRS004,2026-04-17,2026-04-12,In Progress,3.31,50
PRG0001350,STU00076,MOD00129,CRS017,2025-11-12,2025-12-19,Completed,4.36,12
PRG0001351,STU00076,MOD00130,CRS017,2025-11-19,2026-01-26,In Progress,8.28,42
PRG0001352,STU00076,MOD00131,CRS017,2025-11-08,2025-12-20,Completed,2.52,80
PRG0001353,STU00076,MOD00132,CRS017,2025-11-20,2025-11-24,Completed,7.43,69
PRG0001354,STU00076,MOD00133,CRS017,2025-11-19,2025-12-03,Completed,7.96,92
PRG0001355,STU00076,MOD00134,CRS017,2025-11-23,2025-11-14,Completed,3.62,22
PRG0001356,STU00076,MOD00135,CRS017,2025-11-28,2025-11-25,Completed,8.16,15
PRG0001357,STU00077,MOD00092,CRS012,2026-02-26,2026-04-28,Completed,1.34,61
PRG0001358,STU00077,MOD00137,CRS018,2026-02-28,2026-04-09,In Progress,1.04,92
PRG0001359,STU00077,MOD00138,CRS018,2026-02-28,2026-04-28,Completed,4.14,61
PRG0001360,STU00077,MOD00139,CRS018,2026-02-23,2026-04-13,Completed,1.69,42
PRG0001361,STU00077,MOD00140,CRS018,2026-03-12,2026-04-16,Completed,2.16,77
PRG0001362,STU00077,MOD00141,CRS018,2026-02-15,2026-04-15,Completed,1.03,49
PRG0001363,STU00077,MOD00142,CRS018,2026-02-21,2026-03-09,In Progress,4.26,71
PRG0001364,STU00077,MOD00143,CRS018,2026-02-25,2026-02-26,Completed,6.38,24
PRG0001365,STU00077,MOD00144,CRS018,2026-03-12,2026-02-19,In Progress,7.7,31
PRG0001366,STU00077,MOD00065,CRS009,2026-03-11,2026-04-17,Completed,1.62,81
PRG0001367,STU00077,MOD00066,CRS009,2026-02-15,2026-03-10,In Progress,5.25,1
PRG0001368,STU00077,MOD00068,CRS009,2026-02-13,2026-03-07,Completed,3.07,73
PRG0001369,STU00077,MOD00069,CRS009,2026-03-11,2026-03-22,Completed,2.63,52
PRG0001370,STU00077,MOD00070,CRS009,2026-02-28,2026-02-12,In Progress,3.17,95
PRG0001371,STU00077,MOD00071,CRS009,2026-02-23,2026-04-04,Not Started,3.94,8
PRG0001372,STU00077,MOD00072,CRS009,2026-02-28,2026-02-20,Completed,1.16,26
PRG0001373,STU00077,MOD00034,CRS005,2026-02-22,2026-02-21,Completed,8.3,11
PRG0001374,STU00078,MOD00074,CRS010,2025-09-20,2025-10-13,Completed,5.05,88
PRG0001375,STU00078,MOD00077,CRS010,2025-09-06,2025-08-31,In Progress,1.43,0
PRG0001376,STU00078,MOD00078,CRS010,2025-09-11,2025-11-19,Not Started,1.58,20
PRG0001377,STU00078,MOD00080,CRS010,2025-08-28,2025-11-04,Completed,1.06,29
PRG0001378,STU00078,MOD00089,CRS012,2025-09-10,2025-11-08,Completed,1.28,84
PRG0001379,STU00078,MOD00090,CRS012,2025-08-30,2025-10-29,Completed,4.48,84
PRG0001380,STU00078,MOD00091,CRS012,2025-09-12,2025-10-14,Completed,5.05,20
PRG0001381,STU00078,MOD00092,CRS012,2025-08-22,2025-10-05,Completed,7.54,3
PRG0001382,STU00078,MOD00093,CRS012,2025-09-06,2025-10-01,Completed,6.33,48
PRG0001383,STU00078,MOD00095,CRS012,2025-09-18,2025-11-18,In Progress,1.77,95
PRG0001384,STU00078,MOD00096,CRS012,2025-08-22,2025-11-18,In Progress,6.23,43
PRG0001385,STU00078,MOD00059,CRS008,2026-02-14,2026-02-27,In Progress,4.65,46
PRG0001386,STU00078,MOD00060,CRS008,2026-02-09,2026-03-18,In Progress,1.54,61
PRG0001387,STU00078,MOD00062,CRS008,2026-02-25,2026-04-10,Completed,5.64,10
PRG0001388,STU00078,MOD00064,CRS008,2026-03-04,2026-04-11,In Progress,5.24,87
PRG0001389,STU00078,MOD00122,CRS016,2025-08-28,2025-10-27,Completed,2.02,80
PRG0001390,STU00078,MOD00123,CRS016,2025-09-02,2025-11-11,Completed,9.31,90
PRG0001391,STU00078,MOD00125,CRS016,2025-09-21,2025-10-15,In Progress,1.12,29
PRG0001392,STU00078,MOD00127,CRS016,2025-09-21,2025-09-19,Not Started,7.49,89
PRG0001393,STU00080,MOD00079,CRS010,2025-05-28,2025-05-13,Completed,3.4,8
PRG0001394,STU00080,MOD00041,CRS006,2025-10-04,2025-12-01,Completed,5.03,73
PRG0001395,STU00080,MOD00042,CRS006,2025-10-02,2025-11-16,Completed,3.24,67
PRG0001396,STU00080,MOD00043,CRS006,2025-09-29,2025-09-29,In Progress,1.35,44
PRG0001397,STU00080,MOD00044,CRS006,2025-10-17,2025-10-26,Completed,4.26,26
PRG0001398,STU00080,MOD00045,CRS006,2025-10-12,2025-09-25,In Progress,1.95,93
PRG0001399,STU00080,MOD00046,CRS006,2025-10-07,2025-11-16,Completed,7.35,65
PRG0001400,STU00080,MOD00047,CRS006,2025-10-01,2025-10-19,In Progress,5.5,62
PRG0001401,STU00080,MOD00048,CRS006,2025-10-10,2025-10-31,Not Started,4.37,29
PRG0001402,STU00080,MOD00089,CRS012,2025-11-27,2025-11-23,Completed,4.97,53
PRG0001403,STU00080,MOD00090,CRS012,2025-12-08,2025-12-22,Completed,2.92,22
PRG0001404,STU00080,MOD00091,CRS012,2025-11-30,2025-11-25,Not Started,4.83,90
PRG0001405,STU00080,MOD00092,CRS012,2025-12-08,2026-02-13,Not Started,10.32,81
PRG0001406,STU00080,MOD00093,CRS012,2025-12-03,2026-02-15,In Progress,1.82,17
PRG0001407,STU00080,MOD00094,CRS012,2025-12-12,2025-11-26,Completed,2.37,20
PRG0001408,STU00080,MOD00095,CRS012,2025-12-15,2026-02-09,Completed,4.06,8
PRG0001409,STU00080,MOD00096,CRS012,2025-12-02,2025-12-08,Completed,3.51,85
PRG0001410,STU00080,MOD00123,CRS016,2025-04-22,2025-07-18,Completed,7.07,32
PRG0001411,STU00080,MOD00124,CRS016,2025-05-12,2025-05-17,Not Started,3.6,19
PRG0001412,STU00080,MOD00125,CRS016,2025-05-17,2025-06-13,Completed,1.92,87
PRG0001413,STU00080,MOD00128,CRS016,2025-05-12,2025-06-04,Completed,3.38,31
PRG0001414,STU00081,MOD00044,CRS006,2026-01-11,2026-02-16,In Progress,2.06,23
PRG0001415,STU00081,MOD00046,CRS006,2026-01-06,2026-02-18,In Progress,1.88,53
PRG0001416,STU00081,MOD00048,CRS006,2026-01-15,2026-02-16,Completed,2.38,72
PRG0001417,STU00081,MOD00114,CRS015,2026-01-19,2026-01-26,In Progress,2.79,52
PRG0001418,STU00081,MOD00115,CRS015,2026-01-24,2026-01-22,Completed,1.03,3
PRG0001419,STU00081,MOD00116,CRS015,2026-01-14,2026-01-27,In Progress,4.19,92
PRG0001420,STU00081,MOD00117,CRS015,2026-01-17,2026-02-10,Completed,1.1,59
PRG0001421,STU00081,MOD00118,CRS015,2026-01-01,2026-02-10,Completed,6.12,87
PRG0001422,STU00081,MOD00120,CRS015,2026-01-19,2026-01-30,Not Started,1.06,61
PRG0001423,STU00082,MOD00113,CRS015,2026-01-27,2026-03-04,In Progress,7.15,22
PRG0001424,STU00082,MOD00114,CRS015,2026-02-05,2026-03-04,Completed,2.31,83
PRG0001425,STU00082,MOD00115,CRS015,2026-01-26,2026-03-28,In Progress,1.7,74
PRG0001426,STU00082,MOD00116,CRS015,2026-02-08,2026-02-08,In Progress,6.33,96
PRG0001427,STU00082,MOD00117,CRS015,2026-01-13,2026-02-15,Completed,4.2,52
PRG0001428,STU00082,MOD00118,CRS015,2026-01-26,2026-02-17,Completed,3.85,85
PRG0001429,STU00082,MOD00119,CRS015,2026-01-25,2026-03-11,Not Started,2.48,23
PRG0001430,STU00082,MOD00120,CRS015,2026-01-18,2026-02-19,In Progress,4.42,69
PRG0001431,STU00082,MOD00153,CRS020,2026-01-22,2026-04-08,In Progress,12.73,22
PRG0001432,STU00082,MOD00154,CRS020,2026-01-26,2026-04-04,Completed,12.49,74
PRG0001433,STU00082,MOD00156,CRS020,2026-01-29,2026-04-02,Completed,5.36,12
PRG0001434,STU00082,MOD00157,CRS020,2026-01-23,2026-04-11,Completed,1.71,61
PRG0001435,STU00082,MOD00158,CRS020,2026-01-24,2026-01-13,In Progress,1.62,53
PRG0001436,STU00082,MOD00159,CRS020,2026-01-21,2026-01-26,Completed,7.28,3
PRG0001437,STU00082,MOD00160,CRS020,2026-01-31,2026-03-03,In Progress,2.5,43
PRG0001438,STU00082,MOD00106,CRS014,2026-02-10,2026-02-10,Completed,3.55,55
PRG0001439,STU00082,MOD00107,CRS014,2026-03-06,2026-03-01,In Progress,7.27,16
PRG0001440,STU00082,MOD00108,CRS014,2026-02-21,2026-04-05,Completed,2.05,65
PRG0001441,STU00082,MOD00109,CRS014,2026-02-16,2026-04-30,Completed,12.49,69
PRG0001442,STU00082,MOD00110,CRS014,2026-03-04,2026-03-26,In Progress,1.77,71
PRG0001443,STU00082,MOD00111,CRS014,2026-02-13,2026-04-08,Completed,9.32,93
PRG0001444,STU00082,MOD00112,CRS014,2026-02-13,2026-03-01,Completed,4.73,4
PRG0001445,STU00082,MOD00143,CRS018,2025-09-24,2025-11-13,Completed,1.07,53
PRG0001446,STU00083,MOD00067,CRS009,2025-12-20,2026-03-10,Completed,4.99,32
PRG0001447,STU00083,MOD00068,CRS009,2026-01-01,2026-02-10,Completed,1.78,11
PRG0001448,STU00083,MOD00154,CRS020,2026-02-11,2026-04-28,Completed,13.64,87
PRG0001449,STU00083,MOD00155,CRS020,2026-02-13,2026-04-09,Completed,6.68,75
PRG0001450,STU00083,MOD00156,CRS020,2026-03-10,2026-03-23,In Progress,7.81,69
PRG0001451,STU00083,MOD00158,CRS020,2026-02-23,2026-03-19,Completed,3.3,61
PRG0001452,STU00083,MOD00159,CRS020,2026-02-13,2026-04-07,Completed,3.85,100
PRG0001453,STU00084,MOD00065,CRS009,2025-12-08,2025-11-14,In Progress,1.39,1
PRG0001454,STU00084,MOD00066,CRS009,2025-11-15,2026-01-05,Completed,10.19,9
PRG0001455,STU00084,MOD00067,CRS009,2025-11-23,2026-01-05,Completed,5.92,8
PRG0001456,STU00084,MOD00068,CRS009,2025-12-11,2025-12-12,Completed,3.31,7
PRG0001457,STU00084,MOD00069,CRS009,2025-11-29,2026-01-08,Completed,7.29,83
PRG0001458,STU00084,MOD00070,CRS009,2025-11-19,2025-12-12,Completed,5.51,2
PRG0001459,STU00084,MOD00071,CRS009,2025-11-23,2025-12-31,Completed,12.82,73
PRG0001460,STU00084,MOD00072,CRS009,2025-11-24,2025-12-25,Completed,8.2,83
PRG0001461,STU00084,MOD00033,CRS005,2025-11-16,2026-01-17,Completed,3.29,45
PRG0001462,STU00084,MOD00034,CRS005,2025-12-06,2025-11-26,Completed,6.28,14
PRG0001463,STU00084,MOD00035,CRS005,2025-12-09,2025-11-29,Completed,5.33,100
PRG0001464,STU00084,MOD00036,CRS005,2025-11-13,2025-12-03,Completed,1.13,19
PRG0001465,STU00084,MOD00037,CRS005,2025-11-28,2026-01-29,In Progress,4.3,67
PRG0001466,STU00084,MOD00038,CRS005,2025-11-20,2025-11-17,In Progress,4.35,47
PRG0001467,STU00084,MOD00039,CRS005,2025-12-12,2025-11-26,Completed,7.09,52
PRG0001468,STU00084,MOD00040,CRS005,2025-11-20,2026-01-25,Completed,3.53,31
PRG0001469,STU00084,MOD00001,CRS001,2025-11-30,2025-12-25,In Progress,2.38,23
PRG0001470,STU00084,MOD00002,CRS001,2025-12-02,2025-12-26,Completed,6.63,37
PRG0001471,STU00084,MOD00003,CRS001,2025-12-03,2025-11-13,Completed,1.3,59
PRG0001472,STU00084,MOD00004,CRS001,2025-11-18,2025-12-09,Completed,5.86,12
PRG0001473,STU00084,MOD00005,CRS001,2025-12-02,2025-11-21,Completed,3.69,37
PRG0001474,STU00084,MOD00006,CRS001,2025-11-29,2025-12-16,In Progress,1.9,40
PRG0001475,STU00084,MOD00007,CRS001,2025-11-28,2025-12-29,Completed,7.1,26
PRG0001476,STU00084,MOD00008,CRS001,2025-11-14,2026-01-24,Completed,6.02,56
PRG0001477,STU00085,MOD00001,CRS001,2025-05-19,2025-04-26,Completed,7.57,47
PRG0001478,STU00085,MOD00003,CRS001,2025-05-04,2025-04-25,Completed,1.29,90
PRG0001479,STU00085,MOD00004,CRS001,2025-05-10,2025-05-27,In Progress,2.36,67
PRG0001480,STU00085,MOD00005,CRS001,2025-04-26,2025-07-01,Completed,8.13,44
PRG0001481,STU00085,MOD00006,CRS001,2025-05-14,2025-06-05,Completed,3.41,62
PRG0001482,STU00085,MOD00007,CRS001,2025-04-30,2025-07-15,Completed,1.6,97
PRG0001483,STU00085,MOD00008,CRS001,2025-05-16,2025-07-01,Completed,1.4,3
PRG0001484,STU00085,MOD00145,CRS019,2025-06-12,2025-09-06,Completed,1.87,7
PRG0001485,STU00085,MOD00146,CRS019,2025-07-11,2025-06-22,In Progress,6.68,57
PRG0001486,STU00085,MOD00147,CRS019,2025-06-17,2025-08-23,In Progress,6.15,58
PRG0001487,STU00085,MOD00148,CRS019,2025-06-27,2025-08-31,In Progress,3.61,90
PRG0001488,STU00085,MOD00149,CRS019,2025-06-26,2025-08-07,Completed,4.39,75
PRG0001489,STU00085,MOD00150,CRS019,2025-06-15,2025-08-04,In Progress,5.86,48
PRG0001490,STU00085,MOD00151,CRS019,2025-06-15,2025-07-28,Not Started,7.33,13
PRG0001491,STU00085,MOD00152,CRS019,2025-07-12,2025-08-18,Completed,3.81,18
PRG0001492,STU00085,MOD00124,CRS016,2026-02-21,2026-04-23,Completed,3.41,75
PRG0001493,STU00085,MOD00126,CRS016,2026-03-04,2026-04-25,Completed,2.35,76
PRG0001494,STU00085,MOD00127,CRS016,2026-03-05,2026-04-07,Completed,8.28,66
PRG0001495,STU00085,MOD00129,CRS017,2025-09-26,2025-11-14,Completed,2.78,49
PRG0001496,STU00085,MOD00130,CRS017,2025-10-07,2025-09-30,Completed,5.67,50
PRG0001497,STU00085,MOD00131,CRS017,2025-09-15,2025-09-22,Completed,2.68,25
PRG0001498,STU00085,MOD00132,CRS017,2025-09-19,2025-10-24,In Progress,2.51,72
PRG0001499,STU00085,MOD00133,CRS017,2025-09-17,2025-11-10,In Progress,9.0,34
PRG0001500,STU00085,MOD00134,CRS017,2025-10-01,2025-10-04,Completed,2.46,58
PRG0001501,STU00085,MOD00135,CRS017,2025-09-21,2025-09-23,In Progress,9.92,63
PRG0001502,STU00085,MOD00136,CRS017,2025-09-10,2025-10-08,Completed,3.07,27
PRG0001503,STU00086,MOD00041,CRS006,2025-06-01,2025-06-02,In Progress,3.34,14
PRG0001504,STU00086,MOD00043,CRS006,2025-05-31,2025-06-10,Not Started,4.11,72
PRG0001505,STU00086,MOD00044,CRS006,2025-05-10,2025-06-10,Completed,2.4,0
PRG0001506,STU00086,MOD00045,CRS006,2025-05-11,2025-05-25,In Progress,1.85,19
PRG0001507,STU00086,MOD00047,CRS006,2025-06-05,2025-07-20,Completed,9.13,88
PRG0001508,STU00086,MOD00073,CRS010,2025-06-28,2025-08-15,Completed,7.46,55
PRG0001509,STU00086,MOD00074,CRS010,2025-06-29,2025-07-25,Completed,4.17,38
PRG0001510,STU00086,MOD00075,CRS010,2025-06-15,2025-06-20,Completed,9.25,71
PRG0001511,STU00086,MOD00076,CRS010,2025-06-24,2025-08-13,In Progress,1.92,81
PRG0001512,STU00086,MOD00077,CRS010,2025-06-11,2025-08-03,Completed,8.47,70
PRG0001513,STU00086,MOD00078,CRS010,2025-07-03,2025-06-27,In Progress,2.07,96
PRG0001514,STU00086,MOD00079,CRS010,2025-06-08,2025-08-18,In Progress,3.91,49
PRG0001515,STU00086,MOD00080,CRS010,2025-06-07,2025-06-08,Completed,2.57,1
PRG0001516,STU00086,MOD00153,CRS020,2025-05-27,2025-07-13,In Progress,5.37,58
PRG0001517,STU00086,MOD00154,CRS020,2025-05-17,2025-07-23,Completed,13.54,60
PRG0001518,STU00086,MOD00155,CRS020,2025-05-18,2025-06-16,In Progress,7.44,75
PRG0001519,STU00086,MOD00156,CRS020,2025-05-29,2025-05-06,Completed,8.13,83
PRG0001520,STU00086,MOD00157,CRS020,2025-05-18,2025-05-31,Not Started,2.26,27
PRG0001521,STU00086,MOD00158,CRS020,2025-05-24,2025-06-22,Completed,1.96,75
PRG0001522,STU00086,MOD00159,CRS020,2025-05-19,2025-05-17,Completed,4.94,0
PRG0001523,STU00086,MOD00160,CRS020,2025-05-12,2025-06-18,Completed,1.29,58
PRG0001524,STU00086,MOD00130,CRS017,2025-09-26,2025-09-20,Completed,3.68,48
PRG0001525,STU00086,MOD00131,CRS017,2025-10-05,2025-09-15,Completed,2.47,97
PRG0001526,STU00086,MOD00132,CRS017,2025-09-26,2025-11-22,Completed,7.11,4
PRG0001527,STU00086,MOD00134,CRS017,2025-09-18,2025-09-26,Not Started,3.59,7
PRG0001528,STU00086,MOD00019,CRS003,2025-09-19,2025-11-04,In Progress,2.64,13
PRG0001529,STU00086,MOD00024,CRS003,2025-10-09,2025-10-30,In Progress,13.03,23
PRG0001530,STU00087,MOD00137,CRS018,2026-01-09,2026-03-04,Completed,2.48,14
PRG0001531,STU00087,MOD00138,CRS018,2026-01-11,2026-02-28,In Progress,6.16,0
PRG0001532,STU00087,MOD00139,CRS018,2026-01-16,2026-02-06,Completed,7.92,24
PRG0001533,STU00087,MOD00140,CRS018,2026-01-03,2026-01-25,Not Started,3.68,15
PRG0001534,STU00087,MOD00141,CRS018,2026-01-13,2026-02-27,Not Started,2.41,45
PRG0001535,STU00087,MOD00142,CRS018,2025-12-27,2026-02-16,In Progress,11.74,59
PRG0001536,STU00087,MOD00143,CRS018,2026-01-19,2026-01-21,Completed,1.14,45
PRG0001537,STU00087,MOD00144,CRS018,2025-12-31,2025-12-22,In Progress,7.24,52
PRG0001538,STU00087,MOD00033,CRS005,2025-11-02,2025-12-04,Completed,2.9,2
PRG0001539,STU00087,MOD00034,CRS005,2025-11-09,2026-01-11,In Progress,6.52,21
PRG0001540,STU00087,MOD00035,CRS005,2025-11-12,2025-11-07,Not Started,4.37,57
PRG0001541,STU00087,MOD00036,CRS005,2025-10-29,2025-12-29,Not Started,3.06,79
PRG0001542,STU00087,MOD00037,CRS005,2025-10-28,2025-12-22,Completed,1.75,46
PRG0001543,STU00087,MOD00038,CRS005,2025-10-18,2025-12-14,Completed,13.3,15
PRG0001544,STU00087,MOD00039,CRS005,2025-11-06,2025-11-13,Completed,5.85,37
PRG0001545,STU00087,MOD00040,CRS005,2025-10-22,2025-12-15,Completed,6.84,3
PRG0001546,STU00088,MOD00142,CRS018,2025-12-28,2026-02-06,Completed,11.19,12
PRG0001547,STU00088,MOD00125,CRS016,2025-12-31,2026-02-09,Completed,2.11,20
PRG0001548,STU00088,MOD00128,CRS016,2026-01-14,2026-01-08,Completed,5.03,33
PRG0001549,STU00088,MOD00049,CRS007,2026-03-06,2026-03-22,In Progress,3.41,20
PRG0001550,STU00088,MOD00050,CRS007,2026-03-12,2026-05-19,In Progress,8.1,19
PRG0001551,STU00088,MOD00052,CRS007,2026-03-27,2026-04-27,Completed,2.44,1
PRG0001552,STU00088,MOD00053,CRS007,2026-03-22,2026-05-27,Not Started,2.87,40
PRG0001553,STU00088,MOD00054,CRS007,2026-03-17,2026-03-27,In Progress,2.04,6
PRG0001554,STU00088,MOD00055,CRS007,2026-03-25,2026-03-24,In Progress,2.71,59
PRG0001555,STU00088,MOD00056,CRS007,2026-03-11,2026-04-10,Completed,5.69,47
PRG0001556,STU00088,MOD00025,CRS004,2025-10-30,2025-11-21,Completed,6.23,34
PRG0001557,STU00088,MOD00028,CRS004,2025-10-20,2026-01-02,Completed,2.08,74
PRG0001558,STU00088,MOD00029,CRS004,2025-10-30,2026-01-03,Not Started,2.55,40
PRG0001559,STU00088,MOD00032,CRS004,2025-10-22,2025-11-11,In Progress,4.21,85
PRG0001560,STU00089,MOD00067,CRS009,2026-03-09,2026-04-20,Completed,1.23,28
PRG0001561,STU00089,MOD00068,CRS009,2026-03-04,2026-05-07,Completed,1.12,97
PRG0001562,STU00089,MOD00070,CRS009,2026-03-27,2026-04-06,In Progress,2.31,10
PRG0001563,STU00089,MOD00072,CRS009,2026-03-25,2026-03-09,Completed,5.06,15
PRG0001564,STU00089,MOD00057,CRS008,2025-12-06,2025-11-28,Completed,14.67,10
PRG0001565,STU00089,MOD00058,CRS008,2025-11-20,2026-01-05,Completed,3.4,18
PRG0001566,STU00089,MOD00059,CRS008,2025-12-10,2025-12-31,Completed,8.16,12
PRG0001567,STU00089,MOD00060,CRS008,2025-11-28,2025-12-19,Not Started,5.31,86
PRG0001568,STU00089,MOD00061,CRS008,2025-12-03,2025-12-05,Completed,4.87,47
PRG0001569,STU00089,MOD00082,CRS011,2025-11-25,2025-12-19,In Progress,8.08,25
PRG0001570,STU00089,MOD00087,CRS011,2025-12-03,2025-11-21,Completed,1.13,35
PRG0001571,STU00090,MOD00145,CRS019,2025-10-05,2025-11-03,Not Started,2.65,24
PRG0001572,STU00090,MOD00146,CRS019,2025-10-23,2025-10-07,Completed,4.1,94
PRG0001573,STU00090,MOD00147,CRS019,2025-09-30,2025-11-07,In Progress,6.48,64
PRG0001574,STU00090,MOD00148,CRS019,2025-10-21,2025-12-22,Completed,10.56,48
PRG0001575,STU00090,MOD00149,CRS019,2025-10-05,2025-12-11,Completed,1.57,61
PRG0001576,STU00090,MOD00150,CRS019,2025-09-23,2025-12-05,Completed,5.14,23
PRG0001577,STU00090,MOD00151,CRS019,2025-10-01,2025-11-16,Completed,6.89,57
PRG0001578,STU00090,MOD00152,CRS019,2025-10-03,2025-10-09,In Progress,2.31,3
PRG0001579,STU00090,MOD00113,CRS015,2025-09-25,2025-11-26,In Progress,6.59,80
PRG0001580,STU00090,MOD00114,CRS015,2025-10-10,2025-11-16,In Progress,1.01,78
PRG0001581,STU00090,MOD00115,CRS015,2025-09-25,2025-12-13,Completed,1.99,98
PRG0001582,STU00090,MOD00116,CRS015,2025-10-06,2025-10-07,Completed,5.67,75
PRG0001583,STU00090,MOD00117,CRS015,2025-10-01,2025-10-04,Completed,1.65,25
PRG0001584,STU00090,MOD00118,CRS015,2025-09-25,2025-10-11,Completed,8.5,99
PRG0001585,STU00090,MOD00119,CRS015,2025-09-27,2025-10-06,Completed,1.62,67
PRG0001586,STU00090,MOD00120,CRS015,2025-10-07,2025-11-02,Not Started,5.12,67
PRG0001587,STU00091,MOD00057,CRS008,2026-02-12,2026-04-02,Completed,10.72,15
PRG0001588,STU00091,MOD00058,CRS008,2026-02-20,2026-04-30,Completed,7.4,7
PRG0001589,STU00091,MOD00059,CRS008,2026-03-01,2026-05-05,Completed,7.91,90
PRG0001590,STU00091,MOD00060,CRS008,2026-02-21,2026-03-18,Completed,3.44,85
PRG0001591,STU00091,MOD00061,CRS008,2026-02-21,2026-03-31,Completed,4.26,99
PRG0001592,STU00091,MOD00062,CRS008,2026-02-17,2026-02-09,Completed,2.23,76
PRG0001593,STU00091,MOD00063,CRS008,2026-02-28,2026-03-03,In Progress,5.16,85
PRG0001594,STU00091,MOD00064,CRS008,2026-02-09,2026-04-22,Completed,13.29,52
PRG0001595,STU00091,MOD00005,CRS001,2025-12-02,2026-01-31,Completed,6.32,98
PRG0001596,STU00091,MOD00007,CRS001,2025-11-14,2026-01-11,In Progress,5.51,93
PRG0001597,STU00091,MOD00065,CRS009,2025-12-15,2026-02-01,Completed,1.35,22
PRG0001598,STU00091,MOD00066,CRS009,2025-12-18,2026-01-27,Not Started,4.24,9
PRG0001599,STU00091,MOD00067,CRS009,2025-12-19,2026-01-28,Completed,5.26,76
PRG0001600,STU00091,MOD00068,CRS009,2025-12-07,2026-03-06,Completed,2.37,24
PRG0001601,STU00091,MOD00069,CRS009,2025-12-22,2025-12-23,Completed,1.09,28
PRG0001602,STU00091,MOD00070,CRS009,2025-12-22,2026-02-26,Not Started,7.59,11
PRG0001603,STU00091,MOD00071,CRS009,2025-12-11,2026-02-25,Completed,9.54,62
PRG0001604,STU00091,MOD00072,CRS009,2025-12-20,2026-02-20,Completed,7.51,48
PRG0001605,STU00091,MOD00145,CRS019,2025-07-02,2025-07-15,Completed,3.12,43
PRG0001606,STU00091,MOD00146,CRS019,2025-06-28,2025-08-08,Completed,3.21,33
PRG0001607,STU00091,MOD00147,CRS019,2025-06-27,2025-09-22,Completed,8.38,30
PRG0001608,STU00091,MOD00148,CRS019,2025-07-07,2025-07-21,Completed,8.55,20
PRG0001609,STU00091,MOD00149,CRS019,2025-07-08,2025-07-29,Completed,4.28,14
PRG0001610,STU00091,MOD00150,CRS019,2025-06-29,2025-09-05,Completed,11.68,33
PRG0001611,STU00091,MOD00151,CRS019,2025-07-09,2025-09-08,Completed,6.47,64
PRG0001612,STU00091,MOD00152,CRS019,2025-07-13,2025-08-05,In Progress,2.12,49
PRG0001613,STU00092,MOD00097,CRS013,2025-09-29,2025-10-15,Completed,6.67,16
PRG0001614,STU00092,MOD00098,CRS013,2025-09-29,2025-10-17,Completed,4.54,37
PRG0001615,STU00092,MOD00099,CRS013,2025-09-20,2025-10-20,In Progress,2.09,1
PRG0001616,STU00092,MOD00103,CRS013,2025-10-15,2025-12-06,In Progress,7.55,17
PRG0001617,STU00092,MOD00104,CRS013,2025-10-06,2025-12-09,In Progress,4.71,38
PRG0001618,STU00092,MOD00057,CRS008,2025-07-07,2025-07-23,Completed,9.69,47
PRG0001619,STU00092,MOD00058,CRS008,2025-07-02,2025-08-30,Completed,5.76,64
PRG0001620,STU00092,MOD00059,CRS008,2025-07-08,2025-07-21,Completed,6.79,71
PRG0001621,STU00092,MOD00060,CRS008,2025-07-05,2025-08-28,Completed,1.33,16
PRG0001622,STU00092,MOD00061,CRS008,2025-07-01,2025-07-17,Not Started,5.38,72
PRG0001623,STU00092,MOD00062,CRS008,2025-06-29,2025-08-06,Completed,5.84,39
PRG0001624,STU00092,MOD00063,CRS008,2025-06-14,2025-07-20,Completed,6.98,87
PRG0001625,STU00092,MOD00064,CRS008,2025-06-11,2025-07-24,Completed,2.88,56
PRG0001626,STU00092,MOD00025,CRS004,2026-02-20,2026-04-26,Completed,14.75,100
PRG0001627,STU00092,MOD00026,CRS004,2026-02-09,2026-02-12,In Progress,7.22,84
PRG0001628,STU00092,MOD00027,CRS004,2026-02-19,2026-03-04,In Progress,2.15,37
PRG0001629,STU00092,MOD00028,CRS004,2026-02-19,2026-03-24,Completed,1.9,29
PRG0001630,STU00092,MOD00029,CRS004,2026-02-22,2026-03-02,Completed,3.23,91
PRG0001631,STU00092,MOD00030,CRS004,2026-02-14,2026-04-10,In Progress,2.31,77
PRG0001632,STU00092,MOD00031,CRS004,2026-02-28,2026-05-08,Not Started,5.75,45
PRG0001633,STU00092,MOD00032,CRS004,2026-02-18,2026-02-22,Completed,2.66,73
PRG0001634,STU00092,MOD00130,CRS017,2025-10-17,2025-11-09,Completed,1.76,77
PRG0001635,STU00092,MOD00131,CRS017,2025-09-19,2025-10-07,Completed,2.96,71
PRG0001636,STU00092,MOD00132,CRS017,2025-10-18,2025-12-06,Completed,6.98,35
PRG0001637,STU00092,MOD00134,CRS017,2025-10-09,2025-11-16,Not Started,2.92,14
PRG0001638,STU00092,MOD00135,CRS017,2025-09-23,2025-10-24,Completed,10.23,57
PRG0001639,STU00092,MOD00136,CRS017,2025-09-28,2025-11-09,Completed,5.64,4
PRG0001640,STU00093,MOD00057,CRS008,2025-08-25,2025-10-12,Completed,3.98,14
PRG0001641,STU00093,MOD00058,CRS008,2025-08-03,2025-10-17,In Progress,4.4,56
PRG0001642,STU00093,MOD00059,CRS008,2025-09-01,2025-09-01,Completed,3.55,67
PRG0001643,STU00093,MOD00060,CRS008,2025-08-27,2025-08-14,Completed,10.17,77
PRG0001644,STU00093,MOD00061,CRS008,2025-08-08,2025-10-24,Completed,1.99,28
PRG0001645,STU00093,MOD00062,CRS008,2025-08-12,2025-08-26,Completed,3.85,60
PRG0001646,STU00093,MOD00063,CRS008,2025-08-28,2025-08-18,Completed,5.81,100
PRG0001647,STU00094,MOD00065,CRS009,2025-12-13,2026-01-12,In Progress,2.52,19
PRG0001648,STU00094,MOD00066,CRS009,2025-12-06,2026-02-09,Completed,7.8,25
PRG0001649,STU00094,MOD00070,CRS009,2025-12-07,2026-01-04,Completed,6.51,96
PRG0001650,STU00094,MOD00103,CRS013,2026-03-26,2026-04-30,Completed,8.4,98
PRG0001651,STU00094,MOD00104,CRS013,2026-03-15,2026-05-08,Completed,8.34,12
PRG0001652,STU00094,MOD00113,CRS015,2026-02-15,2026-04-16,Completed,10.68,16
PRG0001653,STU00094,MOD00114,CRS015,2026-02-03,2026-02-11,Completed,2.48,100
PRG0001654,STU00094,MOD00115,CRS015,2026-02-16,2026-02-22,In Progress,1.54,19
PRG0001655,STU00094,MOD00116,CRS015,2026-01-28,2026-02-26,Not Started,1.14,30
PRG0001656,STU00094,MOD00117,CRS015,2026-02-10,2026-03-24,Completed,1.38,49
PRG0001657,STU00094,MOD00118,CRS015,2026-01-27,2026-03-25,Not Started,4.62,5
PRG0001658,STU00094,MOD00119,CRS015,2026-02-02,2026-02-09,Completed,2.68,44
PRG0001659,STU00094,MOD00120,CRS015,2026-02-25,2026-02-08,Completed,3.87,21
PRG0001660,STU00094,MOD00009,CRS002,2026-02-11,2026-04-06,In Progress,7.61,17
PRG0001661,STU00094,MOD00010,CRS002,2026-03-07,2026-03-27,In Progress,3.81,15
PRG0001662,STU00094,MOD00011,CRS002,2026-02-27,2026-03-18,Completed,3.48,64
PRG0001663,STU00094,MOD00012,CRS002,2026-02-21,2026-02-27,In Progress,2.51,12
PRG0001664,STU00094,MOD00013,CRS002,2026-02-25,2026-04-01,Completed,4.28,89
PRG0001665,STU00094,MOD00014,CRS002,2026-03-09,2026-03-22,Completed,8.65,24
PRG0001666,STU00094,MOD00015,CRS002,2026-02-25,2026-04-06,In Progress,7.09,4
PRG0001667,STU00094,MOD00016,CRS002,2026-02-17,2026-03-28,Completed,3.15,63
PRG0001668,STU00094,MOD00033,CRS005,2025-07-14,2025-07-27,In Progress,1.19,99
PRG0001669,STU00094,MOD00034,CRS005,2025-07-01,2025-07-18,Completed,4.77,44
PRG0001670,STU00094,MOD00035,CRS005,2025-07-19,2025-09-04,In Progress,7.21,76
PRG0001671,STU00094,MOD00036,CRS005,2025-06-26,2025-06-28,In Progress,3.11,46
PRG0001672,STU00094,MOD00037,CRS005,2025-06-26,2025-08-30,In Progress,3.31,40
PRG0001673,STU00094,MOD00038,CRS005,2025-07-17,2025-06-27,Completed,9.35,69
PRG0001674,STU00094,MOD00039,CRS005,2025-07-01,2025-09-17,Completed,12.17,79
PRG0001675,STU00094,MOD00040,CRS005,2025-07-12,2025-07-25,In Progress,8.38,66
PRG0001676,STU00095,MOD00009,CRS002,2025-09-16,2025-11-18,Not Started,4.3,72
PRG0001677,STU00095,MOD00010,CRS002,2025-09-08,2025-09-08,Completed,8.0,73
PRG0001678,STU00095,MOD00011,CRS002,2025-09-09,2025-09-12,In Progress,5.83,31
PRG0001679,STU00095,MOD00012,CRS002,2025-10-06,2025-11-06,Completed,3.2,3
PRG0001680,STU00095,MOD00013,CRS002,2025-09-11,2025-11-22,Completed,2.64,58
PRG0001681,STU00095,MOD00014,CRS002,2025-09-15,2025-11-14,In Progress,1.26,93
PRG0001682,STU00095,MOD00015,CRS002,2025-09-28,2025-10-22,Completed,6.57,84
PRG0001683,STU00095,MOD00016,CRS002,2025-09-16,2025-11-18,Not Started,9.02,15
PRG0001684,STU00095,MOD00066,CRS009,2026-02-05,2026-02-09,Completed,2.19,41
PRG0001685,STU00095,MOD00068,CRS009,2026-02-04,2026-03-14,Completed,1.46,19
PRG0001686,STU00095,MOD00070,CRS009,2026-02-03,2026-02-01,Completed,1.5,20
PRG0001687,STU00095,MOD00072,CRS009,2026-02-14,2026-03-02,Completed,6.64,17
PRG0001688,STU00095,MOD00137,CRS018,2025-10-02,2025-10-08,Completed,2.84,59
PRG0001689,STU00095,MOD00140,CRS018,2025-10-20,2025-10-26,In Progress,3.9,2
PRG0001690,STU00095,MOD00141,CRS018,2025-10-08,2025-10-29,Completed,10.43,61
PRG0001691,STU00095,MOD00153,CRS020,2025-09-12,2025-11-30,Completed,4.06,59
PRG0001692,STU00095,MOD00156,CRS020,2025-10-05,2025-10-25,Completed,4.6,43
PRG0001693,STU00095,MOD00159,CRS020,2025-09-11,2025-12-03,In Progress,6.82,70
PRG0001694,STU00096,MOD00105,CRS014,2025-11-08,2026-01-14,In Progress,11.67,40
PRG0001695,STU00096,MOD00106,CRS014,2025-11-22,2026-01-06,Completed,2.09,81
PRG0001696,STU00096,MOD00107,CRS014,2025-11-26,2025-11-22,Completed,6.27,18
PRG0001697,STU00096,MOD00108,CRS014,2025-11-25,2025-11-23,Completed,1.14,51
PRG0001698,STU00096,MOD00109,CRS014,2025-12-01,2026-01-16,In Progress,5.02,95
PRG0001699,STU00096,MOD00110,CRS014,2025-11-30,2026-01-21,Completed,1.26,0
PRG0001700,STU00096,MOD00111,CRS014,2025-11-24,2025-12-11,Completed,1.93,71
PRG0001701,STU00096,MOD00112,CRS014,2025-11-20,2025-12-12,Completed,6.79,33
PRG0001702,STU00097,MOD00057,CRS008,2026-02-07,2026-03-27,Completed,8.96,96
PRG0001703,STU00097,MOD00058,CRS008,2026-02-02,2026-04-01,Completed,7.88,77
PRG0001704,STU00097,MOD00060,CRS008,2026-02-15,2026-03-21,Completed,10.07,45
PRG0001705,STU00097,MOD00061,CRS008,2026-02-07,2026-03-25,Completed,8.01,63
PRG0001706,STU00097,MOD00063,CRS008,2026-02-10,2026-04-02,Completed,3.14,23
PRG0001707,STU00097,MOD00064,CRS008,2026-02-04,2026-04-16,Completed,1.64,68
PRG0001708,STU00098,MOD00097,CRS013,2025-06-17,2025-06-24,Completed,2.63,30
PRG0001709,STU00098,MOD00100,CRS013,2025-06-18,2025-08-16,In Progress,1.56,36
PRG0001710,STU00098,MOD00069,CRS009,2025-04-30,2025-06-29,Not Started,6.28,6
PRG0001711,STU00098,MOD00017,CRS003,2026-01-18,2026-03-09,Completed,6.4,75
PRG0001712,STU00098,MOD00019,CRS003,2026-01-15,2026-03-04,In Progress,2.54,39
PRG0001713,STU00098,MOD00020,CRS003,2026-01-29,2026-02-20,Completed,4.07,53
PRG0001714,STU00098,MOD00021,CRS003,2026-01-24,2026-01-13,In Progress,11.82,56
PRG0001715,STU00098,MOD00024,CRS003,2026-01-22,2026-02-21,In Progress,12.15,85
PRG0001716,STU00099,MOD00105,CRS014,2025-10-23,2025-12-05,Not Started,11.75,100
PRG0001717,STU00099,MOD00106,CRS014,2025-11-20,2025-11-30,Completed,3.76,15
PRG0001718,STU00099,MOD00107,CRS014,2025-11-07,2025-11-05,In Progress,1.93,51
PRG0001719,STU00099,MOD00108,CRS014,2025-11-07,2025-10-25,In Progress,2.29,39
PRG0001720,STU00099,MOD00109,CRS014,2025-11-06,2025-12-12,Completed,10.28,30
PRG0001721,STU00099,MOD00110,CRS014,2025-11-11,2025-11-18,Completed,1.39,73
PRG0001722,STU00099,MOD00111,CRS014,2025-11-12,2025-11-12,Not Started,9.36,73
PRG0001723,STU00099,MOD00112,CRS014,2025-11-14,2025-11-22,Completed,10.86,5
PRG0001724,STU00100,MOD00041,CRS006,2026-02-16,2026-03-25,In Progress,4.06,48
PRG0001725,STU00100,MOD00042,CRS006,2026-02-21,2026-02-21,In Progress,10.37,96
PRG0001726,STU00100,MOD00043,CRS006,2026-02-25,2026-03-12,Completed,3.53,5
PRG0001727,STU00100,MOD00044,CRS006,2026-02-28,2026-04-22,In Progress,1.43,91
PRG0001728,STU00100,MOD00045,CRS006,2026-03-16,2026-03-12,Completed,1.08,30
PRG0001729,STU00100,MOD00046,CRS006,2026-03-05,2026-02-17,Completed,6.19,49
PRG0001730,STU00100,MOD00047,CRS006,2026-03-07,2026-03-14,Completed,9.19,29
PRG0001731,STU00100,MOD00048,CRS006,2026-02-22,2026-04-06,In Progress,1.16,88
PRG0001732,STU00100,MOD00025,CRS004,2025-10-31,2026-01-03,Completed,7.78,78
PRG0001733,STU00100,MOD00026,CRS004,2025-10-31,2026-01-21,Completed,2.13,30
PRG0001734,STU00100,MOD00027,CRS004,2025-11-28,2025-11-11,Not Started,1.8,100
PRG0001735,STU00100,MOD00028,CRS004,2025-11-09,2026-01-20,Not Started,1.81,39
PRG0001736,STU00100,MOD00029,CRS004,2025-11-13,2026-01-03,Not Started,2.78,50
PRG0001737,STU00100,MOD00030,CRS004,2025-11-04,2026-01-10,Completed,4.25,77
PRG0001738,STU00100,MOD00031,CRS004,2025-11-26,2025-12-20,In Progress,5.8,24
PRG0001739,STU00100,MOD00032,CRS004,2025-11-10,2025-12-03,Completed,7.13,14
PRG0001740,STU00101,MOD00034,CRS005,2025-09-19,2025-09-17,Completed,6.18,15
PRG0001741,STU00101,MOD00035,CRS005,2025-09-03,2025-11-13,In Progress,2.32,14
PRG0001742,STU00101,MOD00037,CRS005,2025-09-09,2025-09-22,In Progress,4.01,29
PRG0001743,STU00101,MOD00038,CRS005,2025-09-06,2025-09-05,Completed,1.03,34
PRG0001744,STU00101,MOD00040,CRS005,2025-09-30,2025-09-21,Completed,10.35,14
PRG0001745,STU00101,MOD00106,CRS014,2025-12-04,2026-01-10,Not Started,2.63,29
PRG0001746,STU00101,MOD00107,CRS014,2025-12-11,2026-01-21,Completed,8.81,78
PRG0001747,STU00101,MOD00108,CRS014,2025-12-23,2026-01-07,In Progress,1.24,40
PRG0001748,STU00101,MOD00109,CRS014,2025-12-22,2025-12-18,Completed,3.66,50
PRG0001749,STU00101,MOD00110,CRS014,2025-12-07,2026-01-16,In Progress,1.73,35
PRG0001750,STU00101,MOD00111,CRS014,2025-12-09,2026-01-15,Completed,1.41,15
PRG0001751,STU00101,MOD00112,CRS014,2025-12-22,2026-01-16,Completed,4.28,78
PRG0001752,STU00102,MOD00130,CRS017,2026-01-08,2026-01-29,Completed,3.62,83
PRG0001753,STU00102,MOD00131,CRS017,2025-12-26,2026-02-15,In Progress,3.92,47
PRG0001754,STU00102,MOD00133,CRS017,2026-01-05,2026-03-12,Completed,12.41,3
PRG0001755,STU00102,MOD00135,CRS017,2026-01-22,2026-01-31,Not Started,7.44,68
PRG0001756,STU00102,MOD00136,CRS017,2026-01-02,2026-01-14,Completed,9.13,63
PRG0001757,STU00102,MOD00137,CRS018,2026-02-05,2026-04-12,Not Started,1.47,15
PRG0001758,STU00102,MOD00138,CRS018,2026-02-11,2026-03-23,In Progress,2.46,48
PRG0001759,STU00102,MOD00139,CRS018,2026-03-02,2026-04-23,Completed,11.96,40
PRG0001760,STU00102,MOD00140,CRS018,2026-02-26,2026-04-15,Completed,2.02,39
PRG0001761,STU00102,MOD00141,CRS018,2026-02-18,2026-02-12,Completed,3.85,80
PRG0001762,STU00102,MOD00142,CRS018,2026-02-03,2026-04-27,Completed,5.12,3
PRG0001763,STU00102,MOD00143,CRS018,2026-02-06,2026-02-20,Completed,4.08,12
PRG0001764,STU00102,MOD00144,CRS018,2026-02-10,2026-02-02,In Progress,2.32,13
PRG0001765,STU00103,MOD00153,CRS020,2025-05-26,2025-07-03,Completed,2.5,17
PRG0001766,STU00103,MOD00154,CRS020,2025-05-09,2025-05-18,Completed,1.2,14
PRG0001767,STU00103,MOD00155,CRS020,2025-05-11,2025-06-12,In Progress,5.62,41
PRG0001768,STU00103,MOD00156,CRS020,2025-05-10,2025-07-05,Completed,3.21,60
PRG0001769,STU00103,MOD00157,CRS020,2025-05-21,2025-07-14,Not Started,1.61,61
PRG0001770,STU00103,MOD00158,CRS020,2025-05-18,2025-06-18,Completed,3.39,90
PRG0001771,STU00103,MOD00159,CRS020,2025-05-11,2025-06-25,Completed,8.05,25
PRG0001772,STU00103,MOD00160,CRS020,2025-05-15,2025-05-23,In Progress,3.72,49
PRG0001773,STU00103,MOD00097,CRS013,2025-06-25,2025-07-03,Completed,5.49,52
PRG0001774,STU00103,MOD00098,CRS013,2025-07-06,2025-08-13,Completed,3.08,37
PRG0001775,STU00103,MOD00101,CRS013,2025-07-10,2025-09-06,Not Started,1.62,85
PRG0001776,STU00103,MOD00102,CRS013,2025-07-12,2025-07-24,Completed,3.26,35
PRG0001777,STU00103,MOD00103,CRS013,2025-06-30,2025-08-04,In Progress,1.82,33
PRG0001778,STU00103,MOD00104,CRS013,2025-07-03,2025-07-04,Completed,2.36,73
PRG0001779,STU00104,MOD00049,CRS007,2026-02-27,2026-03-06,Completed,5.52,92
PRG0001780,STU00104,MOD00050,CRS007,2026-03-16,2026-02-28,Completed,10.85,57
PRG0001781,STU00104,MOD00051,CRS007,2026-03-11,2026-03-26,In Progress,6.39,71
PRG0001782,STU00104,MOD00052,CRS007,2026-02-24,2026-03-15,Completed,5.3,0
PRG0001783,STU00104,MOD00053,CRS007,2026-03-16,2026-04-03,Completed,2.71,7
PRG0001784,STU00104,MOD00054,CRS007,2026-03-19,2026-04-14,In Progress,2.81,73
PRG0001785,STU00104,MOD00055,CRS007,2026-03-12,2026-05-05,Completed,1.11,51
PRG0001786,STU00104,MOD00056,CRS007,2026-03-24,2026-05-11,Completed,5.93,63
PRG0001787,STU00104,MOD00025,CRS004,2026-02-17,2026-02-15,Completed,1.85,89
PRG0001788,STU00104,MOD00026,CRS004,2026-02-19,2026-04-12,Completed,6.27,12
PRG0001789,STU00104,MOD00027,CRS004,2026-02-09,2026-03-01,In Progress,1.73,72
PRG0001790,STU00104,MOD00028,CRS004,2026-02-03,2026-03-14,Completed,2.94,36
PRG0001791,STU00104,MOD00029,CRS004,2026-02-20,2026-03-27,Completed,4.07,47
PRG0001792,STU00104,MOD00030,CRS004,2026-01-30,2026-04-04,Completed,2.55,33
PRG0001793,STU00104,MOD00031,CRS004,2026-02-09,2026-03-07,In Progress,10.93,48
PRG0001794,STU00104,MOD00032,CRS004,2026-01-30,2026-04-15,Completed,8.61,93
PRG0001795,STU00105,MOD00097,CRS013,2025-08-06,2025-08-30,In Progress,6.84,91
PRG0001796,STU00105,MOD00098,CRS013,2025-07-26,2025-09-20,Not Started,3.79,8
PRG0001797,STU00105,MOD00099,CRS013,2025-07-25,2025-08-12,Completed,1.43,46
PRG0001798,STU00105,MOD00100,CRS013,2025-07-27,2025-08-24,In Progress,4.12,44
PRG0001799,STU00105,MOD00101,CRS013,2025-08-03,2025-10-13,Completed,2.05,75
PRG0001800,STU00105,MOD00102,CRS013,2025-08-08,2025-08-23,Completed,3.91,94
PRG0001801,STU00105,MOD00103,CRS013,2025-08-20,2025-08-05,Completed,5.86,31
PRG0001802,STU00105,MOD00104,CRS013,2025-08-08,2025-08-02,Not Started,6.74,79
PRG0001803,STU00105,MOD00105,CRS014,2025-08-05,2025-07-27,Completed,13.37,6
PRG0001804,STU00105,MOD00107,CRS014,2025-08-02,2025-08-25,Completed,7.28,85
PRG0001805,STU00105,MOD00109,CRS014,2025-07-28,2025-08-29,Completed,6.75,8
PRG0001806,STU00105,MOD00110,CRS014,2025-08-10,2025-09-11,Completed,2.3,94
PRG0001807,STU00105,MOD00111,CRS014,2025-07-24,2025-09-12,Completed,5.24,48
PRG0001808,STU00105,MOD00112,CRS014,2025-08-03,2025-09-24,In Progress,10.2,78
PRG0001809,STU00106,MOD00137,CRS018,2026-03-16,2026-03-03,In Progress,1.79,53
PRG0001810,STU00106,MOD00138,CRS018,2026-03-05,2026-05-14,Completed,4.51,87
PRG0001811,STU00106,MOD00139,CRS018,2026-03-03,2026-05-10,Completed,1.34,81
PRG0001812,STU00106,MOD00140,CRS018,2026-02-23,2026-03-15,In Progress,1.65,3
PRG0001813,STU00106,MOD00141,CRS018,2026-02-22,2026-03-09,Completed,6.44,67
PRG0001814,STU00106,MOD00142,CRS018,2026-02-17,2026-05-01,Completed,8.83,4
PRG0001815,STU00106,MOD00143,CRS018,2026-03-19,2026-04-08,In Progress,2.61,99
PRG0001816,STU00106,MOD00144,CRS018,2026-03-16,2026-02-20,Completed,7.12,80
PRG0001817,STU00106,MOD00050,CRS007,2025-11-04,2025-10-31,In Progress,3.9,21
PRG0001818,STU00106,MOD00051,CRS007,2025-11-04,2025-12-31,In Progress,2.36,42
PRG0001819,STU00106,MOD00052,CRS007,2025-11-18,2025-11-09,Not Started,6.99,21
PRG0001820,STU00106,MOD00053,CRS007,2025-11-22,2026-01-19,In Progress,4.21,41
PRG0001821,STU00106,MOD00054,CRS007,2025-11-13,2025-11-19,Completed,3.36,5
PRG0001822,STU00106,MOD00055,CRS007,2025-11-08,2025-10-31,In Progress,1.19,42
PRG0001823,STU00107,MOD00121,CRS016,2025-05-22,2025-05-24,Completed,3.68,5
PRG0001824,STU00107,MOD00122,CRS016,2025-06-05,2025-07-21,Completed,2.27,90
PRG0001825,STU00107,MOD00123,CRS016,2025-05-06,2025-08-02,Completed,12.25,87
PRG0001826,STU00107,MOD00124,CRS016,2025-06-01,2025-06-21,In Progress,3.56,12
PRG0001827,STU00107,MOD00125,CRS016,2025-05-30,2025-06-17,Completed,1.2,27
PRG0001828,STU00107,MOD00126,CRS016,2025-05-09,2025-07-29,In Progress,6.77,1
PRG0001829,STU00107,MOD00127,CRS016,2025-05-10,2025-07-24,Completed,5.81,36
PRG0001830,STU00107,MOD00128,CRS016,2025-05-06,2025-06-25,In Progress,4.1,14
PRG0001831,STU00107,MOD00130,CRS017,2025-10-30,2025-12-20,In Progress,4.18,8
PRG0001832,STU00107,MOD00132,CRS017,2025-11-12,2025-11-14,Completed,3.94,24
PRG0001833,STU00107,MOD00136,CRS017,2025-11-18,2025-12-27,Completed,4.5,27
PRG0001834,STU00107,MOD00154,CRS020,2025-05-22,2025-06-06,Completed,11.78,69
PRG0001835,STU00107,MOD00155,CRS020,2025-05-15,2025-07-30,In Progress,7.48,88
PRG0001836,STU00107,MOD00156,CRS020,2025-05-16,2025-05-11,In Progress,3.04,88
PRG0001837,STU00107,MOD00157,CRS020,2025-05-20,2025-06-26,Not Started,2.89,63
PRG0001838,STU00107,MOD00158,CRS020,2025-05-14,2025-07-07,Completed,1.8,31
PRG0001839,STU00107,MOD00159,CRS020,2025-05-12,2025-06-23,Completed,11.93,58
PRG0001840,STU00107,MOD00160,CRS020,2025-06-08,2025-07-15,Completed,4.09,37
PRG0001841,STU00108,MOD00138,CRS018,2025-10-28,2025-10-19,Completed,6.12,25
PRG0001842,STU00108,MOD00141,CRS018,2025-11-17,2026-01-04,Completed,10.38,21
PRG0001843,STU00108,MOD00142,CRS018,2025-11-13,2025-10-28,In Progress,6.36,46
PRG0001844,STU00108,MOD00143,CRS018,2025-11-15,2025-11-10,Completed,1.31,81
PRG0001845,STU00108,MOD00057,CRS008,2025-05-17,2025-05-24,Completed,2.78,55
PRG0001846,STU00108,MOD00058,CRS008,2025-05-23,2025-05-24,Completed,2.4,56
PRG0001847,STU00108,MOD00059,CRS008,2025-05-31,2025-05-16,In Progress,7.25,27
PRG0001848,STU00108,MOD00061,CRS008,2025-05-17,2025-08-10,Completed,2.2,36
PRG0001849,STU00108,MOD00028,CRS004,2025-07-23,2025-09-06,Completed,1.81,92
PRG0001850,STU00108,MOD00029,CRS004,2025-07-25,2025-07-30,Completed,2.87,88
PRG0001851,STU00108,MOD00031,CRS004,2025-08-06,2025-07-26,Not Started,2.84,95
PRG0001852,STU00108,MOD00032,CRS004,2025-08-07,2025-08-29,Completed,4.54,10
PRG0001853,STU00108,MOD00081,CRS011,2025-11-14,2025-12-11,Completed,1.92,75
PRG0001854,STU00108,MOD00082,CRS011,2025-11-01,2025-11-21,In Progress,8.98,51
PRG0001855,STU00108,MOD00083,CRS011,2025-11-17,2025-12-16,Completed,2.33,98
PRG0001856,STU00108,MOD00084,CRS011,2025-11-19,2025-12-10,In Progress,1.71,46
PRG0001857,STU00108,MOD00085,CRS011,2025-11-12,2025-12-26,Not Started,4.15,38
PRG0001858,STU00108,MOD00086,CRS011,2025-11-14,2025-12-28,Completed,2.67,40
PRG0001859,STU00108,MOD00087,CRS011,2025-10-30,2025-12-19,Completed,1.78,25
PRG0001860,STU00108,MOD00088,CRS011,2025-11-06,2026-01-19,Completed,4.65,3
PRG0001861,STU00109,MOD00113,CRS015,2026-02-12,2026-04-17,Completed,2.28,42
PRG0001862,STU00109,MOD00114,CRS015,2026-03-06,2026-02-21,Completed,1.83,9
PRG0001863,STU00109,MOD00115,CRS015,2026-02-17,2026-03-21,Completed,1.4,36
PRG0001864,STU00109,MOD00116,CRS015,2026-02-11,2026-04-21,In Progress,5.54,35
PRG0001865,STU00109,MOD00117,CRS015,2026-02-25,2026-02-28,Completed,2.17,54
PRG0001866,STU00109,MOD00118,CRS015,2026-02-16,2026-02-07,Completed,3.87,91
PRG0001867,STU00109,MOD00119,CRS015,2026-02-20,2026-03-01,Completed,8.2,83
PRG0001868,STU00109,MOD00120,CRS015,2026-03-07,2026-03-16,Completed,3.21,95
PRG0001869,STU00109,MOD00145,CRS019,2025-05-22,2025-05-27,In Progress,3.93,88
PRG0001870,STU00109,MOD00146,CRS019,2025-05-17,2025-05-15,In Progress,1.21,90
PRG0001871,STU00109,MOD00147,CRS019,2025-05-02,2025-05-11,Not Started,2.23,4
PRG0001872,STU00109,MOD00148,CRS019,2025-05-02,2025-07-14,Completed,7.56,41
PRG0001873,STU00109,MOD00150,CRS019,2025-05-07,2025-05-02,In Progress,9.4,36
PRG0001874,STU00109,MOD00151,CRS019,2025-05-10,2025-07-19,Completed,7.73,40
PRG0001875,STU00109,MOD00152,CRS019,2025-05-16,2025-07-14,In Progress,2.22,45
PRG0001876,STU00109,MOD00081,CRS011,2025-10-19,2025-11-18,Completed,1.57,45
PRG0001877,STU00109,MOD00082,CRS011,2025-11-02,2025-10-16,Completed,12.0,35
PRG0001878,STU00109,MOD00083,CRS011,2025-10-11,2026-01-01,Completed,1.44,85
PRG0001879,STU00109,MOD00084,CRS011,2025-10-24,2025-10-29,In Progress,1.87,69
PRG0001880,STU00109,MOD00085,CRS011,2025-10-31,2025-12-29,In Progress,2.07,45
PRG0001881,STU00109,MOD00086,CRS011,2025-10-05,2026-01-03,Completed,1.04,52
PRG0001882,STU00109,MOD00087,CRS011,2025-10-27,2025-12-04,Completed,1.55,83
PRG0001883,STU00109,MOD00088,CRS011,2025-10-21,2025-12-25,Completed,2.14,6
PRG0001884,STU00110,MOD00140,CRS018,2026-03-03,2026-02-27,Completed,1.64,21
PRG0001885,STU00110,MOD00141,CRS018,2026-02-19,2026-03-23,Completed,7.71,28
PRG0001886,STU00110,MOD00049,CRS007,2026-02-25,2026-04-07,In Progress,4.46,49
PRG0001887,STU00110,MOD00050,CRS007,2026-02-10,2026-02-09,Completed,6.32,67
PRG0001888,STU00110,MOD00051,CRS007,2026-03-03,2026-04-05,Completed,3.54,50
PRG0001889,STU00110,MOD00052,CRS007,2026-02-13,2026-03-30,In Progress,3.62,45
PRG0001890,STU00110,MOD00053,CRS007,2026-02-10,2026-02-14,Completed,4.16,18
PRG0001891,STU00110,MOD00054,CRS007,2026-02-15,2026-04-30,In Progress,3.11,20
PRG0001892,STU00110,MOD00055,CRS007,2026-03-05,2026-03-08,In Progress,1.92,12
PRG0001893,STU00110,MOD00056,CRS007,2026-02-24,2026-03-03,Completed,1.61,3
PRG0001894,STU00111,MOD00137,CRS018,2026-02-18,2026-02-27,Completed,2.39,19
PRG0001895,STU00111,MOD00138,CRS018,2026-02-08,2026-04-18,Completed,7.45,18
PRG0001896,STU00111,MOD00139,CRS018,2026-01-31,2026-04-07,Completed,6.16,90
PRG0001897,STU00111,MOD00140,CRS018,2026-02-03,2026-04-22,Completed,2.87,91
PRG0001898,STU00111,MOD00141,CRS018,2026-01-27,2026-02-23,Completed,2.73,28
PRG0001899,STU00111,MOD00142,CRS018,2026-02-11,2026-04-02,In Progress,2.18,89
PRG0001900,STU00111,MOD00143,CRS018,2026-01-30,2026-03-08,In Progress,5.44,45
PRG0001901,STU00111,MOD00144,CRS018,2026-02-16,2026-01-30,In Progress,6.3,8
PRG0001902,STU00111,MOD00089,CRS012,2026-01-14,2026-02-02,Completed,8.27,70
PRG0001903,STU00111,MOD00091,CRS012,2026-01-08,2026-03-18,Completed,10.22,30
PRG0001904,STU00111,MOD00092,CRS012,2026-01-19,2026-03-02,Completed,13.68,85
PRG0001905,STU00111,MOD00093,CRS012,2025-12-28,2026-03-12,Completed,1.87,61
PRG0001906,STU00111,MOD00095,CRS012,2026-01-17,2026-02-23,In Progress,1.79,95
PRG0001907,STU00112,MOD00133,CRS017,2026-04-02,2026-04-25,Not Started,3.8,56
PRG0001908,STU00112,MOD00145,CRS019,2026-04-04,2026-06-12,Completed,2.12,21
PRG0001909,STU00112,MOD00146,CRS019,2026-04-09,2026-04-21,In Progress,6.17,74
PRG0001910,STU00112,MOD00147,CRS019,2026-04-06,2026-05-22,Completed,4.74,1
PRG0001911,STU00112,MOD00148,CRS019,2026-03-21,2026-06-11,Completed,11.0,64
PRG0001912,STU00112,MOD00149,CRS019,2026-04-17,2026-05-28,Completed,4.67,36
PRG0001913,STU00112,MOD00150,CRS019,2026-03-29,2026-06-04,Completed,11.54,18
PRG0001914,STU00112,MOD00151,CRS019,2026-04-13,2026-05-07,In Progress,3.21,30
PRG0001915,STU00112,MOD00152,CRS019,2026-04-10,2026-05-19,In Progress,5.7,12
PRG0001916,STU00113,MOD00033,CRS005,2025-10-05,2025-12-10,Completed,3.99,79
PRG0001917,STU00113,MOD00034,CRS005,2025-10-08,2025-09-28,Completed,2.45,50
PRG0001918,STU00113,MOD00039,CRS005,2025-09-27,2025-11-15,In Progress,2.05,91
PRG0001919,STU00113,MOD00040,CRS005,2025-10-17,2025-10-05,Completed,10.13,39
PRG0001920,STU00113,MOD00025,CRS004,2025-09-11,2025-09-16,Completed,8.71,14
PRG0001921,STU00113,MOD00026,CRS004,2025-09-29,2025-10-17,Completed,3.9,46
PRG0001922,STU00113,MOD00027,CRS004,2025-09-23,2025-09-21,Completed,1.98,80
PRG0001923,STU00113,MOD00028,CRS004,2025-10-07,2025-09-22,In Progress,2.7,98
PRG0001924,STU00113,MOD00029,CRS004,2025-09-30,2025-09-11,Completed,1.87,44
PRG0001925,STU00113,MOD00030,CRS004,2025-09-25,2025-11-22,In Progress,5.01,69
PRG0001926,STU00113,MOD00031,CRS004,2025-10-03,2025-09-30,Completed,6.13,61
PRG0001927,STU00113,MOD00032,CRS004,2025-10-03,2025-10-17,In Progress,6.28,9
PRG0001928,STU00113,MOD00145,CRS019,2025-12-07,2026-01-29,In Progress,3.89,49
PRG0001929,STU00113,MOD00146,CRS019,2025-12-13,2025-11-29,In Progress,1.68,39
PRG0001930,STU00113,MOD00147,CRS019,2025-12-09,2025-12-23,Completed,4.52,43
PRG0001931,STU00113,MOD00148,CRS019,2025-12-15,2026-02-04,In Progress,5.35,73
PRG0001932,STU00113,MOD00149,CRS019,2025-12-22,2025-12-29,In Progress,1.58,53
PRG0001933,STU00113,MOD00150,CRS019,2025-12-05,2025-12-16,Completed,2.61,72
PRG0001934,STU00113,MOD00151,CRS019,2025-12-22,2025-12-19,Completed,8.93,51
PRG0001935,STU00113,MOD00152,CRS019,2025-11-27,2026-02-14,Completed,4.32,46
PRG0001936,STU00114,MOD00090,CRS012,2025-08-31,2025-09-02,Completed,1.15,51
PRG0001937,STU00114,MOD00093,CRS012,2025-09-04,2025-10-19,Completed,7.53,73
PRG0001938,STU00114,MOD00096,CRS012,2025-09-04,2025-08-29,Completed,8.08,66
PRG0001939,STU00114,MOD00097,CRS013,2026-01-19,2026-03-09,In Progress,5.96,26
PRG0001940,STU00114,MOD00098,CRS013,2026-01-28,2026-03-18,Completed,5.73,74
PRG0001941,STU00114,MOD00100,CRS013,2026-02-02,2026-01-31,Completed,2.31,4
PRG0001942,STU00114,MOD00101,CRS013,2026-02-10,2026-02-08,In Progress,2.07,36
PRG0001943,STU00114,MOD00102,CRS013,2026-01-25,2026-03-22,In Progress,3.11,28
PRG0001944,STU00114,MOD00025,CRS004,2025-10-19,2025-10-13,Completed,13.42,15
PRG0001945,STU00114,MOD00032,CRS004,2025-10-21,2025-11-30,In Progress,3.37,22
PRG0001946,STU00114,MOD00121,CRS016,2026-01-04,2026-01-05,Not Started,12.6,95
PRG0001947,STU00114,MOD00122,CRS016,2026-01-01,2026-01-09,Completed,2.69,0
PRG0001948,STU00114,MOD00123,CRS016,2026-01-01,2025-12-17,Completed,11.06,48
PRG0001949,STU00114,MOD00124,CRS016,2025-12-15,2026-01-30,Completed,3.64,52
PRG0001950,STU00114,MOD00126,CRS016,2025-12-28,2026-03-09,Completed,8.95,32
PRG0001951,STU00114,MOD00001,CRS001,2026-04-12,2026-05-22,Completed,8.52,54
PRG0001952,STU00114,MOD00002,CRS001,2026-04-14,2026-04-30,Completed,3.38,37
PRG0001953,STU00114,MOD00003,CRS001,2026-04-18,2026-04-26,In Progress,3.41,81
PRG0001954,STU00114,MOD00004,CRS001,2026-05-01,2026-05-13,Completed,6.04,71
PRG0001955,STU00114,MOD00005,CRS001,2026-04-23,2026-06-27,In Progress,2.73,72
PRG0001956,STU00114,MOD00006,CRS001,2026-04-08,2026-06-23,Completed,1.81,92
PRG0001957,STU00114,MOD00007,CRS001,2026-04-21,2026-04-29,Completed,2.23,30
PRG0001958,STU00114,MOD00008,CRS001,2026-04-30,2026-05-09,Completed,11.37,79
PRG0001959,STU00115,MOD00145,CRS019,2025-08-28,2025-08-19,Not Started,1.12,44
PRG0001960,STU00115,MOD00146,CRS019,2025-08-16,2025-08-18,In Progress,3.36,84
PRG0001961,STU00115,MOD00147,CRS019,2025-08-31,2025-08-18,Completed,5.23,89
PRG0001962,STU00115,MOD00148,CRS019,2025-08-31,2025-08-15,Completed,2.47,73
PRG0001963,STU00115,MOD00149,CRS019,2025-08-12,2025-08-11,In Progress,2.66,55
PRG0001964,STU00115,MOD00150,CRS019,2025-09-03,2025-10-08,Completed,1.54,18
PRG0001965,STU00115,MOD00151,CRS019,2025-09-06,2025-09-02,Completed,5.06,89
PRG0001966,STU00115,MOD00152,CRS019,2025-08-18,2025-08-31,In Progress,5.01,27
PRG0001967,STU00115,MOD00002,CRS001,2025-05-09,2025-06-06,Completed,10.42,91
PRG0001968,STU00115,MOD00033,CRS005,2025-04-13,2025-05-23,Completed,1.84,21
PRG0001969,STU00115,MOD00034,CRS005,2025-05-03,2025-06-07,Completed,12.32,31
PRG0001970,STU00115,MOD00035,CRS005,2025-04-20,2025-07-08,In Progress,2.14,51
PRG0001971,STU00115,MOD00036,CRS005,2025-04-17,2025-06-02,In Progress,3.08,61
PRG0001972,STU00115,MOD00037,CRS005,2025-04-25,2025-05-08,In Progress,1.4,7
PRG0001973,STU00115,MOD00038,CRS005,2025-04-29,2025-04-29,In Progress,13.24,39
PRG0001974,STU00115,MOD00039,CRS005,2025-05-04,2025-05-20,In Progress,4.5,34
PRG0001975,STU00115,MOD00040,CRS005,2025-05-04,2025-05-02,Not Started,7.89,95
PRG0001976,STU00115,MOD00014,CRS002,2025-04-25,2025-05-02,Completed,7.94,18
PRG0001977,STU00115,MOD00015,CRS002,2025-04-21,2025-06-08,In Progress,4.0,54
PRG0001978,STU00115,MOD00016,CRS002,2025-04-27,2025-05-21,Completed,1.49,19
PRG0001979,STU00115,MOD00025,CRS004,2025-12-11,2026-01-07,In Progress,10.86,91
PRG0001980,STU00115,MOD00027,CRS004,2025-12-31,2026-02-21,In Progress,1.43,92
PRG0001981,STU00115,MOD00028,CRS004,2025-12-10,2026-01-14,Completed,1.61,84
PRG0001982,STU00115,MOD00030,CRS004,2025-12-22,2026-02-06,Completed,3.81,68
PRG0001983,STU00115,MOD00032,CRS004,2025-12-28,2025-12-31,Completed,3.02,49
PRG0001984,STU00116,MOD00113,CRS015,2025-10-02,2025-09-24,Completed,10.52,26
PRG0001985,STU00116,MOD00114,CRS015,2025-10-06,2025-10-12,Completed,4.37,26
PRG0001986,STU00116,MOD00115,CRS015,2025-09-20,2025-11-29,Completed,1.96,71
PRG0001987,STU00116,MOD00116,CRS015,2025-09-29,2025-12-02,Completed,4.31,60
PRG0001988,STU00116,MOD00117,CRS015,2025-10-04,2025-10-26,In Progress,1.93,73
PRG0001989,STU00116,MOD00118,CRS015,2025-10-12,2025-11-17,Completed,11.71,22
PRG0001990,STU00116,MOD00119,CRS015,2025-10-06,2025-12-03,In Progress,7.01,33
PRG0001991,STU00116,MOD00120,CRS015,2025-10-17,2025-11-06,Completed,4.63,65
PRG0001992,STU00117,MOD00145,CRS019,2026-02-08,2026-02-21,Completed,1.24,100
PRG0001993,STU00117,MOD00146,CRS019,2026-02-16,2026-04-08,Completed,4.48,65
PRG0001994,STU00117,MOD00147,CRS019,2026-02-24,2026-04-01,Completed,5.5,52
PRG0001995,STU00117,MOD00148,CRS019,2026-02-27,2026-03-16,In Progress,8.27,62
PRG0001996,STU00117,MOD00149,CRS019,2026-02-16,2026-03-09,In Progress,3.85,69
PRG0001997,STU00117,MOD00150,CRS019,2026-02-20,2026-02-23,Completed,1.17,14
PRG0001998,STU00117,MOD00151,CRS019,2026-02-15,2026-02-27,Completed,8.96,7
PRG0001999,STU00117,MOD00152,CRS019,2026-02-25,2026-02-25,Completed,2.77,36
PRG0002000,STU00117,MOD00065,CRS009,2025-09-15,2025-08-28,Completed,3.1,86
PRG0002001,STU00117,MOD00066,CRS009,2025-08-29,2025-09-26,Completed,1.13,7
PRG0002002,STU00117,MOD00067,CRS009,2025-09-01,2025-09-08,Completed,3.25,3
PRG0002003,STU00117,MOD00068,CRS009,2025-09-11,2025-10-25,Completed,1.35,77
PRG0002004,STU00117,MOD00069,CRS009,2025-09-05,2025-09-17,Completed,10.63,20
PRG0002005,STU00117,MOD00070,CRS009,2025-08-25,2025-10-19,Completed,9.51,31
PRG0002006,STU00117,MOD00071,CRS009,2025-08-28,2025-11-05,Completed,13.25,94
PRG0002007,STU00117,MOD00072,CRS009,2025-09-10,2025-09-08,Completed,1.68,73
PRG0002008,STU00118,MOD00017,CRS003,2025-08-05,2025-10-04,Completed,1.41,43
PRG0002009,STU00118,MOD00018,CRS003,2025-08-15,2025-10-13,Completed,4.0,8
PRG0002010,STU00118,MOD00020,CRS003,2025-08-30,2025-08-17,Completed,4.26,52
PRG0002011,STU00118,MOD00023,CRS003,2025-08-07,2025-08-31,In Progress,1.98,5
PRG0002012,STU00118,MOD00133,CRS017,2026-01-18,2026-03-05,Completed,14.2,3
PRG0002013,STU00119,MOD00001,CRS001,2026-01-31,2026-03-26,Completed,3.53,43
PRG0002014,STU00119,MOD00002,CRS001,2026-02-11,2026-03-21,Completed,3.28,78
PRG0002015,STU00119,MOD00003,CRS001,2026-02-18,2026-04-10,Completed,4.07,81
PRG0002016,STU00119,MOD00004,CRS001,2026-01-29,2026-02-15,In Progress,6.69,96
PRG0002017,STU00119,MOD00005,CRS001,2026-02-14,2026-03-13,Not Started,2.41,37
PRG0002018,STU00119,MOD00006,CRS001,2026-02-11,2026-04-07,Completed,3.97,76
PRG0002019,STU00119,MOD00007,CRS001,2026-02-21,2026-04-01,Completed,8.14,66
PRG0002020,STU00119,MOD00008,CRS001,2026-02-03,2026-04-27,In Progress,11.06,32
PRG0002021,STU00119,MOD00093,CRS012,2025-11-13,2025-12-23,Completed,7.64,39
PRG0002022,STU00119,MOD00094,CRS012,2025-11-17,2025-11-29,In Progress,1.95,36
PRG0002023,STU00119,MOD00122,CRS016,2025-05-09,2025-06-19,Completed,1.84,92
PRG0002024,STU00119,MOD00128,CRS016,2025-05-16,2025-05-15,Completed,8.49,64
PRG0002025,STU00119,MOD00057,CRS008,2025-06-19,2025-08-23,Completed,8.07,47
PRG0002026,STU00119,MOD00058,CRS008,2025-06-29,2025-08-02,Not Started,5.56,14
PRG0002027,STU00119,MOD00059,CRS008,2025-06-28,2025-08-06,Completed,5.9,16
PRG0002028,STU00119,MOD00060,CRS008,2025-07-04,2025-07-27,Completed,8.43,18
PRG0002029,STU00119,MOD00061,CRS008,2025-07-17,2025-09-08,Completed,6.35,43
PRG0002030,STU00119,MOD00062,CRS008,2025-07-06,2025-08-15,In Progress,1.81,6
PRG0002031,STU00119,MOD00063,CRS008,2025-07-02,2025-09-06,Completed,3.62,33
PRG0002032,STU00119,MOD00064,CRS008,2025-06-23,2025-09-15,Completed,10.22,33
PRG0002033,STU00120,MOD00113,CRS015,2026-04-11,2026-04-28,Completed,6.69,71
PRG0002034,STU00120,MOD00114,CRS015,2026-04-21,2026-04-07,Not Started,2.44,74
PRG0002035,STU00120,MOD00115,CRS015,2026-04-11,2026-04-14,Completed,1.69,72
PRG0002036,STU00120,MOD00117,CRS015,2026-04-09,2026-05-11,Completed,2.75,44
PRG0002037,STU00120,MOD00025,CRS004,2025-12-06,2025-12-17,In Progress,1.99,54
PRG0002038,STU00120,MOD00026,CRS004,2025-12-21,2025-12-17,Completed,1.15,3
PRG0002039,STU00120,MOD00027,CRS004,2025-12-07,2026-02-09,In Progress,1.24,51
PRG0002040,STU00120,MOD00028,CRS004,2025-12-21,2026-02-05,Not Started,1.57,12
PRG0002041,STU00120,MOD00029,CRS004,2025-12-12,2026-02-03,Completed,1.31,13
PRG0002042,STU00120,MOD00030,CRS004,2025-12-08,2026-01-25,Not Started,8.25,2
PRG0002043,STU00120,MOD00031,CRS004,2025-12-14,2026-02-22,Completed,3.18,55
PRG0002044,STU00120,MOD00032,CRS004,2025-12-25,2026-01-29,In Progress,2.61,94
PRG0002045,STU00120,MOD00065,CRS009,2026-01-31,2026-03-31,In Progress,1.74,10
PRG0002046,STU00120,MOD00066,CRS009,2026-02-10,2026-03-21,Completed,8.66,9
PRG0002047,STU00120,MOD00067,CRS009,2026-02-17,2026-02-26,Completed,1.09,85
PRG0002048,STU00120,MOD00068,CRS009,2026-02-03,2026-03-17,Completed,4.16,82
PRG0002049,STU00120,MOD00069,CRS009,2026-01-27,2026-04-20,Not Started,7.23,9
PRG0002050,STU00120,MOD00070,CRS009,2026-01-29,2026-02-28,In Progress,6.45,58
PRG0002051,STU00120,MOD00071,CRS009,2026-02-13,2026-03-05,Not Started,9.84,71
PRG0002052,STU00120,MOD00009,CRS002,2025-12-08,2026-01-12,Not Started,3.69,74
PRG0002053,STU00120,MOD00010,CRS002,2025-12-16,2026-01-16,Completed,5.65,24
PRG0002054,STU00120,MOD00011,CRS002,2025-12-17,2026-01-10,Completed,3.1,10
PRG0002055,STU00120,MOD00012,CRS002,2025-12-21,2026-03-01,In Progress,4.26,43
PRG0002056,STU00120,MOD00013,CRS002,2025-12-28,2025-12-24,Completed,4.48,51
PRG0002057,STU00120,MOD00014,CRS002,2025-12-30,2025-12-18,In Progress,13.92,60
PRG0002058,STU00120,MOD00015,CRS002,2025-12-23,2025-12-17,Not Started,4.39,41
PRG0002059,STU00120,MOD00016,CRS002,2025-12-20,2026-02-09,In Progress,8.16,73
PRG0002060,STU00120,MOD00097,CRS013,2025-12-12,2025-12-09,Completed,9.94,20
PRG0002061,STU00120,MOD00098,CRS013,2025-12-07,2025-12-20,Completed,3.14,10
PRG0002062,STU00120,MOD00099,CRS013,2025-12-21,2026-01-20,In Progress,2.69,7
PRG0002063,STU00120,MOD00100,CRS013,2025-12-29,2026-01-07,Completed,4.76,27
PRG0002064,STU00120,MOD00101,CRS013,2025-12-20,2025-12-19,Completed,3.85,15
PRG0002065,STU00120,MOD00102,CRS013,2025-12-02,2026-01-05,Not Started,4.31,70
PRG0002066,STU00120,MOD00103,CRS013,2025-12-16,2026-02-08,Completed,8.42,40
PRG0002067,STU00120,MOD00104,CRS013,2025-12-29,2026-02-02,Completed,5.57,58
PRG0002068,STU00121,MOD00001,CRS001,2026-01-22,2026-02-14,Completed,8.13,5
PRG0002069,STU00121,MOD00004,CRS001,2026-01-28,2026-03-01,Completed,4.76,100
PRG0002070,STU00121,MOD00005,CRS001,2026-02-17,2026-03-08,In Progress,3.94,55
PRG0002071,STU00121,MOD00008,CRS001,2026-02-16,2026-01-30,Completed,9.9,53
PRG0002072,STU00121,MOD00049,CRS007,2026-02-01,2026-03-17,In Progress,5.26,95
PRG0002073,STU00121,MOD00050,CRS007,2026-02-02,2026-03-04,Completed,5.15,99
PRG0002074,STU00121,MOD00056,CRS007,2026-01-24,2026-02-04,In Progress,5.55,25
PRG0002075,STU00122,MOD00075,CRS010,2025-12-07,2025-12-30,Completed,10.6,89
PRG0002076,STU00122,MOD00077,CRS010,2025-12-03,2025-12-11,Completed,2.26,90
PRG0002077,STU00122,MOD00078,CRS010,2025-11-24,2026-01-10,Completed,1.76,37
PRG0002078,STU00122,MOD00009,CRS002,2025-12-29,2026-03-22,Completed,1.61,5
PRG0002079,STU00122,MOD00010,CRS002,2026-01-08,2026-01-09,Completed,1.1,37
PRG0002080,STU00122,MOD00014,CRS002,2026-01-09,2026-01-08,Completed,2.92,55
PRG0002081,STU00122,MOD00015,CRS002,2026-01-26,2026-02-28,Completed,8.84,23
PRG0002082,STU00122,MOD00140,CRS018,2026-04-09,2026-05-13,Not Started,2.09,52
PRG0002083,STU00122,MOD00142,CRS018,2026-04-17,2026-07-03,In Progress,5.95,29
PRG0002084,STU00123,MOD00126,CRS016,2025-08-06,2025-09-26,Completed,6.76,52
PRG0002085,STU00123,MOD00105,CRS014,2025-12-23,2025-12-16,In Progress,5.95,89
PRG0002086,STU00123,MOD00106,CRS014,2026-01-08,2026-02-22,Completed,2.48,87
PRG0002087,STU00123,MOD00107,CRS014,2025-12-25,2026-02-09,In Progress,2.9,16
PRG0002088,STU00123,MOD00108,CRS014,2026-01-02,2026-01-25,Completed,2.26,66
PRG0002089,STU00123,MOD00109,CRS014,2025-12-11,2026-02-25,Completed,8.76,59
PRG0002090,STU00123,MOD00110,CRS014,2026-01-06,2026-02-25,Not Started,2.39,0
PRG0002091,STU00123,MOD00111,CRS014,2025-12-12,2026-02-22,Completed,5.46,81
PRG0002092,STU00123,MOD00112,CRS014,2026-01-04,2026-02-26,Not Started,12.01,76
PRG0002093,STU00123,MOD00058,CRS008,2026-02-09,2026-04-05,Completed,10.23,45
PRG0002094,STU00123,MOD00059,CRS008,2026-02-19,2026-03-06,Completed,4.72,62
PRG0002095,STU00123,MOD00060,CRS008,2026-01-28,2026-02-05,Completed,3.27,13
PRG0002096,STU00123,MOD00061,CRS008,2026-02-21,2026-03-02,Completed,9.49,82
PRG0002097,STU00123,MOD00062,CRS008,2026-01-24,2026-04-03,In Progress,3.07,14
PRG0002098,STU00123,MOD00064,CRS008,2026-02-16,2026-04-10,In Progress,6.1,75
PRG0002099,STU00123,MOD00025,CRS004,2025-10-14,2025-11-29,Completed,7.13,43
PRG0002100,STU00123,MOD00026,CRS004,2025-11-02,2026-01-05,Completed,1.86,21
PRG0002101,STU00123,MOD00027,CRS004,2025-10-10,2025-12-20,Completed,1.69,21
PRG0002102,STU00123,MOD00028,CRS004,2025-11-02,2025-11-06,In Progress,3.0,52
PRG0002103,STU00123,MOD00029,CRS004,2025-11-05,2025-12-24,Completed,1.44,38
PRG0002104,STU00123,MOD00030,CRS004,2025-10-13,2025-12-23,In Progress,7.86,88
PRG0002105,STU00123,MOD00031,CRS004,2025-10-26,2025-10-26,In Progress,2.3,40
PRG0002106,STU00123,MOD00032,CRS004,2025-10-25,2025-12-13,Not Started,1.65,92
PRG0002107,STU00124,MOD00105,CRS014,2025-08-22,2025-10-04,In Progress,10.52,58
PRG0002108,STU00124,MOD00106,CRS014,2025-07-25,2025-09-21,Completed,1.01,90
PRG0002109,STU00124,MOD00112,CRS014,2025-07-30,2025-07-26,Completed,5.3,95
PRG0002110,STU00124,MOD00097,CRS013,2025-08-09,2025-09-18,Completed,3.35,23
PRG0002111,STU00124,MOD00098,CRS013,2025-08-10,2025-09-20,In Progress,1.18,79
PRG0002112,STU00124,MOD00099,CRS013,2025-08-16,2025-08-17,Not Started,2.54,67
PRG0002113,STU00124,MOD00100,CRS013,2025-08-22,2025-08-02,In Progress,2.48,76
PRG0002114,STU00124,MOD00101,CRS013,2025-08-09,2025-08-31,In Progress,3.89,13
PRG0002115,STU00124,MOD00102,CRS013,2025-08-17,2025-09-13,Not Started,3.4,31
PRG0002116,STU00124,MOD00103,CRS013,2025-08-14,2025-09-18,Not Started,8.05,66
PRG0002117,STU00124,MOD00104,CRS013,2025-08-10,2025-08-07,Completed,11.45,11
PRG0002118,STU00125,MOD00001,CRS001,2025-07-15,2025-06-25,Completed,1.41,5
PRG0002119,STU00125,MOD00002,CRS001,2025-07-24,2025-08-02,Completed,2.17,83
PRG0002120,STU00125,MOD00003,CRS001,2025-07-08,2025-09-19,Not Started,1.38,55
PRG0002121,STU00125,MOD00004,CRS001,2025-07-06,2025-09-17,Completed,2.91,16
PRG0002122,STU00125,MOD00005,CRS001,2025-07-06,2025-09-11,In Progress,7.97,91
PRG0002123,STU00125,MOD00006,CRS001,2025-07-05,2025-09-06,Completed,1.27,35
PRG0002124,STU00125,MOD00007,CRS001,2025-06-26,2025-08-05,Completed,7.88,65
PRG0002125,STU00125,MOD00008,CRS001,2025-07-12,2025-07-15,Completed,6.53,15
PRG0002126,STU00125,MOD00105,CRS014,2025-11-22,2025-11-13,Completed,1.14,97
PRG0002127,STU00125,MOD00106,CRS014,2025-11-22,2025-11-02,Completed,2.94,81
PRG0002128,STU00125,MOD00107,CRS014,2025-11-03,2025-12-15,Completed,1.78,0
PRG0002129,STU00125,MOD00108,CRS014,2025-11-12,2026-01-13,Completed,1.49,62
PRG0002130,STU00125,MOD00109,CRS014,2025-11-09,2025-11-12,Completed,1.41,58
PRG0002131,STU00125,MOD00110,CRS014,2025-11-17,2025-12-20,Completed,2.65,19
PRG0002132,STU00125,MOD00111,CRS014,2025-11-02,2026-01-05,Completed,8.65,39
PRG0002133,STU00125,MOD00112,CRS014,2025-11-13,2026-01-20,Completed,10.45,63
PRG0002134,STU00126,MOD00057,CRS008,2025-11-15,2026-01-22,Completed,9.93,36
PRG0002135,STU00126,MOD00058,CRS008,2025-11-26,2026-01-14,In Progress,2.79,94
PRG0002136,STU00126,MOD00059,CRS008,2025-12-04,2025-11-23,Completed,7.71,17
PRG0002137,STU00126,MOD00060,CRS008,2025-12-01,2026-01-27,Completed,4.73,85
PRG0002138,STU00126,MOD00061,CRS008,2025-11-08,2025-11-28,Completed,4.27,68
PRG0002139,STU00126,MOD00062,CRS008,2025-11-11,2026-01-10,Not Started,4.34,75
PRG0002140,STU00126,MOD00063,CRS008,2025-11-19,2026-01-01,In Progress,6.16,49
PRG0002141,STU00126,MOD00137,CRS018,2025-12-09,2026-01-26,Completed,2.8,30
PRG0002142,STU00126,MOD00138,CRS018,2025-12-25,2026-01-12,Completed,2.72,15
PRG0002143,STU00126,MOD00139,CRS018,2025-12-21,2025-12-22,In Progress,11.94,58
PRG0002144,STU00126,MOD00140,CRS018,2025-12-26,2025-12-26,Completed,3.84,67
PRG0002145,STU00126,MOD00141,CRS018,2025-12-27,2025-12-13,Completed,9.29,68
PRG0002146,STU00126,MOD00142,CRS018,2025-12-20,2026-01-25,In Progress,11.41,83
PRG0002147,STU00126,MOD00144,CRS018,2025-12-30,2026-01-07,In Progress,1.44,73
PRG0002148,STU00127,MOD00097,CRS013,2025-10-23,2025-11-22,Completed,7.08,37
PRG0002149,STU00127,MOD00098,CRS013,2025-11-08,2025-12-17,In Progress,2.95,87
PRG0002150,STU00127,MOD00099,CRS013,2025-10-31,2026-01-10,In Progress,2.66,61
PRG0002151,STU00127,MOD00100,CRS013,2025-11-13,2026-01-17,In Progress,4.28,37
PRG0002152,STU00127,MOD00101,CRS013,2025-11-08,2025-12-05,Completed,4.11,30
PRG0002153,STU00127,MOD00102,CRS013,2025-10-24,2026-01-05,Completed,1.46,18
PRG0002154,STU00127,MOD00103,CRS013,2025-11-12,2025-12-19,In Progress,5.85,22
PRG0002155,STU00127,MOD00104,CRS013,2025-11-02,2025-10-29,Completed,1.65,7
PRG0002156,STU00127,MOD00057,CRS008,2025-08-03,2025-08-14,In Progress,2.94,43
PRG0002157,STU00127,MOD00059,CRS008,2025-07-27,2025-08-31,Completed,3.9,63
PRG0002158,STU00127,MOD00061,CRS008,2025-08-14,2025-09-11,Completed,11.8,61
PRG0002159,STU00127,MOD00062,CRS008,2025-08-09,2025-10-06,Completed,2.78,69
PRG0002160,STU00127,MOD00063,CRS008,2025-08-11,2025-08-25,In Progress,2.44,6
PRG0002161,STU00127,MOD00064,CRS008,2025-08-10,2025-09-08,In Progress,12.36,51
PRG0002162,STU00127,MOD00017,CRS003,2025-10-22,2025-11-08,Completed,7.53,59
PRG0002163,STU00127,MOD00018,CRS003,2025-11-11,2025-11-10,In Progress,14.78,61
PRG0002164,STU00127,MOD00019,CRS003,2025-11-11,2025-12-08,Completed,5.19,67
PRG0002165,STU00127,MOD00020,CRS003,2025-11-16,2025-12-03,Completed,2.92,44
PRG0002166,STU00127,MOD00021,CRS003,2025-11-15,2025-12-18,Completed,9.35,45
PRG0002167,STU00127,MOD00022,CRS003,2025-11-04,2025-10-25,Completed,4.89,74
PRG0002168,STU00127,MOD00024,CRS003,2025-11-05,2025-12-18,Completed,14.71,60
PRG0002169,STU00128,MOD00073,CRS010,2026-02-07,2026-02-21,Completed,2.68,74
PRG0002170,STU00128,MOD00074,CRS010,2026-01-17,2026-03-31,Completed,6.53,36
PRG0002171,STU00128,MOD00077,CRS010,2026-01-20,2026-04-05,Completed,8.08,100
PRG0002172,STU00128,MOD00078,CRS010,2026-02-13,2026-01-20,In Progress,2.56,71
PRG0002173,STU00128,MOD00079,CRS010,2026-02-14,2026-03-08,In Progress,1.75,54
PRG0002174,STU00128,MOD00080,CRS010,2026-02-04,2026-01-31,Completed,2.91,29
PRG0002175,STU00128,MOD00009,CRS002,2026-01-16,2026-03-21,Completed,1.67,50
PRG0002176,STU00129,MOD00153,CRS020,2026-02-05,2026-04-18,In Progress,1.87,64
PRG0002177,STU00129,MOD00154,CRS020,2026-02-24,2026-04-08,In Progress,5.15,35
PRG0002178,STU00129,MOD00155,CRS020,2026-02-22,2026-04-19,Completed,5.95,42
PRG0002179,STU00129,MOD00156,CRS020,2026-03-04,2026-03-06,In Progress,2.9,56
PRG0002180,STU00129,MOD00157,CRS020,2026-03-02,2026-03-04,Completed,2.73,78
PRG0002181,STU00129,MOD00158,CRS020,2026-02-07,2026-02-11,Completed,1.19,19
PRG0002182,STU00129,MOD00159,CRS020,2026-02-12,2026-03-24,Completed,3.6,21
PRG0002183,STU00129,MOD00160,CRS020,2026-02-07,2026-02-22,Completed,1.2,79
PRG0002184,STU00129,MOD00053,CRS007,2025-07-24,2025-08-25,Completed,4.11,62
PRG0002185,STU00129,MOD00055,CRS007,2025-08-12,2025-09-27,Completed,1.64,69
PRG0002186,STU00130,MOD00073,CRS010,2025-12-03,2026-02-20,Completed,13.1,26
PRG0002187,STU00130,MOD00074,CRS010,2025-12-22,2025-12-17,In Progress,1.22,53
PRG0002188,STU00130,MOD00075,CRS010,2025-12-06,2026-01-20,In Progress,10.2,76
PRG0002189,STU00130,MOD00076,CRS010,2025-11-28,2026-02-02,Completed,1.31,68
PRG0002190,STU00130,MOD00077,CRS010,2025-12-04,2025-12-10,Completed,9.05,48
PRG0002191,STU00130,MOD00078,CRS010,2025-12-05,2026-02-07,Completed,1.26,52
PRG0002192,STU00130,MOD00079,CRS010,2025-12-04,2026-02-11,In Progress,2.99,8
PRG0002193,STU00130,MOD00080,CRS010,2025-11-24,2026-01-11,In Progress,1.52,51
PRG0002194,STU00130,MOD00011,CRS002,2025-05-04,2025-06-15,In Progress,2.18,69
PRG0002195,STU00130,MOD00014,CRS002,2025-05-05,2025-06-22,Completed,9.63,72
PRG0002196,STU00131,MOD00145,CRS019,2026-01-23,2026-04-21,Completed,3.84,53
PRG0002197,STU00131,MOD00146,CRS019,2026-02-06,2026-02-07,Completed,2.13,32
PRG0002198,STU00131,MOD00147,CRS019,2026-02-02,2026-03-01,In Progress,2.33,83
PRG0002199,STU00131,MOD00148,CRS019,2026-01-26,2026-04-09,Completed,10.55,49
PRG0002200,STU00131,MOD00149,CRS019,2026-02-16,2026-02-22,In Progress,2.84,25
PRG0002201,STU00131,MOD00150,CRS019,2026-02-09,2026-04-15,In Progress,1.38,28
PRG0002202,STU00131,MOD00151,CRS019,2026-02-07,2026-04-16,Not Started,4.42,42
PRG0002203,STU00131,MOD00152,CRS019,2026-01-24,2026-01-23,Not Started,1.48,55
PRG0002204,STU00131,MOD00058,CRS008,2026-02-11,2026-02-25,Completed,8.67,39
PRG0002205,STU00131,MOD00059,CRS008,2026-02-10,2026-01-22,In Progress,3.3,77
PRG0002206,STU00131,MOD00062,CRS008,2026-02-20,2026-03-17,Completed,4.22,91
PRG0002207,STU00131,MOD00064,CRS008,2026-02-05,2026-03-04,Completed,9.85,52
PRG0002208,STU00131,MOD00041,CRS006,2026-02-02,2026-01-30,Not Started,1.94,100
PRG0002209,STU00131,MOD00042,CRS006,2026-02-08,2026-01-28,In Progress,5.89,38
PRG0002210,STU00131,MOD00043,CRS006,2026-02-19,2026-04-16,Not Started,1.47,80
PRG0002211,STU00131,MOD00044,CRS006,2026-01-30,2026-03-07,Completed,2.09,54
PRG0002212,STU00131,MOD00045,CRS006,2026-02-07,2026-03-02,Completed,1.08,89
PRG0002213,STU00131,MOD00046,CRS006,2026-01-25,2026-02-01,Completed,6.35,30
PRG0002214,STU00131,MOD00047,CRS006,2026-01-31,2026-04-17,In Progress,10.75,46
PRG0002215,STU00131,MOD00048,CRS006,2026-02-12,2026-02-03,In Progress,1.0,18
PRG0002216,STU00131,MOD00009,CRS002,2026-02-19,2026-02-21,Completed,8.54,22
PRG0002217,STU00131,MOD00010,CRS002,2026-02-15,2026-04-21,Completed,4.86,71
PRG0002218,STU00131,MOD00011,CRS002,2026-02-19,2026-03-25,Completed,3.39,68
PRG0002219,STU00131,MOD00012,CRS002,2026-02-06,2026-02-09,Completed,6.15,44
PRG0002220,STU00131,MOD00015,CRS002,2026-02-08,2026-03-13,In Progress,8.38,22
PRG0002221,STU00131,MOD00016,CRS002,2026-01-24,2026-02-16,Not Started,1.02,13
PRG0002222,STU00132,MOD00145,CRS019,2025-04-18,2025-04-30,Completed,3.64,2
PRG0002223,STU00132,MOD00146,CRS019,2025-04-12,2025-06-29,In Progress,4.34,54
PRG0002224,STU00132,MOD00147,CRS019,2025-04-25,2025-05-10,Completed,3.67,11
PRG0002225,STU00132,MOD00148,CRS019,2025-05-07,2025-06-21,In Progress,4.4,89
PRG0002226,STU00132,MOD00149,CRS019,2025-04-30,2025-06-09,In Progress,2.26,59
PRG0002227,STU00132,MOD00150,CRS019,2025-04-13,2025-05-20,Completed,8.12,17
PRG0002228,STU00132,MOD00151,CRS019,2025-04-18,2025-05-09,Completed,2.87,6
PRG0002229,STU00132,MOD00152,CRS019,2025-04-29,2025-05-03,Completed,3.01,7
PRG0002230,STU00132,MOD00066,CRS009,2025-07-14,2025-09-10,Completed,8.14,49
PRG0002231,STU00132,MOD00067,CRS009,2025-08-06,2025-10-11,Completed,3.47,67
PRG0002232,STU00132,MOD00068,CRS009,2025-07-19,2025-09-21,In Progress,1.53,58
PRG0002233,STU00132,MOD00069,CRS009,2025-07-13,2025-10-09,Completed,1.46,52
PRG0002234,STU00132,MOD00070,CRS009,2025-07-22,2025-08-04,In Progress,5.43,27
PRG0002235,STU00132,MOD00071,CRS009,2025-07-16,2025-10-06,Completed,10.86,69
PRG0002236,STU00132,MOD00072,CRS009,2025-08-04,2025-08-27,Not Started,6.21,25
PRG0002237,STU00132,MOD00109,CRS014,2025-07-09,2025-09-12,Completed,10.71,61
PRG0002238,STU00132,MOD00081,CRS011,2025-08-18,2025-10-18,Completed,2.29,42
PRG0002239,STU00132,MOD00082,CRS011,2025-08-21,2025-10-24,In Progress,6.65,8
PRG0002240,STU00132,MOD00083,CRS011,2025-08-31,2025-08-18,In Progress,1.75,15
PRG0002241,STU00132,MOD00084,CRS011,2025-08-27,2025-10-25,Completed,1.81,33
PRG0002242,STU00132,MOD00085,CRS011,2025-09-05,2025-10-14,Completed,3.27,11
PRG0002243,STU00132,MOD00086,CRS011,2025-09-10,2025-11-03,In Progress,3.9,36
PRG0002244,STU00132,MOD00087,CRS011,2025-09-12,2025-09-03,In Progress,1.47,41
PRG0002245,STU00132,MOD00088,CRS011,2025-08-26,2025-09-03,Not Started,3.08,97
PRG0002246,STU00132,MOD00153,CRS020,2025-08-24,2025-09-28,Not Started,10.88,40
PRG0002247,STU00132,MOD00154,CRS020,2025-08-13,2025-10-10,In Progress,1.61,39
PRG0002248,STU00132,MOD00155,CRS020,2025-08-18,2025-08-18,Completed,1.14,45
PRG0002249,STU00132,MOD00156,CRS020,2025-09-08,2025-08-29,In Progress,3.49,1
PRG0002250,STU00132,MOD00157,CRS020,2025-09-01,2025-10-25,Completed,2.13,17
PRG0002251,STU00132,MOD00158,CRS020,2025-08-18,2025-08-27,In Progress,4.9,93
PRG0002252,STU00132,MOD00159,CRS020,2025-08-31,2025-09-22,Completed,3.7,8
PRG0002253,STU00132,MOD00160,CRS020,2025-08-16,2025-09-12,Not Started,2.0,21
PRG0002254,STU00133,MOD00106,CRS014,2026-02-18,2026-04-14,Completed,3.04,80
PRG0002255,STU00133,MOD00107,CRS014,2026-03-07,2026-05-03,In Progress,5.92,16
PRG0002256,STU00133,MOD00109,CRS014,2026-02-26,2026-04-27,Completed,12.82,75
PRG0002257,STU00133,MOD00137,CRS018,2026-03-04,2026-03-23,Completed,2.96,58
PRG0002258,STU00133,MOD00138,CRS018,2026-03-03,2026-05-06,Completed,5.31,8
PRG0002259,STU00133,MOD00139,CRS018,2026-03-11,2026-03-06,Completed,12.4,61
PRG0002260,STU00133,MOD00140,CRS018,2026-02-22,2026-03-05,In Progress,4.53,25
PRG0002261,STU00133,MOD00141,CRS018,2026-02-28,2026-04-21,Completed,5.04,86
PRG0002262,STU00133,MOD00142,CRS018,2026-02-21,2026-03-06,Completed,5.04,86
PRG0002263,STU00133,MOD00143,CRS018,2026-03-13,2026-04-18,Completed,3.04,50
PRG0002264,STU00133,MOD00144,CRS018,2026-02-21,2026-04-02,Completed,5.11,90
PRG0002265,STU00134,MOD00121,CRS016,2025-11-03,2025-11-28,Completed,2.7,55
PRG0002266,STU00134,MOD00122,CRS016,2025-10-23,2026-01-17,Completed,2.81,27
PRG0002267,STU00134,MOD00123,CRS016,2025-10-29,2025-11-23,Completed,7.17,30
PRG0002268,STU00134,MOD00124,CRS016,2025-10-21,2025-12-17,Not Started,5.37,95
PRG0002269,STU00134,MOD00126,CRS016,2025-11-14,2025-12-21,Completed,8.66,92
PRG0002270,STU00134,MOD00127,CRS016,2025-10-24,2025-10-28,Completed,8.62,13
PRG0002271,STU00134,MOD00128,CRS016,2025-11-07,2025-10-29,In Progress,9.22,69
PRG0002272,STU00135,MOD00001,CRS001,2025-09-21,2025-10-28,In Progress,11.5,33
PRG0002273,STU00135,MOD00002,CRS001,2025-09-05,2025-09-13,Not Started,7.28,2
PRG0002274,STU00135,MOD00007,CRS001,2025-09-29,2025-10-05,Completed,8.56,7
PRG0002275,STU00135,MOD00008,CRS001,2025-09-17,2025-10-13,Completed,2.4,65
PRG0002276,STU00136,MOD00081,CRS011,2026-02-19,2026-04-03,Completed,1.21,60
PRG0002277,STU00136,MOD00082,CRS011,2026-02-23,2026-02-24,Completed,5.49,17
PRG0002278,STU00136,MOD00083,CRS011,2026-02-09,2026-02-26,In Progress,1.08,51
PRG0002279,STU00136,MOD00084,CRS011,2026-02-22,2026-04-21,Completed,2.66,79
PRG0002280,STU00136,MOD00085,CRS011,2026-02-27,2026-04-02,Completed,4.06,58
PRG0002281,STU00136,MOD00086,CRS011,2026-02-14,2026-04-19,Completed,1.49,9
PRG0002282,STU00136,MOD00087,CRS011,2026-02-27,2026-02-05,In Progress,1.96,61
PRG0002283,STU00136,MOD00088,CRS011,2026-02-24,2026-04-07,In Progress,5.99,92
PRG0002284,STU00137,MOD00138,CRS018,2025-08-02,2025-08-12,Completed,4.15,15
PRG0002285,STU00137,MOD00139,CRS018,2025-07-20,2025-08-24,Completed,1.69,16
PRG0002286,STU00137,MOD00140,CRS018,2025-07-05,2025-07-17,Not Started,2.72,46
PRG0002287,STU00137,MOD00142,CRS018,2025-07-26,2025-08-15,Not Started,9.4,65
PRG0002288,STU00137,MOD00144,CRS018,2025-08-01,2025-09-23,In Progress,3.43,48
PRG0002289,STU00137,MOD00049,CRS007,2025-06-24,2025-08-04,In Progress,4.62,51
PRG0002290,STU00137,MOD00050,CRS007,2025-06-28,2025-07-08,In Progress,7.2,13
PRG0002291,STU00137,MOD00051,CRS007,2025-06-12,2025-08-10,Completed,5.86,0
PRG0002292,STU00137,MOD00052,CRS007,2025-06-19,2025-07-28,Completed,2.06,32
PRG0002293,STU00137,MOD00053,CRS007,2025-06-25,2025-07-06,Completed,2.61,39
PRG0002294,STU00137,MOD00054,CRS007,2025-06-23,2025-06-25,Not Started,4.92,10
PRG0002295,STU00137,MOD00056,CRS007,2025-07-01,2025-08-02,Completed,2.87,91
PRG0002296,STU00137,MOD00017,CRS003,2025-08-04,2025-08-11,Completed,5.36,64
PRG0002297,STU00137,MOD00018,CRS003,2025-07-25,2025-07-26,Completed,12.92,83
PRG0002298,STU00137,MOD00019,CRS003,2025-07-21,2025-07-25,In Progress,5.33,75
PRG0002299,STU00137,MOD00020,CRS003,2025-07-19,2025-07-22,In Progress,2.17,87
PRG0002300,STU00137,MOD00021,CRS003,2025-08-12,2025-09-11,Not Started,14.83,83
PRG0002301,STU00137,MOD00022,CRS003,2025-08-07,2025-08-21,Not Started,5.42,15
PRG0002302,STU00137,MOD00023,CRS003,2025-07-18,2025-09-28,Completed,3.8,91
PRG0002303,STU00137,MOD00024,CRS003,2025-07-26,2025-09-03,Completed,2.27,56
PRG0002304,STU00137,MOD00037,CRS005,2025-07-05,2025-09-06,In Progress,3.25,54
PRG0002305,STU00137,MOD00038,CRS005,2025-07-06,2025-08-26,In Progress,2.91,48
PRG0002306,STU00137,MOD00040,CRS005,2025-07-02,2025-09-16,Completed,11.18,13
PRG0002307,STU00138,MOD00041,CRS006,2025-08-09,2025-09-18,Completed,5.9,19
PRG0002308,STU00138,MOD00042,CRS006,2025-08-22,2025-08-07,Completed,1.5,83
PRG0002309,STU00138,MOD00043,CRS006,2025-08-14,2025-10-20,Completed,2.36,74
PRG0002310,STU00138,MOD00044,CRS006,2025-08-29,2025-09-24,Completed,1.37,95
PRG0002311,STU00138,MOD00045,CRS006,2025-08-16,2025-08-29,In Progress,1.87,39
PRG0002312,STU00138,MOD00046,CRS006,2025-08-13,2025-10-16,Completed,1.98,89
PRG0002313,STU00138,MOD00047,CRS006,2025-08-25,2025-10-02,Completed,13.29,85
PRG0002314,STU00138,MOD00048,CRS006,2025-08-21,2025-11-01,In Progress,2.25,44
PRG0002315,STU00138,MOD00097,CRS013,2025-12-19,2026-01-08,In Progress,1.11,64
PRG0002316,STU00138,MOD00098,CRS013,2025-12-27,2025-12-13,Completed,5.98,49
PRG0002317,STU00138,MOD00099,CRS013,2025-12-18,2025-12-12,Completed,1.08,81
PRG0002318,STU00138,MOD00100,CRS013,2025-12-17,2026-03-03,Completed,4.39,76
PRG0002319,STU00138,MOD00101,CRS013,2026-01-05,2026-01-18,In Progress,2.46,28
PRG0002320,STU00138,MOD00102,CRS013,2025-12-18,2026-01-22,In Progress,3.63,81
PRG0002321,STU00138,MOD00103,CRS013,2025-12-16,2026-02-04,Completed,8.6,2
PRG0002322,STU00138,MOD00104,CRS013,2025-12-31,2026-02-10,Completed,12.84,52
PRG0002323,STU00138,MOD00066,CRS009,2025-09-18,2025-09-17,Completed,7.34,54
PRG0002324,STU00138,MOD00067,CRS009,2025-08-29,2025-10-16,Completed,1.38,18
PRG0002325,STU00138,MOD00071,CRS009,2025-08-31,2025-09-17,Completed,7.06,5
PRG0002326,STU00138,MOD00072,CRS009,2025-09-11,2025-11-06,In Progress,2.87,46
PRG0002327,STU00138,MOD00121,CRS016,2026-03-01,2026-03-31,Completed,9.94,99
PRG0002328,STU00138,MOD00123,CRS016,2026-02-27,2026-02-08,Completed,5.87,15
PRG0002329,STU00138,MOD00124,CRS016,2026-02-09,2026-03-06,In Progress,3.96,61
PRG0002330,STU00138,MOD00126,CRS016,2026-03-02,2026-02-07,Not Started,6.99,69
PRG0002331,STU00138,MOD00146,CRS019,2026-01-25,2026-02-16,Completed,4.34,69
PRG0002332,STU00138,MOD00147,CRS019,2026-02-18,2026-03-20,Completed,7.99,23
PRG0002333,STU00138,MOD00148,CRS019,2026-02-08,2026-01-29,Completed,9.71,37
PRG0002334,STU00138,MOD00149,CRS019,2026-02-14,2026-04-16,Completed,2.81,56
PRG0002335,STU00138,MOD00150,CRS019,2026-01-30,2026-02-19,In Progress,3.87,96
PRG0002336,STU00138,MOD00151,CRS019,2026-01-25,2026-04-12,In Progress,3.19,43
PRG0002337,STU00138,MOD00152,CRS019,2026-02-10,2026-01-22,Completed,4.09,52
PRG0002338,STU00139,MOD00081,CRS011,2025-08-24,2025-10-02,Completed,1.68,88
PRG0002339,STU00139,MOD00082,CRS011,2025-09-17,2025-11-04,Completed,6.07,76
PRG0002340,STU00139,MOD00086,CRS011,2025-09-09,2025-11-10,In Progress,1.32,94
PRG0002341,STU00139,MOD00087,CRS011,2025-09-19,2025-10-05,Completed,1.07,24
PRG0002342,STU00139,MOD00088,CRS011,2025-08-27,2025-11-08,Completed,1.88,64
PRG0002343,STU00139,MOD00001,CRS001,2025-05-07,2025-07-10,In Progress,6.91,54
PRG0002344,STU00139,MOD00002,CRS001,2025-05-17,2025-07-20,Completed,2.86,26
PRG0002345,STU00139,MOD00003,CRS001,2025-04-28,2025-05-06,Completed,4.45,93
PRG0002346,STU00139,MOD00004,CRS001,2025-04-29,2025-06-21,Completed,3.53,59
PRG0002347,STU00139,MOD00006,CRS001,2025-05-04,2025-05-20,In Progress,4.74,77
PRG0002348,STU00139,MOD00007,CRS001,2025-05-15,2025-07-03,In Progress,8.01,16
PRG0002349,STU00139,MOD00008,CRS001,2025-05-11,2025-05-21,Completed,5.02,24
PRG0002350,STU00139,MOD00113,CRS015,2026-01-07,2026-01-03,In Progress,2.75,79
PRG0002351,STU00139,MOD00114,CRS015,2026-01-22,2026-01-28,Completed,1.17,98
PRG0002352,STU00139,MOD00115,CRS015,2026-01-03,2026-01-15,In Progress,1.41,94
PRG0002353,STU00139,MOD00116,CRS015,2026-01-05,2026-01-19,Completed,3.47,73
PRG0002354,STU00139,MOD00117,CRS015,2026-01-24,2026-02-05,In Progress,2.84,89
PRG0002355,STU00139,MOD00118,CRS015,2025-12-30,2026-01-30,In Progress,3.5,98
PRG0002356,STU00139,MOD00119,CRS015,2026-01-22,2026-02-08,Completed,5.38,61
PRG0002357,STU00139,MOD00120,CRS015,2026-01-15,2026-01-26,Completed,2.14,10
PRG0002358,STU00139,MOD00121,CRS016,2025-12-10,2025-12-30,In Progress,2.01,95
PRG0002359,STU00139,MOD00122,CRS016,2025-11-28,2026-01-13,Completed,3.27,43
PRG0002360,STU00139,MOD00123,CRS016,2025-12-15,2025-12-07,In Progress,12.23,28
PRG0002361,STU00139,MOD00124,CRS016,2025-11-24,2025-12-21,Completed,5.35,76
PRG0002362,STU00139,MOD00125,CRS016,2025-12-03,2026-01-07,In Progress,2.59,96
PRG0002363,STU00139,MOD00126,CRS016,2025-12-23,2026-02-08,Completed,4.07,22
PRG0002364,STU00139,MOD00127,CRS016,2025-11-30,2026-01-16,Completed,7.72,4
PRG0002365,STU00139,MOD00128,CRS016,2025-12-21,2026-02-05,In Progress,6.09,58
PRG0002366,STU00139,MOD00049,CRS007,2025-05-19,2025-06-13,Completed,2.35,33
PRG0002367,STU00139,MOD00050,CRS007,2025-05-18,2025-07-09,Completed,9.85,78
PRG0002368,STU00139,MOD00051,CRS007,2025-05-09,2025-07-02,In Progress,4.33,30
PRG0002369,STU00139,MOD00052,CRS007,2025-05-25,2025-07-18,Completed,5.01,55
PRG0002370,STU00139,MOD00053,CRS007,2025-05-06,2025-07-24,Completed,3.54,51
PRG0002371,STU00139,MOD00054,CRS007,2025-04-28,2025-07-11,Completed,2.27,67
PRG0002372,STU00139,MOD00055,CRS007,2025-05-24,2025-06-29,Not Started,2.51,15
PRG0002373,STU00139,MOD00056,CRS007,2025-05-11,2025-05-06,In Progress,1.29,63
PRG0002374,STU00140,MOD00065,CRS009,2025-07-23,2025-08-27,Completed,4.19,58
PRG0002375,STU00140,MOD00066,CRS009,2025-07-11,2025-09-07,Completed,7.48,7
PRG0002376,STU00140,MOD00067,CRS009,2025-07-21,2025-08-05,In Progress,3.76,84
PRG0002377,STU00140,MOD00068,CRS009,2025-06-27,2025-06-28,Completed,3.73,85
PRG0002378,STU00140,MOD00069,CRS009,2025-07-01,2025-09-03,Completed,7.49,2
PRG0002379,STU00140,MOD00070,CRS009,2025-07-21,2025-08-22,In Progress,11.51,69
PRG0002380,STU00140,MOD00071,CRS009,2025-07-02,2025-08-03,Completed,10.38,96
PRG0002381,STU00140,MOD00072,CRS009,2025-07-01,2025-08-24,Completed,4.39,72
PRG0002382,STU00141,MOD00145,CRS019,2025-09-19,2025-11-03,Completed,1.49,24
PRG0002383,STU00141,MOD00146,CRS019,2025-09-19,2025-09-27,In Progress,2.54,60
PRG0002384,STU00141,MOD00147,CRS019,2025-10-05,2025-09-17,In Progress,1.59,14
PRG0002385,STU00141,MOD00148,CRS019,2025-09-06,2025-09-24,Completed,11.48,65
PRG0002386,STU00141,MOD00149,CRS019,2025-09-28,2025-10-25,Completed,2.83,26
PRG0002387,STU00141,MOD00150,CRS019,2025-09-07,2025-10-14,Completed,9.6,15
PRG0002388,STU00141,MOD00151,CRS019,2025-09-23,2025-10-18,Completed,7.09,80
PRG0002389,STU00141,MOD00152,CRS019,2025-09-08,2025-10-11,Completed,1.12,82
PRG0002390,STU00141,MOD00025,CRS004,2026-03-17,2026-05-12,Completed,10.29,87
PRG0002391,STU00141,MOD00026,CRS004,2026-02-18,2026-04-20,Completed,4.61,3
PRG0002392,STU00141,MOD00027,CRS004,2026-02-19,2026-03-19,Not Started,1.41,91
PRG0002393,STU00141,MOD00028,CRS004,2026-03-17,2026-04-28,Completed,1.52,91
PRG0002394,STU00141,MOD00029,CRS004,2026-02-26,2026-02-24,Completed,2.16,38
PRG0002395,STU00141,MOD00030,CRS004,2026-03-06,2026-05-03,Completed,8.22,41
PRG0002396,STU00141,MOD00031,CRS004,2026-02-28,2026-03-26,In Progress,7.44,87
PRG0002397,STU00141,MOD00032,CRS004,2026-02-24,2026-05-04,Completed,6.47,16
PRG0002398,STU00141,MOD00113,CRS015,2025-11-03,2026-01-13,Completed,12.36,60
PRG0002399,STU00141,MOD00114,CRS015,2025-11-11,2025-12-22,Completed,3.53,88
PRG0002400,STU00141,MOD00115,CRS015,2025-11-24,2026-01-27,In Progress,1.39,23
PRG0002401,STU00141,MOD00116,CRS015,2025-11-08,2025-11-14,In Progress,1.27,44
PRG0002402,STU00141,MOD00117,CRS015,2025-11-18,2026-01-13,Completed,3.92,76
PRG0002403,STU00141,MOD00118,CRS015,2025-11-10,2025-11-13,Completed,2.89,67
PRG0002404,STU00141,MOD00119,CRS015,2025-11-02,2025-12-14,In Progress,2.06,26
PRG0002405,STU00141,MOD00120,CRS015,2025-11-23,2025-11-24,Completed,1.99,37
PRG0002406,STU00141,MOD00018,CRS003,2025-12-18,2026-01-18,Completed,9.9,74
PRG0002407,STU00141,MOD00020,CRS003,2025-12-20,2026-01-06,In Progress,1.22,9
PRG0002408,STU00141,MOD00022,CRS003,2025-11-25,2025-12-10,In Progress,2.89,90
PRG0002409,STU00142,MOD00073,CRS010,2026-01-26,2026-03-20,In Progress,1.91,99
PRG0002410,STU00142,MOD00074,CRS010,2026-01-31,2026-03-16,In Progress,1.08,26
PRG0002411,STU00142,MOD00075,CRS010,2026-02-04,2026-02-22,Not Started,6.53,39
PRG0002412,STU00142,MOD00076,CRS010,2026-02-10,2026-03-11,Completed,2.13,82
PRG0002413,STU00142,MOD00077,CRS010,2026-01-23,2026-02-13,Completed,1.22,96
PRG0002414,STU00142,MOD00078,CRS010,2026-01-29,2026-02-10,Completed,2.46,60
PRG0002415,STU00142,MOD00079,CRS010,2026-02-09,2026-03-23,Completed,2.65,51
PRG0002416,STU00142,MOD00080,CRS010,2026-01-24,2026-02-20,In Progress,1.46,14
PRG0002417,STU00142,MOD00153,CRS020,2025-07-11,2025-08-15,Completed,3.5,94
PRG0002418,STU00142,MOD00156,CRS020,2025-07-24,2025-07-24,Completed,5.01,74
PRG0002419,STU00142,MOD00157,CRS020,2025-08-04,2025-08-24,Completed,1.26,55
PRG0002420,STU00142,MOD00158,CRS020,2025-07-13,2025-09-06,In Progress,1.45,64
PRG0002421,STU00142,MOD00159,CRS020,2025-08-06,2025-07-24,Completed,14.69,31
PRG0002422,STU00142,MOD00160,CRS020,2025-08-06,2025-08-03,Completed,2.85,6
PRG0002423,STU00142,MOD00146,CRS019,2025-12-16,2025-12-10,Completed,2.54,44
PRG0002424,STU00142,MOD00149,CRS019,2025-12-01,2026-02-01,Completed,3.33,79
PRG0002425,STU00142,MOD00152,CRS019,2025-12-23,2025-12-06,Completed,4.73,96
PRG0002426,STU00142,MOD00097,CRS013,2025-11-27,2026-01-22,Completed,8.68,91
PRG0002427,STU00142,MOD00098,CRS013,2025-12-07,2025-12-03,Completed,7.18,72
PRG0002428,STU00142,MOD00099,CRS013,2025-12-16,2026-01-20,Completed,2.93,13
PRG0002429,STU00142,MOD00100,CRS013,2025-12-06,2026-02-13,Completed,3.57,18
PRG0002430,STU00142,MOD00101,CRS013,2025-12-27,2026-01-27,Completed,1.88,93
PRG0002431,STU00142,MOD00102,CRS013,2025-11-28,2026-02-10,Completed,5.5,43
PRG0002432,STU00142,MOD00103,CRS013,2025-12-01,2025-12-14,Completed,7.97,15
PRG0002433,STU00142,MOD00104,CRS013,2025-12-05,2026-01-28,Completed,8.91,76
PRG0002434,STU00143,MOD00121,CRS016,2026-04-03,2026-03-27,In Progress,7.62,42
PRG0002435,STU00143,MOD00124,CRS016,2026-03-25,2026-03-28,Completed,1.16,5
PRG0002436,STU00143,MOD00126,CRS016,2026-04-07,2026-05-30,Not Started,6.25,75
PRG0002437,STU00143,MOD00128,CRS016,2026-03-28,2026-04-01,Not Started,5.1,62
PRG0002438,STU00143,MOD00073,CRS010,2026-03-23,2026-04-12,In Progress,6.04,94
PRG0002439,STU00143,MOD00074,CRS010,2026-03-15,2026-04-09,In Progress,5.01,14
PRG0002440,STU00143,MOD00075,CRS010,2026-03-23,2026-05-02,Not Started,11.99,77
PRG0002441,STU00143,MOD00076,CRS010,2026-04-11,2026-03-24,Not Started,2.87,4
PRG0002442,STU00143,MOD00077,CRS010,2026-04-11,2026-04-16,Completed,5.47,79
PRG0002443,STU00143,MOD00078,CRS010,2026-04-04,2026-03-27,Not Started,2.93,61
PRG0002444,STU00143,MOD00079,CRS010,2026-03-27,2026-04-22,Completed,3.77,31
PRG0002445,STU00143,MOD00080,CRS010,2026-04-05,2026-06-07,In Progress,1.0,53
PRG0002446,STU00143,MOD00105,CRS014,2025-06-19,2025-07-10,Completed,12.33,78
PRG0002447,STU00143,MOD00106,CRS014,2025-07-13,2025-07-18,Completed,3.3,1
PRG0002448,STU00143,MOD00107,CRS014,2025-06-15,2025-06-28,Completed,8.66,65
PRG0002449,STU00143,MOD00108,CRS014,2025-06-29,2025-07-06,Completed,1.03,87
PRG0002450,STU00143,MOD00109,CRS014,2025-07-07,2025-08-19,In Progress,10.85,36
PRG0002451,STU00143,MOD00110,CRS014,2025-07-03,2025-09-05,In Progress,2.38,6
PRG0002452,STU00143,MOD00111,CRS014,2025-07-06,2025-09-09,Completed,7.97,32
PRG0002453,STU00143,MOD00112,CRS014,2025-06-26,2025-07-09,Completed,6.73,36
PRG0002454,STU00143,MOD00097,CRS013,2025-05-31,2025-05-20,In Progress,2.64,74
PRG0002455,STU00143,MOD00101,CRS013,2025-05-26,2025-07-21,Not Started,4.02,27
PRG0002456,STU00143,MOD00104,CRS013,2025-05-13,2025-07-17,Completed,14.08,78
PRG0002457,STU00143,MOD00057,CRS008,2025-08-11,2025-08-21,Completed,8.65,20
PRG0002458,STU00143,MOD00059,CRS008,2025-08-05,2025-08-19,Completed,7.08,77
PRG0002459,STU00143,MOD00064,CRS008,2025-08-06,2025-09-19,Completed,8.36,17
PRG0002460,STU00144,MOD00081,CRS011,2025-05-25,2025-07-06,Not Started,1.91,86
PRG0002461,STU00144,MOD00085,CRS011,2025-05-17,2025-06-03,Not Started,4.14,86
PRG0002462,STU00144,MOD00041,CRS006,2025-05-29,2025-08-16,In Progress,3.81,12
PRG0002463,STU00144,MOD00042,CRS006,2025-05-24,2025-07-01,In Progress,10.87,73
PRG0002464,STU00144,MOD00043,CRS006,2025-06-18,2025-06-14,Completed,2.27,91
PRG0002465,STU00144,MOD00044,CRS006,2025-06-16,2025-07-13,Completed,1.64,81
PRG0002466,STU00144,MOD00045,CRS006,2025-06-05,2025-08-02,Completed,1.06,64
PRG0002467,STU00144,MOD00046,CRS006,2025-06-04,2025-07-25,Completed,6.04,94
PRG0002468,STU00144,MOD00047,CRS006,2025-05-27,2025-06-11,Completed,9.34,93
PRG0002469,STU00144,MOD00048,CRS006,2025-05-31,2025-07-13,Completed,3.91,23
PRG0002470,STU00144,MOD00001,CRS001,2025-09-05,2025-09-19,Completed,7.24,17
PRG0002471,STU00144,MOD00002,CRS001,2025-09-11,2025-09-15,Completed,4.55,74
PRG0002472,STU00144,MOD00003,CRS001,2025-09-05,2025-09-14,Completed,1.61,5
PRG0002473,STU00144,MOD00004,CRS001,2025-08-31,2025-10-17,Completed,1.18,85
PRG0002474,STU00144,MOD00005,CRS001,2025-09-18,2025-09-29,Completed,6.45,48
PRG0002475,STU00144,MOD00006,CRS001,2025-09-03,2025-11-16,Completed,5.15,79
PRG0002476,STU00144,MOD00007,CRS001,2025-09-12,2025-09-12,Completed,4.74,19
PRG0002477,STU00144,MOD00008,CRS001,2025-09-24,2025-09-19,In Progress,6.93,42
PRG0002478,STU00144,MOD00114,CRS015,2026-03-10,2026-04-27,In Progress,4.5,66
PRG0002479,STU00144,MOD00116,CRS015,2026-02-17,2026-04-16,Completed,6.09,82
PRG0002480,STU00144,MOD00119,CRS015,2026-02-25,2026-03-01,Completed,5.91,14
PRG0002481,STU00145,MOD00025,CRS004,2026-02-11,2026-03-10,Completed,14.61,27
PRG0002482,STU00145,MOD00026,CRS004,2026-01-27,2026-01-30,Not Started,1.12,36
PRG0002483,STU00145,MOD00027,CRS004,2026-02-15,2026-03-03,Completed,2.01,39
PRG0002484,STU00145,MOD00028,CRS004,2026-02-14,2026-04-21,In Progress,2.28,28
PRG0002485,STU00145,MOD00029,CRS004,2026-02-11,2026-04-04,Completed,2.61,41
PRG0002486,STU00145,MOD00030,CRS004,2026-02-14,2026-03-13,Completed,6.75,29
PRG0002487,STU00145,MOD00031,CRS004,2026-01-29,2026-04-23,In Progress,6.27,88
PRG0002488,STU00145,MOD00032,CRS004,2026-02-03,2026-04-20,Completed,2.69,19
PRG0002489,STU00145,MOD00017,CRS003,2026-02-19,2026-04-19,In Progress,3.04,96
PRG0002490,STU00145,MOD00018,CRS003,2026-02-11,2026-03-07,In Progress,13.33,38
PRG0002491,STU00145,MOD00019,CRS003,2026-02-13,2026-04-11,Completed,5.42,53
PRG0002492,STU00145,MOD00020,CRS003,2026-02-10,2026-03-16,Completed,1.81,19
PRG0002493,STU00145,MOD00021,CRS003,2026-02-09,2026-03-22,In Progress,9.56,89
PRG0002494,STU00145,MOD00024,CRS003,2026-02-21,2026-02-19,In Progress,11.21,97
PRG0002495,STU00146,MOD00017,CRS003,2025-10-23,2025-11-07,In Progress,4.1,25
PRG0002496,STU00146,MOD00018,CRS003,2025-11-10,2025-12-12,In Progress,10.13,42
PRG0002497,STU00146,MOD00019,CRS003,2025-11-08,2026-01-05,Not Started,4.33,44
PRG0002498,STU00146,MOD00020,CRS003,2025-11-14,2025-10-25,Not Started,4.09,31
PRG0002499,STU00146,MOD00021,CRS003,2025-10-23,2026-01-09,In Progress,11.96,45
PRG0002500,STU00146,MOD00022,CRS003,2025-10-29,2025-10-28,Completed,1.72,100
PRG0002501,STU00146,MOD00023,CRS003,2025-11-02,2025-12-31,Completed,9.93,15
PRG0002502,STU00146,MOD00024,CRS003,2025-11-18,2025-10-20,Not Started,11.93,72
PRG0002503,STU00146,MOD00049,CRS007,2025-05-02,2025-04-17,Completed,4.68,59
PRG0002504,STU00146,MOD00050,CRS007,2025-05-02,2025-04-13,Completed,1.93,34
PRG0002505,STU00146,MOD00051,CRS007,2025-05-08,2025-05-04,Completed,2.89,96
PRG0002506,STU00146,MOD00052,CRS007,2025-04-28,2025-07-06,Completed,3.77,73
PRG0002507,STU00146,MOD00053,CRS007,2025-04-23,2025-04-27,Completed,4.39,46
PRG0002508,STU00146,MOD00054,CRS007,2025-05-06,2025-04-28,Completed,2.38,39
PRG0002509,STU00146,MOD00055,CRS007,2025-04-18,2025-06-20,Completed,2.31,37
PRG0002510,STU00146,MOD00056,CRS007,2025-04-11,2025-06-23,In Progress,1.08,97
PRG0002511,STU00146,MOD00033,CRS005,2025-12-15,2026-01-19,Not Started,1.93,78
PRG0002512,STU00146,MOD00035,CRS005,2025-11-23,2025-12-16,Completed,5.72,99
PRG0002513,STU00146,MOD00037,CRS005,2025-12-22,2025-12-23,Completed,1.11,88
PRG0002514,STU00146,MOD00039,CRS005,2025-12-01,2025-12-11,In Progress,12.27,3
PRG0002515,STU00146,MOD00040,CRS005,2025-12-01,2025-12-31,Completed,8.26,58
PRG0002516,STU00146,MOD00003,CRS001,2025-07-27,2025-09-23,Not Started,2.19,58
PRG0002517,STU00146,MOD00006,CRS001,2025-07-16,2025-07-21,Completed,2.03,46
PRG0002518,STU00146,MOD00007,CRS001,2025-07-20,2025-08-28,In Progress,5.23,10
PRG0002519,STU00146,MOD00008,CRS001,2025-07-24,2025-09-04,In Progress,13.23,58
PRG0002520,STU00146,MOD00025,CRS004,2026-02-21,2026-04-20,Completed,2.67,48
PRG0002521,STU00146,MOD00026,CRS004,2026-02-23,2026-04-30,Completed,6.59,13
PRG0002522,STU00146,MOD00027,CRS004,2026-02-23,2026-04-10,Completed,2.39,29
PRG0002523,STU00146,MOD00028,CRS004,2026-02-17,2026-03-21,Completed,1.8,82
PRG0002524,STU00146,MOD00029,CRS004,2026-03-03,2026-04-01,In Progress,1.26,45
PRG0002525,STU00146,MOD00030,CRS004,2026-03-08,2026-04-17,Not Started,6.13,97
PRG0002526,STU00146,MOD00031,CRS004,2026-02-17,2026-04-06,Not Started,3.24,12
PRG0002527,STU00146,MOD00032,CRS004,2026-03-11,2026-03-01,Completed,8.77,31
PRG0002528,STU00147,MOD00054,CRS007,2025-06-17,2025-08-20,In Progress,4.86,98
PRG0002529,STU00148,MOD00073,CRS010,2026-04-02,2026-04-01,In Progress,11.66,37
PRG0002530,STU00148,MOD00074,CRS010,2026-04-07,2026-06-14,In Progress,2.67,71
PRG0002531,STU00148,MOD00075,CRS010,2026-04-02,2026-05-29,In Progress,6.46,29
PRG0002532,STU00148,MOD00078,CRS010,2026-04-06,2026-05-06,Completed,2.87,85
PRG0002533,STU00148,MOD00079,CRS010,2026-04-12,2026-06-13,Completed,1.17,38
PRG0002534,STU00148,MOD00080,CRS010,2026-04-20,2026-04-20,In Progress,2.85,32
PRG0002535,STU00148,MOD00001,CRS001,2025-11-01,2025-10-09,Completed,8.12,57
PRG0002536,STU00148,MOD00002,CRS001,2025-10-18,2025-10-31,Completed,6.1,7
PRG0002537,STU00148,MOD00003,CRS001,2025-10-18,2025-11-21,Not Started,1.67,63
PRG0002538,STU00148,MOD00004,CRS001,2025-10-10,2025-11-18,Completed,7.44,23
PRG0002539,STU00148,MOD00005,CRS001,2025-10-16,2025-10-19,Completed,1.04,12
PRG0002540,STU00148,MOD00006,CRS001,2025-10-21,2025-10-21,Completed,2.25,62
PRG0002541,STU00148,MOD00007,CRS001,2025-10-27,2025-10-27,Completed,4.5,13
PRG0002542,STU00148,MOD00008,CRS001,2025-10-08,2025-11-16,Not Started,1.67,32
PRG0002543,STU00148,MOD00098,CRS013,2026-04-05,2026-04-02,Completed,5.53,26
PRG0002544,STU00148,MOD00100,CRS013,2026-04-06,2026-03-19,In Progress,3.21,14
PRG0002545,STU00148,MOD00102,CRS013,2026-04-08,2026-05-22,Completed,2.42,47
PRG0002546,STU00148,MOD00103,CRS013,2026-03-26,2026-04-19,Not Started,2.32,72
PRG0002547,STU00148,MOD00113,CRS015,2025-11-03,2025-11-21,Completed,2.12,40
PRG0002548,STU00148,MOD00114,CRS015,2025-11-05,2025-11-13,Completed,4.13,7
PRG0002549,STU00148,MOD00115,CRS015,2025-10-17,2026-01-05,In Progress,2.72,12
PRG0002550,STU00148,MOD00116,CRS015,2025-10-24,2025-12-28,In Progress,6.12,100
PRG0002551,STU00148,MOD00117,CRS015,2025-11-03,2025-10-23,Completed,2.2,90
PRG0002552,STU00148,MOD00118,CRS015,2025-10-27,2025-11-09,In Progress,4.64,84
PRG0002553,STU00148,MOD00119,CRS015,2025-10-14,2025-11-12,Completed,4.26,68
PRG0002554,STU00148,MOD00120,CRS015,2025-11-11,2025-11-04,Completed,1.94,58
PRG0002555,STU00148,MOD00041,CRS006,2025-09-23,2025-09-30,Not Started,1.54,4
PRG0002556,STU00148,MOD00042,CRS006,2025-09-19,2025-09-14,Completed,1.28,91
PRG0002557,STU00148,MOD00043,CRS006,2025-09-20,2025-11-11,Completed,3.03,60
PRG0002558,STU00148,MOD00044,CRS006,2025-08-31,2025-11-01,Completed,2.19,34
PRG0002559,STU00148,MOD00045,CRS006,2025-09-22,2025-09-26,Not Started,2.08,43
PRG0002560,STU00148,MOD00047,CRS006,2025-09-17,2025-11-10,Not Started,7.72,12
PRG0002561,STU00148,MOD00048,CRS006,2025-09-14,2025-09-17,Completed,2.0,28
PRG0002562,STU00149,MOD00113,CRS015,2026-01-23,2026-02-19,Completed,3.15,51
PRG0002563,STU00149,MOD00114,CRS015,2026-01-15,2026-02-26,Completed,1.54,87
PRG0002564,STU00149,MOD00115,CRS015,2026-01-26,2026-01-28,In Progress,1.18,44
PRG0002565,STU00149,MOD00116,CRS015,2026-01-16,2026-03-14,In Progress,1.38,97
PRG0002566,STU00149,MOD00117,CRS015,2026-01-24,2026-02-17,Completed,2.23,72
PRG0002567,STU00149,MOD00118,CRS015,2026-01-25,2026-02-19,Not Started,2.35,41
PRG0002568,STU00149,MOD00119,CRS015,2026-02-02,2026-02-21,Completed,3.85,22
PRG0002569,STU00149,MOD00120,CRS015,2026-01-20,2026-02-19,In Progress,5.16,92
PRG0002570,STU00150,MOD00073,CRS010,2026-01-20,2026-01-28,In Progress,4.87,78
PRG0002571,STU00150,MOD00075,CRS010,2026-01-04,2026-02-02,Completed,8.86,70
PRG0002572,STU00150,MOD00080,CRS010,2026-01-27,2026-03-30,Completed,1.57,3
PRG0002573,STU00150,MOD00033,CRS005,2026-01-16,2026-03-16,Completed,1.67,22
PRG0002574,STU00150,MOD00034,CRS005,2026-01-27,2026-03-19,Completed,5.11,83
PRG0002575,STU00150,MOD00036,CRS005,2026-01-28,2026-01-01,Completed,2.1,85
PRG0002576,STU00150,MOD00037,CRS005,2026-01-15,2026-03-24,Completed,4.21,74
PRG0002577,STU00150,MOD00038,CRS005,2026-01-17,2026-03-06,In Progress,1.18,13
PRG0002578,STU00150,MOD00039,CRS005,2026-01-14,2026-02-21,Completed,5.81,30
PRG0002579,STU00150,MOD00040,CRS005,2026-01-29,2026-03-07,In Progress,8.04,5
PRG0002580,STU00150,MOD00121,CRS016,2025-12-31,2026-03-19,Completed,8.23,2
PRG0002581,STU00150,MOD00122,CRS016,2026-01-06,2026-02-22,In Progress,2.75,14
PRG0002582,STU00150,MOD00123,CRS016,2026-01-19,2026-03-10,Completed,3.81,76
PRG0002583,STU00150,MOD00124,CRS016,2026-01-18,2026-03-28,Completed,8.93,84
PRG0002584,STU00150,MOD00125,CRS016,2026-01-06,2026-03-17,Completed,1.99,78
PRG0002585,STU00150,MOD00126,CRS016,2026-01-19,2026-03-26,Completed,5.2,36
PRG0002586,STU00150,MOD00127,CRS016,2026-01-02,2026-01-02,In Progress,1.4,44
PRG0002587,STU00150,MOD00128,CRS016,2026-01-11,2026-02-08,Completed,5.57,10
PRG0002588,STU00150,MOD00041,CRS006,2026-01-19,2026-02-22,Completed,5.46,47
PRG0002589,STU00150,MOD00042,CRS006,2026-01-08,2026-01-29,Completed,7.98,99
PRG0002590,STU00150,MOD00043,CRS006,2026-01-01,2026-03-05,Completed,1.43,57
PRG0002591,STU00150,MOD00044,CRS006,2026-01-16,2026-01-13,In Progress,1.79,87
PRG0002592,STU00150,MOD00045,CRS006,2026-01-13,2026-02-18,Completed,2.16,22
PRG0002593,STU00150,MOD00046,CRS006,2026-01-17,2026-03-02,Not Started,5.73,23
PRG0002594,STU00150,MOD00047,CRS006,2026-01-25,2026-03-19,Completed,7.61,66
PRG0002595,STU00150,MOD00048,CRS006,2026-01-27,2026-01-15,In Progress,3.79,14
PRG0002596,STU00151,MOD00065,CRS009,2025-05-12,2025-06-20,Completed,3.15,88
PRG0002597,STU00151,MOD00066,CRS009,2025-05-10,2025-07-10,Completed,3.11,57
PRG0002598,STU00151,MOD00067,CRS009,2025-05-23,2025-05-08,Completed,2.31,52
PRG0002599,STU00151,MOD00068,CRS009,2025-05-27,2025-05-15,In Progress,2.86,84
PRG0002600,STU00151,MOD00069,CRS009,2025-05-02,2025-07-09,Not Started,10.65,49
PRG0002601,STU00151,MOD00070,CRS009,2025-05-09,2025-07-17,In Progress,2.07,75
PRG0002602,STU00151,MOD00071,CRS009,2025-05-08,2025-05-31,Completed,2.37,98
PRG0002603,STU00151,MOD00072,CRS009,2025-05-03,2025-06-21,Completed,4.54,48
PRG0002604,STU00151,MOD00114,CRS015,2026-01-13,2026-03-07,Completed,3.24,44
PRG0002605,STU00151,MOD00115,CRS015,2026-01-14,2026-01-04,Completed,2.03,89
PRG0002606,STU00151,MOD00117,CRS015,2026-01-13,2026-03-15,Completed,4.2,52
PRG0002607,STU00151,MOD00118,CRS015,2026-01-18,2026-02-20,Not Started,9.4,10
PRG0002608,STU00151,MOD00119,CRS015,2026-01-10,2026-02-04,Completed,5.54,10
PRG0002609,STU00151,MOD00121,CRS016,2025-12-05,2026-01-11,In Progress,12.12,20
PRG0002610,STU00151,MOD00122,CRS016,2025-12-03,2026-01-14,In Progress,1.68,4
PRG0002611,STU00151,MOD00123,CRS016,2025-12-09,2026-01-16,In Progress,14.1,92
PRG0002612,STU00151,MOD00124,CRS016,2025-12-11,2025-11-29,Completed,2.2,3
PRG0002613,STU00151,MOD00126,CRS016,2025-11-22,2026-01-10,Not Started,5.52,64
PRG0002614,STU00151,MOD00127,CRS016,2025-12-13,2026-01-19,Completed,8.18,96
PRG0002615,STU00151,MOD00128,CRS016,2025-11-22,2025-11-25,Completed,1.34,92
PRG0002616,STU00151,MOD00019,CRS003,2025-08-19,2025-09-23,Completed,6.48,11
PRG0002617,STU00151,MOD00020,CRS003,2025-07-31,2025-10-08,Completed,1.74,28
PRG0002618,STU00151,MOD00022,CRS003,2025-07-29,2025-09-17,Completed,7.47,2
PRG0002619,STU00152,MOD00105,CRS014,2025-11-14,2026-01-13,Completed,5.24,65
PRG0002620,STU00152,MOD00106,CRS014,2025-11-17,2025-11-26,Completed,2.84,25
PRG0002621,STU00152,MOD00107,CRS014,2025-12-03,2026-01-24,Completed,2.71,1
PRG0002622,STU00152,MOD00108,CRS014,2025-12-07,2025-12-30,In Progress,1.4,77
PRG0002623,STU00152,MOD00111,CRS014,2025-11-24,2026-01-28,Not Started,2.01,14
PRG0002624,STU00152,MOD00112,CRS014,2025-11-15,2026-02-02,Completed,3.11,49
PRG0002625,STU00152,MOD00076,CRS010,2025-12-03,2026-01-09,Completed,2.39,10
PRG0002626,STU00152,MOD00080,CRS010,2025-11-28,2026-01-02,In Progress,2.14,7
PRG0002627,STU00152,MOD00129,CRS017,2025-12-10,2025-12-25,Completed,8.75,38
PRG0002628,STU00152,MOD00130,CRS017,2025-12-11,2026-01-29,Completed,6.07,32
PRG0002629,STU00152,MOD00132,CRS017,2025-12-20,2026-02-23,Completed,1.83,34
PRG0002630,STU00152,MOD00133,CRS017,2026-01-07,2026-02-23,Completed,9.93,71
PRG0002631,STU00152,MOD00134,CRS017,2025-12-20,2026-02-13,Completed,4.47,2
PRG0002632,STU00152,MOD00135,CRS017,2025-12-18,2025-12-17,Completed,6.62,98
PRG0002633,STU00153,MOD00018,CRS003,2026-03-27,2026-04-25,Completed,1.78,70
PRG0002634,STU00153,MOD00019,CRS003,2026-03-30,2026-03-21,Completed,3.4,40
PRG0002635,STU00153,MOD00021,CRS003,2026-04-01,2026-03-20,In Progress,4.57,72
PRG0002636,STU00153,MOD00137,CRS018,2026-03-25,2026-04-11,Completed,2.76,18
PRG0002637,STU00153,MOD00138,CRS018,2026-04-10,2026-04-19,Completed,6.03,10
PRG0002638,STU00153,MOD00139,CRS018,2026-03-27,2026-05-10,Completed,14.52,36
PRG0002639,STU00153,MOD00140,CRS018,2026-03-15,2026-04-26,Completed,1.43,13
PRG0002640,STU00153,MOD00141,CRS018,2026-03-20,2026-04-13,Completed,8.51,68
PRG0002641,STU00153,MOD00142,CRS018,2026-03-25,2026-06-02,Completed,11.93,16
PRG0002642,STU00153,MOD00143,CRS018,2026-03-29,2026-04-24,Not Started,3.09,10
PRG0002643,STU00153,MOD00144,CRS018,2026-04-02,2026-03-21,In Progress,2.54,92
PRG0002644,STU00153,MOD00121,CRS016,2026-03-16,2026-05-23,Completed,12.86,25
PRG0002645,STU00153,MOD00124,CRS016,2026-03-15,2026-06-02,Completed,6.46,38
PRG0002646,STU00153,MOD00127,CRS016,2026-04-10,2026-05-07,Completed,3.84,8
PRG0002647,STU00153,MOD00128,CRS016,2026-04-02,2026-05-30,Completed,10.58,67
PRG0002648,STU00153,MOD00129,CRS017,2026-04-07,2026-05-11,Not Started,10.0,62
PRG0002649,STU00153,MOD00130,CRS017,2026-04-08,2026-05-16,In Progress,3.84,49
PRG0002650,STU00153,MOD00131,CRS017,2026-03-13,2026-05-02,Completed,3.06,10
PRG0002651,STU00153,MOD00132,CRS017,2026-03-14,2026-06-01,Completed,3.3,98
PRG0002652,STU00153,MOD00133,CRS017,2026-03-31,2026-03-25,In Progress,5.56,85
PRG0002653,STU00153,MOD00134,CRS017,2026-04-04,2026-04-01,Completed,3.27,83
PRG0002654,STU00153,MOD00135,CRS017,2026-03-22,2026-05-23,Completed,10.47,67
PRG0002655,STU00153,MOD00136,CRS017,2026-03-29,2026-03-20,In Progress,1.13,58
PRG0002656,STU00153,MOD00155,CRS020,2026-03-15,2026-04-05,In Progress,4.21,21
PRG0002657,STU00153,MOD00159,CRS020,2026-03-14,2026-05-29,Completed,5.86,35
PRG0002658,STU00154,MOD00033,CRS005,2026-01-31,2026-01-19,Completed,3.1,69
PRG0002659,STU00154,MOD00034,CRS005,2026-02-03,2026-03-02,Completed,11.17,88
PRG0002660,STU00154,MOD00035,CRS005,2026-01-16,2026-03-07,In Progress,6.24,36
PRG0002661,STU00154,MOD00036,CRS005,2026-01-28,2026-03-21,Completed,1.03,60
PRG0002662,STU00154,MOD00037,CRS005,2026-01-23,2026-04-06,Completed,3.05,38
PRG0002663,STU00154,MOD00038,CRS005,2026-02-11,2026-01-27,Completed,8.87,42
PRG0002664,STU00154,MOD00039,CRS005,2026-01-24,2026-03-18,Completed,11.2,32
PRG0002665,STU00154,MOD00040,CRS005,2026-01-26,2026-03-04,Completed,11.63,77
PRG0002666,STU00154,MOD00050,CRS007,2026-02-04,2026-02-14,Completed,10.5,75
PRG0002667,STU00154,MOD00051,CRS007,2026-02-04,2026-04-14,Completed,2.59,15
PRG0002668,STU00154,MOD00052,CRS007,2026-02-02,2026-03-29,In Progress,2.0,86
PRG0002669,STU00154,MOD00053,CRS007,2026-01-16,2026-01-24,Not Started,2.57,98
PRG0002670,STU00154,MOD00054,CRS007,2026-01-23,2026-02-23,Completed,5.91,50
PRG0002671,STU00154,MOD00055,CRS007,2026-02-08,2026-03-02,In Progress,2.64,84
PRG0002672,STU00154,MOD00056,CRS007,2026-01-19,2026-02-12,In Progress,2.21,8
PRG0002673,STU00154,MOD00113,CRS015,2026-02-06,2026-03-21,In Progress,5.71,96
PRG0002674,STU00154,MOD00114,CRS015,2026-01-22,2026-01-25,Completed,1.96,55
PRG0002675,STU00154,MOD00116,CRS015,2026-01-23,2026-02-26,Not Started,7.37,58
PRG0002676,STU00154,MOD00117,CRS015,2026-01-29,2026-03-03,Completed,1.39,44
PRG0002677,STU00154,MOD00118,CRS015,2026-01-21,2026-02-07,Completed,5.18,49
PRG0002678,STU00154,MOD00119,CRS015,2026-02-03,2026-02-04,Completed,9.85,63
PRG0002679,STU00154,MOD00145,CRS019,2026-02-02,2026-03-22,In Progress,1.57,11
PRG0002680,STU00154,MOD00146,CRS019,2026-02-07,2026-03-31,Completed,4.81,86
PRG0002681,STU00154,MOD00147,CRS019,2026-01-21,2026-04-10,In Progress,1.44,53
PRG0002682,STU00154,MOD00148,CRS019,2026-02-05,2026-04-06,Completed,5.87,63
PRG0002683,STU00154,MOD00149,CRS019,2026-01-27,2026-02-05,Not Started,3.92,57
PRG0002684,STU00154,MOD00150,CRS019,2026-01-16,2026-03-05,In Progress,1.72,16
PRG0002685,STU00154,MOD00151,CRS019,2026-01-22,2026-02-24,In Progress,7.66,86
PRG0002686,STU00154,MOD00152,CRS019,2026-02-11,2026-01-26,In Progress,2.38,77
PRG0002687,STU00154,MOD00153,CRS020,2026-02-05,2026-03-24,Completed,9.46,10
PRG0002688,STU00154,MOD00154,CRS020,2026-01-25,2026-03-01,Completed,14.1,14
PRG0002689,STU00154,MOD00156,CRS020,2026-02-04,2026-03-14,Completed,4.87,1
PRG0002690,STU00154,MOD00159,CRS020,2026-02-12,2026-01-17,Completed,5.86,52
PRG0002691,STU00155,MOD00081,CRS011,2025-11-23,2025-12-30,In Progress,1.73,68
PRG0002692,STU00155,MOD00082,CRS011,2025-12-03,2025-12-05,Completed,2.64,1
PRG0002693,STU00155,MOD00083,CRS011,2025-12-22,2025-12-16,In Progress,2.14,7
PRG0002694,STU00155,MOD00087,CRS011,2025-11-28,2026-01-15,Completed,1.91,9
PRG0002695,STU00155,MOD00088,CRS011,2025-12-20,2025-12-15,Completed,1.23,93
PRG0002696,STU00155,MOD00074,CRS010,2026-02-13,2026-03-26,In Progress,6.13,81
PRG0002697,STU00155,MOD00075,CRS010,2026-02-13,2026-02-19,Completed,6.6,15
PRG0002698,STU00155,MOD00077,CRS010,2026-01-21,2026-04-02,Not Started,3.71,30
PRG0002699,STU00155,MOD00078,CRS010,2026-02-02,2026-01-30,In Progress,1.89,49
PRG0002700,STU00155,MOD00080,CRS010,2026-01-26,2026-01-30,Not Started,1.42,17
PRG0002701,STU00156,MOD00001,CRS001,2025-05-28,2025-07-06,Completed,11.51,74
PRG0002702,STU00156,MOD00002,CRS001,2025-06-04,2025-06-12,Completed,8.82,65
PRG0002703,STU00156,MOD00003,CRS001,2025-05-26,2025-08-05,Completed,3.62,8
PRG0002704,STU00156,MOD00004,CRS001,2025-05-29,2025-07-02,In Progress,2.16,51
PRG0002705,STU00156,MOD00005,CRS001,2025-05-27,2025-07-16,Completed,3.99,33
PRG0002706,STU00156,MOD00007,CRS001,2025-05-21,2025-07-09,Completed,4.42,95
PRG0002707,STU00156,MOD00129,CRS017,2026-03-09,2026-03-11,Completed,4.88,47
PRG0002708,STU00156,MOD00130,CRS017,2026-03-02,2026-03-10,Completed,2.42,38
PRG0002709,STU00156,MOD00131,CRS017,2026-03-17,2026-03-03,Completed,3.68,52
PRG0002710,STU00156,MOD00132,CRS017,2026-02-27,2026-05-06,In Progress,4.79,67
PRG0002711,STU00156,MOD00133,CRS017,2026-03-03,2026-03-14,Completed,8.29,61
PRG0002712,STU00156,MOD00134,CRS017,2026-03-13,2026-04-21,In Progress,3.25,78
PRG0002713,STU00156,MOD00135,CRS017,2026-03-21,2026-03-09,Completed,8.74,64
PRG0002714,STU00156,MOD00136,CRS017,2026-03-11,2026-02-24,Completed,11.23,35
PRG0002715,STU00156,MOD00097,CRS013,2026-02-05,2026-02-07,In Progress,2.47,82
PRG0002716,STU00156,MOD00098,CRS013,2026-02-27,2026-05-03,Completed,1.46,74
PRG0002717,STU00156,MOD00099,CRS013,2026-02-10,2026-04-21,Completed,1.83,58
PRG0002718,STU00156,MOD00100,CRS013,2026-02-25,2026-03-09,In Progress,5.23,21
PRG0002719,STU00156,MOD00101,CRS013,2026-02-21,2026-04-15,Not Started,2.57,85
PRG0002720,STU00156,MOD00102,CRS013,2026-03-02,2026-04-18,In Progress,1.44,64
PRG0002721,STU00156,MOD00103,CRS013,2026-03-04,2026-03-13,Not Started,5.62,4
PRG0002722,STU00156,MOD00104,CRS013,2026-02-15,2026-03-18,Completed,12.03,28
PRG0002723,STU00157,MOD00033,CRS005,2025-08-20,2025-07-27,Completed,3.29,79
PRG0002724,STU00157,MOD00034,CRS005,2025-08-07,2025-08-17,Completed,10.39,95
PRG0002725,STU00157,MOD00035,CRS005,2025-08-01,2025-10-17,In Progress,4.44,65
PRG0002726,STU00157,MOD00036,CRS005,2025-08-16,2025-08-06,In Progress,1.62,53
PRG0002727,STU00157,MOD00037,CRS005,2025-08-23,2025-08-29,In Progress,2.79,40
PRG0002728,STU00157,MOD00038,CRS005,2025-07-27,2025-08-25,In Progress,13.49,22
PRG0002729,STU00157,MOD00039,CRS005,2025-08-20,2025-10-16,Completed,5.46,6
PRG0002730,STU00157,MOD00040,CRS005,2025-08-01,2025-08-16,Completed,4.67,0
PRG0002731,STU00157,MOD00098,CRS013,2026-04-11,2026-05-16,Completed,5.44,79
PRG0002732,STU00157,MOD00100,CRS013,2026-04-27,2026-06-19,Not Started,5.89,70
PRG0002733,STU00157,MOD00101,CRS013,2026-04-26,2026-04-21,Completed,4.45,35
PRG0002734,STU00157,MOD00103,CRS013,2026-04-17,2026-06-04,Not Started,8.05,79
PRG0002735,STU00157,MOD00104,CRS013,2026-04-13,2026-05-15,Completed,6.59,14
PRG0002736,STU00157,MOD00140,CRS018,2025-09-26,2025-09-03,Completed,5.8,71
PRG0002737,STU00157,MOD00129,CRS017,2025-09-07,2025-10-09,Completed,9.87,73
PRG0002738,STU00157,MOD00130,CRS017,2025-09-05,2025-10-21,Completed,5.61,42
PRG0002739,STU00157,MOD00131,CRS017,2025-09-10,2025-09-19,Completed,3.52,23
PRG0002740,STU00157,MOD00132,CRS017,2025-09-11,2025-08-19,In Progress,6.36,37
PRG0002741,STU00157,MOD00133,CRS017,2025-09-10,2025-09-26,Completed,3.08,7
PRG0002742,STU00157,MOD00134,CRS017,2025-08-28,2025-08-25,In Progress,4.39,12
PRG0002743,STU00157,MOD00135,CRS017,2025-08-21,2025-10-18,Completed,9.76,57
PRG0002744,STU00157,MOD00136,CRS017,2025-08-21,2025-08-17,Completed,10.3,32
PRG0002745,STU00157,MOD00041,CRS006,2026-02-06,2026-03-02,In Progress,5.9,44
PRG0002746,STU00157,MOD00042,CRS006,2026-02-01,2026-01-13,Completed,11.71,67
PRG0002747,STU00157,MOD00043,CRS006,2026-01-24,2026-04-07,In Progress,1.58,1
PRG0002748,STU00157,MOD00044,CRS006,2026-01-08,2026-01-09,In Progress,1.71,93
PRG0002749,STU00157,MOD00045,CRS006,2026-01-17,2026-02-04,Completed,1.69,47
PRG0002750,STU00157,MOD00046,CRS006,2026-01-22,2026-02-24,Completed,8.15,94
PRG0002751,STU00157,MOD00047,CRS006,2026-01-08,2026-02-07,Completed,13.53,29
PRG0002752,STU00157,MOD00048,CRS006,2026-01-08,2026-03-15,Not Started,1.94,1
PRG0002753,STU00158,MOD00009,CRS002,2026-02-08,2026-02-11,In Progress,8.11,56
PRG0002754,STU00158,MOD00010,CRS002,2026-02-09,2026-03-18,In Progress,3.28,40
PRG0002755,STU00158,MOD00011,CRS002,2026-02-02,2026-03-16,In Progress,5.62,74
PRG0002756,STU00158,MOD00012,CRS002,2026-02-06,2026-02-21,Completed,9.16,84
PRG0002757,STU00158,MOD00013,CRS002,2026-01-22,2026-01-25,Completed,1.42,62
PRG0002758,STU00158,MOD00014,CRS002,2026-01-28,2026-01-22,Completed,9.39,63
PRG0002759,STU00158,MOD00015,CRS002,2026-01-30,2026-02-16,Completed,3.75,84
PRG0002760,STU00158,MOD00016,CRS002,2026-01-14,2026-01-29,In Progress,4.11,17
PRG0002761,STU00158,MOD00017,CRS003,2025-11-01,2026-01-09,Completed,4.56,27
PRG0002762,STU00158,MOD00019,CRS003,2025-10-13,2025-11-23,In Progress,4.45,18
PRG0002763,STU00158,MOD00020,CRS003,2025-10-22,2025-10-21,Not Started,3.7,76
PRG0002764,STU00158,MOD00021,CRS003,2025-11-09,2025-11-07,Completed,1.2,4
PRG0002765,STU00158,MOD00022,CRS003,2025-11-08,2025-11-06,Completed,8.26,69
PRG0002766,STU00158,MOD00023,CRS003,2025-10-11,2025-10-19,In Progress,1.4,62
PRG0002767,STU00159,MOD00097,CRS013,2025-10-01,2025-10-01,Not Started,6.86,71
PRG0002768,STU00159,MOD00098,CRS013,2025-10-02,2025-09-11,Completed,1.91,2
PRG0002769,STU00159,MOD00100,CRS013,2025-09-16,2025-09-16,Completed,4.15,36
PRG0002770,STU00159,MOD00102,CRS013,2025-09-14,2025-09-19,In Progress,2.77,63
PRG0002771,STU00159,MOD00103,CRS013,2025-09-19,2025-10-07,Completed,7.5,98
PRG0002772,STU00159,MOD00104,CRS013,2025-09-30,2025-10-18,Completed,14.83,66
PRG0002773,STU00160,MOD00017,CRS003,2025-07-22,2025-09-22,Completed,3.95,65
PRG0002774,STU00160,MOD00018,CRS003,2025-07-07,2025-07-18,Completed,11.34,36
PRG0002775,STU00160,MOD00019,CRS003,2025-07-21,2025-08-30,Not Started,1.98,95
PRG0002776,STU00160,MOD00020,CRS003,2025-07-10,2025-09-04,In Progress,2.82,78
PRG0002777,STU00160,MOD00021,CRS003,2025-07-04,2025-09-28,Not Started,8.49,20
PRG0002778,STU00160,MOD00022,CRS003,2025-07-20,2025-08-30,Not Started,2.92,35
PRG0002779,STU00160,MOD00023,CRS003,2025-07-29,2025-07-04,In Progress,8.47,84
PRG0002780,STU00160,MOD00121,CRS016,2025-12-12,2026-02-22,Completed,9.44,89
PRG0002781,STU00160,MOD00122,CRS016,2025-12-21,2026-01-29,Completed,1.52,41
PRG0002782,STU00160,MOD00123,CRS016,2025-12-25,2025-12-27,In Progress,10.95,63
PRG0002783,STU00160,MOD00124,CRS016,2025-12-29,2026-01-18,Completed,2.72,68
PRG0002784,STU00160,MOD00125,CRS016,2025-12-18,2025-12-15,In Progress,4.46,37
PRG0002785,STU00160,MOD00126,CRS016,2025-12-21,2026-02-10,Completed,2.08,28
PRG0002786,STU00160,MOD00127,CRS016,2026-01-10,2026-03-08,Completed,6.52,21
PRG0002787,STU00160,MOD00128,CRS016,2025-12-24,2026-01-10,Completed,1.71,98
PRG0002788,STU00161,MOD00065,CRS009,2025-09-05,2025-11-04,Completed,1.83,77
PRG0002789,STU00161,MOD00068,CRS009,2025-08-17,2025-09-14,In Progress,1.7,61
PRG0002790,STU00161,MOD00069,CRS009,2025-09-06,2025-09-15,Not Started,4.49,61
PRG0002791,STU00161,MOD00070,CRS009,2025-08-27,2025-09-08,In Progress,9.6,64
PRG0002792,STU00161,MOD00071,CRS009,2025-09-05,2025-09-24,Not Started,8.48,81
PRG0002793,STU00161,MOD00072,CRS009,2025-08-30,2025-09-20,In Progress,1.0,66
PRG0002794,STU00161,MOD00073,CRS010,2026-01-07,2026-01-15,Completed,6.77,19
PRG0002795,STU00161,MOD00074,CRS010,2025-12-20,2026-02-08,In Progress,6.06,77
PRG0002796,STU00161,MOD00075,CRS010,2025-12-26,2025-12-16,In Progress,6.24,40
PRG0002797,STU00161,MOD00076,CRS010,2025-12-25,2026-02-12,Completed,2.63,31
PRG0002798,STU00161,MOD00077,CRS010,2025-12-24,2026-01-11,Not Started,5.28,32
PRG0002799,STU00161,MOD00078,CRS010,2026-01-04,2025-12-21,Completed,1.37,44
PRG0002800,STU00161,MOD00079,CRS010,2026-01-11,2026-02-02,In Progress,2.18,50
PRG0002801,STU00161,MOD00080,CRS010,2025-12-30,2026-02-04,In Progress,2.03,84
PRG0002802,STU00161,MOD00129,CRS017,2025-08-12,2025-10-02,Completed,9.73,62
PRG0002803,STU00161,MOD00130,CRS017,2025-07-31,2025-10-08,Completed,2.87,92
PRG0002804,STU00161,MOD00131,CRS017,2025-08-19,2025-10-20,Completed,1.97,34
PRG0002805,STU00161,MOD00132,CRS017,2025-08-23,2025-10-12,Completed,1.65,37
PRG0002806,STU00161,MOD00133,CRS017,2025-07-29,2025-08-30,In Progress,4.53,80
PRG0002807,STU00161,MOD00134,CRS017,2025-07-26,2025-07-28,Completed,1.35,13
PRG0002808,STU00161,MOD00135,CRS017,2025-08-06,2025-09-01,In Progress,5.19,100
PRG0002809,STU00161,MOD00136,CRS017,2025-08-14,2025-08-01,Completed,6.65,52
PRG0002810,STU00161,MOD00025,CRS004,2026-04-20,2026-04-16,Completed,2.77,54
PRG0002811,STU00161,MOD00026,CRS004,2026-04-15,2026-04-24,Completed,7.25,7
PRG0002812,STU00161,MOD00027,CRS004,2026-03-29,2026-03-28,Completed,1.33,26
PRG0002813,STU00161,MOD00028,CRS004,2026-04-11,2026-05-12,In Progress,1.77,5
PRG0002814,STU00161,MOD00029,CRS004,2026-04-02,2026-04-04,Completed,3.85,98
PRG0002815,STU00161,MOD00031,CRS004,2026-04-12,2026-05-17,Completed,11.38,61
PRG0002816,STU00161,MOD00032,CRS004,2026-04-19,2026-05-05,Completed,6.26,51
PRG0002817,STU00162,MOD00073,CRS010,2025-05-14,2025-06-07,Completed,6.04,52
PRG0002818,STU00162,MOD00075,CRS010,2025-05-07,2025-05-12,Completed,5.84,51
PRG0002819,STU00162,MOD00076,CRS010,2025-05-11,2025-05-11,Completed,1.89,63
PRG0002820,STU00162,MOD00077,CRS010,2025-04-30,2025-04-28,In Progress,6.83,99
PRG0002821,STU00162,MOD00078,CRS010,2025-05-11,2025-05-09,In Progress,2.99,93
PRG0002822,STU00162,MOD00079,CRS010,2025-04-27,2025-06-28,In Progress,1.64,81
PRG0002823,STU00162,MOD00042,CRS006,2025-06-05,2025-06-22,Completed,8.38,41
PRG0002824,STU00162,MOD00044,CRS006,2025-05-09,2025-05-12,Completed,1.69,67
PRG0002825,STU00162,MOD00045,CRS006,2025-06-01,2025-06-11,Completed,1.19,86
PRG0002826,STU00163,MOD00073,CRS010,2025-08-31,2025-10-26,Completed,8.11,40
PRG0002827,STU00163,MOD00074,CRS010,2025-09-14,2025-09-30,Completed,1.58,22
PRG0002828,STU00163,MOD00078,CRS010,2025-09-21,2025-08-31,Completed,1.35,75
PRG0002829,STU00163,MOD00079,CRS010,2025-09-02,2025-10-15,Completed,2.16,43
PRG0002830,STU00164,MOD00081,CRS011,2025-09-26,2025-10-08,Completed,2.19,31
PRG0002831,STU00164,MOD00082,CRS011,2025-09-22,2025-11-25,Not Started,10.87,69
PRG0002832,STU00164,MOD00083,CRS011,2025-09-18,2025-11-10,Completed,2.35,40
PRG0002833,STU00164,MOD00084,CRS011,2025-09-22,2025-09-07,Completed,2.7,47
PRG0002834,STU00164,MOD00085,CRS011,2025-09-26,2025-09-10,Completed,4.08,50
PRG0002835,STU00164,MOD00086,CRS011,2025-09-06,2025-12-05,Completed,2.64,31
PRG0002836,STU00164,MOD00087,CRS011,2025-09-08,2025-12-04,Completed,1.88,73
PRG0002837,STU00164,MOD00088,CRS011,2025-09-18,2025-10-28,In Progress,4.92,29
PRG0002838,STU00164,MOD00097,CRS013,2025-07-27,2025-10-19,In Progress,5.14,11
PRG0002839,STU00164,MOD00098,CRS013,2025-07-25,2025-08-20,In Progress,1.75,47
PRG0002840,STU00164,MOD00099,CRS013,2025-08-16,2025-08-07,In Progress,1.98,32
PRG0002841,STU00164,MOD00100,CRS013,2025-08-04,2025-09-12,Completed,1.57,1
PRG0002842,STU00164,MOD00101,CRS013,2025-08-10,2025-08-06,Not Started,1.2,65
PRG0002843,STU00164,MOD00102,CRS013,2025-07-28,2025-08-07,Completed,4.93,2
PRG0002844,STU00164,MOD00103,CRS013,2025-08-13,2025-10-08,In Progress,8.32,49
PRG0002845,STU00164,MOD00104,CRS013,2025-08-15,2025-10-14,Completed,14.95,62
PRG0002846,STU00164,MOD00145,CRS019,2025-11-30,2025-11-08,Completed,2.86,80
PRG0002847,STU00164,MOD00150,CRS019,2025-11-18,2026-01-21,Completed,5.15,52
PRG0002848,STU00164,MOD00152,CRS019,2025-11-16,2025-11-09,In Progress,2.21,86
PRG0002849,STU00164,MOD00121,CRS016,2026-02-25,2026-02-03,Completed,4.89,30
PRG0002850,STU00164,MOD00122,CRS016,2026-02-22,2026-03-04,In Progress,1.15,59
PRG0002851,STU00164,MOD00124,CRS016,2026-03-02,2026-02-24,Completed,2.84,29
PRG0002852,STU00164,MOD00126,CRS016,2026-02-10,2026-04-03,Completed,8.79,18
PRG0002853,STU00165,MOD00065,CRS009,2025-11-23,2025-12-02,In Progress,3.25,49
PRG0002854,STU00165,MOD00066,CRS009,2025-11-03,2025-11-01,Completed,5.71,58
PRG0002855,STU00165,MOD00067,CRS009,2025-11-16,2025-12-25,In Progress,1.14,28
PRG0002856,STU00165,MOD00068,CRS009,2025-11-17,2025-12-07,Not Started,2.18,5
PRG0002857,STU00165,MOD00069,CRS009,2025-11-04,2025-12-30,Completed,3.09,74
PRG0002858,STU00165,MOD00070,CRS009,2025-11-02,2026-01-26,Completed,1.81,69
PRG0002859,STU00165,MOD00071,CRS009,2025-11-17,2025-12-01,Completed,8.81,59
PRG0002860,STU00165,MOD00072,CRS009,2025-11-03,2025-12-24,Not Started,5.45,93
PRG0002861,STU00165,MOD00105,CRS014,2026-03-15,2026-03-29,In Progress,7.45,70
PRG0002862,STU00165,MOD00106,CRS014,2026-03-11,2026-04-16,In Progress,2.64,50
PRG0002863,STU00165,MOD00107,CRS014,2026-03-12,2026-03-27,Completed,7.19,66
PRG0002864,STU00165,MOD00108,CRS014,2026-04-04,2026-05-04,Completed,2.33,65
PRG0002865,STU00165,MOD00109,CRS014,2026-04-02,2026-04-16,Completed,5.95,17
PRG0002866,STU00165,MOD00110,CRS014,2026-03-25,2026-04-30,Not Started,1.51,73
PRG0002867,STU00165,MOD00111,CRS014,2026-04-03,2026-05-23,Completed,9.92,72
PRG0002868,STU00165,MOD00112,CRS014,2026-04-08,2026-03-19,Completed,7.53,86
PRG0002869,STU00166,MOD00153,CRS020,2026-02-06,2026-01-30,Completed,8.16,93
PRG0002870,STU00166,MOD00154,CRS020,2026-01-17,2026-03-05,Completed,5.33,48
PRG0002871,STU00166,MOD00156,CRS020,2026-02-01,2026-02-12,Completed,1.54,68
PRG0002872,STU00166,MOD00157,CRS020,2026-01-26,2026-03-30,In Progress,4.58,64
PRG0002873,STU00166,MOD00158,CRS020,2026-01-19,2026-02-18,In Progress,1.74,39
PRG0002874,STU00166,MOD00159,CRS020,2026-01-27,2026-03-16,Completed,8.49,29
PRG0002875,STU00166,MOD00160,CRS020,2026-01-26,2026-01-21,In Progress,1.94,34
PRG0002876,STU00166,MOD00089,CRS012,2026-01-31,2026-04-01,Completed,10.43,62
PRG0002877,STU00166,MOD00090,CRS012,2026-01-29,2026-02-02,In Progress,3.28,95
PRG0002878,STU00166,MOD00091,CRS012,2026-01-16,2026-01-03,Completed,2.25,18
PRG0002879,STU00166,MOD00092,CRS012,2026-01-02,2026-02-24,Not Started,9.36,44
PRG0002880,STU00166,MOD00093,CRS012,2026-01-16,2026-03-13,Completed,8.87,18
PRG0002881,STU00166,MOD00094,CRS012,2026-01-17,2026-01-03,Completed,1.11,72
PRG0002882,STU00166,MOD00095,CRS012,2026-01-10,2026-02-18,Completed,2.55,48
PRG0002883,STU00166,MOD00096,CRS012,2026-01-25,2026-02-17,In Progress,3.61,12
PRG0002884,STU00166,MOD00081,CRS011,2025-10-24,2025-11-21,In Progress,2.54,57
PRG0002885,STU00166,MOD00082,CRS011,2025-10-07,2025-10-20,Completed,6.35,2
PRG0002886,STU00166,MOD00083,CRS011,2025-10-19,2025-11-23,Completed,2.69,68
PRG0002887,STU00166,MOD00084,CRS011,2025-11-02,2025-10-19,In Progress,3.34,64
PRG0002888,STU00166,MOD00085,CRS011,2025-10-29,2025-11-09,In Progress,2.68,42
PRG0002889,STU00166,MOD00086,CRS011,2025-10-09,2025-11-21,In Progress,2.36,77
PRG0002890,STU00166,MOD00087,CRS011,2025-10-19,2025-11-13,In Progress,2.17,62
PRG0002891,STU00166,MOD00088,CRS011,2025-10-09,2025-12-31,In Progress,2.22,52
PRG0002892,STU00166,MOD00066,CRS009,2025-11-27,2025-11-30,Completed,6.87,95
PRG0002893,STU00166,MOD00067,CRS009,2025-10-31,2026-01-27,In Progress,2.76,26
PRG0002894,STU00166,MOD00069,CRS009,2025-11-25,2026-01-21,Not Started,2.42,97
PRG0002895,STU00166,MOD00070,CRS009,2025-11-04,2025-12-19,In Progress,4.29,32
PRG0002896,STU00166,MOD00072,CRS009,2025-11-19,2026-01-15,Not Started,2.08,57
PRG0002897,STU00167,MOD00081,CRS011,2026-04-03,2026-03-23,Completed,2.34,50
PRG0002898,STU00167,MOD00083,CRS011,2026-03-19,2026-04-24,Completed,1.2,38
PRG0002899,STU00167,MOD00085,CRS011,2026-04-01,2026-04-07,In Progress,6.15,93
PRG0002900,STU00167,MOD00086,CRS011,2026-03-05,2026-05-06,Completed,3.61,43
PRG0002901,STU00167,MOD00087,CRS011,2026-03-08,2026-04-08,In Progress,2.03,27
PRG0002902,STU00167,MOD00088,CRS011,2026-03-30,2026-03-29,In Progress,4.84,15
PRG0002903,STU00167,MOD00034,CRS005,2026-03-09,2026-03-13,Completed,8.49,33
PRG0002904,STU00167,MOD00038,CRS005,2026-04-03,2026-05-25,In Progress,10.13,62
PRG0002905,STU00167,MOD00039,CRS005,2026-03-09,2026-04-24,Completed,10.91,6
PRG0002906,STU00167,MOD00040,CRS005,2026-03-21,2026-03-06,Completed,4.09,2
PRG0002907,STU00168,MOD00081,CRS011,2026-04-29,2026-06-26,Completed,2.46,100
PRG0002908,STU00168,MOD00082,CRS011,2026-04-29,2026-06-30,In Progress,10.49,51
PRG0002909,STU00168,MOD00083,CRS011,2026-04-08,2026-05-01,Completed,2.42,46
PRG0002910,STU00168,MOD00084,CRS011,2026-05-02,2026-05-19,In Progress,1.9,20
PRG0002911,STU00168,MOD00085,CRS011,2026-05-02,2026-04-07,Not Started,2.45,38
PRG0002912,STU00168,MOD00086,CRS011,2026-05-02,2026-05-25,In Progress,2.63,83
PRG0002913,STU00168,MOD00087,CRS011,2026-04-12,2026-06-17,Not Started,1.68,100
PRG0002914,STU00168,MOD00088,CRS011,2026-04-07,2026-06-23,Completed,4.22,85
PRG0002915,STU00169,MOD00129,CRS017,2026-04-13,2026-05-14,Completed,6.02,55
PRG0002916,STU00169,MOD00130,CRS017,2026-04-20,2026-04-05,Completed,10.34,65
PRG0002917,STU00169,MOD00131,CRS017,2026-04-25,2026-06-13,Completed,3.2,95
PRG0002918,STU00169,MOD00132,CRS017,2026-04-29,2026-06-01,Completed,7.39,1
PRG0002919,STU00169,MOD00133,CRS017,2026-04-17,2026-06-19,In Progress,1.02,77
PRG0002920,STU00169,MOD00134,CRS017,2026-04-06,2026-05-22,Not Started,2.02,49
PRG0002921,STU00169,MOD00135,CRS017,2026-04-26,2026-04-26,Completed,10.04,53
PRG0002922,STU00169,MOD00136,CRS017,2026-04-05,2026-04-19,Completed,10.51,18
PRG0002923,STU00170,MOD00105,CRS014,2025-09-29,2025-11-07,Completed,2.46,72
PRG0002924,STU00170,MOD00106,CRS014,2025-10-05,2025-10-14,In Progress,2.81,15
PRG0002925,STU00170,MOD00107,CRS014,2025-10-18,2025-10-02,In Progress,4.27,74
PRG0002926,STU00170,MOD00108,CRS014,2025-10-15,2025-12-14,Not Started,1.34,11
PRG0002927,STU00170,MOD00109,CRS014,2025-10-16,2025-11-26,Completed,6.17,7
PRG0002928,STU00170,MOD00110,CRS014,2025-10-04,2025-10-28,In Progress,1.69,43
PRG0002929,STU00170,MOD00112,CRS014,2025-10-19,2025-10-05,Completed,3.85,26
PRG0002930,STU00170,MOD00033,CRS005,2026-03-09,2026-03-28,Completed,2.65,81
PRG0002931,STU00170,MOD00034,CRS005,2026-02-09,2026-03-09,Completed,12.24,60
PRG0002932,STU00170,MOD00035,CRS005,2026-03-08,2026-02-24,Completed,3.8,28
PRG0002933,STU00170,MOD00081,CRS011,2025-05-27,2025-07-25,Completed,1.91,0
PRG0002934,STU00170,MOD00082,CRS011,2025-05-03,2025-06-12,Completed,3.77,0
PRG0002935,STU00170,MOD00084,CRS011,2025-05-15,2025-05-21,Completed,1.15,59
PRG0002936,STU00170,MOD00085,CRS011,2025-05-16,2025-05-24,Completed,2.76,88
PRG0002937,STU00170,MOD00086,CRS011,2025-05-07,2025-05-03,Not Started,2.18,10
PRG0002938,STU00170,MOD00087,CRS011,2025-05-15,2025-06-03,Completed,1.37,43
PRG0002939,STU00170,MOD00088,CRS011,2025-05-08,2025-06-22,Completed,2.38,51
PRG0002940,STU00171,MOD00010,CRS002,2025-12-24,2026-01-29,Completed,5.49,27
PRG0002941,STU00171,MOD00011,CRS002,2026-01-05,2026-03-08,In Progress,3.12,70
PRG0002942,STU00171,MOD00012,CRS002,2026-01-10,2026-01-30,Not Started,5.06,73
PRG0002943,STU00171,MOD00014,CRS002,2025-12-24,2025-12-22,Completed,1.78,23
PRG0002944,STU00171,MOD00015,CRS002,2025-12-20,2026-01-01,Completed,3.98,30
PRG0002945,STU00171,MOD00016,CRS002,2026-01-11,2026-01-19,Completed,4.65,73
PRG0002946,STU00171,MOD00041,CRS006,2025-08-04,2025-09-03,Completed,4.11,93
PRG0002947,STU00171,MOD00042,CRS006,2025-07-25,2025-08-04,Completed,3.44,35
PRG0002948,STU00171,MOD00043,CRS006,2025-08-10,2025-09-17,Completed,1.67,58
PRG0002949,STU00171,MOD00044,CRS006,2025-08-09,2025-09-10,In Progress,1.37,95
PRG0002950,STU00171,MOD00045,CRS006,2025-07-22,2025-08-12,In Progress,1.49,8
PRG0002951,STU00171,MOD00046,CRS006,2025-08-10,2025-10-10,In Progress,3.28,27
PRG0002952,STU00171,MOD00047,CRS006,2025-08-06,2025-09-20,Completed,8.16,41
PRG0002953,STU00171,MOD00048,CRS006,2025-07-25,2025-08-05,Completed,1.12,46
PRG0002954,STU00171,MOD00105,CRS014,2025-12-24,2025-12-20,Not Started,8.15,1
PRG0002955,STU00171,MOD00106,CRS014,2026-01-03,2026-02-07,Completed,1.77,82
PRG0002956,STU00171,MOD00107,CRS014,2025-12-22,2026-03-01,In Progress,4.77,48
PRG0002957,STU00171,MOD00108,CRS014,2026-01-02,2026-01-25,Completed,2.38,51
PRG0002958,STU00171,MOD00109,CRS014,2025-12-18,2025-12-31,In Progress,6.37,82
PRG0002959,STU00171,MOD00110,CRS014,2025-12-22,2026-02-26,Not Started,1.05,50
PRG0002960,STU00171,MOD00081,CRS011,2025-07-27,2025-08-30,In Progress,1.67,39
PRG0002961,STU00171,MOD00082,CRS011,2025-08-08,2025-09-15,Completed,4.75,65
PRG0002962,STU00171,MOD00083,CRS011,2025-07-24,2025-08-18,Completed,1.15,8
PRG0002963,STU00171,MOD00085,CRS011,2025-08-13,2025-10-11,Completed,3.29,49
PRG0002964,STU00171,MOD00086,CRS011,2025-07-25,2025-08-31,Not Started,2.71,49
PRG0002965,STU00171,MOD00087,CRS011,2025-07-23,2025-07-24,Completed,1.11,7
PRG0002966,STU00171,MOD00088,CRS011,2025-07-19,2025-07-23,Completed,1.21,1
PRG0002967,STU00172,MOD00121,CRS016,2026-03-16,2026-03-09,Completed,3.21,68
PRG0002968,STU00172,MOD00122,CRS016,2026-03-06,2026-04-10,In Progress,4.25,28
PRG0002969,STU00172,MOD00123,CRS016,2026-03-11,2026-04-20,In Progress,4.09,11
PRG0002970,STU00172,MOD00124,CRS016,2026-03-01,2026-03-03,In Progress,4.16,25
PRG0002971,STU00172,MOD00125,CRS016,2026-03-09,2026-04-27,Completed,1.03,45
PRG0002972,STU00172,MOD00126,CRS016,2026-03-14,2026-04-27,Completed,4.08,91
PRG0002973,STU00172,MOD00127,CRS016,2026-02-17,2026-04-16,Completed,8.85,93
PRG0002974,STU00172,MOD00128,CRS016,2026-02-20,2026-03-17,Completed,10.79,8
PRG0002975,STU00172,MOD00049,CRS007,2025-07-10,2025-08-12,Not Started,5.29,12
PRG0002976,STU00172,MOD00050,CRS007,2025-07-06,2025-08-03,Completed,10.85,69
PRG0002977,STU00172,MOD00051,CRS007,2025-07-21,2025-07-14,Completed,8.98,62
PRG0002978,STU00172,MOD00054,CRS007,2025-08-04,2025-08-15,Completed,5.23,99
PRG0002979,STU00172,MOD00055,CRS007,2025-07-12,2025-07-18,Completed,2.96,86
PRG0002980,STU00172,MOD00056,CRS007,2025-07-07,2025-08-06,Completed,3.59,68
PRG0002981,STU00173,MOD00041,CRS006,2026-04-03,2026-03-16,In Progress,1.59,48
PRG0002982,STU00173,MOD00042,CRS006,2026-03-13,2026-05-31,In Progress,6.12,100
PRG0002983,STU00173,MOD00044,CRS006,2026-03-19,2026-04-13,Completed,4.31,81
PRG0002984,STU00173,MOD00047,CRS006,2026-04-04,2026-05-26,Completed,7.86,26
PRG0002985,STU00173,MOD00048,CRS006,2026-03-20,2026-04-27,Completed,3.38,23
PRG0002986,STU00173,MOD00009,CRS002,2025-07-26,2025-08-03,Completed,9.37,36
PRG0002987,STU00173,MOD00010,CRS002,2025-07-22,2025-08-18,Not Started,2.03,52
PRG0002988,STU00173,MOD00011,CRS002,2025-07-29,2025-09-23,Completed,1.02,7
PRG0002989,STU00173,MOD00012,CRS002,2025-08-10,2025-08-30,Completed,6.92,24
PRG0002990,STU00173,MOD00013,CRS002,2025-07-20,2025-09-26,In Progress,5.6,17
PRG0002991,STU00173,MOD00014,CRS002,2025-08-07,2025-09-23,Completed,8.5,45
PRG0002992,STU00173,MOD00015,CRS002,2025-07-21,2025-09-22,Completed,5.47,57
PRG0002993,STU00173,MOD00016,CRS002,2025-08-05,2025-10-02,Completed,5.32,58
PRG0002994,STU00173,MOD00001,CRS001,2026-01-22,2026-03-28,In Progress,1.52,98
PRG0002995,STU00173,MOD00002,CRS001,2026-02-06,2026-03-24,Completed,7.39,49
PRG0002996,STU00173,MOD00003,CRS001,2026-01-29,2026-04-07,Completed,1.97,14
PRG0002997,STU00173,MOD00004,CRS001,2026-02-13,2026-03-21,Not Started,6.1,41
PRG0002998,STU00173,MOD00005,CRS001,2026-02-02,2026-02-14,Completed,1.02,22
PRG0002999,STU00173,MOD00006,CRS001,2026-02-12,2026-02-11,Completed,2.45,33
PRG0003000,STU00173,MOD00007,CRS001,2026-02-11,2026-04-04,Not Started,4.19,91
PRG0003001,STU00173,MOD00008,CRS001,2026-02-07,2026-03-24,Completed,12.18,11
PRG0003002,STU00174,MOD00154,CRS020,2025-08-27,2025-08-22,In Progress,7.15,54
PRG0003003,STU00174,MOD00155,CRS020,2025-09-04,2025-10-14,Completed,4.0,100
PRG0003004,STU00174,MOD00156,CRS020,2025-08-19,2025-11-12,In Progress,7.5,22
PRG0003005,STU00174,MOD00157,CRS020,2025-09-06,2025-09-06,Completed,5.49,15
PRG0003006,STU00174,MOD00158,CRS020,2025-09-02,2025-09-06,Completed,5.05,2
PRG0003007,STU00174,MOD00065,CRS009,2026-03-04,2026-03-24,In Progress,2.05,89
PRG0003008,STU00174,MOD00066,CRS009,2026-03-08,2026-03-22,Completed,6.77,86
PRG0003009,STU00174,MOD00067,CRS009,2026-03-06,2026-03-15,Not Started,5.13,82
PRG0003010,STU00174,MOD00068,CRS009,2026-02-10,2026-04-10,In Progress,3.99,98
PRG0003011,STU00174,MOD00069,CRS009,2026-02-09,2026-03-12,In Progress,8.93,98
PRG0003012,STU00174,MOD00070,CRS009,2026-03-06,2026-02-16,Completed,9.03,93
PRG0003013,STU00174,MOD00071,CRS009,2026-02-09,2026-03-09,Completed,4.89,87
PRG0003014,STU00174,MOD00072,CRS009,2026-02-25,2026-02-13,Completed,1.49,2
PRG0003015,STU00174,MOD00081,CRS011,2025-08-02,2025-08-03,In Progress,1.65,64
PRG0003016,STU00174,MOD00082,CRS011,2025-07-30,2025-08-19,Completed,7.91,41
PRG0003017,STU00174,MOD00083,CRS011,2025-07-24,2025-08-07,Completed,1.7,48
PRG0003018,STU00174,MOD00084,CRS011,2025-07-28,2025-08-26,In Progress,1.59,31
PRG0003019,STU00174,MOD00085,CRS011,2025-08-11,2025-07-23,Not Started,7.08,51
PRG0003020,STU00174,MOD00086,CRS011,2025-08-11,2025-08-16,Completed,3.53,63
PRG0003021,STU00174,MOD00087,CRS011,2025-07-28,2025-08-04,In Progress,1.28,5
PRG0003022,STU00174,MOD00088,CRS011,2025-08-08,2025-10-03,Completed,1.57,19
PRG0003023,STU00174,MOD00041,CRS006,2025-08-12,2025-09-02,Completed,3.67,3
PRG0003024,STU00174,MOD00042,CRS006,2025-08-26,2025-10-28,Completed,3.91,38
PRG0003025,STU00174,MOD00045,CRS006,2025-08-27,2025-10-24,Completed,1.3,79
PRG0003026,STU00175,MOD00010,CRS002,2026-01-06,2026-03-15,Completed,2.39,44
PRG0003027,STU00175,MOD00013,CRS002,2026-01-20,2026-03-24,Completed,3.58,41
PRG0003028,STU00175,MOD00145,CRS019,2025-09-21,2025-11-21,In Progress,2.75,29
PRG0003029,STU00175,MOD00146,CRS019,2025-09-03,2025-09-11,In Progress,4.91,76
PRG0003030,STU00175,MOD00147,CRS019,2025-09-25,2025-11-15,Completed,8.6,79
PRG0003031,STU00175,MOD00148,CRS019,2025-09-12,2025-11-03,In Progress,10.03,19
PRG0003032,STU00175,MOD00149,CRS019,2025-09-22,2025-09-05,Completed,1.09,70
PRG0003033,STU00175,MOD00150,CRS019,2025-09-27,2025-10-25,Completed,1.56,91
PRG0003034,STU00175,MOD00151,CRS019,2025-08-31,2025-10-31,Completed,4.59,94
PRG0003035,STU00175,MOD00152,CRS019,2025-09-29,2025-11-12,Completed,1.47,21
PRG0003036,STU00176,MOD00049,CRS007,2025-07-03,2025-07-22,Completed,3.49,18
PRG0003037,STU00176,MOD00050,CRS007,2025-07-23,2025-08-10,Completed,8.76,69
PRG0003038,STU00176,MOD00051,CRS007,2025-07-20,2025-08-30,Completed,4.72,5
PRG0003039,STU00176,MOD00052,CRS007,2025-07-08,2025-07-05,In Progress,7.17,9
PRG0003040,STU00176,MOD00053,CRS007,2025-06-29,2025-08-18,Completed,2.14,94
PRG0003041,STU00176,MOD00056,CRS007,2025-07-25,2025-08-08,Completed,1.86,38
PRG0003042,STU00176,MOD00057,CRS008,2025-06-07,2025-06-12,In Progress,9.99,8
PRG0003043,STU00176,MOD00058,CRS008,2025-06-20,2025-08-22,In Progress,9.49,75
PRG0003044,STU00176,MOD00059,CRS008,2025-06-06,2025-07-23,Completed,5.37,49
PRG0003045,STU00176,MOD00060,CRS008,2025-06-04,2025-06-01,Completed,6.17,12
PRG0003046,STU00176,MOD00061,CRS008,2025-06-09,2025-06-14,In Progress,5.82,60
PRG0003047,STU00176,MOD00062,CRS008,2025-06-11,2025-08-27,Completed,2.77,79
PRG0003048,STU00176,MOD00063,CRS008,2025-06-12,2025-06-25,Completed,2.43,28
PRG0003049,STU00176,MOD00064,CRS008,2025-06-01,2025-07-03,Completed,3.46,38
PRG0003050,STU00177,MOD00083,CRS011,2025-05-28,2025-05-21,Completed,1.2,38
PRG0003051,STU00177,MOD00084,CRS011,2025-06-01,2025-07-01,Completed,1.05,40
PRG0003052,STU00177,MOD00087,CRS011,2025-06-08,2025-05-26,In Progress,1.47,16
PRG0003053,STU00177,MOD00066,CRS009,2025-05-31,2025-06-08,In Progress,8.38,68
PRG0003054,STU00177,MOD00068,CRS009,2025-06-12,2025-06-06,In Progress,1.43,68
PRG0003055,STU00177,MOD00070,CRS009,2025-05-23,2025-06-15,Completed,11.01,20
PRG0003056,STU00177,MOD00071,CRS009,2025-06-02,2025-06-30,In Progress,7.19,91
PRG0003057,STU00177,MOD00072,CRS009,2025-06-09,2025-06-07,In Progress,3.46,48
PRG0003058,STU00177,MOD00108,CRS014,2025-11-26,2026-01-23,Not Started,1.15,94
PRG0003059,STU00178,MOD00091,CRS012,2025-10-26,2026-01-14,Completed,5.72,24
PRG0003060,STU00178,MOD00094,CRS012,2025-10-28,2025-11-19,Completed,1.18,23
PRG0003061,STU00178,MOD00081,CRS011,2026-01-22,2026-01-15,Completed,2.36,75
PRG0003062,STU00178,MOD00082,CRS011,2026-01-24,2026-02-20,Completed,4.51,43
PRG0003063,STU00178,MOD00083,CRS011,2025-12-31,2026-01-03,Completed,1.37,93
PRG0003064,STU00178,MOD00084,CRS011,2026-01-21,2026-03-26,Not Started,2.42,50
PRG0003065,STU00178,MOD00085,CRS011,2026-01-20,2026-01-13,Completed,2.62,66
PRG0003066,STU00178,MOD00086,CRS011,2026-01-20,2026-01-21,In Progress,1.96,16
PRG0003067,STU00178,MOD00087,CRS011,2026-01-05,2026-02-06,In Progress,1.36,81
PRG0003068,STU00178,MOD00088,CRS011,2026-01-15,2026-03-05,Completed,2.91,28
PRG0003069,STU00178,MOD00025,CRS004,2026-02-04,2026-02-23,Completed,5.52,20
PRG0003070,STU00178,MOD00026,CRS004,2026-02-04,2026-04-16,Completed,1.72,31
PRG0003071,STU00178,MOD00027,CRS004,2026-01-26,2026-04-13,Completed,2.89,62
PRG0003072,STU00178,MOD00028,CRS004,2026-02-21,2026-03-16,Completed,2.27,38
PRG0003073,STU00178,MOD00029,CRS004,2026-02-14,2026-03-22,Completed,2.94,59
PRG0003074,STU00178,MOD00030,CRS004,2026-02-13,2026-04-05,In Progress,9.97,80
PRG0003075,STU00178,MOD00031,CRS004,2026-02-13,2026-02-10,Completed,3.46,48
PRG0003076,STU00178,MOD00032,CRS004,2026-02-13,2026-03-20,Completed,7.35,86
PRG0003077,STU00179,MOD00121,CRS016,2025-10-28,2025-11-22,In Progress,6.45,69
PRG0003078,STU00179,MOD00122,CRS016,2025-11-24,2025-11-11,Completed,3.97,21
PRG0003079,STU00179,MOD00123,CRS016,2025-11-03,2025-11-13,Completed,12.45,37
PRG0003080,STU00179,MOD00124,CRS016,2025-11-18,2025-10-29,In Progress,6.84,9
PRG0003081,STU00179,MOD00125,CRS016,2025-11-14,2025-11-12,Not Started,2.14,2
PRG0003082,STU00179,MOD00128,CRS016,2025-10-28,2025-11-12,Completed,8.35,44
PRG0003083,STU00179,MOD00105,CRS014,2025-12-05,2026-02-02,In Progress,3.18,58
PRG0003084,STU00179,MOD00106,CRS014,2025-11-23,2026-02-09,Completed,2.46,63
PRG0003085,STU00179,MOD00107,CRS014,2025-12-14,2026-01-24,In Progress,8.57,83
PRG0003086,STU00179,MOD00108,CRS014,2025-11-17,2026-01-05,Completed,1.12,82
PRG0003087,STU00179,MOD00109,CRS014,2025-12-02,2026-01-17,Completed,5.09,0
PRG0003088,STU00179,MOD00110,CRS014,2025-12-09,2025-11-28,Completed,2.71,79
PRG0003089,STU00179,MOD00111,CRS014,2025-11-23,2025-11-27,Not Started,8.29,11
PRG0003090,STU00179,MOD00112,CRS014,2025-12-04,2025-11-25,Completed,7.4,67
PRG0003091,STU00179,MOD00017,CRS003,2025-06-25,2025-06-23,Completed,5.96,46
PRG0003092,STU00179,MOD00022,CRS003,2025-07-01,2025-06-21,Completed,7.07,50
PRG0003093,STU00179,MOD00024,CRS003,2025-06-27,2025-08-23,Completed,10.58,0
PRG0003094,STU00179,MOD00146,CRS019,2025-11-25,2025-12-16,Completed,5.22,48
PRG0003095,STU00179,MOD00147,CRS019,2025-12-02,2026-01-24,In Progress,8.13,61
PRG0003096,STU00179,MOD00148,CRS019,2025-11-21,2025-11-20,In Progress,3.12,78
PRG0003097,STU00179,MOD00149,CRS019,2025-12-01,2025-12-31,Completed,5.48,77
PRG0003098,STU00179,MOD00150,CRS019,2025-12-10,2025-12-29,Completed,10.98,51
PRG0003099,STU00179,MOD00151,CRS019,2025-11-16,2025-12-18,Not Started,8.54,36
PRG0003100,STU00179,MOD00152,CRS019,2025-11-18,2025-11-26,Completed,1.89,90
PRG0003101,STU00180,MOD00042,CRS006,2025-11-25,2026-02-18,Completed,4.53,55
PRG0003102,STU00180,MOD00045,CRS006,2025-12-02,2025-12-08,Completed,2.96,35
PRG0003103,STU00180,MOD00046,CRS006,2025-12-12,2026-02-20,Not Started,1.37,26
PRG0003104,STU00180,MOD00047,CRS006,2025-11-28,2026-01-20,Completed,8.9,46
PRG0003105,STU00180,MOD00048,CRS006,2025-11-28,2026-01-29,In Progress,4.16,11
PRG0003106,STU00180,MOD00025,CRS004,2025-10-09,2025-10-17,Completed,7.98,26
PRG0003107,STU00180,MOD00026,CRS004,2025-10-07,2025-12-01,Completed,1.32,51
PRG0003108,STU00180,MOD00027,CRS004,2025-10-18,2025-10-17,Completed,1.78,60
PRG0003109,STU00180,MOD00028,CRS004,2025-10-01,2025-10-20,Not Started,2.72,79
PRG0003110,STU00180,MOD00029,CRS004,2025-10-09,2025-12-06,Completed,1.9,73
PRG0003111,STU00180,MOD00030,CRS004,2025-09-25,2025-11-13,Completed,2.2,37
PRG0003112,STU00180,MOD00031,CRS004,2025-10-18,2025-10-19,Completed,7.82,51
PRG0003113,STU00180,MOD00032,CRS004,2025-09-28,2025-10-05,In Progress,3.55,89
PRG0003114,STU00180,MOD00001,CRS001,2025-10-07,2025-11-25,Completed,7.06,4
PRG0003115,STU00180,MOD00005,CRS001,2025-09-28,2025-11-07,In Progress,7.24,3
PRG0003116,STU00180,MOD00006,CRS001,2025-10-01,2025-09-29,In Progress,4.19,29
PRG0003117,STU00180,MOD00007,CRS001,2025-10-20,2025-11-10,Not Started,3.41,96
PRG0003118,STU00181,MOD00025,CRS004,2025-12-30,2026-02-12,Completed,14.45,52
PRG0003119,STU00181,MOD00027,CRS004,2025-12-08,2026-02-08,Completed,1.9,65
PRG0003120,STU00181,MOD00029,CRS004,2025-12-11,2026-02-18,In Progress,1.07,27
PRG0003121,STU00181,MOD00137,CRS018,2025-12-18,2025-12-17,Completed,1.65,51
PRG0003122,STU00181,MOD00138,CRS018,2025-12-22,2026-02-04,Completed,3.73,97
PRG0003123,STU00181,MOD00139,CRS018,2025-12-12,2026-01-27,Completed,1.61,19
PRG0003124,STU00181,MOD00140,CRS018,2025-12-12,2026-02-28,In Progress,2.51,32
PRG0003125,STU00181,MOD00141,CRS018,2025-12-12,2026-02-05,Completed,6.2,42
PRG0003126,STU00181,MOD00142,CRS018,2025-12-19,2025-12-26,Completed,7.86,26
PRG0003127,STU00181,MOD00143,CRS018,2025-12-26,2025-12-28,Not Started,7.26,78
PRG0003128,STU00181,MOD00144,CRS018,2025-12-30,2026-01-16,Completed,4.75,55
PRG0003129,STU00182,MOD00105,CRS014,2025-07-09,2025-09-16,Completed,9.91,21
PRG0003130,STU00182,MOD00106,CRS014,2025-07-25,2025-09-23,In Progress,3.55,62
PRG0003131,STU00182,MOD00107,CRS014,2025-07-26,2025-08-11,In Progress,7.75,57
PRG0003132,STU00182,MOD00108,CRS014,2025-07-23,2025-08-28,Completed,1.23,57
PRG0003133,STU00182,MOD00109,CRS014,2025-07-20,2025-09-28,In Progress,8.68,19
PRG0003134,STU00182,MOD00110,CRS014,2025-07-16,2025-07-27,Not Started,1.87,16
PRG0003135,STU00182,MOD00111,CRS014,2025-07-02,2025-08-25,Completed,7.77,53
PRG0003136,STU00182,MOD00112,CRS014,2025-07-16,2025-09-18,Not Started,12.13,95
PRG0003137,STU00182,MOD00049,CRS007,2026-03-18,2026-03-26,In Progress,2.79,95
PRG0003138,STU00182,MOD00050,CRS007,2026-02-27,2026-03-11,Completed,9.77,86
PRG0003139,STU00182,MOD00052,CRS007,2026-03-07,2026-05-15,Not Started,7.22,8
PRG0003140,STU00182,MOD00053,CRS007,2026-03-23,2026-03-26,In Progress,3.55,95
PRG0003141,STU00182,MOD00054,CRS007,2026-03-23,2026-04-07,Completed,2.28,52
PRG0003142,STU00182,MOD00056,CRS007,2026-03-10,2026-05-12,Completed,1.27,32
PRG0003143,STU00182,MOD00097,CRS013,2026-02-15,2026-03-10,Completed,9.44,39
PRG0003144,STU00182,MOD00098,CRS013,2026-03-05,2026-03-23,Completed,2.85,64
PRG0003145,STU00182,MOD00099,CRS013,2026-03-15,2026-04-06,Not Started,1.79,56
PRG0003146,STU00182,MOD00100,CRS013,2026-03-05,2026-04-05,In Progress,1.36,69
PRG0003147,STU00182,MOD00101,CRS013,2026-02-26,2026-05-07,In Progress,1.95,26
PRG0003148,STU00182,MOD00102,CRS013,2026-03-09,2026-05-15,Completed,2.54,58
PRG0003149,STU00182,MOD00103,CRS013,2026-02-23,2026-03-18,Completed,3.18,66
PRG0003150,STU00182,MOD00104,CRS013,2026-03-17,2026-03-22,In Progress,4.23,74
PRG0003151,STU00182,MOD00057,CRS008,2026-01-20,2026-01-16,In Progress,7.81,64
PRG0003152,STU00182,MOD00058,CRS008,2026-01-11,2026-03-25,Completed,9.93,31
PRG0003153,STU00182,MOD00059,CRS008,2026-01-16,2026-03-10,Completed,3.32,73
PRG0003154,STU00182,MOD00060,CRS008,2026-01-23,2026-03-03,Completed,4.68,4
PRG0003155,STU00182,MOD00061,CRS008,2026-01-27,2026-01-23,Completed,7.23,85
PRG0003156,STU00182,MOD00062,CRS008,2026-01-19,2026-03-17,Not Started,5.58,32
PRG0003157,STU00182,MOD00063,CRS008,2026-01-09,2026-02-15,Completed,5.12,78
PRG0003158,STU00182,MOD00064,CRS008,2026-01-02,2026-01-03,Not Started,13.01,77
PRG0003159,STU00183,MOD00009,CRS002,2026-04-03,2026-04-05,Completed,1.44,80
PRG0003160,STU00183,MOD00010,CRS002,2026-04-01,2026-04-04,Completed,2.38,48
PRG0003161,STU00183,MOD00011,CRS002,2026-03-25,2026-05-14,Completed,2.61,54
PRG0003162,STU00183,MOD00012,CRS002,2026-03-30,2026-05-23,In Progress,6.75,15
PRG0003163,STU00183,MOD00013,CRS002,2026-03-29,2026-06-06,In Progress,1.25,67
PRG0003164,STU00183,MOD00014,CRS002,2026-03-17,2026-04-11,Completed,11.11,62
PRG0003165,STU00183,MOD00015,CRS002,2026-03-11,2026-03-23,Not Started,3.0,13
PRG0003166,STU00183,MOD00016,CRS002,2026-04-06,2026-05-28,In Progress,2.58,7
PRG0003167,STU00183,MOD00074,CRS010,2025-12-18,2026-01-26,In Progress,2.45,93
PRG0003168,STU00183,MOD00075,CRS010,2025-12-15,2026-01-30,Not Started,1.32,93
PRG0003169,STU00183,MOD00077,CRS010,2025-11-24,2026-01-19,In Progress,6.06,40
PRG0003170,STU00183,MOD00078,CRS010,2025-12-13,2025-12-15,Not Started,1.85,84
PRG0003171,STU00183,MOD00072,CRS009,2025-10-18,2025-10-11,Completed,3.57,32
PRG0003172,STU00183,MOD00082,CRS011,2026-02-05,2026-02-01,In Progress,2.12,72
PRG0003173,STU00183,MOD00083,CRS011,2026-01-14,2026-02-24,Completed,1.46,88
PRG0003174,STU00183,MOD00084,CRS011,2026-02-09,2026-02-18,Completed,4.11,31
PRG0003175,STU00183,MOD00086,CRS011,2026-02-03,2026-02-13,Completed,3.28,61
PRG0003176,STU00183,MOD00087,CRS011,2026-01-13,2026-03-24,In Progress,1.36,66
PRG0003177,STU00183,MOD00041,CRS006,2025-08-13,2025-10-15,Completed,3.64,57
PRG0003178,STU00183,MOD00043,CRS006,2025-08-11,2025-08-10,In Progress,3.68,1
PRG0003179,STU00183,MOD00044,CRS006,2025-08-25,2025-10-05,Completed,4.42,37
PRG0003180,STU00183,MOD00045,CRS006,2025-09-04,2025-10-31,Completed,2.56,4
PRG0003181,STU00183,MOD00046,CRS006,2025-08-12,2025-09-15,Completed,2.09,40
PRG0003182,STU00183,MOD00047,CRS006,2025-08-19,2025-08-27,Completed,10.54,59
PRG0003183,STU00183,MOD00048,CRS006,2025-08-22,2025-09-22,Completed,2.17,80
PRG0003184,STU00184,MOD00109,CRS014,2025-11-18,2026-02-01,Completed,12.81,66
PRG0003185,STU00184,MOD00111,CRS014,2025-11-17,2026-01-30,Completed,7.99,95
PRG0003186,STU00184,MOD00026,CRS004,2025-11-21,2026-01-15,Completed,4.49,89
PRG0003187,STU00184,MOD00027,CRS004,2025-11-12,2026-02-05,Completed,1.18,83
PRG0003188,STU00184,MOD00029,CRS004,2025-12-04,2025-12-05,Not Started,2.69,11
PRG0003189,STU00184,MOD00030,CRS004,2025-11-14,2026-02-05,Completed,2.1,96
PRG0003190,STU00184,MOD00031,CRS004,2025-11-27,2026-01-14,Completed,6.26,75
PRG0003191,STU00185,MOD00002,CRS001,2025-11-05,2025-11-01,In Progress,2.2,85
PRG0003192,STU00185,MOD00003,CRS001,2025-11-04,2025-10-20,Completed,3.37,72
PRG0003193,STU00185,MOD00007,CRS001,2025-11-01,2025-10-26,Completed,8.81,41
PRG0003194,STU00185,MOD00008,CRS001,2025-10-10,2025-10-31,In Progress,6.11,37
PRG0003195,STU00185,MOD00065,CRS009,2025-10-07,2025-10-04,Completed,4.09,90
PRG0003196,STU00185,MOD00066,CRS009,2025-09-19,2025-11-23,Not Started,8.12,58
PRG0003197,STU00185,MOD00067,CRS009,2025-10-03,2025-11-21,Completed,3.51,40
PRG0003198,STU00185,MOD00068,CRS009,2025-10-15,2025-09-20,Not Started,4.03,58
PRG0003199,STU00185,MOD00069,CRS009,2025-10-02,2025-12-10,In Progress,10.94,26
PRG0003200,STU00185,MOD00070,CRS009,2025-10-07,2025-10-28,In Progress,5.23,66
PRG0003201,STU00185,MOD00071,CRS009,2025-10-02,2025-11-14,Not Started,13.09,33
PRG0003202,STU00185,MOD00072,CRS009,2025-10-18,2025-12-17,Completed,5.08,4
PRG0003203,STU00185,MOD00010,CRS002,2025-11-08,2025-11-10,In Progress,2.47,61
PRG0003204,STU00185,MOD00011,CRS002,2025-11-20,2026-01-14,Completed,5.64,42
PRG0003205,STU00185,MOD00012,CRS002,2025-11-06,2025-12-23,Not Started,2.4,87
PRG0003206,STU00185,MOD00013,CRS002,2025-11-10,2026-01-21,Completed,3.17,45
PRG0003207,STU00185,MOD00014,CRS002,2025-11-06,2025-11-25,Completed,13.84,1
PRG0003208,STU00185,MOD00016,CRS002,2025-11-17,2025-12-28,Completed,11.92,57
PRG0003209,STU00185,MOD00089,CRS012,2026-03-07,2026-04-10,In Progress,1.8,9
PRG0003210,STU00185,MOD00090,CRS012,2026-03-04,2026-05-08,Completed,2.2,38
PRG0003211,STU00185,MOD00091,CRS012,2026-03-15,2026-03-27,Completed,7.58,30
PRG0003212,STU00185,MOD00095,CRS012,2026-02-23,2026-03-12,Completed,1.52,38
PRG0003213,STU00185,MOD00145,CRS019,2026-03-22,2026-04-11,Completed,3.57,97
PRG0003214,STU00185,MOD00147,CRS019,2026-03-21,2026-03-26,In Progress,2.17,70
PRG0003215,STU00185,MOD00148,CRS019,2026-03-02,2026-04-29,Completed,6.13,23
PRG0003216,STU00185,MOD00149,CRS019,2026-03-02,2026-03-04,Completed,1.5,100
PRG0003217,STU00185,MOD00151,CRS019,2026-03-26,2026-05-28,Completed,5.87,38
PRG0003218,STU00186,MOD00100,CRS013,2025-04-15,2025-04-29,Completed,1.47,45
PRG0003219,STU00186,MOD00103,CRS013,2025-04-22,2025-05-30,Completed,4.33,20
PRG0003220,STU00186,MOD00049,CRS007,2025-06-29,2025-06-18,Completed,2.17,70
PRG0003221,STU00186,MOD00050,CRS007,2025-07-15,2025-07-03,In Progress,13.25,76
PRG0003222,STU00186,MOD00051,CRS007,2025-06-15,2025-08-30,In Progress,5.07,95
PRG0003223,STU00186,MOD00052,CRS007,2025-07-15,2025-07-18,Completed,3.52,33
PRG0003224,STU00186,MOD00053,CRS007,2025-06-17,2025-07-17,In Progress,3.48,35
PRG0003225,STU00186,MOD00054,CRS007,2025-07-04,2025-08-03,Completed,1.57,64
PRG0003226,STU00186,MOD00055,CRS007,2025-07-08,2025-08-26,Completed,1.81,55
PRG0003227,STU00186,MOD00056,CRS007,2025-06-23,2025-08-02,Completed,1.27,71
PRG0003228,STU00186,MOD00089,CRS012,2026-02-17,2026-03-09,Completed,7.97,39
PRG0003229,STU00186,MOD00090,CRS012,2026-02-19,2026-04-08,Completed,4.13,78
PRG0003230,STU00186,MOD00091,CRS012,2026-02-06,2026-03-23,Completed,7.79,88
PRG0003231,STU00186,MOD00092,CRS012,2026-02-15,2026-02-21,In Progress,9.85,48
PRG0003232,STU00186,MOD00093,CRS012,2026-02-17,2026-04-05,Completed,7.8,17
PRG0003233,STU00186,MOD00094,CRS012,2026-02-16,2026-05-02,In Progress,2.23,66
PRG0003234,STU00186,MOD00095,CRS012,2026-03-03,2026-04-11,Completed,4.45,82
PRG0003235,STU00186,MOD00096,CRS012,2026-02-19,2026-03-20,In Progress,5.13,56
PRG0003236,STU00187,MOD00105,CRS014,2026-04-09,2026-04-18,Completed,11.18,14
PRG0003237,STU00187,MOD00106,CRS014,2026-04-14,2026-06-06,Completed,4.37,72
PRG0003238,STU00187,MOD00107,CRS014,2026-04-16,2026-06-13,Completed,8.91,23
PRG0003239,STU00187,MOD00109,CRS014,2026-04-24,2026-06-05,Completed,1.02,33
PRG0003240,STU00187,MOD00041,CRS006,2025-05-02,2025-07-14,Completed,1.96,91
PRG0003241,STU00187,MOD00042,CRS006,2025-05-04,2025-05-24,Completed,9.56,15
PRG0003242,STU00187,MOD00043,CRS006,2025-05-07,2025-05-14,Completed,3.99,11
PRG0003243,STU00187,MOD00044,CRS006,2025-04-28,2025-05-06,Completed,1.23,33
PRG0003244,STU00187,MOD00045,CRS006,2025-05-08,2025-05-18,Completed,1.22,9
PRG0003245,STU00187,MOD00046,CRS006,2025-05-08,2025-05-12,Completed,1.29,11
PRG0003246,STU00187,MOD00047,CRS006,2025-05-05,2025-04-26,In Progress,10.12,57
PRG0003247,STU00187,MOD00048,CRS006,2025-04-29,2025-07-11,In Progress,2.05,57
PRG0003248,STU00187,MOD00049,CRS007,2025-05-27,2025-05-28,Completed,4.01,63
PRG0003249,STU00187,MOD00050,CRS007,2025-06-14,2025-08-03,In Progress,2.15,1
PRG0003250,STU00187,MOD00051,CRS007,2025-06-09,2025-07-08,In Progress,4.15,59
PRG0003251,STU00187,MOD00052,CRS007,2025-06-11,2025-07-29,Not Started,7.47,15
PRG0003252,STU00187,MOD00053,CRS007,2025-06-11,2025-07-11,Completed,3.98,76
PRG0003253,STU00187,MOD00054,CRS007,2025-06-04,2025-06-07,In Progress,1.79,60
PRG0003254,STU00187,MOD00055,CRS007,2025-05-20,2025-07-13,Not Started,2.48,67
PRG0003255,STU00187,MOD00056,CRS007,2025-05-30,2025-07-26,Completed,5.68,86
PRG0003256,STU00187,MOD00097,CRS013,2026-01-27,2026-03-24,Completed,2.41,77
PRG0003257,STU00187,MOD00098,CRS013,2026-02-12,2026-01-27,Completed,3.14,89
PRG0003258,STU00187,MOD00099,CRS013,2026-02-11,2026-02-10,Completed,2.2,37
PRG0003259,STU00187,MOD00100,CRS013,2026-02-16,2026-04-17,Completed,3.95,10
PRG0003260,STU00187,MOD00101,CRS013,2026-02-09,2026-01-23,Completed,3.35,60
PRG0003261,STU00187,MOD00102,CRS013,2026-01-28,2026-03-01,In Progress,3.22,79
PRG0003262,STU00187,MOD00103,CRS013,2026-02-14,2026-02-17,In Progress,7.12,49
PRG0003263,STU00187,MOD00104,CRS013,2026-02-17,2026-03-25,Completed,4.31,84
PRG0003264,STU00188,MOD00009,CRS002,2025-06-13,2025-07-02,Completed,7.05,13
PRG0003265,STU00188,MOD00012,CRS002,2025-06-22,2025-08-30,In Progress,7.3,83
PRG0003266,STU00188,MOD00014,CRS002,2025-06-08,2025-08-04,Completed,8.07,74
PRG0003267,STU00188,MOD00015,CRS002,2025-06-30,2025-08-16,In Progress,1.06,66
PRG0003268,STU00188,MOD00016,CRS002,2025-06-15,2025-07-07,In Progress,1.69,23
PRG0003269,STU00188,MOD00113,CRS015,2025-06-18,2025-08-23,Completed,4.98,58
PRG0003270,STU00188,MOD00114,CRS015,2025-06-20,2025-06-25,Completed,4.05,65
PRG0003271,STU00188,MOD00115,CRS015,2025-07-02,2025-07-15,In Progress,2.82,23
PRG0003272,STU00188,MOD00116,CRS015,2025-06-02,2025-06-25,Completed,4.73,48
PRG0003273,STU00188,MOD00117,CRS015,2025-06-12,2025-06-13,Completed,1.26,58
PRG0003274,STU00188,MOD00118,CRS015,2025-06-19,2025-07-25,Completed,6.76,6
PRG0003275,STU00188,MOD00119,CRS015,2025-06-19,2025-08-01,Completed,7.4,81
PRG0003276,STU00188,MOD00120,CRS015,2025-06-19,2025-08-10,In Progress,4.92,54
PRG0003277,STU00188,MOD00025,CRS004,2025-11-15,2025-12-31,In Progress,14.84,93
PRG0003278,STU00188,MOD00026,CRS004,2025-11-24,2025-11-18,Not Started,5.06,41
PRG0003279,STU00188,MOD00027,CRS004,2025-11-13,2025-11-25,Not Started,1.86,63
PRG0003280,STU00188,MOD00028,CRS004,2025-11-22,2026-02-03,In Progress,2.52,75
PRG0003281,STU00188,MOD00029,CRS004,2025-12-01,2026-02-03,Completed,3.55,65
PRG0003282,STU00188,MOD00030,CRS004,2025-11-29,2026-01-11,In Progress,10.52,64
PRG0003283,STU00188,MOD00031,CRS004,2025-11-21,2026-01-01,Completed,3.72,96
PRG0003284,STU00188,MOD00032,CRS004,2025-12-08,2026-01-16,Completed,5.32,33
PRG0003285,STU00188,MOD00059,CRS008,2026-04-07,2026-05-14,Not Started,7.66,98
PRG0003286,STU00188,MOD00063,CRS008,2026-04-10,2026-04-10,Completed,7.72,50
PRG0003287,STU00189,MOD00153,CRS020,2025-10-28,2025-12-08,Completed,2.8,98
PRG0003288,STU00189,MOD00154,CRS020,2025-11-20,2025-12-24,In Progress,3.62,66
PRG0003289,STU00189,MOD00155,CRS020,2025-11-08,2025-12-24,Completed,4.06,19
PRG0003290,STU00189,MOD00156,CRS020,2025-10-31,2025-11-18,Completed,3.42,62
PRG0003291,STU00189,MOD00157,CRS020,2025-11-15,2025-11-23,Completed,5.36,11
PRG0003292,STU00189,MOD00158,CRS020,2025-11-02,2025-11-08,In Progress,1.92,51
PRG0003293,STU00189,MOD00159,CRS020,2025-11-14,2025-11-22,Completed,10.94,92
PRG0003294,STU00189,MOD00160,CRS020,2025-11-13,2025-11-29,Not Started,3.26,72
PRG0003295,STU00189,MOD00073,CRS010,2025-11-07,2025-12-31,Completed,2.35,26
PRG0003296,STU00189,MOD00074,CRS010,2025-11-03,2026-01-09,Completed,6.44,54
PRG0003297,STU00189,MOD00075,CRS010,2025-11-01,2025-11-29,In Progress,10.83,9
PRG0003298,STU00189,MOD00076,CRS010,2025-11-11,2025-11-01,Completed,2.58,4
PRG0003299,STU00189,MOD00077,CRS010,2025-10-27,2025-12-25,In Progress,7.94,45
PRG0003300,STU00189,MOD00078,CRS010,2025-11-05,2025-10-29,Completed,2.9,46
PRG0003301,STU00189,MOD00079,CRS010,2025-11-12,2025-12-27,In Progress,3.73,23
PRG0003302,STU00189,MOD00080,CRS010,2025-11-15,2025-12-28,Not Started,1.26,94
PRG0003303,STU00189,MOD00058,CRS008,2025-11-03,2025-12-24,Completed,1.96,78
PRG0003304,STU00189,MOD00059,CRS008,2025-11-15,2025-12-22,In Progress,2.34,15
PRG0003305,STU00189,MOD00064,CRS008,2025-10-23,2025-12-21,Completed,11.04,9
PRG0003306,STU00189,MOD00081,CRS011,2026-01-11,2026-01-30,Completed,2.1,47
PRG0003307,STU00189,MOD00083,CRS011,2026-01-17,2026-03-20,Not Started,1.45,98
PRG0003308,STU00189,MOD00097,CRS013,2025-10-26,2025-11-30,Completed,1.71,12
PRG0003309,STU00189,MOD00099,CRS013,2025-10-29,2025-11-27,In Progress,2.26,83
PRG0003310,STU00189,MOD00100,CRS013,2025-11-11,2025-12-05,Completed,4.02,0
PRG0003311,STU00189,MOD00101,CRS013,2025-11-02,2025-11-14,Completed,1.04,47
PRG0003312,STU00189,MOD00102,CRS013,2025-11-21,2025-12-19,In Progress,2.47,82
PRG0003313,STU00189,MOD00103,CRS013,2025-11-06,2026-01-20,Completed,1.09,84
PRG0003314,STU00190,MOD00145,CRS019,2025-08-03,2025-09-25,In Progress,2.33,6
PRG0003315,STU00190,MOD00146,CRS019,2025-07-25,2025-09-16,Completed,5.14,49
PRG0003316,STU00190,MOD00147,CRS019,2025-07-22,2025-10-02,Completed,1.5,49
PRG0003317,STU00190,MOD00148,CRS019,2025-08-11,2025-07-28,Completed,9.31,81
PRG0003318,STU00190,MOD00149,CRS019,2025-07-29,2025-08-28,Completed,1.35,67
PRG0003319,STU00190,MOD00150,CRS019,2025-07-25,2025-09-19,Not Started,9.43,55
PRG0003320,STU00190,MOD00151,CRS019,2025-08-19,2025-10-11,Not Started,2.69,66
PRG0003321,STU00190,MOD00152,CRS019,2025-07-29,2025-09-08,Completed,5.01,48
PRG0003322,STU00190,MOD00076,CRS010,2026-04-04,2026-04-25,Completed,2.62,83
PRG0003323,STU00190,MOD00078,CRS010,2026-04-16,2026-05-20,Completed,1.11,59
PRG0003324,STU00190,MOD00080,CRS010,2026-05-02,2026-05-31,Completed,1.37,16
PRG0003325,STU00191,MOD00065,CRS009,2026-01-21,2026-02-17,Completed,2.43,70
PRG0003326,STU00191,MOD00066,CRS009,2026-01-03,2026-02-22,In Progress,8.39,10
PRG0003327,STU00191,MOD00067,CRS009,2026-01-08,2026-01-08,Not Started,2.3,57
PRG0003328,STU00191,MOD00068,CRS009,2026-01-09,2026-01-31,Completed,3.06,67
PRG0003329,STU00191,MOD00069,CRS009,2026-01-18,2026-01-01,In Progress,5.1,93
PRG0003330,STU00191,MOD00070,CRS009,2026-01-24,2026-01-07,Completed,3.24,62
PRG0003331,STU00191,MOD00071,CRS009,2026-01-17,2026-02-08,Completed,6.48,5
PRG0003332,STU00191,MOD00072,CRS009,2026-01-13,2026-03-07,In Progress,4.23,49
PRG0003333,STU00191,MOD00097,CRS013,2025-09-28,2025-10-25,In Progress,4.47,87
PRG0003334,STU00191,MOD00098,CRS013,2025-09-15,2025-12-06,Completed,1.92,33
PRG0003335,STU00191,MOD00099,CRS013,2025-09-12,2025-10-23,In Progress,2.5,84
PRG0003336,STU00191,MOD00100,CRS013,2025-09-19,2025-10-21,Completed,4.65,11
PRG0003337,STU00191,MOD00101,CRS013,2025-10-01,2025-10-07,In Progress,1.59,40
PRG0003338,STU00191,MOD00102,CRS013,2025-09-29,2025-11-26,Completed,1.11,49
PRG0003339,STU00191,MOD00103,CRS013,2025-09-23,2025-12-04,In Progress,6.53,41
PRG0003340,STU00191,MOD00104,CRS013,2025-09-12,2025-11-07,Completed,4.56,3
PRG0003341,STU00192,MOD00113,CRS015,2025-05-05,2025-06-28,Completed,1.88,47
PRG0003342,STU00192,MOD00114,CRS015,2025-04-13,2025-05-08,In Progress,1.37,69
PRG0003343,STU00192,MOD00115,CRS015,2025-04-26,2025-04-20,In Progress,2.83,81
PRG0003344,STU00192,MOD00116,CRS015,2025-05-07,2025-05-16,Completed,3.2,18
PRG0003345,STU00192,MOD00117,CRS015,2025-04-29,2025-05-25,Completed,2.53,95
PRG0003346,STU00192,MOD00118,CRS015,2025-05-07,2025-05-23,Completed,4.01,40
PRG0003347,STU00192,MOD00119,CRS015,2025-04-11,2025-04-20,Not Started,4.69,31
PRG0003348,STU00192,MOD00120,CRS015,2025-05-06,2025-06-11,Completed,5.5,27
PRG0003349,STU00192,MOD00017,CRS003,2025-12-08,2026-01-20,Completed,4.35,59
PRG0003350,STU00192,MOD00019,CRS003,2025-12-14,2026-01-24,In Progress,1.19,2
PRG0003351,STU00192,MOD00020,CRS003,2025-12-04,2025-12-14,In Progress,2.72,37
PRG0003352,STU00192,MOD00021,CRS003,2025-12-01,2026-01-08,Completed,7.45,20
PRG0003353,STU00192,MOD00022,CRS003,2025-12-11,2026-02-03,In Progress,4.96,68
PRG0003354,STU00192,MOD00023,CRS003,2025-12-13,2026-01-18,Not Started,2.6,11
PRG0003355,STU00193,MOD00053,CRS007,2025-10-21,2025-11-04,Completed,1.87,5
PRG0003356,STU00193,MOD00057,CRS008,2025-10-25,2025-11-18,In Progress,14.73,17
PRG0003357,STU00193,MOD00058,CRS008,2025-10-21,2025-12-12,Not Started,6.06,16
PRG0003358,STU00193,MOD00059,CRS008,2025-10-01,2025-11-25,In Progress,4.7,70
PRG0003359,STU00193,MOD00060,CRS008,2025-09-30,2025-11-26,Completed,9.66,9
PRG0003360,STU00193,MOD00061,CRS008,2025-10-25,2025-12-26,In Progress,3.73,84
PRG0003361,STU00193,MOD00062,CRS008,2025-09-30,2025-12-02,Completed,1.3,51
PRG0003362,STU00193,MOD00063,CRS008,2025-10-16,2025-12-17,Not Started,1.39,91
PRG0003363,STU00193,MOD00064,CRS008,2025-09-28,2025-11-11,Completed,12.11,55
PRG0003364,STU00193,MOD00009,CRS002,2026-02-14,2026-03-27,Completed,7.53,9
PRG0003365,STU00193,MOD00012,CRS002,2026-01-27,2026-04-08,Completed,5.31,8
PRG0003366,STU00193,MOD00014,CRS002,2026-02-08,2026-01-31,Completed,2.48,85
PRG0003367,STU00193,MOD00016,CRS002,2026-02-01,2026-03-29,In Progress,8.21,93
PRG0003368,STU00193,MOD00137,CRS018,2025-10-10,2025-10-25,Completed,2.37,97
PRG0003369,STU00193,MOD00138,CRS018,2025-10-05,2025-10-16,In Progress,4.99,28
PRG0003370,STU00193,MOD00139,CRS018,2025-10-16,2025-11-06,Completed,7.65,41
PRG0003371,STU00193,MOD00140,CRS018,2025-10-19,2025-11-28,Not Started,2.46,55
PRG0003372,STU00193,MOD00141,CRS018,2025-10-05,2025-11-20,Completed,5.09,40
PRG0003373,STU00193,MOD00142,CRS018,2025-10-23,2025-10-08,Completed,6.62,77
PRG0003374,STU00193,MOD00143,CRS018,2025-10-09,2025-11-09,Not Started,4.45,88
PRG0003375,STU00193,MOD00144,CRS018,2025-10-03,2025-11-01,Completed,8.26,12
PRG0003376,STU00194,MOD00033,CRS005,2026-02-27,2026-04-12,In Progress,1.35,94
PRG0003377,STU00194,MOD00034,CRS005,2026-02-18,2026-04-10,In Progress,7.72,51
PRG0003378,STU00194,MOD00035,CRS005,2026-03-04,2026-02-20,Completed,5.92,42
PRG0003379,STU00194,MOD00036,CRS005,2026-03-10,2026-04-14,In Progress,4.43,43
PRG0003380,STU00194,MOD00037,CRS005,2026-03-01,2026-03-26,Not Started,3.3,70
PRG0003381,STU00194,MOD00038,CRS005,2026-02-22,2026-05-11,Not Started,4.88,71
PRG0003382,STU00194,MOD00039,CRS005,2026-03-06,2026-03-26,Completed,3.86,9
PRG0003383,STU00194,MOD00040,CRS005,2026-03-06,2026-05-11,Completed,6.84,28
PRG0003384,STU00194,MOD00113,CRS015,2026-02-20,2026-03-01,Completed,6.34,33
PRG0003385,STU00194,MOD00114,CRS015,2026-02-15,2026-05-11,Completed,4.29,49
PRG0003386,STU00194,MOD00115,CRS015,2026-03-02,2026-05-11,Completed,1.27,43
PRG0003387,STU00194,MOD00116,CRS015,2026-02-28,2026-03-28,Completed,2.3,14
PRG0003388,STU00194,MOD00117,CRS015,2026-02-21,2026-02-13,Completed,3.77,63
PRG0003389,STU00194,MOD00118,CRS015,2026-02-21,2026-04-18,Completed,7.87,56
PRG0003390,STU00194,MOD00119,CRS015,2026-02-14,2026-04-21,In Progress,5.84,61
PRG0003391,STU00194,MOD00120,CRS015,2026-03-03,2026-04-18,Completed,2.54,21
PRG0003392,STU00194,MOD00017,CRS003,2026-03-03,2026-04-26,Completed,2.79,52
PRG0003393,STU00194,MOD00019,CRS003,2026-03-10,2026-05-01,In Progress,3.89,13
PRG0003394,STU00194,MOD00020,CRS003,2026-02-18,2026-04-12,Completed,1.91,14
PRG0003395,STU00194,MOD00023,CRS003,2026-02-20,2026-02-26,Completed,3.93,51
PRG0003396,STU00194,MOD00137,CRS018,2026-02-22,2026-03-31,Completed,1.42,27
PRG0003397,STU00194,MOD00138,CRS018,2026-03-03,2026-02-21,Completed,2.51,32
PRG0003398,STU00194,MOD00139,CRS018,2026-02-13,2026-05-04,Completed,13.16,19
PRG0003399,STU00194,MOD00140,CRS018,2026-03-04,2026-04-05,Completed,4.79,58
PRG0003400,STU00194,MOD00141,CRS018,2026-03-13,2026-03-18,In Progress,6.25,81
PRG0003401,STU00194,MOD00142,CRS018,2026-02-15,2026-04-11,In Progress,1.99,21
PRG0003402,STU00194,MOD00143,CRS018,2026-03-12,2026-05-06,Completed,5.34,76
PRG0003403,STU00194,MOD00144,CRS018,2026-02-28,2026-05-03,Completed,4.44,69
PRG0003404,STU00195,MOD00018,CRS003,2026-01-29,2026-03-03,Completed,14.95,30
PRG0003405,STU00195,MOD00019,CRS003,2026-01-28,2026-04-06,Completed,2.11,12
PRG0003406,STU00195,MOD00021,CRS003,2026-01-15,2026-02-23,In Progress,10.77,76
PRG0003407,STU00195,MOD00022,CRS003,2026-01-14,2026-01-21,Completed,1.81,73
PRG0003408,STU00195,MOD00023,CRS003,2026-01-29,2026-02-08,In Progress,7.16,23
PRG0003409,STU00195,MOD00043,CRS006,2026-02-09,2026-03-18,Completed,1.9,42
PRG0003410,STU00195,MOD00044,CRS006,2026-01-31,2026-01-23,In Progress,3.1,59
PRG0003411,STU00195,MOD00045,CRS006,2026-02-12,2026-03-29,Completed,2.08,13
PRG0003412,STU00195,MOD00047,CRS006,2026-02-09,2026-01-19,Completed,7.54,74
PRG0003413,STU00195,MOD00048,CRS006,2026-01-24,2026-04-02,In Progress,1.55,42
PRG0003414,STU00195,MOD00105,CRS014,2026-02-04,2026-04-02,Completed,8.0,71
PRG0003415,STU00195,MOD00106,CRS014,2026-01-28,2026-03-07,Completed,2.61,75
PRG0003416,STU00195,MOD00107,CRS014,2026-02-11,2026-02-12,In Progress,2.06,31
PRG0003417,STU00195,MOD00108,CRS014,2026-01-12,2026-02-25,Completed,2.06,17
PRG0003418,STU00195,MOD00109,CRS014,2026-01-15,2026-02-19,Completed,2.63,23
PRG0003419,STU00195,MOD00110,CRS014,2026-01-31,2026-04-02,Completed,2.92,10
PRG0003420,STU00195,MOD00111,CRS014,2026-02-01,2026-02-16,Completed,2.61,65
PRG0003421,STU00195,MOD00112,CRS014,2026-01-26,2026-02-03,Completed,2.81,36
PRG0003422,STU00195,MOD00122,CRS016,2026-01-27,2026-02-19,Completed,4.41,48
PRG0003423,STU00195,MOD00124,CRS016,2026-02-01,2026-03-29,In Progress,3.12,39
PRG0003424,STU00195,MOD00125,CRS016,2026-01-25,2026-03-17,Completed,2.96,73
PRG0003425,STU00195,MOD00126,CRS016,2026-01-19,2026-04-11,In Progress,2.76,39
PRG0003426,STU00195,MOD00127,CRS016,2026-01-22,2026-02-12,Completed,7.93,34
PRG0003427,STU00195,MOD00128,CRS016,2026-01-29,2026-03-19,Not Started,1.99,46
PRG0003428,STU00196,MOD00025,CRS004,2025-06-30,2025-08-04,Completed,13.8,74
PRG0003429,STU00196,MOD00030,CRS004,2025-07-17,2025-09-10,Completed,6.87,82
PRG0003430,STU00196,MOD00032,CRS004,2025-07-16,2025-08-30,In Progress,2.38,80
PRG0003431,STU00196,MOD00065,CRS009,2025-09-25,2025-11-16,In Progress,1.08,87
PRG0003432,STU00196,MOD00066,CRS009,2025-09-18,2025-09-14,Completed,2.43,26
PRG0003433,STU00196,MOD00067,CRS009,2025-09-19,2025-09-07,Completed,4.24,17
PRG0003434,STU00196,MOD00068,CRS009,2025-09-15,2025-11-06,Not Started,2.73,85
PRG0003435,STU00196,MOD00069,CRS009,2025-09-04,2025-09-27,In Progress,8.24,100
PRG0003436,STU00196,MOD00070,CRS009,2025-09-27,2025-11-04,Completed,3.84,97
PRG0003437,STU00196,MOD00071,CRS009,2025-09-21,2025-09-12,Completed,1.56,37
PRG0003438,STU00196,MOD00072,CRS009,2025-09-23,2025-10-06,Completed,7.67,15
PRG0003439,STU00197,MOD00001,CRS001,2025-11-15,2025-12-17,In Progress,10.33,4
PRG0003440,STU00197,MOD00002,CRS001,2025-10-28,2025-12-05,Completed,1.9,78
PRG0003441,STU00197,MOD00003,CRS001,2025-10-26,2025-11-15,Completed,3.36,66
PRG0003442,STU00197,MOD00004,CRS001,2025-11-20,2025-11-25,Completed,1.01,43
PRG0003443,STU00197,MOD00005,CRS001,2025-10-22,2025-12-12,Completed,3.09,22
PRG0003444,STU00197,MOD00006,CRS001,2025-11-11,2025-12-27,In Progress,4.39,92
PRG0003445,STU00197,MOD00007,CRS001,2025-10-29,2025-11-17,In Progress,8.27,66
PRG0003446,STU00197,MOD00008,CRS001,2025-11-03,2025-12-12,In Progress,4.58,25
PRG0003447,STU00197,MOD00153,CRS020,2026-02-11,2026-04-16,Completed,5.06,93
PRG0003448,STU00197,MOD00154,CRS020,2026-02-22,2026-03-31,In Progress,6.26,86
PRG0003449,STU00197,MOD00155,CRS020,2026-02-12,2026-03-11,Completed,4.18,17
PRG0003450,STU00197,MOD00156,CRS020,2026-02-26,2026-03-02,Not Started,5.55,82
PRG0003451,STU00197,MOD00157,CRS020,2026-02-24,2026-02-26,In Progress,5.74,5
PRG0003452,STU00197,MOD00158,CRS020,2026-03-07,2026-05-08,Not Started,5.8,41
PRG0003453,STU00197,MOD00159,CRS020,2026-03-04,2026-03-26,In Progress,12.33,62
PRG0003454,STU00197,MOD00160,CRS020,2026-02-21,2026-04-24,Completed,1.62,16
PRG0003455,STU00197,MOD00105,CRS014,2025-11-14,2026-01-20,In Progress,8.41,65
PRG0003456,STU00197,MOD00106,CRS014,2025-12-06,2025-12-10,Completed,2.75,94
PRG0003457,STU00197,MOD00107,CRS014,2025-11-20,2026-02-05,Completed,5.82,20
PRG0003458,STU00197,MOD00109,CRS014,2025-11-29,2025-12-28,Completed,12.55,38
PRG0003459,STU00197,MOD00110,CRS014,2025-12-03,2026-02-06,Completed,2.65,38
PRG0003460,STU00197,MOD00112,CRS014,2025-12-07,2025-12-01,In Progress,10.24,4
PRG0003461,STU00197,MOD00129,CRS017,2026-02-02,2026-02-25,Completed,6.37,81
PRG0003462,STU00197,MOD00130,CRS017,2026-02-01,2026-03-06,In Progress,3.01,22
PRG0003463,STU00197,MOD00131,CRS017,2026-01-23,2026-02-03,Completed,2.13,42
PRG0003464,STU00197,MOD00132,CRS017,2026-01-29,2026-02-18,In Progress,6.01,11
PRG0003465,STU00197,MOD00134,CRS017,2026-01-28,2026-03-07,Completed,3.27,36
PRG0003466,STU00197,MOD00135,CRS017,2026-01-19,2026-01-24,Completed,1.72,86
PRG0003467,STU00197,MOD00059,CRS008,2025-10-28,2025-12-01,Not Started,3.01,88
PRG0003468,STU00197,MOD00060,CRS008,2025-11-14,2025-11-30,Completed,8.67,56
PRG0003469,STU00198,MOD00057,CRS008,2025-06-23,2025-08-19,Not Started,1.6,95
PRG0003470,STU00198,MOD00058,CRS008,2025-07-06,2025-08-11,Completed,1.78,90
PRG0003471,STU00198,MOD00059,CRS008,2025-07-07,2025-08-13,Completed,1.17,24
PRG0003472,STU00198,MOD00060,CRS008,2025-06-18,2025-08-14,Completed,3.79,87
PRG0003473,STU00198,MOD00061,CRS008,2025-06-27,2025-08-13,In Progress,11.86,7
PRG0003474,STU00198,MOD00062,CRS008,2025-06-10,2025-09-07,Completed,4.02,69
PRG0003475,STU00198,MOD00063,CRS008,2025-06-12,2025-08-12,Completed,7.69,55
PRG0003476,STU00198,MOD00064,CRS008,2025-06-23,2025-07-16,In Progress,4.16,61
PRG0003477,STU00198,MOD00001,CRS001,2026-01-16,2026-02-24,Completed,5.29,47
PRG0003478,STU00198,MOD00004,CRS001,2026-01-18,2026-01-31,Not Started,7.45,14
PRG0003479,STU00198,MOD00006,CRS001,2026-01-09,2026-03-21,Not Started,1.13,79
PRG0003480,STU00199,MOD00025,CRS004,2026-03-30,2026-04-27,Completed,11.27,8
PRG0003481,STU00199,MOD00026,CRS004,2026-04-11,2026-06-04,Completed,6.82,76
PRG0003482,STU00199,MOD00027,CRS004,2026-04-10,2026-05-20,Completed,1.28,78
PRG0003483,STU00199,MOD00028,CRS004,2026-03-26,2026-03-31,Completed,1.17,98
PRG0003484,STU00199,MOD00029,CRS004,2026-03-22,2026-03-27,Not Started,2.13,81
PRG0003485,STU00199,MOD00030,CRS004,2026-03-24,2026-05-18,Completed,2.8,75
PRG0003486,STU00199,MOD00031,CRS004,2026-04-13,2026-05-27,Completed,2.66,65
PRG0003487,STU00199,MOD00032,CRS004,2026-04-08,2026-06-14,In Progress,2.05,76
PRG0003488,STU00199,MOD00041,CRS006,2026-01-18,2026-02-15,In Progress,4.3,39
PRG0003489,STU00199,MOD00042,CRS006,2026-02-03,2026-01-28,Completed,4.86,29
PRG0003490,STU00199,MOD00043,CRS006,2026-01-06,2026-03-26,Completed,2.76,32
PRG0003491,STU00199,MOD00044,CRS006,2026-01-08,2026-02-06,Completed,2.65,26
PRG0003492,STU00199,MOD00045,CRS006,2026-01-15,2026-04-03,Completed,2.28,25
PRG0003493,STU00199,MOD00046,CRS006,2026-01-22,2026-03-20,Completed,2.0,94
PRG0003494,STU00199,MOD00047,CRS006,2026-02-01,2026-01-07,Completed,5.35,30
PRG0003495,STU00199,MOD00048,CRS006,2026-01-25,2026-02-10,Completed,3.77,86
PRG0003496,STU00199,MOD00005,CRS001,2026-01-05,2026-03-26,Completed,7.48,22
PRG0003497,STU00199,MOD00007,CRS001,2026-01-19,2026-02-09,Completed,8.32,96
PRG0003498,STU00199,MOD00129,CRS017,2026-01-18,2026-01-19,Not Started,9.73,27
PRG0003499,STU00199,MOD00130,CRS017,2026-01-09,2026-01-28,Not Started,9.29,12
PRG0003500,STU00199,MOD00131,CRS017,2026-01-15,2026-02-14,Completed,1.4,8
PRG0003501,STU00199,MOD00132,CRS017,2026-01-27,2026-03-28,Completed,6.32,31
PRG0003502,STU00199,MOD00133,CRS017,2026-01-16,2026-03-19,In Progress,3.14,63
PRG0003503,STU00199,MOD00134,CRS017,2026-01-21,2026-01-20,In Progress,1.43,40
PRG0003504,STU00199,MOD00135,CRS017,2026-01-24,2026-01-24,Not Started,1.5,75
PRG0003505,STU00199,MOD00136,CRS017,2026-01-24,2026-01-18,Completed,4.98,56
PRG0003506,STU00200,MOD00097,CRS013,2025-09-24,2025-11-18,Completed,6.79,59
PRG0003507,STU00200,MOD00098,CRS013,2025-10-06,2025-12-19,In Progress,6.64,3
PRG0003508,STU00200,MOD00099,CRS013,2025-10-01,2025-11-02,In Progress,1.42,95
PRG0003509,STU00200,MOD00100,CRS013,2025-10-10,2025-09-24,Not Started,3.51,76
PRG0003510,STU00200,MOD00101,CRS013,2025-10-04,2025-11-17,In Progress,1.71,19
PRG0003511,STU00200,MOD00102,CRS013,2025-09-24,2025-11-22,Completed,3.87,9
PRG0003512,STU00200,MOD00103,CRS013,2025-10-18,2025-10-06,Completed,4.14,2
PRG0003513,STU00200,MOD00104,CRS013,2025-09-23,2025-12-17,Not Started,3.78,53
PRG0003514,STU00200,MOD00057,CRS008,2025-08-30,2025-10-07,Completed,7.79,36
PRG0003515,STU00200,MOD00058,CRS008,2025-09-08,2025-08-19,In Progress,1.81,83
PRG0003516,STU00200,MOD00059,CRS008,2025-09-06,2025-10-21,Completed,4.4,35
PRG0003517,STU00200,MOD00060,CRS008,2025-09-05,2025-09-14,Completed,6.69,68
PRG0003518,STU00200,MOD00061,CRS008,2025-08-29,2025-10-14,Completed,3.29,56
PRG0003519,STU00200,MOD00062,CRS008,2025-08-18,2025-09-14,Completed,5.71,12
PRG0003520,STU00200,MOD00063,CRS008,2025-08-11,2025-09-13,In Progress,5.47,3
PRG0003521,STU00200,MOD00064,CRS008,2025-09-03,2025-08-12,In Progress,12.54,52
PRG0003522,STU00200,MOD00148,CRS019,2025-09-25,2025-10-12,Completed,3.12,48
PRG0003523,STU00200,MOD00149,CRS019,2025-09-20,2025-11-28,In Progress,4.92,3
PRG0003524,STU00200,MOD00151,CRS019,2025-10-09,2025-10-14,Completed,5.66,15
PRG0003525,STU00201,MOD00089,CRS012,2025-06-11,2025-07-04,Completed,4.58,40
PRG0003526,STU00201,MOD00090,CRS012,2025-05-18,2025-07-15,In Progress,3.07,96
PRG0003527,STU00201,MOD00092,CRS012,2025-06-05,2025-07-13,Completed,13.32,20
PRG0003528,STU00201,MOD00095,CRS012,2025-06-07,2025-06-29,Completed,2.53,97
PRG0003529,STU00201,MOD00096,CRS012,2025-05-18,2025-06-17,In Progress,1.31,15
PRG0003530,STU00201,MOD00049,CRS007,2026-03-23,2026-04-08,Completed,1.98,99
PRG0003531,STU00201,MOD00050,CRS007,2026-04-07,2026-04-14,Not Started,4.01,46
PRG0003532,STU00201,MOD00051,CRS007,2026-03-18,2026-05-28,Completed,5.43,29
PRG0003533,STU00201,MOD00052,CRS007,2026-03-27,2026-06-13,Not Started,2.54,97
PRG0003534,STU00201,MOD00053,CRS007,2026-03-18,2026-04-27,Completed,4.22,42
PRG0003535,STU00201,MOD00054,CRS007,2026-03-27,2026-05-21,Completed,1.41,7
PRG0003536,STU00201,MOD00055,CRS007,2026-04-04,2026-05-14,Completed,2.67,72
PRG0003537,STU00201,MOD00056,CRS007,2026-03-21,2026-04-30,In Progress,5.94,47
PRG0003538,STU00201,MOD00009,CRS002,2025-12-25,2026-01-05,Completed,6.17,72
PRG0003539,STU00201,MOD00010,CRS002,2026-01-18,2026-03-13,Not Started,4.07,90
PRG0003540,STU00201,MOD00011,CRS002,2026-01-12,2026-01-04,Completed,3.8,55
PRG0003541,STU00201,MOD00012,CRS002,2026-01-15,2026-02-03,In Progress,9.22,47
PRG0003542,STU00201,MOD00013,CRS002,2025-12-31,2026-01-29,In Progress,5.26,68
PRG0003543,STU00201,MOD00014,CRS002,2025-12-31,2026-02-16,In Progress,7.49,59
PRG0003544,STU00201,MOD00015,CRS002,2025-12-30,2026-03-03,In Progress,3.15,85
PRG0003545,STU00201,MOD00016,CRS002,2026-01-07,2026-02-16,In Progress,2.57,79
PRG0003546,STU00201,MOD00033,CRS005,2026-02-22,2026-03-25,Completed,2.12,5
PRG0003547,STU00201,MOD00034,CRS005,2026-03-16,2026-04-26,Completed,6.33,11
PRG0003548,STU00201,MOD00035,CRS005,2026-03-18,2026-03-19,Completed,6.25,56
PRG0003549,STU00201,MOD00037,CRS005,2026-02-22,2026-04-02,In Progress,2.91,31
PRG0003550,STU00201,MOD00038,CRS005,2026-02-16,2026-05-06,In Progress,11.32,0
PRG0003551,STU00201,MOD00065,CRS009,2025-07-28,2025-08-14,In Progress,1.17,71
PRG0003552,STU00201,MOD00066,CRS009,2025-08-12,2025-09-06,In Progress,5.97,31
PRG0003553,STU00201,MOD00067,CRS009,2025-08-12,2025-09-23,Completed,5.0,17
PRG0003554,STU00201,MOD00068,CRS009,2025-07-25,2025-09-27,Completed,3.78,43
PRG0003555,STU00201,MOD00070,CRS009,2025-07-29,2025-10-17,Completed,5.69,36
PRG0003556,STU00201,MOD00072,CRS009,2025-08-03,2025-08-19,Completed,7.65,19
PRG0003557,STU00202,MOD00073,CRS010,2025-09-26,2025-11-04,Completed,5.74,61
PRG0003558,STU00202,MOD00075,CRS010,2025-10-01,2025-09-10,Completed,11.29,12
PRG0003559,STU00202,MOD00076,CRS010,2025-09-12,2025-12-01,Completed,1.67,43
PRG0003560,STU00202,MOD00077,CRS010,2025-09-22,2025-09-23,Completed,8.54,54
PRG0003561,STU00202,MOD00079,CRS010,2025-09-10,2025-10-27,In Progress,4.32,19
PRG0003562,STU00203,MOD00081,CRS011,2026-03-03,2026-04-24,In Progress,2.37,75
PRG0003563,STU00203,MOD00009,CRS002,2025-12-08,2025-12-13,In Progress,2.2,91
PRG0003564,STU00203,MOD00010,CRS002,2025-12-07,2025-12-16,Not Started,6.4,41
PRG0003565,STU00203,MOD00011,CRS002,2025-12-11,2025-12-06,Not Started,2.44,19
PRG0003566,STU00203,MOD00012,CRS002,2025-12-25,2025-12-29,Completed,4.48,64
PRG0003567,STU00203,MOD00013,CRS002,2025-12-18,2026-01-04,Completed,4.6,94
PRG0003568,STU00203,MOD00014,CRS002,2025-11-30,2026-01-16,In Progress,4.63,76
PRG0003569,STU00203,MOD00015,CRS002,2025-12-25,2025-12-28,Completed,1.62,24
PRG0003570,STU00203,MOD00016,CRS002,2025-12-22,2026-01-18,Completed,9.44,38
PRG0003571,STU00203,MOD00025,CRS004,2026-01-25,2026-04-02,Completed,7.89,80
PRG0003572,STU00203,MOD00027,CRS004,2026-02-13,2026-04-10,In Progress,1.38,27
PRG0003573,STU00203,MOD00028,CRS004,2026-02-09,2026-02-20,In Progress,2.88,75
PRG0003574,STU00203,MOD00029,CRS004,2026-01-24,2026-03-18,Completed,1.02,1
PRG0003575,STU00203,MOD00030,CRS004,2026-01-19,2026-03-10,Not Started,2.08,68
PRG0003576,STU00204,MOD00081,CRS011,2025-08-28,2025-10-08,Completed,1.19,65
PRG0003577,STU00204,MOD00082,CRS011,2025-08-24,2025-08-28,Completed,7.82,58
PRG0003578,STU00204,MOD00084,CRS011,2025-08-15,2025-09-06,Completed,3.61,66
PRG0003579,STU00204,MOD00086,CRS011,2025-08-16,2025-08-28,Completed,1.46,24
PRG0003580,STU00204,MOD00073,CRS010,2025-10-18,2025-12-18,Not Started,13.01,36
PRG0003581,STU00204,MOD00074,CRS010,2025-10-17,2025-12-10,Not Started,1.82,48
PRG0003582,STU00204,MOD00075,CRS010,2025-10-20,2026-01-03,In Progress,1.82,0
PRG0003583,STU00204,MOD00079,CRS010,2025-10-11,2025-10-21,Completed,1.41,65
PRG0003584,STU00204,MOD00001,CRS001,2025-09-04,2025-09-08,In Progress,7.64,9
PRG0003585,STU00204,MOD00002,CRS001,2025-09-17,2025-09-09,Completed,6.01,54
PRG0003586,STU00204,MOD00003,CRS001,2025-09-16,2025-09-04,Completed,4.37,6
PRG0003587,STU00204,MOD00004,CRS001,2025-09-05,2025-10-18,Completed,7.49,26
PRG0003588,STU00204,MOD00005,CRS001,2025-09-10,2025-11-09,Completed,5.54,48
PRG0003589,STU00204,MOD00006,CRS001,2025-09-29,2025-11-29,Completed,3.97,11
PRG0003590,STU00204,MOD00007,CRS001,2025-09-05,2025-11-02,Completed,8.47,78
PRG0003591,STU00204,MOD00008,CRS001,2025-09-07,2025-11-02,Completed,1.04,91
PRG0003592,STU00205,MOD00148,CRS019,2025-12-23,2026-02-24,In Progress,1.65,69
PRG0003593,STU00205,MOD00152,CRS019,2026-01-06,2025-12-31,Completed,4.66,100
PRG0003594,STU00205,MOD00009,CRS002,2026-02-06,2026-02-15,Completed,4.51,3
PRG0003595,STU00205,MOD00010,CRS002,2026-02-17,2026-02-03,In Progress,7.42,43
PRG0003596,STU00205,MOD00011,CRS002,2026-02-01,2026-02-11,Completed,3.63,71
PRG0003597,STU00205,MOD00012,CRS002,2026-01-28,2026-03-30,In Progress,7.18,36
PRG0003598,STU00205,MOD00013,CRS002,2026-01-30,2026-02-26,In Progress,4.45,73
PRG0003599,STU00205,MOD00014,CRS002,2026-02-17,2026-04-06,Completed,7.21,75
PRG0003600,STU00205,MOD00015,CRS002,2026-02-03,2026-03-01,Completed,2.15,98
PRG0003601,STU00205,MOD00016,CRS002,2026-02-11,2026-03-09,Completed,9.3,31
PRG0003602,STU00206,MOD00038,CRS005,2025-08-18,2025-08-17,Completed,11.1,80
PRG0003603,STU00206,MOD00145,CRS019,2025-12-18,2026-03-10,In Progress,2.47,41
PRG0003604,STU00206,MOD00146,CRS019,2026-01-15,2026-02-20,Not Started,5.81,42
PRG0003605,STU00206,MOD00148,CRS019,2026-01-14,2025-12-29,Completed,8.0,11
PRG0003606,STU00206,MOD00149,CRS019,2025-12-29,2026-03-03,In Progress,5.03,48
PRG0003607,STU00206,MOD00150,CRS019,2025-12-26,2026-02-12,In Progress,7.24,53
PRG0003608,STU00206,MOD00152,CRS019,2026-01-02,2026-01-16,Completed,3.54,89
PRG0003609,STU00206,MOD00081,CRS011,2025-08-04,2025-08-12,In Progress,2.57,24
PRG0003610,STU00206,MOD00082,CRS011,2025-08-25,2025-09-04,In Progress,2.71,90
PRG0003611,STU00206,MOD00086,CRS011,2025-08-04,2025-09-01,Completed,4.17,92
PRG0003612,STU00206,MOD00087,CRS011,2025-08-15,2025-08-14,In Progress,2.95,92
PRG0003613,STU00206,MOD00088,CRS011,2025-08-13,2025-08-24,In Progress,2.56,40
PRG0003614,STU00207,MOD00010,CRS002,2025-11-16,2025-10-31,Completed,7.12,37
PRG0003615,STU00207,MOD00014,CRS002,2025-10-26,2025-12-07,Not Started,2.0,42
PRG0003616,STU00207,MOD00016,CRS002,2025-10-27,2025-12-24,Not Started,2.91,79
PRG0003617,STU00207,MOD00065,CRS009,2026-02-02,2026-04-11,In Progress,1.98,3
PRG0003618,STU00207,MOD00066,CRS009,2026-01-26,2026-02-03,Completed,6.47,12
PRG0003619,STU00207,MOD00067,CRS009,2026-01-20,2026-01-24,Completed,2.1,68
PRG0003620,STU00207,MOD00068,CRS009,2026-02-02,2026-04-14,In Progress,3.75,69
PRG0003621,STU00207,MOD00069,CRS009,2026-02-03,2026-03-22,Completed,7.8,36
PRG0003622,STU00207,MOD00070,CRS009,2026-01-19,2026-01-27,Completed,10.28,57
PRG0003623,STU00207,MOD00071,CRS009,2026-02-12,2026-02-23,Completed,9.1,24
PRG0003624,STU00207,MOD00072,CRS009,2026-01-21,2026-02-25,Completed,3.47,73
PRG0003625,STU00207,MOD00049,CRS007,2025-11-08,2026-01-15,In Progress,4.36,97
PRG0003626,STU00207,MOD00050,CRS007,2025-10-31,2025-11-03,Completed,7.66,62
PRG0003627,STU00207,MOD00051,CRS007,2025-10-29,2026-01-05,In Progress,5.69,69
PRG0003628,STU00207,MOD00052,CRS007,2025-11-09,2025-12-31,Completed,6.32,34
PRG0003629,STU00207,MOD00053,CRS007,2025-10-21,2025-12-26,Not Started,2.18,42
PRG0003630,STU00207,MOD00054,CRS007,2025-10-23,2025-11-08,Completed,3.52,23
PRG0003631,STU00207,MOD00055,CRS007,2025-10-26,2025-11-12,Completed,1.03,54
PRG0003632,STU00207,MOD00056,CRS007,2025-11-13,2025-12-18,Not Started,5.56,78
PRG0003633,STU00207,MOD00149,CRS019,2025-11-02,2025-12-17,Completed,1.01,62
PRG0003634,STU00207,MOD00034,CRS005,2025-11-14,2026-01-06,Completed,2.87,55
PRG0003635,STU00207,MOD00037,CRS005,2025-11-09,2025-10-25,Completed,3.55,95
PRG0003636,STU00207,MOD00038,CRS005,2025-10-23,2025-12-06,Completed,9.62,13
PRG0003637,STU00207,MOD00039,CRS005,2025-10-22,2025-11-21,Completed,10.4,51
PRG0003638,STU00207,MOD00040,CRS005,2025-11-12,2025-10-31,In Progress,11.64,70
PRG0003639,STU00208,MOD00001,CRS001,2026-04-29,2026-04-28,In Progress,5.67,45
PRG0003640,STU00208,MOD00002,CRS001,2026-04-20,2026-05-31,Completed,1.29,91
PRG0003641,STU00208,MOD00004,CRS001,2026-04-26,2026-05-22,Completed,1.99,33
PRG0003642,STU00208,MOD00005,CRS001,2026-04-26,2026-04-10,Not Started,7.23,85
PRG0003643,STU00208,MOD00006,CRS001,2026-04-06,2026-06-17,Completed,4.74,31
PRG0003644,STU00208,MOD00007,CRS001,2026-05-06,2026-05-17,Completed,7.85,80
PRG0003645,STU00208,MOD00008,CRS001,2026-04-30,2026-05-08,Completed,5.26,25
PRG0003646,STU00208,MOD00057,CRS008,2025-10-19,2026-01-04,Not Started,3.46,12
PRG0003647,STU00208,MOD00058,CRS008,2025-10-29,2025-12-27,Completed,9.8,54
PRG0003648,STU00208,MOD00059,CRS008,2025-10-18,2026-01-11,In Progress,1.95,82
PRG0003649,STU00208,MOD00060,CRS008,2025-10-30,2026-01-01,Completed,5.57,27
PRG0003650,STU00208,MOD00061,CRS008,2025-11-14,2025-11-15,Not Started,13.4,34
PRG0003651,STU00208,MOD00062,CRS008,2025-10-19,2025-12-28,In Progress,3.18,43
PRG0003652,STU00208,MOD00063,CRS008,2025-10-16,2025-12-07,Completed,4.31,34
PRG0003653,STU00208,MOD00064,CRS008,2025-10-31,2025-12-04,Completed,12.57,39
PRG0003654,STU00209,MOD00025,CRS004,2025-07-15,2025-08-10,Completed,7.34,4
PRG0003655,STU00209,MOD00026,CRS004,2025-07-19,2025-06-25,Completed,6.03,52
PRG0003656,STU00209,MOD00027,CRS004,2025-07-14,2025-07-08,In Progress,1.88,35
PRG0003657,STU00209,MOD00028,CRS004,2025-06-23,2025-07-14,In Progress,2.02,52
PRG0003658,STU00209,MOD00029,CRS004,2025-07-06,2025-07-05,Completed,2.43,22
PRG0003659,STU00209,MOD00030,CRS004,2025-07-08,2025-06-30,In Progress,7.57,39
PRG0003660,STU00209,MOD00031,CRS004,2025-07-05,2025-09-20,In Progress,11.31,57
PRG0003661,STU00209,MOD00032,CRS004,2025-07-22,2025-07-15,Completed,6.03,75
PRG0003662,STU00210,MOD00113,CRS015,2026-02-03,2026-01-22,Completed,6.98,11
PRG0003663,STU00210,MOD00114,CRS015,2026-02-15,2026-03-08,Not Started,1.3,60
PRG0003664,STU00210,MOD00115,CRS015,2026-01-29,2026-02-20,Completed,2.6,34
PRG0003665,STU00210,MOD00116,CRS015,2026-02-16,2026-04-11,Completed,6.0,63
PRG0003666,STU00210,MOD00117,CRS015,2026-01-18,2026-01-27,Completed,3.63,88
PRG0003667,STU00210,MOD00118,CRS015,2026-01-26,2026-03-26,Completed,8.02,68
PRG0003668,STU00210,MOD00119,CRS015,2026-02-07,2026-03-30,Not Started,2.11,42
PRG0003669,STU00210,MOD00120,CRS015,2026-02-04,2026-01-26,Not Started,1.95,39
PRG0003670,STU00210,MOD00121,CRS016,2026-02-26,2026-04-06,Completed,9.77,98
PRG0003671,STU00210,MOD00122,CRS016,2026-03-06,2026-03-01,Not Started,1.91,40
PRG0003672,STU00210,MOD00123,CRS016,2026-03-23,2026-05-25,Completed,6.54,23
PRG0003673,STU00210,MOD00124,CRS016,2026-03-11,2026-03-16,Completed,4.17,44
PRG0003674,STU00210,MOD00125,CRS016,2026-03-27,2026-04-07,Not Started,3.22,78
PRG0003675,STU00210,MOD00126,CRS016,2026-03-21,2026-05-02,Not Started,4.15,9
PRG0003676,STU00210,MOD00127,CRS016,2026-03-13,2026-04-06,Not Started,8.88,71
PRG0003677,STU00210,MOD00128,CRS016,2026-02-28,2026-03-10,Completed,7.37,57
PRG0003678,STU00210,MOD00049,CRS007,2026-01-21,2026-04-03,Completed,4.42,35
PRG0003679,STU00210,MOD00050,CRS007,2026-01-26,2026-02-19,Completed,14.99,41
PRG0003680,STU00210,MOD00051,CRS007,2026-02-09,2026-02-15,In Progress,5.96,86
PRG0003681,STU00210,MOD00017,CRS003,2026-03-07,2026-04-01,Completed,8.42,84
PRG0003682,STU00210,MOD00018,CRS003,2026-03-18,2026-02-27,Not Started,1.67,39
PRG0003683,STU00210,MOD00019,CRS003,2026-02-22,2026-05-12,Completed,1.63,8
PRG0003684,STU00210,MOD00021,CRS003,2026-03-09,2026-04-02,In Progress,4.62,99
PRG0003685,STU00210,MOD00023,CRS003,2026-02-27,2026-03-01,Completed,2.79,40
PRG0003686,STU00211,MOD00137,CRS018,2025-04-20,2025-05-11,Completed,2.92,91
PRG0003687,STU00211,MOD00138,CRS018,2025-04-21,2025-05-01,Completed,7.08,82
PRG0003688,STU00211,MOD00139,CRS018,2025-05-04,2025-05-23,Not Started,10.55,69
PRG0003689,STU00211,MOD00140,CRS018,2025-05-01,2025-05-21,Completed,5.19,74
PRG0003690,STU00211,MOD00141,CRS018,2025-04-22,2025-07-07,Completed,10.44,3
PRG0003691,STU00211,MOD00142,CRS018,2025-05-06,2025-05-06,In Progress,6.17,30
PRG0003692,STU00211,MOD00143,CRS018,2025-04-21,2025-05-15,In Progress,5.81,37
PRG0003693,STU00211,MOD00144,CRS018,2025-04-28,2025-05-22,In Progress,3.79,92
PRG0003694,STU00211,MOD00049,CRS007,2025-06-09,2025-07-22,In Progress,3.34,60
PRG0003695,STU00211,MOD00050,CRS007,2025-06-27,2025-06-08,Completed,14.61,48
PRG0003696,STU00211,MOD00051,CRS007,2025-06-13,2025-07-12,Completed,6.56,52
PRG0003697,STU00211,MOD00052,CRS007,2025-06-06,2025-07-17,In Progress,4.73,10
PRG0003698,STU00211,MOD00053,CRS007,2025-06-04,2025-07-13,Completed,3.59,71
PRG0003699,STU00211,MOD00054,CRS007,2025-06-18,2025-08-31,Completed,5.74,7
PRG0003700,STU00211,MOD00055,CRS007,2025-06-15,2025-07-10,Completed,1.71,29
PRG0003701,STU00211,MOD00056,CRS007,2025-06-06,2025-08-13,Completed,1.39,79
PRG0003702,STU00211,MOD00009,CRS002,2025-09-28,2025-10-14,Completed,6.22,94
PRG0003703,STU00211,MOD00012,CRS002,2025-09-25,2025-11-10,Completed,8.95,7
PRG0003704,STU00211,MOD00013,CRS002,2025-10-01,2025-11-09,In Progress,4.48,1
PRG0003705,STU00211,MOD00015,CRS002,2025-10-18,2025-10-27,Completed,6.28,92
PRG0003706,STU00211,MOD00016,CRS002,2025-10-10,2025-12-03,Not Started,10.33,77
PRG0003707,STU00211,MOD00097,CRS013,2025-08-07,2025-08-05,Completed,9.42,52
PRG0003708,STU00211,MOD00098,CRS013,2025-08-20,2025-10-20,Not Started,3.7,7
PRG0003709,STU00211,MOD00099,CRS013,2025-08-16,2025-09-22,In Progress,1.85,29
PRG0003710,STU00211,MOD00100,CRS013,2025-08-05,2025-09-24,Completed,3.95,99
PRG0003711,STU00211,MOD00101,CRS013,2025-08-28,2025-08-06,Completed,3.32,61
PRG0003712,STU00211,MOD00102,CRS013,2025-08-11,2025-10-08,Completed,4.87,40
PRG0003713,STU00211,MOD00103,CRS013,2025-08-23,2025-10-13,Completed,6.58,96
PRG0003714,STU00211,MOD00104,CRS013,2025-08-24,2025-10-17,In Progress,14.81,76
PRG0003715,STU00212,MOD00089,CRS012,2026-04-19,2026-04-09,In Progress,1.09,11
PRG0003716,STU00212,MOD00090,CRS012,2026-04-01,2026-05-10,Completed,2.32,0
PRG0003717,STU00212,MOD00091,CRS012,2026-04-13,2026-05-29,Completed,8.35,44
PRG0003718,STU00212,MOD00092,CRS012,2026-04-18,2026-06-07,Completed,9.89,2
PRG0003719,STU00212,MOD00093,CRS012,2026-04-26,2026-04-22,Completed,8.67,36
PRG0003720,STU00212,MOD00094,CRS012,2026-03-30,2026-06-22,Completed,1.15,94
PRG0003721,STU00212,MOD00095,CRS012,2026-04-07,2026-05-18,Not Started,1.37,6
PRG0003722,STU00212,MOD00096,CRS012,2026-04-04,2026-05-04,Completed,9.52,49
PRG0003723,STU00212,MOD00073,CRS010,2026-04-05,2026-06-23,In Progress,11.41,16
PRG0003724,STU00212,MOD00074,CRS010,2026-04-02,2026-05-30,Completed,5.26,31
PRG0003725,STU00212,MOD00075,CRS010,2026-04-11,2026-06-26,Completed,8.0,87
PRG0003726,STU00212,MOD00077,CRS010,2026-03-28,2026-06-05,In Progress,1.13,80
PRG0003727,STU00212,MOD00078,CRS010,2026-03-28,2026-05-10,Completed,2.25,89
PRG0003728,STU00212,MOD00079,CRS010,2026-04-05,2026-04-24,Completed,1.66,23
PRG0003729,STU00212,MOD00049,CRS007,2026-04-07,2026-05-26,Completed,4.65,45
PRG0003730,STU00212,MOD00050,CRS007,2026-04-25,2026-06-09,In Progress,5.12,85
PRG0003731,STU00212,MOD00051,CRS007,2026-04-22,2026-05-07,In Progress,5.87,39
PRG0003732,STU00212,MOD00052,CRS007,2026-04-02,2026-06-20,Not Started,3.57,36
PRG0003733,STU00212,MOD00053,CRS007,2026-04-18,2026-04-27,Completed,4.18,6
PRG0003734,STU00212,MOD00054,CRS007,2026-04-09,2026-04-09,In Progress,4.57,76
PRG0003735,STU00212,MOD00055,CRS007,2026-03-30,2026-06-12,Completed,1.64,51
PRG0003736,STU00212,MOD00056,CRS007,2026-04-04,2026-06-18,Completed,3.03,78
PRG0003737,STU00213,MOD00042,CRS006,2025-07-14,2025-09-21,Completed,9.59,28
PRG0003738,STU00213,MOD00043,CRS006,2025-07-21,2025-09-06,Completed,3.7,28
PRG0003739,STU00213,MOD00146,CRS019,2026-03-22,2026-03-24,In Progress,6.23,68
PRG0003740,STU00213,MOD00150,CRS019,2026-03-11,2026-03-04,In Progress,3.62,89
PRG0003741,STU00213,MOD00065,CRS009,2025-09-16,2025-10-13,In Progress,1.84,15
PRG0003742,STU00213,MOD00066,CRS009,2025-08-25,2025-10-19,In Progress,1.71,66
PRG0003743,STU00213,MOD00067,CRS009,2025-09-05,2025-10-12,Completed,3.37,74
PRG0003744,STU00213,MOD00069,CRS009,2025-08-31,2025-09-12,Completed,10.01,79
PRG0003745,STU00213,MOD00071,CRS009,2025-09-15,2025-10-08,Completed,9.3,88
PRG0003746,STU00213,MOD00072,CRS009,2025-09-04,2025-09-01,In Progress,6.49,48
PRG0003747,STU00213,MOD00049,CRS007,2026-02-23,2026-03-13,Completed,5.87,82
PRG0003748,STU00213,MOD00050,CRS007,2026-02-20,2026-04-30,Completed,13.74,2
PRG0003749,STU00213,MOD00051,CRS007,2026-02-06,2026-04-09,Completed,8.1,83
PRG0003750,STU00213,MOD00052,CRS007,2026-02-02,2026-02-09,Completed,3.01,88
PRG0003751,STU00213,MOD00053,CRS007,2026-03-04,2026-03-29,Completed,1.61,68
PRG0003752,STU00213,MOD00054,CRS007,2026-02-09,2026-04-03,In Progress,2.79,66
PRG0003753,STU00213,MOD00055,CRS007,2026-02-24,2026-04-10,Completed,1.17,66
PRG0003754,STU00213,MOD00056,CRS007,2026-02-26,2026-04-23,Completed,5.66,4
PRG0003755,STU00213,MOD00009,CRS002,2025-10-19,2026-01-04,Completed,4.71,20
PRG0003756,STU00213,MOD00010,CRS002,2025-10-21,2025-10-16,Completed,5.35,19
PRG0003757,STU00213,MOD00011,CRS002,2025-11-01,2025-11-09,Not Started,5.54,26
PRG0003758,STU00213,MOD00012,CRS002,2025-11-08,2025-11-23,Not Started,2.77,29
PRG0003759,STU00213,MOD00013,CRS002,2025-10-18,2025-11-10,In Progress,3.42,90
PRG0003760,STU00213,MOD00014,CRS002,2025-10-23,2025-12-02,In Progress,1.51,93
PRG0003761,STU00213,MOD00015,CRS002,2025-10-12,2025-10-29,Completed,1.11,51
PRG0003762,STU00213,MOD00016,CRS002,2025-11-11,2025-10-30,Completed,3.26,62
PRG0003763,STU00214,MOD00049,CRS007,2025-06-24,2025-07-23,Completed,1.38,21
PRG0003764,STU00214,MOD00050,CRS007,2025-07-01,2025-08-01,Completed,12.07,52
PRG0003765,STU00214,MOD00051,CRS007,2025-07-01,2025-08-22,Completed,4.73,59
PRG0003766,STU00214,MOD00052,CRS007,2025-07-12,2025-08-05,Completed,3.5,28
PRG0003767,STU00214,MOD00053,CRS007,2025-07-10,2025-07-19,Completed,3.62,91
PRG0003768,STU00214,MOD00054,CRS007,2025-07-09,2025-08-10,Completed,2.2,98
PRG0003769,STU00214,MOD00055,CRS007,2025-06-19,2025-09-13,In Progress,2.78,13
PRG0003770,STU00215,MOD00042,CRS006,2025-11-09,2025-11-19,Completed,1.56,46
PRG0003771,STU00215,MOD00044,CRS006,2025-11-28,2025-12-31,Completed,4.38,85
PRG0003772,STU00215,MOD00046,CRS006,2025-11-24,2025-12-25,Not Started,4.51,26
PRG0003773,STU00215,MOD00047,CRS006,2025-11-22,2026-02-02,Completed,10.95,6
PRG0003774,STU00215,MOD00081,CRS011,2025-10-17,2025-12-06,Completed,2.38,84
PRG0003775,STU00215,MOD00082,CRS011,2025-10-24,2025-12-18,In Progress,11.22,61
PRG0003776,STU00215,MOD00083,CRS011,2025-10-20,2025-10-19,Not Started,1.86,32
PRG0003777,STU00215,MOD00084,CRS011,2025-10-24,2025-12-20,In Progress,4.22,98
PRG0003778,STU00215,MOD00085,CRS011,2025-10-17,2025-12-29,In Progress,3.81,64
PRG0003779,STU00215,MOD00086,CRS011,2025-10-12,2026-01-01,Completed,4.32,57
PRG0003780,STU00215,MOD00087,CRS011,2025-10-16,2025-11-04,Completed,1.47,36
PRG0003781,STU00215,MOD00088,CRS011,2025-10-20,2025-12-15,Completed,4.04,37
PRG0003782,STU00215,MOD00137,CRS018,2026-03-13,2026-04-24,In Progress,1.77,74
PRG0003783,STU00215,MOD00138,CRS018,2026-02-28,2026-02-28,Completed,5.96,6
PRG0003784,STU00215,MOD00139,CRS018,2026-02-17,2026-04-11,In Progress,5.31,98
PRG0003785,STU00215,MOD00140,CRS018,2026-03-13,2026-04-24,Not Started,2.09,68
PRG0003786,STU00215,MOD00141,CRS018,2026-03-05,2026-05-05,Completed,11.28,87
PRG0003787,STU00215,MOD00142,CRS018,2026-03-05,2026-04-01,Not Started,6.69,46
PRG0003788,STU00215,MOD00143,CRS018,2026-03-02,2026-03-22,In Progress,5.82,72
PRG0003789,STU00215,MOD00144,CRS018,2026-02-15,2026-05-08,Completed,1.79,17
PRG0003790,STU00216,MOD00011,CRS002,2025-09-28,2025-09-19,In Progress,5.94,31
PRG0003791,STU00216,MOD00012,CRS002,2025-09-11,2025-11-23,Completed,6.77,51
PRG0003792,STU00216,MOD00016,CRS002,2025-10-06,2025-09-28,Completed,6.86,19
PRG0003793,STU00216,MOD00017,CRS003,2025-11-03,2025-12-14,In Progress,1.02,43
PRG0003794,STU00216,MOD00018,CRS003,2025-11-23,2025-12-19,Completed,14.91,60
PRG0003795,STU00216,MOD00019,CRS003,2025-11-24,2025-11-19,Completed,3.95,97
PRG0003796,STU00216,MOD00020,CRS003,2025-11-11,2025-11-11,Completed,4.19,53
PRG0003797,STU00216,MOD00021,CRS003,2025-11-05,2026-01-04,Completed,5.52,53
PRG0003798,STU00216,MOD00022,CRS003,2025-11-20,2025-12-08,In Progress,4.91,52
PRG0003799,STU00216,MOD00023,CRS003,2025-11-23,2025-11-22,Completed,9.62,66
PRG0003800,STU00216,MOD00024,CRS003,2025-11-07,2025-12-11,In Progress,5.9,47
PRG0003801,STU00216,MOD00033,CRS005,2025-12-14,2026-01-11,Completed,2.88,9
PRG0003802,STU00216,MOD00034,CRS005,2025-11-28,2025-12-27,In Progress,6.48,88
PRG0003803,STU00216,MOD00035,CRS005,2025-12-22,2025-11-26,Completed,3.11,75
PRG0003804,STU00216,MOD00036,CRS005,2025-12-12,2026-01-17,Completed,3.54,78
PRG0003805,STU00216,MOD00037,CRS005,2025-12-12,2026-02-04,In Progress,3.98,6
PRG0003806,STU00216,MOD00038,CRS005,2025-12-12,2026-01-30,Not Started,11.98,41
PRG0003807,STU00216,MOD00039,CRS005,2025-12-09,2026-01-18,In Progress,3.12,39
PRG0003808,STU00216,MOD00040,CRS005,2025-12-09,2026-01-28,Not Started,8.0,38
PRG0003809,STU00216,MOD00097,CRS013,2026-04-05,2026-06-08,Not Started,2.18,32
PRG0003810,STU00216,MOD00098,CRS013,2026-04-19,2026-06-26,Completed,3.26,5
PRG0003811,STU00216,MOD00099,CRS013,2026-04-15,2026-06-08,In Progress,2.89,63
PRG0003812,STU00216,MOD00100,CRS013,2026-04-28,2026-06-30,In Progress,1.01,90
PRG0003813,STU00216,MOD00101,CRS013,2026-04-27,2026-05-29,In Progress,1.97,59
PRG0003814,STU00216,MOD00102,CRS013,2026-04-06,2026-04-16,Completed,2.15,1
PRG0003815,STU00216,MOD00103,CRS013,2026-05-02,2026-04-18,Completed,8.79,94
PRG0003816,STU00216,MOD00104,CRS013,2026-04-12,2026-07-01,In Progress,1.09,74
PRG0003817,STU00217,MOD00001,CRS001,2026-02-26,2026-05-20,In Progress,10.44,78
PRG0003818,STU00217,MOD00002,CRS001,2026-03-09,2026-04-24,In Progress,10.42,84
PRG0003819,STU00217,MOD00003,CRS001,2026-02-24,2026-03-26,Completed,2.17,6
PRG0003820,STU00217,MOD00004,CRS001,2026-03-20,2026-05-15,In Progress,6.01,87
PRG0003821,STU00217,MOD00005,CRS001,2026-02-25,2026-03-29,In Progress,7.75,10
PRG0003822,STU00217,MOD00006,CRS001,2026-03-10,2026-05-20,Completed,3.03,86
PRG0003823,STU00217,MOD00007,CRS001,2026-02-22,2026-03-16,Completed,7.62,50
PRG0003824,STU00217,MOD00008,CRS001,2026-03-16,2026-04-14,Completed,11.57,25
PRG0003825,STU00217,MOD00123,CRS016,2026-03-14,2026-03-18,Completed,2.99,63
PRG0003826,STU00217,MOD00124,CRS016,2026-02-24,2026-04-09,In Progress,5.09,72
PRG0003827,STU00217,MOD00126,CRS016,2026-03-16,2026-03-08,Completed,4.3,42
PRG0003828,STU00217,MOD00073,CRS010,2026-04-17,2026-05-13,Completed,9.51,73
PRG0003829,STU00217,MOD00074,CRS010,2026-04-09,2026-04-28,Completed,4.8,56
PRG0003830,STU00217,MOD00075,CRS010,2026-04-10,2026-04-05,In Progress,9.87,46
PRG0003831,STU00217,MOD00076,CRS010,2026-04-26,2026-04-01,Completed,2.68,1
PRG0003832,STU00217,MOD00077,CRS010,2026-04-02,2026-03-30,Completed,11.51,80
PRG0003833,STU00217,MOD00078,CRS010,2026-04-25,2026-06-06,In Progress,2.4,92
PRG0003834,STU00217,MOD00079,CRS010,2026-04-18,2026-04-03,In Progress,4.46,18
PRG0003835,STU00217,MOD00080,CRS010,2026-03-31,2026-05-16,Completed,1.8,38
PRG0003836,STU00217,MOD00129,CRS017,2026-03-05,2026-04-25,Completed,9.33,77
PRG0003837,STU00217,MOD00130,CRS017,2026-03-04,2026-05-20,Completed,1.71,35
PRG0003838,STU00217,MOD00131,CRS017,2026-02-23,2026-03-13,Completed,3.74,10
PRG0003839,STU00217,MOD00132,CRS017,2026-03-03,2026-04-09,In Progress,3.39,93
PRG0003840,STU00217,MOD00133,CRS017,2026-03-15,2026-05-07,Completed,7.18,88
PRG0003841,STU00217,MOD00134,CRS017,2026-03-21,2026-02-28,In Progress,3.3,55
PRG0003842,STU00217,MOD00135,CRS017,2026-03-12,2026-05-03,In Progress,6.43,71
PRG0003843,STU00217,MOD00136,CRS017,2026-03-16,2026-05-05,Completed,3.16,68
PRG0003844,STU00218,MOD00041,CRS006,2025-08-28,2025-09-13,Completed,4.16,87
PRG0003845,STU00218,MOD00042,CRS006,2025-08-17,2025-09-09,Completed,6.12,54
PRG0003846,STU00218,MOD00043,CRS006,2025-08-24,2025-08-08,Completed,2.02,91
PRG0003847,STU00218,MOD00044,CRS006,2025-08-11,2025-10-06,Completed,1.31,33
PRG0003848,STU00218,MOD00045,CRS006,2025-08-12,2025-09-07,Completed,1.99,77
PRG0003849,STU00218,MOD00046,CRS006,2025-08-18,2025-10-12,Completed,5.01,8
PRG0003850,STU00218,MOD00047,CRS006,2025-08-05,2025-09-04,In Progress,8.45,70
PRG0003851,STU00218,MOD00048,CRS006,2025-08-10,2025-08-28,Not Started,3.23,88
PRG0003852,STU00219,MOD00091,CRS012,2025-10-30,2025-12-08,Completed,5.31,69
PRG0003853,STU00219,MOD00092,CRS012,2025-11-21,2026-01-07,Completed,4.28,67
PRG0003854,STU00219,MOD00094,CRS012,2025-11-08,2025-12-05,Completed,1.11,54
PRG0003855,STU00219,MOD00096,CRS012,2025-11-06,2025-11-16,Completed,6.08,8
PRG0003856,STU00219,MOD00153,CRS020,2026-02-15,2026-02-17,Completed,7.78,72
PRG0003857,STU00219,MOD00157,CRS020,2026-02-08,2026-03-31,In Progress,2.53,21
PRG0003858,STU00219,MOD00159,CRS020,2026-01-29,2026-03-11,Completed,12.27,28
PRG0003859,STU00219,MOD00160,CRS020,2026-02-10,2026-03-27,Completed,4.47,89
PRG0003860,STU00219,MOD00041,CRS006,2026-04-16,2026-05-18,Completed,5.01,14
PRG0003861,STU00219,MOD00042,CRS006,2026-04-28,2026-06-26,In Progress,6.48,56
PRG0003862,STU00219,MOD00044,CRS006,2026-04-11,2026-06-27,Completed,4.45,41
PRG0003863,STU00219,MOD00046,CRS006,2026-05-04,2026-04-08,Completed,5.72,87
PRG0003864,STU00219,MOD00113,CRS015,2026-01-28,2026-01-27,Completed,11.67,75
PRG0003865,STU00219,MOD00114,CRS015,2026-02-05,2026-02-10,In Progress,2.81,21
PRG0003866,STU00219,MOD00115,CRS015,2026-01-26,2026-02-10,Completed,2.9,36
PRG0003867,STU00219,MOD00116,CRS015,2026-02-07,2026-02-01,Completed,6.09,33
PRG0003868,STU00219,MOD00117,CRS015,2026-02-09,2026-04-09,Completed,1.44,39
PRG0003869,STU00219,MOD00118,CRS015,2026-02-01,2026-02-01,Not Started,7.74,55
PRG0003870,STU00219,MOD00119,CRS015,2026-02-07,2026-01-23,Completed,5.74,29
PRG0003871,STU00219,MOD00120,CRS015,2026-02-16,2026-01-23,In Progress,3.87,56
PRG0003872,STU00219,MOD00055,CRS007,2025-08-14,2025-09-06,Completed,1.14,60
PRG0003873,STU00219,MOD00056,CRS007,2025-08-27,2025-11-03,Completed,4.06,29
PRG0003874,STU00220,MOD00025,CRS004,2025-10-25,2025-10-27,Completed,3.31,54
PRG0003875,STU00220,MOD00026,CRS004,2025-10-10,2025-12-26,Completed,5.99,22
PRG0003876,STU00220,MOD00027,CRS004,2025-10-05,2025-10-19,In Progress,2.1,16
PRG0003877,STU00220,MOD00028,CRS004,2025-10-27,2025-10-13,Completed,2.39,98
PRG0003878,STU00220,MOD00029,CRS004,2025-10-15,2026-01-03,Completed,3.34,75
PRG0003879,STU00220,MOD00030,CRS004,2025-10-08,2025-10-30,In Progress,7.19,28
PRG0003880,STU00220,MOD00031,CRS004,2025-10-09,2025-12-03,In Progress,2.2,28
PRG0003881,STU00220,MOD00032,CRS004,2025-10-30,2025-11-15,Completed,8.54,27
PRG0003882,STU00221,MOD00057,CRS008,2026-03-09,2026-05-04,Completed,7.1,2
PRG0003883,STU00221,MOD00058,CRS008,2026-03-07,2026-04-22,Completed,4.69,22
PRG0003884,STU00221,MOD00059,CRS008,2026-03-01,2026-04-15,Not Started,5.12,17
PRG0003885,STU00221,MOD00060,CRS008,2026-03-07,2026-05-16,In Progress,13.01,7
PRG0003886,STU00221,MOD00061,CRS008,2026-02-28,2026-05-06,In Progress,2.93,61
PRG0003887,STU00221,MOD00062,CRS008,2026-02-25,2026-05-16,In Progress,5.43,69
PRG0003888,STU00221,MOD00063,CRS008,2026-03-14,2026-04-11,In Progress,2.37,83
PRG0003889,STU00221,MOD00064,CRS008,2026-03-14,2026-03-24,Completed,4.43,9
PRG0003890,STU00222,MOD00071,CRS009,2026-03-20,2026-05-03,Completed,4.33,94
PRG0003891,STU00222,MOD00129,CRS017,2026-04-09,2026-05-08,Completed,1.28,10
PRG0003892,STU00222,MOD00130,CRS017,2026-03-20,2026-05-26,In Progress,9.11,92
PRG0003893,STU00222,MOD00131,CRS017,2026-03-20,2026-04-06,Completed,1.35,31
PRG0003894,STU00222,MOD00132,CRS017,2026-04-05,2026-05-13,Not Started,6.97,78
PRG0003895,STU00222,MOD00133,CRS017,2026-04-02,2026-03-19,Completed,10.34,32
PRG0003896,STU00222,MOD00134,CRS017,2026-03-22,2026-04-07,Completed,3.96,22
PRG0003897,STU00222,MOD00135,CRS017,2026-04-06,2026-04-14,In Progress,8.02,69
PRG0003898,STU00222,MOD00136,CRS017,2026-04-14,2026-06-05,In Progress,9.18,62
PRG0003899,STU00222,MOD00121,CRS016,2026-04-13,2026-04-20,Completed,4.65,96
PRG0003900,STU00222,MOD00122,CRS016,2026-03-26,2026-03-16,Completed,2.5,48
PRG0003901,STU00222,MOD00123,CRS016,2026-04-11,2026-04-15,Completed,12.51,42
PRG0003902,STU00222,MOD00124,CRS016,2026-03-20,2026-04-03,Completed,8.15,87
PRG0003903,STU00222,MOD00125,CRS016,2026-04-14,2026-05-06,Not Started,1.03,72
PRG0003904,STU00222,MOD00126,CRS016,2026-03-28,2026-04-18,In Progress,8.72,25
PRG0003905,STU00222,MOD00127,CRS016,2026-03-21,2026-04-23,In Progress,5.79,91
PRG0003906,STU00222,MOD00128,CRS016,2026-03-31,2026-06-02,In Progress,1.86,74
PRG0003907,STU00222,MOD00003,CRS001,2026-03-28,2026-05-19,Completed,3.28,43
PRG0003908,STU00222,MOD00005,CRS001,2026-04-11,2026-03-28,Completed,6.61,81
PRG0003909,STU00222,MOD00007,CRS001,2026-04-04,2026-03-23,Not Started,3.89,31
PRG0003910,STU00223,MOD00137,CRS018,2025-07-09,2025-08-09,Completed,2.03,22
PRG0003911,STU00223,MOD00138,CRS018,2025-07-07,2025-07-10,In Progress,1.99,88
PRG0003912,STU00223,MOD00139,CRS018,2025-07-02,2025-07-15,Completed,7.32,26
PRG0003913,STU00223,MOD00140,CRS018,2025-07-24,2025-08-06,Not Started,2.45,54
PRG0003914,STU00223,MOD00141,CRS018,2025-07-01,2025-08-25,In Progress,11.49,92
PRG0003915,STU00223,MOD00142,CRS018,2025-07-07,2025-08-21,In Progress,6.78,4
PRG0003916,STU00223,MOD00143,CRS018,2025-07-20,2025-08-23,In Progress,6.01,0
PRG0003917,STU00223,MOD00144,CRS018,2025-07-18,2025-09-12,Completed,4.43,54
PRG0003918,STU00223,MOD00098,CRS013,2025-12-21,2026-02-03,Completed,3.28,61
PRG0003919,STU00223,MOD00099,CRS013,2025-12-03,2026-02-22,Completed,2.41,92
PRG0003920,STU00223,MOD00101,CRS013,2025-12-01,2026-02-11,Completed,1.71,67
PRG0003921,STU00223,MOD00102,CRS013,2025-12-08,2026-02-13,Completed,4.32,22
PRG0003922,STU00223,MOD00103,CRS013,2025-12-07,2025-12-09,Completed,6.85,57
PRG0003923,STU00223,MOD00057,CRS008,2025-12-12,2025-12-27,Completed,1.23,50
PRG0003924,STU00223,MOD00059,CRS008,2025-11-19,2025-11-20,Completed,6.23,30
PRG0003925,STU00223,MOD00060,CRS008,2025-12-06,2025-11-25,Completed,10.8,80
PRG0003926,STU00223,MOD00061,CRS008,2025-11-21,2026-02-01,In Progress,11.47,2
PRG0003927,STU00223,MOD00062,CRS008,2025-12-18,2025-11-27,Completed,1.76,31
PRG0003928,STU00223,MOD00063,CRS008,2025-11-26,2025-12-23,Completed,5.54,95
PRG0003929,STU00223,MOD00064,CRS008,2025-12-14,2026-01-20,Completed,8.75,92
PRG0003930,STU00223,MOD00001,CRS001,2025-06-07,2025-08-13,Completed,4.37,67
PRG0003931,STU00223,MOD00002,CRS001,2025-06-18,2025-06-05,Completed,11.49,92
PRG0003932,STU00223,MOD00003,CRS001,2025-06-18,2025-07-28,Completed,1.46,65
PRG0003933,STU00223,MOD00004,CRS001,2025-06-21,2025-06-17,In Progress,2.09,6
PRG0003934,STU00223,MOD00006,CRS001,2025-06-16,2025-08-12,In Progress,4.18,17
PRG0003935,STU00223,MOD00007,CRS001,2025-06-06,2025-06-07,Completed,7.27,27
PRG0003936,STU00223,MOD00008,CRS001,2025-06-18,2025-06-25,Completed,5.64,53
PRG0003937,STU00224,MOD00114,CRS015,2025-05-18,2025-05-29,In Progress,4.12,20
PRG0003938,STU00224,MOD00116,CRS015,2025-06-15,2025-07-20,In Progress,3.99,37
PRG0003939,STU00224,MOD00118,CRS015,2025-06-15,2025-05-24,Completed,3.41,94
PRG0003940,STU00224,MOD00119,CRS015,2025-05-25,2025-07-16,Completed,8.35,9
PRG0003941,STU00224,MOD00057,CRS008,2025-09-01,2025-10-27,Completed,2.98,60
PRG0003942,STU00224,MOD00062,CRS008,2025-09-14,2025-09-01,Completed,4.14,29
PRG0003943,STU00224,MOD00051,CRS007,2025-12-29,2026-01-17,Completed,8.07,48
PRG0003944,STU00224,MOD00052,CRS007,2025-12-23,2026-02-26,Completed,6.93,38
PRG0003945,STU00224,MOD00053,CRS007,2025-12-21,2025-12-28,Completed,4.06,30
PRG0003946,STU00224,MOD00055,CRS007,2025-12-27,2025-12-19,In Progress,1.5,9
PRG0003947,STU00224,MOD00130,CRS017,2025-04-29,2025-05-22,Completed,2.98,12
PRG0003948,STU00224,MOD00131,CRS017,2025-04-22,2025-05-09,Not Started,3.74,45
PRG0003949,STU00224,MOD00134,CRS017,2025-05-15,2025-05-12,Completed,1.52,73
PRG0003950,STU00224,MOD00017,CRS003,2026-02-03,2026-04-21,Completed,2.49,11
PRG0003951,STU00224,MOD00019,CRS003,2026-02-25,2026-03-21,Not Started,3.9,7
PRG0003952,STU00224,MOD00021,CRS003,2026-02-12,2026-04-18,Completed,6.76,30
PRG0003953,STU00225,MOD00116,CRS015,2025-10-18,2026-01-06,Completed,4.54,58
PRG0003954,STU00225,MOD00119,CRS015,2025-10-31,2025-10-28,Completed,6.16,61
PRG0003955,STU00225,MOD00052,CRS007,2026-04-08,2026-04-27,In Progress,4.79,8
PRG0003956,STU00225,MOD00054,CRS007,2026-04-16,2026-05-10,Not Started,4.26,41
PRG0003957,STU00225,MOD00147,CRS019,2025-11-22,2025-11-09,Completed,7.45,80
PRG0003958,STU00225,MOD00151,CRS019,2025-12-01,2025-12-29,In Progress,6.21,64
PRG0003959,STU00225,MOD00089,CRS012,2025-05-28,2025-06-20,In Progress,4.99,88
PRG0003960,STU00225,MOD00092,CRS012,2025-05-05,2025-06-03,Completed,11.09,55
PRG0003961,STU00225,MOD00093,CRS012,2025-05-14,2025-06-29,Completed,8.91,60
PRG0003962,STU00225,MOD00094,CRS012,2025-05-06,2025-06-08,Completed,2.59,44
PRG0003963,STU00225,MOD00096,CRS012,2025-05-14,2025-06-26,In Progress,7.43,57
PRG0003964,STU00225,MOD00018,CRS003,2025-08-07,2025-09-07,Completed,2.62,51
PRG0003965,STU00225,MOD00019,CRS003,2025-08-17,2025-10-08,In Progress,3.3,24
PRG0003966,STU00225,MOD00020,CRS003,2025-07-31,2025-09-03,Not Started,3.16,95
PRG0003967,STU00225,MOD00022,CRS003,2025-07-29,2025-10-21,Not Started,1.99,78
PRG0003968,STU00226,MOD00113,CRS015,2025-11-22,2026-01-25,Completed,4.09,43
PRG0003969,STU00226,MOD00114,CRS015,2025-12-05,2025-12-23,Completed,1.24,54
PRG0003970,STU00226,MOD00115,CRS015,2025-11-06,2026-01-02,In Progress,1.82,61
PRG0003971,STU00226,MOD00116,CRS015,2025-11-11,2025-12-06,Completed,2.6,64
PRG0003972,STU00226,MOD00117,CRS015,2025-11-28,2025-12-18,Completed,2.03,76
PRG0003973,STU00226,MOD00118,CRS015,2025-11-05,2025-11-21,Completed,7.81,14
PRG0003974,STU00226,MOD00119,CRS015,2025-11-07,2025-11-13,Completed,3.99,48
PRG0003975,STU00226,MOD00120,CRS015,2025-12-04,2025-12-01,Completed,4.57,6
PRG0003976,STU00226,MOD00041,CRS006,2026-03-18,2026-05-31,In Progress,2.16,96
PRG0003977,STU00226,MOD00043,CRS006,2026-03-19,2026-03-20,Completed,3.07,68
PRG0003978,STU00226,MOD00045,CRS006,2026-03-19,2026-04-12,In Progress,1.83,85
PRG0003979,STU00226,MOD00046,CRS006,2026-03-27,2026-04-24,Completed,6.27,9
PRG0003980,STU00226,MOD00083,CRS011,2026-01-01,2026-03-17,In Progress,1.74,12
PRG0003981,STU00226,MOD00087,CRS011,2026-01-06,2025-12-30,Completed,1.44,4
PRG0003982,STU00226,MOD00140,CRS018,2025-10-17,2025-11-01,Completed,3.72,90
PRG0003983,STU00226,MOD00141,CRS018,2025-09-23,2025-12-15,Completed,1.31,37
PRG0003984,STU00226,MOD00143,CRS018,2025-10-09,2025-10-01,Completed,5.8,74
PRG0003985,STU00227,MOD00044,CRS006,2025-07-20,2025-09-07,Completed,3.21,79
PRG0003986,STU00227,MOD00048,CRS006,2025-07-21,2025-08-29,In Progress,1.4,29
PRG0003987,STU00227,MOD00105,CRS014,2026-02-24,2026-02-23,Completed,11.68,30
PRG0003988,STU00227,MOD00106,CRS014,2026-02-10,2026-02-05,Completed,1.97,17
PRG0003989,STU00227,MOD00107,CRS014,2026-02-15,2026-03-21,Completed,5.74,74
PRG0003990,STU00227,MOD00108,CRS014,2026-02-27,2026-03-27,Not Started,1.33,69
PRG0003991,STU00227,MOD00109,CRS014,2026-02-16,2026-03-21,Completed,8.99,92
PRG0003992,STU00227,MOD00111,CRS014,2026-02-20,2026-02-06,Completed,8.45,56
PRG0003993,STU00227,MOD00112,CRS014,2026-02-26,2026-02-24,In Progress,7.23,53
PRG0003994,STU00228,MOD00033,CRS005,2025-09-25,2025-10-19,Not Started,3.11,54
PRG0003995,STU00228,MOD00036,CRS005,2025-09-09,2025-09-16,In Progress,1.17,90
PRG0003996,STU00228,MOD00060,CRS008,2025-11-18,2025-12-13,Completed,7.76,54
PRG0003997,STU00228,MOD00129,CRS017,2025-11-18,2025-12-17,In Progress,2.41,0
PRG0003998,STU00228,MOD00130,CRS017,2025-11-19,2026-01-07,Completed,9.28,42
PRG0003999,STU00228,MOD00131,CRS017,2025-11-04,2026-01-27,Completed,2.31,51
PRG0004000,STU00228,MOD00132,CRS017,2025-11-29,2026-01-12,Not Started,2.79,23
PRG0004001,STU00228,MOD00133,CRS017,2025-11-17,2026-01-25,In Progress,2.95,10
PRG0004002,STU00228,MOD00134,CRS017,2025-11-12,2025-12-06,Not Started,2.17,6
PRG0004003,STU00228,MOD00135,CRS017,2025-11-20,2026-01-30,Completed,5.64,15
PRG0004004,STU00228,MOD00136,CRS017,2025-11-18,2025-11-11,Completed,9.04,80
PRG0004005,STU00228,MOD00026,CRS004,2026-04-05,2026-05-03,Completed,5.53,4
PRG0004006,STU00228,MOD00027,CRS004,2026-04-03,2026-04-27,In Progress,1.93,22
PRG0004007,STU00228,MOD00030,CRS004,2026-04-04,2026-03-22,In Progress,5.45,80
PRG0004008,STU00228,MOD00065,CRS009,2025-09-20,2025-11-22,Completed,3.83,78
PRG0004009,STU00228,MOD00066,CRS009,2025-09-15,2025-10-03,Not Started,1.12,31
PRG0004010,STU00228,MOD00067,CRS009,2025-09-21,2025-11-17,In Progress,5.69,48
PRG0004011,STU00228,MOD00068,CRS009,2025-09-16,2025-11-27,Completed,3.97,1
PRG0004012,STU00228,MOD00069,CRS009,2025-09-27,2025-11-13,Completed,2.4,47
PRG0004013,STU00228,MOD00070,CRS009,2025-10-08,2025-11-04,Completed,6.29,10
PRG0004014,STU00228,MOD00071,CRS009,2025-09-13,2025-11-06,Completed,11.32,20
PRG0004015,STU00228,MOD00072,CRS009,2025-09-10,2025-11-28,In Progress,3.86,15
PRG0004016,STU00229,MOD00081,CRS011,2025-12-22,2026-02-01,Not Started,1.71,66
PRG0004017,STU00229,MOD00082,CRS011,2025-11-28,2026-01-06,Completed,8.05,60
PRG0004018,STU00229,MOD00083,CRS011,2025-12-22,2026-02-03,Not Started,2.84,32
PRG0004019,STU00229,MOD00084,CRS011,2025-12-21,2026-01-02,In Progress,3.02,92
PRG0004020,STU00229,MOD00085,CRS011,2025-12-16,2026-01-28,Completed,6.95,54
PRG0004021,STU00229,MOD00086,CRS011,2025-12-23,2026-01-17,In Progress,4.38,7
PRG0004022,STU00229,MOD00087,CRS011,2025-12-06,2025-12-27,In Progress,2.17,63
PRG0004023,STU00229,MOD00088,CRS011,2025-11-27,2025-12-21,Not Started,3.95,7
PRG0004024,STU00229,MOD00114,CRS015,2026-02-22,2026-04-14,Not Started,1.88,91
PRG0004025,STU00229,MOD00117,CRS015,2026-02-20,2026-03-16,In Progress,4.04,33
PRG0004026,STU00229,MOD00119,CRS015,2026-02-14,2026-04-15,In Progress,5.74,67
PRG0004027,STU00229,MOD00025,CRS004,2026-03-13,2026-05-11,Completed,11.09,70
PRG0004028,STU00229,MOD00026,CRS004,2026-02-24,2026-05-05,Not Started,4.7,58
PRG0004029,STU00229,MOD00028,CRS004,2026-03-23,2026-03-12,Completed,1.68,69
PRG0004030,STU00229,MOD00031,CRS004,2026-03-12,2026-03-29,In Progress,10.3,93
PRG0004031,STU00230,MOD00121,CRS016,2025-12-08,2026-01-21,In Progress,10.49,76
PRG0004032,STU00230,MOD00122,CRS016,2025-12-06,2025-12-08,In Progress,3.34,92
PRG0004033,STU00230,MOD00123,CRS016,2025-12-08,2026-03-03,Completed,7.57,49
PRG0004034,STU00230,MOD00124,CRS016,2025-12-19,2025-12-20,In Progress,6.67,34
PRG0004035,STU00230,MOD00125,CRS016,2025-12-31,2026-02-26,Completed,3.86,75
PRG0004036,STU00230,MOD00126,CRS016,2025-12-29,2026-02-16,Completed,7.13,60
PRG0004037,STU00230,MOD00127,CRS016,2025-12-24,2025-12-11,Completed,5.93,5
PRG0004038,STU00230,MOD00128,CRS016,2026-01-03,2026-02-12,In Progress,10.6,82
PRG0004039,STU00230,MOD00137,CRS018,2026-02-22,2026-03-15,In Progress,2.47,94
PRG0004040,STU00230,MOD00138,CRS018,2026-02-27,2026-04-07,Completed,1.88,25
PRG0004041,STU00230,MOD00139,CRS018,2026-03-08,2026-04-11,Completed,4.36,99
PRG0004042,STU00230,MOD00140,CRS018,2026-03-06,2026-03-22,Completed,5.61,32
PRG0004043,STU00230,MOD00141,CRS018,2026-02-21,2026-04-11,In Progress,4.78,90
PRG0004044,STU00230,MOD00142,CRS018,2026-02-15,2026-05-03,Completed,1.19,73
PRG0004045,STU00230,MOD00143,CRS018,2026-02-26,2026-03-18,Completed,4.85,43
PRG0004046,STU00230,MOD00144,CRS018,2026-03-01,2026-02-15,Completed,7.37,39
PRG0004047,STU00231,MOD00033,CRS005,2025-12-27,2026-02-21,Completed,1.04,50
PRG0004048,STU00231,MOD00034,CRS005,2025-12-22,2025-12-04,In Progress,2.58,70
PRG0004049,STU00231,MOD00035,CRS005,2025-12-26,2026-01-23,Completed,3.67,24
PRG0004050,STU00231,MOD00036,CRS005,2025-12-13,2026-01-31,Completed,3.41,81
PRG0004051,STU00231,MOD00037,CRS005,2025-12-20,2026-01-16,Completed,3.44,85
PRG0004052,STU00231,MOD00038,CRS005,2025-12-15,2025-12-19,Completed,10.97,100
PRG0004053,STU00231,MOD00039,CRS005,2025-12-07,2026-02-22,Completed,7.7,69
PRG0004054,STU00231,MOD00040,CRS005,2025-12-11,2026-01-09,Completed,6.83,58
PRG0004055,STU00231,MOD00044,CRS006,2026-01-11,2026-01-28,Completed,1.49,5
PRG0004056,STU00231,MOD00045,CRS006,2026-02-09,2026-02-26,In Progress,2.38,76
PRG0004057,STU00231,MOD00046,CRS006,2026-02-03,2026-02-14,Completed,4.81,61
PRG0004058,STU00231,MOD00048,CRS006,2026-02-05,2026-03-23,In Progress,2.02,43
PRG0004059,STU00232,MOD00049,CRS007,2026-02-05,2026-01-14,Completed,3.18,19
PRG0004060,STU00232,MOD00050,CRS007,2026-01-10,2026-02-28,Completed,9.5,16
PRG0004061,STU00232,MOD00055,CRS007,2026-01-19,2026-02-05,Completed,1.01,66
PRG0004062,STU00232,MOD00082,CRS011,2025-12-30,2026-02-03,Completed,12.22,42
PRG0004063,STU00232,MOD00087,CRS011,2026-01-01,2025-12-16,Completed,2.64,46
PRG0004064,STU00232,MOD00105,CRS014,2026-01-12,2026-02-11,In Progress,8.22,36
PRG0004065,STU00232,MOD00106,CRS014,2026-01-30,2026-04-12,Completed,1.41,55
PRG0004066,STU00232,MOD00107,CRS014,2026-02-10,2026-01-19,Completed,7.72,68
PRG0004067,STU00232,MOD00108,CRS014,2026-01-23,2026-03-13,In Progress,1.3,17
PRG0004068,STU00232,MOD00109,CRS014,2026-01-29,2026-02-26,In Progress,9.62,67
PRG0004069,STU00232,MOD00110,CRS014,2026-01-15,2026-03-29,Not Started,2.7,93
PRG0004070,STU00232,MOD00111,CRS014,2026-02-11,2026-01-27,Not Started,7.54,14
PRG0004071,STU00232,MOD00112,CRS014,2026-01-26,2026-03-28,In Progress,4.95,38
PRG0004072,STU00232,MOD00065,CRS009,2026-02-19,2026-03-13,Completed,3.71,18
PRG0004073,STU00232,MOD00066,CRS009,2026-03-17,2026-03-02,In Progress,10.13,14
PRG0004074,STU00232,MOD00067,CRS009,2026-03-05,2026-03-05,In Progress,2.52,69
PRG0004075,STU00232,MOD00068,CRS009,2026-02-19,2026-02-23,Completed,4.41,3
PRG0004076,STU00232,MOD00069,CRS009,2026-03-08,2026-02-27,In Progress,5.95,36
PRG0004077,STU00232,MOD00070,CRS009,2026-03-15,2026-05-05,In Progress,8.2,64
PRG0004078,STU00232,MOD00072,CRS009,2026-03-13,2026-03-28,Not Started,4.0,37
PRG0004079,STU00232,MOD00137,CRS018,2025-05-18,2025-06-30,Completed,2.25,87
PRG0004080,STU00232,MOD00138,CRS018,2025-06-02,2025-05-23,Completed,3.35,60
PRG0004081,STU00232,MOD00140,CRS018,2025-05-11,2025-06-30,Completed,3.32,26
PRG0004082,STU00232,MOD00141,CRS018,2025-06-01,2025-07-05,Completed,7.23,76
PRG0004083,STU00232,MOD00142,CRS018,2025-05-25,2025-06-10,Completed,11.1,88
PRG0004084,STU00232,MOD00143,CRS018,2025-06-08,2025-06-30,Completed,2.44,52
PRG0004085,STU00233,MOD00065,CRS009,2025-11-02,2025-10-21,Completed,1.5,18
PRG0004086,STU00234,MOD00097,CRS013,2025-08-10,2025-08-18,Completed,4.55,43
PRG0004087,STU00234,MOD00099,CRS013,2025-07-12,2025-08-13,In Progress,2.99,42
PRG0004088,STU00234,MOD00100,CRS013,2025-08-07,2025-09-02,Completed,2.23,46
PRG0004089,STU00234,MOD00101,CRS013,2025-07-25,2025-08-15,In Progress,4.1,48
PRG0004090,STU00234,MOD00102,CRS013,2025-07-13,2025-07-20,Completed,4.94,24
PRG0004091,STU00234,MOD00103,CRS013,2025-07-25,2025-08-06,Completed,1.57,13
PRG0004092,STU00234,MOD00104,CRS013,2025-07-31,2025-08-28,Completed,10.55,33
PRG0004093,STU00234,MOD00129,CRS017,2026-01-27,2026-04-12,Completed,6.21,53
PRG0004094,STU00234,MOD00131,CRS017,2026-02-14,2026-02-21,Completed,3.45,26
PRG0004095,STU00234,MOD00132,CRS017,2026-02-04,2026-03-25,Not Started,6.29,19
PRG0004096,STU00234,MOD00153,CRS020,2025-11-29,2025-12-18,Completed,7.33,54
PRG0004097,STU00234,MOD00156,CRS020,2025-11-07,2025-12-30,Completed,1.66,29
PRG0004098,STU00234,MOD00081,CRS011,2025-12-16,2026-01-26,Completed,2.57,93
PRG0004099,STU00234,MOD00083,CRS011,2025-12-19,2026-01-26,In Progress,2.61,82
PRG0004100,STU00234,MOD00087,CRS011,2025-12-19,2026-02-16,Not Started,2.65,51
PRG0004101,STU00234,MOD00113,CRS015,2025-11-29,2026-01-14,Completed,9.38,44
PRG0004102,STU00234,MOD00114,CRS015,2025-11-17,2025-11-23,Not Started,1.7,40
PRG0004103,STU00234,MOD00115,CRS015,2025-11-10,2025-11-22,Completed,2.22,39
PRG0004104,STU00234,MOD00116,CRS015,2025-11-25,2025-12-04,In Progress,3.89,48
PRG0004105,STU00234,MOD00117,CRS015,2025-11-18,2026-01-02,In Progress,1.59,91
PRG0004106,STU00234,MOD00118,CRS015,2025-11-18,2026-01-30,In Progress,11.43,19
PRG0004107,STU00234,MOD00119,CRS015,2025-11-09,2025-11-26,Completed,5.2,61
PRG0004108,STU00234,MOD00120,CRS015,2025-11-18,2026-01-02,Completed,3.9,97
PRG0004109,STU00235,MOD00133,CRS017,2025-06-04,2025-07-09,Completed,8.9,92
PRG0004110,STU00235,MOD00145,CRS019,2025-11-16,2025-11-18,In Progress,4.21,84
PRG0004111,STU00235,MOD00149,CRS019,2025-11-03,2025-12-23,Completed,4.86,22
PRG0004112,STU00235,MOD00151,CRS019,2025-11-24,2025-11-03,Completed,6.4,51
PRG0004113,STU00235,MOD00152,CRS019,2025-11-26,2026-01-11,Completed,3.24,29
PRG0004114,STU00236,MOD00033,CRS005,2025-08-02,2025-09-23,In Progress,2.83,80
PRG0004115,STU00236,MOD00034,CRS005,2025-08-07,2025-08-05,In Progress,2.61,17
PRG0004116,STU00236,MOD00035,CRS005,2025-07-30,2025-10-20,In Progress,7.11,99
PRG0004117,STU00236,MOD00036,CRS005,2025-07-30,2025-09-29,Completed,3.2,41
PRG0004118,STU00236,MOD00037,CRS005,2025-08-11,2025-08-19,Not Started,1.36,4
PRG0004119,STU00236,MOD00038,CRS005,2025-08-02,2025-09-03,In Progress,4.0,71
PRG0004120,STU00236,MOD00039,CRS005,2025-08-01,2025-08-08,Completed,4.24,61
PRG0004121,STU00236,MOD00040,CRS005,2025-08-19,2025-10-15,Completed,9.29,95
PRG0004122,STU00237,MOD00145,CRS019,2026-01-25,2026-03-13,Not Started,4.18,8
PRG0004123,STU00237,MOD00146,CRS019,2026-02-13,2026-02-24,Completed,5.25,67
PRG0004124,STU00237,MOD00147,CRS019,2026-01-16,2026-01-29,Completed,7.27,37
PRG0004125,STU00237,MOD00148,CRS019,2026-02-02,2026-03-02,In Progress,1.79,65
PRG0004126,STU00237,MOD00149,CRS019,2026-02-03,2026-03-26,Completed,4.2,86
PRG0004127,STU00237,MOD00150,CRS019,2026-01-19,2026-02-04,In Progress,4.38,11
PRG0004128,STU00237,MOD00151,CRS019,2026-02-13,2026-03-28,Completed,5.66,31
PRG0004129,STU00237,MOD00152,CRS019,2026-02-12,2026-04-11,Completed,2.66,17
PRG0004130,STU00238,MOD00158,CRS020,2026-03-11,2026-03-14,In Progress,3.75,18
PRG0004131,STU00238,MOD00121,CRS016,2025-11-22,2025-11-04,Completed,3.29,23
PRG0004132,STU00238,MOD00122,CRS016,2025-11-09,2026-01-28,In Progress,3.64,94
PRG0004133,STU00238,MOD00123,CRS016,2025-12-02,2026-01-18,In Progress,6.05,17
PRG0004134,STU00238,MOD00124,CRS016,2025-11-29,2025-12-26,Completed,2.37,41
PRG0004135,STU00238,MOD00125,CRS016,2025-11-17,2026-01-29,Completed,1.86,95
PRG0004136,STU00238,MOD00126,CRS016,2025-11-05,2025-12-23,Not Started,7.61,57
PRG0004137,STU00238,MOD00127,CRS016,2025-11-04,2025-11-20,Completed,8.76,17
PRG0004138,STU00238,MOD00128,CRS016,2025-11-08,2026-01-24,Completed,6.43,40
PRG0004139,STU00239,MOD00049,CRS007,2026-02-12,2026-02-12,Completed,2.85,74
PRG0004140,STU00239,MOD00050,CRS007,2026-02-18,2026-02-23,Completed,5.41,0
PRG0004141,STU00239,MOD00051,CRS007,2026-01-29,2026-03-21,In Progress,4.55,49
PRG0004142,STU00239,MOD00052,CRS007,2026-02-17,2026-03-01,Completed,6.58,76
PRG0004143,STU00239,MOD00053,CRS007,2026-02-17,2026-04-07,Not Started,2.81,87
PRG0004144,STU00239,MOD00054,CRS007,2026-01-23,2026-02-16,In Progress,1.05,90
PRG0004145,STU00239,MOD00055,CRS007,2026-02-10,2026-02-18,Completed,2.52,2
PRG0004146,STU00239,MOD00056,CRS007,2026-02-13,2026-03-06,Completed,4.0,32
PRG0004147,STU00239,MOD00121,CRS016,2026-03-05,2026-05-02,Completed,9.91,15
PRG0004148,STU00239,MOD00122,CRS016,2026-03-10,2026-03-06,Completed,3.69,7
PRG0004149,STU00239,MOD00125,CRS016,2026-03-13,2026-04-19,Completed,4.03,34
PRG0004150,STU00239,MOD00127,CRS016,2026-03-03,2026-04-08,Completed,2.91,23
PRG0004151,STU00239,MOD00128,CRS016,2026-03-13,2026-04-27,Completed,4.04,23
PRG0004152,STU00239,MOD00113,CRS015,2026-03-31,2026-05-15,Completed,2.84,69
PRG0004153,STU00239,MOD00114,CRS015,2026-04-18,2026-04-16,Completed,2.99,88
PRG0004154,STU00239,MOD00115,CRS015,2026-04-04,2026-05-27,In Progress,2.4,44
PRG0004155,STU00239,MOD00116,CRS015,2026-04-08,2026-04-23,Completed,4.66,6
PRG0004156,STU00239,MOD00117,CRS015,2026-04-03,2026-06-06,Completed,2.53,90
PRG0004157,STU00239,MOD00118,CRS015,2026-03-25,2026-04-17,In Progress,4.68,94
PRG0004158,STU00239,MOD00119,CRS015,2026-03-27,2026-05-19,Not Started,10.23,16
PRG0004159,STU00239,MOD00120,CRS015,2026-04-15,2026-06-21,Completed,5.28,76
PRG0004160,STU00239,MOD00043,CRS006,2026-03-10,2026-04-04,In Progress,4.07,73
PRG0004161,STU00239,MOD00044,CRS006,2026-03-06,2026-04-05,Completed,2.22,57
PRG0004162,STU00239,MOD00047,CRS006,2026-03-27,2026-03-23,Completed,11.36,46
PRG0004163,STU00239,MOD00048,CRS006,2026-03-24,2026-04-05,Completed,3.49,37
PRG0004164,STU00240,MOD00089,CRS012,2025-08-13,2025-09-20,In Progress,2.43,99
PRG0004165,STU00240,MOD00090,CRS012,2025-09-04,2025-09-30,Completed,1.03,90
PRG0004166,STU00240,MOD00091,CRS012,2025-09-02,2025-08-27,In Progress,8.11,69
PRG0004167,STU00240,MOD00092,CRS012,2025-08-21,2025-09-14,In Progress,4.07,14
PRG0004168,STU00240,MOD00093,CRS012,2025-08-28,2025-08-22,Completed,2.0,72
PRG0004169,STU00240,MOD00094,CRS012,2025-08-29,2025-09-12,Completed,2.84,54
PRG0004170,STU00240,MOD00095,CRS012,2025-08-14,2025-10-18,Not Started,4.1,88
PRG0004171,STU00240,MOD00096,CRS012,2025-09-09,2025-09-11,Completed,8.8,29
PRG0004172,STU00240,MOD00001,CRS001,2026-02-22,2026-03-23,In Progress,11.26,0
PRG0004173,STU00240,MOD00002,CRS001,2026-02-22,2026-02-22,Completed,2.88,60
PRG0004174,STU00240,MOD00003,CRS001,2026-02-24,2026-02-23,In Progress,1.54,100
PRG0004175,STU00240,MOD00004,CRS001,2026-03-10,2026-04-29,In Progress,5.51,4
PRG0004176,STU00240,MOD00005,CRS001,2026-02-12,2026-02-20,Not Started,2.02,81
PRG0004177,STU00240,MOD00006,CRS001,2026-02-13,2026-04-16,Completed,3.13,68
PRG0004178,STU00240,MOD00007,CRS001,2026-02-24,2026-03-28,In Progress,3.61,84
PRG0004179,STU00240,MOD00008,CRS001,2026-02-24,2026-04-11,Completed,7.65,91
PRG0004180,STU00240,MOD00122,CRS016,2026-02-13,2026-03-06,Completed,2.88,52
PRG0004181,STU00240,MOD00126,CRS016,2026-02-22,2026-02-09,In Progress,4.43,91
PRG0004182,STU00240,MOD00128,CRS016,2026-02-01,2026-03-01,Completed,10.38,80
PRG0004183,STU00240,MOD00009,CRS002,2025-08-14,2025-10-14,Completed,1.61,53
PRG0004184,STU00240,MOD00010,CRS002,2025-09-11,2025-08-20,In Progress,8.71,49
PRG0004185,STU00240,MOD00011,CRS002,2025-08-19,2025-09-05,Completed,1.73,58
PRG0004186,STU00240,MOD00013,CRS002,2025-08-19,2025-11-06,Not Started,3.95,90
PRG0004187,STU00240,MOD00014,CRS002,2025-09-12,2025-10-23,Completed,9.29,52
PRG0004188,STU00240,MOD00015,CRS002,2025-08-31,2025-10-29,Not Started,5.67,43
PRG0004189,STU00240,MOD00016,CRS002,2025-08-27,2025-09-28,In Progress,2.38,18
PRG0004190,STU00240,MOD00081,CRS011,2026-01-21,2026-02-18,Completed,1.61,67
PRG0004191,STU00240,MOD00083,CRS011,2026-01-24,2026-03-12,Completed,2.61,9
PRG0004192,STU00240,MOD00084,CRS011,2026-01-23,2026-02-01,Not Started,3.96,34
PRG0004193,STU00240,MOD00085,CRS011,2026-01-26,2026-04-06,Completed,3.49,12
PRG0004194,STU00241,MOD00017,CRS003,2026-02-13,2026-04-07,In Progress,8.34,9
PRG0004195,STU00241,MOD00018,CRS003,2026-02-13,2026-04-01,In Progress,6.5,88
PRG0004196,STU00241,MOD00019,CRS003,2026-02-03,2026-01-28,Completed,1.38,24
PRG0004197,STU00241,MOD00020,CRS003,2026-02-05,2026-02-16,In Progress,1.14,5
PRG0004198,STU00241,MOD00021,CRS003,2026-02-14,2026-03-20,In Progress,12.5,28
PRG0004199,STU00241,MOD00022,CRS003,2026-02-13,2026-02-27,Completed,2.47,6
PRG0004200,STU00241,MOD00023,CRS003,2026-02-16,2026-03-24,In Progress,2.07,36
PRG0004201,STU00241,MOD00024,CRS003,2026-02-08,2026-03-09,In Progress,5.11,11
PRG0004202,STU00241,MOD00001,CRS001,2026-01-15,2026-03-22,Completed,11.27,27
PRG0004203,STU00241,MOD00002,CRS001,2026-01-23,2026-01-13,Completed,6.67,48
PRG0004204,STU00241,MOD00003,CRS001,2026-01-10,2026-01-14,Completed,1.5,92
PRG0004205,STU00241,MOD00004,CRS001,2026-01-03,2026-01-05,In Progress,3.44,90
PRG0004206,STU00241,MOD00005,CRS001,2026-01-15,2026-03-11,Completed,3.87,20
PRG0004207,STU00241,MOD00006,CRS001,2025-12-31,2026-02-04,Not Started,2.84,85
PRG0004208,STU00241,MOD00007,CRS001,2026-01-04,2026-01-15,In Progress,6.48,88
PRG0004209,STU00241,MOD00008,CRS001,2026-01-06,2026-03-10,Completed,4.07,74
PRG0004210,STU00241,MOD00033,CRS005,2026-01-23,2026-01-07,Completed,2.91,95
PRG0004211,STU00241,MOD00035,CRS005,2026-01-16,2026-01-12,Not Started,7.33,99
PRG0004212,STU00241,MOD00040,CRS005,2026-01-23,2026-01-03,In Progress,1.83,38
PRG0004213,STU00241,MOD00123,CRS016,2026-04-06,2026-05-09,Completed,6.22,94
PRG0004214,STU00241,MOD00125,CRS016,2026-04-08,2026-04-23,Completed,3.55,25
PRG0004215,STU00241,MOD00127,CRS016,2026-04-02,2026-05-05,Not Started,8.8,71
PRG0004216,STU00241,MOD00128,CRS016,2026-04-04,2026-06-21,In Progress,3.16,79
PRG0004217,STU00242,MOD00061,CRS008,2025-05-05,2025-06-15,Completed,5.53,20
PRG0004218,STU00242,MOD00062,CRS008,2025-05-25,2025-05-27,Completed,1.16,89
PRG0004219,STU00242,MOD00063,CRS008,2025-05-15,2025-05-16,In Progress,6.16,86
PRG0004220,STU00242,MOD00064,CRS008,2025-05-18,2025-05-11,Completed,10.08,81
PRG0004221,STU00242,MOD00153,CRS020,2025-12-07,2025-11-30,Completed,6.64,92
PRG0004222,STU00242,MOD00154,CRS020,2025-12-14,2025-12-16,Completed,12.03,94
PRG0004223,STU00242,MOD00156,CRS020,2025-11-22,2026-01-24,In Progress,4.91,91
PRG0004224,STU00242,MOD00157,CRS020,2025-12-22,2025-12-06,Completed,2.87,36
PRG0004225,STU00242,MOD00158,CRS020,2025-11-24,2026-01-04,Completed,4.11,54
PRG0004226,STU00242,MOD00159,CRS020,2025-12-01,2025-12-30,Completed,6.47,18
PRG0004227,STU00242,MOD00160,CRS020,2025-12-07,2026-02-11,In Progress,2.94,31
PRG0004228,STU00242,MOD00105,CRS014,2025-04-17,2025-07-04,Completed,13.37,54
PRG0004229,STU00242,MOD00106,CRS014,2025-04-20,2025-07-07,Completed,1.31,70
PRG0004230,STU00242,MOD00107,CRS014,2025-05-15,2025-06-12,Completed,1.23,85
PRG0004231,STU00242,MOD00108,CRS014,2025-05-01,2025-07-02,Completed,1.36,75
PRG0004232,STU00242,MOD00109,CRS014,2025-04-23,2025-06-06,Completed,3.44,83
PRG0004233,STU00242,MOD00110,CRS014,2025-04-29,2025-07-14,Completed,1.87,71
PRG0004234,STU00242,MOD00111,CRS014,2025-05-13,2025-07-08,Completed,4.91,45
PRG0004235,STU00242,MOD00112,CRS014,2025-04-29,2025-05-07,Completed,1.53,64
PRG0004236,STU00243,MOD00009,CRS002,2026-01-21,2026-04-06,In Progress,6.3,44
PRG0004237,STU00243,MOD00010,CRS002,2026-02-07,2026-02-26,In Progress,5.04,73
PRG0004238,STU00243,MOD00011,CRS002,2026-02-10,2026-03-16,Completed,2.78,56
PRG0004239,STU00243,MOD00012,CRS002,2026-02-12,2026-02-13,Not Started,9.69,99
PRG0004240,STU00243,MOD00013,CRS002,2026-02-13,2026-04-08,Completed,4.06,45
PRG0004241,STU00243,MOD00014,CRS002,2026-01-25,2026-02-27,Completed,1.75,80
PRG0004242,STU00243,MOD00015,CRS002,2026-02-16,2026-03-05,Completed,7.34,97
PRG0004243,STU00243,MOD00016,CRS002,2026-01-20,2026-02-12,In Progress,5.39,94
PRG0004244,STU00244,MOD00129,CRS017,2025-09-10,2025-09-08,Completed,4.84,6
PRG0004245,STU00244,MOD00130,CRS017,2025-09-08,2025-11-28,Completed,3.82,85
PRG0004246,STU00244,MOD00131,CRS017,2025-09-28,2025-10-31,Completed,4.18,27
PRG0004247,STU00244,MOD00132,CRS017,2025-09-19,2025-09-22,Not Started,4.16,88
PRG0004248,STU00244,MOD00133,CRS017,2025-09-26,2025-09-22,Completed,9.47,3
PRG0004249,STU00244,MOD00134,CRS017,2025-09-27,2025-10-20,Completed,1.8,15
PRG0004250,STU00244,MOD00135,CRS017,2025-09-28,2025-11-06,Completed,7.26,92
PRG0004251,STU00244,MOD00136,CRS017,2025-10-02,2025-10-11,Completed,8.73,48
PRG0004252,STU00244,MOD00057,CRS008,2025-12-24,2025-12-11,In Progress,13.7,16
PRG0004253,STU00244,MOD00058,CRS008,2025-12-28,2026-01-22,Completed,7.97,86
PRG0004254,STU00244,MOD00059,CRS008,2025-12-10,2026-02-16,Completed,2.51,32
PRG0004255,STU00244,MOD00060,CRS008,2025-12-28,2026-02-03,In Progress,9.64,81
PRG0004256,STU00244,MOD00061,CRS008,2025-12-01,2025-12-17,Completed,8.31,58
PRG0004257,STU00244,MOD00062,CRS008,2025-12-01,2025-12-01,Completed,2.85,4
PRG0004258,STU00244,MOD00063,CRS008,2025-12-01,2026-02-26,In Progress,1.64,4
PRG0004259,STU00244,MOD00064,CRS008,2025-12-15,2025-12-17,Completed,9.67,3
PRG0004260,STU00245,MOD00033,CRS005,2025-10-14,2025-10-29,Completed,2.6,69
PRG0004261,STU00245,MOD00034,CRS005,2025-10-03,2025-10-08,Completed,5.56,51
PRG0004262,STU00245,MOD00035,CRS005,2025-10-04,2025-10-23,Completed,6.19,7
PRG0004263,STU00245,MOD00036,CRS005,2025-09-29,2025-09-28,Completed,3.19,23
PRG0004264,STU00245,MOD00037,CRS005,2025-10-14,2025-10-11,In Progress,3.73,37
PRG0004265,STU00245,MOD00038,CRS005,2025-10-02,2025-10-16,Completed,12.49,46
PRG0004266,STU00245,MOD00039,CRS005,2025-10-04,2025-10-23,Completed,5.75,62
PRG0004267,STU00245,MOD00040,CRS005,2025-09-29,2025-11-16,Completed,9.61,56
PRG0004268,STU00246,MOD00145,CRS019,2025-10-04,2025-11-01,Completed,4.25,4
PRG0004269,STU00246,MOD00146,CRS019,2025-09-27,2025-10-18,Completed,6.07,84
PRG0004270,STU00246,MOD00147,CRS019,2025-09-25,2025-10-17,Completed,1.38,54
PRG0004271,STU00246,MOD00148,CRS019,2025-10-01,2025-10-15,In Progress,7.78,10
PRG0004272,STU00246,MOD00149,CRS019,2025-09-13,2025-10-27,Completed,3.36,36
PRG0004273,STU00246,MOD00150,CRS019,2025-09-10,2025-10-02,In Progress,3.67,37
PRG0004274,STU00246,MOD00151,CRS019,2025-10-05,2025-11-28,Completed,5.78,94
PRG0004275,STU00246,MOD00152,CRS019,2025-09-10,2025-10-15,In Progress,1.6,84
PRG0004276,STU00246,MOD00091,CRS012,2026-03-21,2026-05-09,Completed,1.05,13
PRG0004277,STU00246,MOD00092,CRS012,2026-03-18,2026-05-28,Completed,8.25,47
PRG0004278,STU00246,MOD00122,CRS016,2025-12-06,2026-01-30,In Progress,3.81,37
PRG0004279,STU00246,MOD00124,CRS016,2025-11-30,2025-11-30,Completed,1.31,76
PRG0004280,STU00246,MOD00125,CRS016,2025-12-12,2026-01-14,In Progress,3.58,69
PRG0004281,STU00246,MOD00126,CRS016,2025-12-11,2026-01-17,Not Started,7.78,10
PRG0004282,STU00246,MOD00128,CRS016,2025-12-28,2025-12-10,Completed,10.56,54
PRG0004283,STU00246,MOD00001,CRS001,2025-08-10,2025-09-04,In Progress,2.53,14
PRG0004284,STU00246,MOD00002,CRS001,2025-08-09,2025-10-05,Completed,10.0,41
PRG0004285,STU00246,MOD00003,CRS001,2025-08-10,2025-09-28,In Progress,3.58,86
PRG0004286,STU00246,MOD00005,CRS001,2025-08-06,2025-08-30,Completed,7.46,69
PRG0004287,STU00246,MOD00007,CRS001,2025-07-25,2025-09-12,In Progress,5.04,25
PRG0004288,STU00246,MOD00008,CRS001,2025-07-27,2025-09-21,Completed,8.55,27
PRG0004289,STU00247,MOD00137,CRS018,2025-07-08,2025-08-11,In Progress,1.61,7
PRG0004290,STU00247,MOD00139,CRS018,2025-07-02,2025-09-12,Completed,10.04,30
PRG0004291,STU00247,MOD00140,CRS018,2025-07-16,2025-06-29,Completed,4.27,100
PRG0004292,STU00247,MOD00141,CRS018,2025-07-20,2025-08-12,In Progress,1.4,25
PRG0004293,STU00247,MOD00142,CRS018,2025-06-28,2025-08-02,In Progress,6.77,54
PRG0004294,STU00247,MOD00143,CRS018,2025-07-23,2025-09-21,Not Started,7.3,58
PRG0004295,STU00248,MOD00122,CRS016,2026-02-12,2026-02-21,Completed,1.6,8
PRG0004296,STU00248,MOD00123,CRS016,2026-02-18,2026-04-12,Completed,2.12,55
PRG0004297,STU00248,MOD00124,CRS016,2026-03-03,2026-03-25,Completed,8.02,83
PRG0004298,STU00248,MOD00125,CRS016,2026-02-02,2026-04-05,Completed,4.35,85
PRG0004299,STU00248,MOD00128,CRS016,2026-02-21,2026-04-11,In Progress,4.48,12
PRG0004300,STU00248,MOD00009,CRS002,2026-05-03,2026-06-08,In Progress,8.07,97
PRG0004301,STU00248,MOD00011,CRS002,2026-04-08,2026-06-09,Completed,5.34,11
PRG0004302,STU00248,MOD00012,CRS002,2026-05-08,2026-04-25,Completed,10.35,74
PRG0004303,STU00248,MOD00013,CRS002,2026-05-02,2026-06-30,Completed,1.3,21
PRG0004304,STU00248,MOD00025,CRS004,2026-02-19,2026-03-17,In Progress,7.76,58
PRG0004305,STU00248,MOD00026,CRS004,2026-02-08,2026-03-22,Completed,2.08,79
PRG0004306,STU00248,MOD00027,CRS004,2026-02-18,2026-04-21,Not Started,1.78,16
PRG0004307,STU00248,MOD00028,CRS004,2026-02-19,2026-03-08,In Progress,2.75,24
PRG0004308,STU00248,MOD00029,CRS004,2026-02-09,2026-04-09,Completed,1.68,57
PRG0004309,STU00248,MOD00030,CRS004,2026-02-27,2026-03-26,Completed,10.97,84
PRG0004310,STU00248,MOD00031,CRS004,2026-02-13,2026-03-11,Completed,3.54,48
PRG0004311,STU00248,MOD00032,CRS004,2026-02-14,2026-03-23,Completed,6.81,35
PRG0004312,STU00248,MOD00153,CRS020,2026-02-05,2026-02-08,In Progress,8.3,81
PRG0004313,STU00248,MOD00154,CRS020,2026-02-26,2026-04-24,Completed,3.3,18
PRG0004314,STU00248,MOD00155,CRS020,2026-03-01,2026-02-26,Not Started,7.11,100
PRG0004315,STU00248,MOD00156,CRS020,2026-02-17,2026-04-08,Not Started,6.6,3
PRG0004316,STU00248,MOD00157,CRS020,2026-02-25,2026-02-25,In Progress,2.43,90
PRG0004317,STU00248,MOD00158,CRS020,2026-02-22,2026-03-28,In Progress,1.8,64
PRG0004318,STU00248,MOD00159,CRS020,2026-02-06,2026-02-09,Completed,7.59,19
PRG0004319,STU00248,MOD00160,CRS020,2026-02-13,2026-03-08,Completed,2.29,20
PRG0004320,STU00248,MOD00073,CRS010,2026-03-02,2026-03-27,Completed,2.85,64
PRG0004321,STU00248,MOD00074,CRS010,2026-02-23,2026-04-24,Completed,7.29,61
PRG0004322,STU00248,MOD00075,CRS010,2026-02-04,2026-03-04,Completed,10.86,72
PRG0004323,STU00248,MOD00076,CRS010,2026-03-02,2026-03-19,In Progress,1.56,38
PRG0004324,STU00248,MOD00077,CRS010,2026-02-23,2026-03-03,Completed,6.39,69
PRG0004325,STU00248,MOD00078,CRS010,2026-03-01,2026-03-01,In Progress,1.54,56
PRG0004326,STU00248,MOD00079,CRS010,2026-02-11,2026-02-08,Completed,2.91,8
PRG0004327,STU00248,MOD00080,CRS010,2026-03-02,2026-03-02,Completed,1.73,9
PRG0004328,STU00249,MOD00060,CRS008,2025-12-25,2026-02-28,Completed,6.42,89
PRG0004329,STU00249,MOD00065,CRS009,2026-03-19,2026-06-03,In Progress,2.18,10
PRG0004330,STU00249,MOD00066,CRS009,2026-03-28,2026-04-26,Completed,7.58,0
PRG0004331,STU00249,MOD00067,CRS009,2026-03-12,2026-06-02,Completed,1.86,27
PRG0004332,STU00249,MOD00068,CRS009,2026-03-07,2026-04-26,Completed,2.64,95
PRG0004333,STU00249,MOD00069,CRS009,2026-03-07,2026-06-02,Completed,7.86,21
PRG0004334,STU00249,MOD00070,CRS009,2026-03-07,2026-03-10,Completed,11.24,72
PRG0004335,STU00249,MOD00071,CRS009,2026-04-05,2026-04-03,Not Started,10.91,81
PRG0004336,STU00249,MOD00072,CRS009,2026-03-22,2026-04-25,Completed,8.53,64
PRG0004337,STU00250,MOD00074,CRS010,2025-12-10,2026-02-02,Completed,6.83,32
PRG0004338,STU00250,MOD00075,CRS010,2025-12-19,2025-12-05,In Progress,6.49,54
PRG0004339,STU00250,MOD00079,CRS010,2025-12-03,2025-12-16,Completed,2.06,32
PRG0004340,STU00250,MOD00052,CRS007,2026-03-03,2026-05-09,In Progress,1.04,59
PRG0004341,STU00250,MOD00053,CRS007,2026-04-02,2026-03-09,In Progress,3.25,50
PRG0004342,STU00250,MOD00137,CRS018,2025-11-01,2025-11-18,Not Started,1.27,20
PRG0004343,STU00250,MOD00138,CRS018,2025-10-18,2025-12-09,In Progress,7.14,21
PRG0004344,STU00250,MOD00139,CRS018,2025-11-13,2026-01-08,Completed,1.88,18
PRG0004345,STU00250,MOD00140,CRS018,2025-11-06,2025-10-27,Completed,2.76,90
PRG0004346,STU00250,MOD00141,CRS018,2025-10-17,2025-12-24,In Progress,11.12,29
PRG0004347,STU00250,MOD00142,CRS018,2025-11-05,2026-01-07,In Progress,8.97,43
PRG0004348,STU00250,MOD00143,CRS018,2025-11-14,2025-11-03,In Progress,4.87,7
PRG0004349,STU00250,MOD00144,CRS018,2025-10-21,2025-12-13,In Progress,3.06,87
PRG0004350,STU00251,MOD00033,CRS005,2026-01-04,2025-12-27,In Progress,4.28,56
PRG0004351,STU00251,MOD00034,CRS005,2025-12-11,2026-03-05,In Progress,10.76,55
PRG0004352,STU00251,MOD00035,CRS005,2025-12-09,2026-01-05,In Progress,4.53,66
PRG0004353,STU00251,MOD00036,CRS005,2025-12-08,2026-03-03,Completed,3.57,38
PRG0004354,STU00251,MOD00037,CRS005,2026-01-02,2025-12-08,In Progress,1.19,34
PRG0004355,STU00251,MOD00038,CRS005,2026-01-04,2026-02-13,Completed,7.39,18
PRG0004356,STU00251,MOD00039,CRS005,2025-12-20,2025-12-28,Completed,12.31,70
PRG0004357,STU00251,MOD00040,CRS005,2025-12-20,2026-01-24,In Progress,6.9,16
PRG0004358,STU00251,MOD00049,CRS007,2025-12-27,2026-01-12,Completed,4.67,95
PRG0004359,STU00251,MOD00050,CRS007,2025-12-04,2026-02-21,Completed,7.66,24
PRG0004360,STU00251,MOD00051,CRS007,2025-12-29,2026-01-20,Completed,7.78,75
PRG0004361,STU00251,MOD00052,CRS007,2025-12-21,2026-01-26,In Progress,2.86,14
PRG0004362,STU00251,MOD00053,CRS007,2025-12-18,2025-12-17,Completed,1.51,92
PRG0004363,STU00251,MOD00054,CRS007,2025-12-04,2026-03-01,Completed,3.26,5
PRG0004364,STU00251,MOD00055,CRS007,2025-12-19,2026-02-24,In Progress,2.45,65
PRG0004365,STU00251,MOD00056,CRS007,2025-12-10,2025-12-30,Completed,5.61,73
PRG0004366,STU00251,MOD00105,CRS014,2025-12-18,2025-12-18,Completed,1.05,19
PRG0004367,STU00251,MOD00109,CRS014,2025-12-24,2025-12-22,Completed,5.21,8
PRG0004368,STU00251,MOD00089,CRS012,2026-02-10,2026-04-05,Completed,9.69,13
PRG0004369,STU00251,MOD00090,CRS012,2026-02-27,2026-03-12,Completed,1.94,19
PRG0004370,STU00251,MOD00091,CRS012,2026-02-24,2026-03-22,Completed,2.33,62
PRG0004371,STU00251,MOD00092,CRS012,2026-02-15,2026-02-19,Completed,2.14,3
PRG0004372,STU00251,MOD00093,CRS012,2026-02-18,2026-03-21,Completed,2.79,63
PRG0004373,STU00251,MOD00094,CRS012,2026-02-21,2026-02-11,In Progress,1.86,43
PRG0004374,STU00251,MOD00095,CRS012,2026-02-22,2026-02-13,Completed,3.75,33
PRG0004375,STU00251,MOD00096,CRS012,2026-02-24,2026-03-09,In Progress,3.99,32
PRG0004376,STU00251,MOD00115,CRS015,2025-12-10,2026-02-11,Completed,1.36,58
PRG0004377,STU00251,MOD00116,CRS015,2025-12-10,2026-01-04,Completed,2.49,18
PRG0004378,STU00251,MOD00117,CRS015,2025-12-17,2025-12-27,In Progress,3.75,34
PRG0004379,STU00251,MOD00118,CRS015,2025-12-12,2025-12-19,Completed,7.77,33
PRG0004380,STU00251,MOD00119,CRS015,2025-12-07,2026-01-21,In Progress,8.57,51
PRG0004381,STU00251,MOD00120,CRS015,2025-12-28,2025-12-20,In Progress,3.76,75
PRG0004382,STU00252,MOD00153,CRS020,2026-01-16,2026-02-06,Completed,2.66,28
PRG0004383,STU00252,MOD00154,CRS020,2026-02-05,2026-01-28,In Progress,2.86,32
PRG0004384,STU00252,MOD00155,CRS020,2026-01-15,2026-02-21,Completed,3.77,23
PRG0004385,STU00252,MOD00156,CRS020,2026-01-27,2026-02-15,Completed,2.21,22
PRG0004386,STU00252,MOD00157,CRS020,2026-01-26,2026-02-28,Completed,1.67,33
PRG0004387,STU00252,MOD00158,CRS020,2026-01-08,2026-01-13,Completed,2.54,64
PRG0004388,STU00252,MOD00159,CRS020,2026-01-27,2026-03-24,Completed,7.36,77
PRG0004389,STU00252,MOD00160,CRS020,2026-02-03,2026-03-10,Not Started,1.82,35
PRG0004390,STU00252,MOD00041,CRS006,2026-01-18,2026-01-13,In Progress,5.42,54
PRG0004391,STU00252,MOD00046,CRS006,2026-01-11,2026-01-18,Completed,7.44,9
PRG0004392,STU00252,MOD00033,CRS005,2026-01-14,2026-02-15,In Progress,1.5,44
PRG0004393,STU00252,MOD00035,CRS005,2026-01-16,2026-01-26,In Progress,6.13,25
PRG0004394,STU00252,MOD00036,CRS005,2026-01-15,2026-03-15,Not Started,2.48,75
PRG0004395,STU00252,MOD00040,CRS005,2026-01-15,2026-01-09,Not Started,1.24,75
PRG0004396,STU00253,MOD00035,CRS005,2025-12-26,2026-03-01,Completed,4.93,72
PRG0004397,STU00253,MOD00038,CRS005,2025-12-21,2025-12-26,In Progress,5.04,12
PRG0004398,STU00253,MOD00039,CRS005,2025-12-20,2026-01-15,Completed,5.32,57
PRG0004399,STU00253,MOD00090,CRS012,2026-04-05,2026-06-24,Completed,1.74,5
PRG0004400,STU00253,MOD00093,CRS012,2026-04-14,2026-04-12,In Progress,7.96,30
PRG0004401,STU00253,MOD00094,CRS012,2026-04-14,2026-04-04,In Progress,1.21,13
PRG0004402,STU00253,MOD00096,CRS012,2026-04-27,2026-06-26,In Progress,5.11,14
PRG0004403,STU00253,MOD00066,CRS009,2026-03-12,2026-05-05,Completed,8.37,96
PRG0004404,STU00253,MOD00009,CRS002,2025-11-27,2026-01-27,In Progress,8.73,86
PRG0004405,STU00253,MOD00010,CRS002,2025-11-09,2026-01-13,Completed,1.16,81
PRG0004406,STU00253,MOD00011,CRS002,2025-11-05,2026-01-19,Completed,5.22,40
PRG0004407,STU00253,MOD00012,CRS002,2025-11-20,2026-01-08,In Progress,7.65,31
PRG0004408,STU00253,MOD00013,CRS002,2025-11-09,2025-11-08,In Progress,3.61,18
PRG0004409,STU00253,MOD00014,CRS002,2025-12-02,2026-01-20,Completed,5.02,34
PRG0004410,STU00253,MOD00015,CRS002,2025-11-13,2025-12-30,Not Started,8.66,28
PRG0004411,STU00253,MOD00016,CRS002,2025-11-07,2025-11-06,Not Started,8.87,76
PRG0004412,STU00254,MOD00118,CRS015,2026-01-28,2026-03-16,Completed,6.99,98
PRG0004413,STU00254,MOD00120,CRS015,2026-01-23,2026-04-12,In Progress,4.54,53
PRG0004414,STU00254,MOD00025,CRS004,2026-01-18,2026-04-15,Completed,13.46,74
PRG0004415,STU00254,MOD00026,CRS004,2026-02-07,2026-03-17,In Progress,7.17,28
PRG0004416,STU00254,MOD00027,CRS004,2026-01-26,2026-02-20,Not Started,1.72,13
PRG0004417,STU00254,MOD00028,CRS004,2026-01-24,2026-01-29,Completed,1.45,91
PRG0004418,STU00254,MOD00029,CRS004,2026-02-10,2026-01-29,Completed,2.2,29
PRG0004419,STU00254,MOD00030,CRS004,2026-01-22,2026-04-15,Completed,11.75,77
PRG0004420,STU00254,MOD00031,CRS004,2026-02-04,2026-04-15,Completed,11.5,15
PRG0004421,STU00254,MOD00032,CRS004,2026-01-26,2026-03-24,Completed,4.4,26
PRG0004422,STU00255,MOD00001,CRS001,2026-02-13,2026-04-04,Completed,1.43,69
PRG0004423,STU00255,MOD00002,CRS001,2026-02-17,2026-03-28,Completed,6.39,17
PRG0004424,STU00255,MOD00003,CRS001,2026-02-04,2026-03-06,Completed,2.57,70
PRG0004425,STU00255,MOD00004,CRS001,2026-02-04,2026-02-14,Completed,4.16,36
PRG0004426,STU00255,MOD00005,CRS001,2026-02-08,2026-02-16,Completed,7.8,8
PRG0004427,STU00255,MOD00006,CRS001,2026-02-03,2026-01-30,Completed,3.42,11
PRG0004428,STU00255,MOD00007,CRS001,2026-02-22,2026-03-08,Completed,1.87,42
PRG0004429,STU00255,MOD00008,CRS001,2026-02-15,2026-02-02,Completed,4.67,14
PRG0004430,STU00255,MOD00081,CRS011,2026-02-08,2026-02-05,Not Started,2.34,38
PRG0004431,STU00255,MOD00082,CRS011,2026-02-22,2026-04-21,Completed,1.92,58
PRG0004432,STU00255,MOD00083,CRS011,2026-02-02,2026-03-24,Completed,1.34,22
PRG0004433,STU00255,MOD00084,CRS011,2026-02-23,2026-03-03,Completed,2.35,82
PRG0004434,STU00255,MOD00085,CRS011,2026-02-04,2026-04-21,Completed,2.61,64
PRG0004435,STU00255,MOD00086,CRS011,2026-02-24,2026-04-12,In Progress,3.32,25
PRG0004436,STU00255,MOD00087,CRS011,2026-02-12,2026-02-21,Completed,2.46,83
PRG0004437,STU00255,MOD00088,CRS011,2026-02-24,2026-02-04,In Progress,4.71,80
PRG0004438,STU00255,MOD00049,CRS007,2026-01-29,2026-04-06,Completed,2.96,81
PRG0004439,STU00255,MOD00050,CRS007,2026-02-19,2026-03-14,In Progress,2.96,98
PRG0004440,STU00255,MOD00051,CRS007,2026-02-16,2026-03-21,In Progress,2.78,4
PRG0004441,STU00255,MOD00052,CRS007,2026-02-19,2026-02-17,Completed,4.23,47
PRG0004442,STU00255,MOD00053,CRS007,2026-02-04,2026-04-01,Completed,2.64,81
PRG0004443,STU00255,MOD00054,CRS007,2026-02-14,2026-02-14,In Progress,3.62,54
PRG0004444,STU00255,MOD00055,CRS007,2026-02-01,2026-03-06,Completed,2.44,89
PRG0004445,STU00255,MOD00056,CRS007,2026-02-14,2026-03-06,Completed,3.37,77
PRG0004446,STU00255,MOD00107,CRS014,2026-02-13,2026-02-01,In Progress,1.21,89
PRG0004447,STU00255,MOD00108,CRS014,2026-02-04,2026-04-01,Completed,2.11,81
PRG0004448,STU00255,MOD00033,CRS005,2026-01-26,2026-04-06,In Progress,1.49,62
PRG0004449,STU00255,MOD00036,CRS005,2026-02-19,2026-02-16,In Progress,3.56,4
PRG0004450,STU00255,MOD00037,CRS005,2026-02-25,2026-03-02,Completed,3.94,35
PRG0004451,STU00255,MOD00038,CRS005,2026-02-04,2026-02-24,Not Started,7.22,84
PRG0004452,STU00255,MOD00039,CRS005,2026-02-10,2026-03-23,Completed,2.32,96
PRG0004453,STU00256,MOD00049,CRS007,2025-11-23,2025-11-18,Not Started,4.05,67
PRG0004454,STU00256,MOD00050,CRS007,2025-11-27,2026-01-11,Completed,9.34,91
PRG0004455,STU00256,MOD00051,CRS007,2025-11-14,2026-01-15,In Progress,3.12,95
PRG0004456,STU00256,MOD00052,CRS007,2025-11-26,2026-01-15,Not Started,3.55,62
PRG0004457,STU00256,MOD00053,CRS007,2025-11-12,2025-12-31,Completed,2.25,36
PRG0004458,STU00256,MOD00054,CRS007,2025-11-25,2026-01-22,Completed,1.25,29
PRG0004459,STU00256,MOD00055,CRS007,2025-12-04,2026-01-27,Completed,2.83,72
PRG0004460,STU00256,MOD00056,CRS007,2025-11-24,2026-01-11,In Progress,2.2,35
PRG0004461,STU00256,MOD00129,CRS017,2025-12-15,2025-12-27,Completed,4.22,1
PRG0004462,STU00256,MOD00130,CRS017,2025-12-25,2026-01-25,Completed,5.02,78
PRG0004463,STU00256,MOD00131,CRS017,2025-12-23,2026-01-12,Completed,1.23,64
PRG0004464,STU00256,MOD00132,CRS017,2025-12-28,2026-01-26,In Progress,1.09,55
PRG0004465,STU00256,MOD00133,CRS017,2025-12-10,2026-01-27,Completed,1.84,51
PRG0004466,STU00256,MOD00134,CRS017,2025-12-17,2025-12-20,Not Started,4.38,38
PRG0004467,STU00256,MOD00135,CRS017,2025-12-15,2026-02-01,In Progress,2.98,57
PRG0004468,STU00256,MOD00136,CRS017,2025-12-27,2026-01-21,In Progress,6.9,13
PRG0004469,STU00256,MOD00009,CRS002,2025-11-16,2025-12-13,Not Started,4.94,0
PRG0004470,STU00256,MOD00011,CRS002,2025-12-10,2025-11-26,In Progress,1.15,9
PRG0004471,STU00256,MOD00012,CRS002,2025-11-11,2026-01-22,Completed,1.88,57
PRG0004472,STU00257,MOD00145,CRS019,2025-11-15,2026-01-01,Completed,1.14,82
PRG0004473,STU00257,MOD00146,CRS019,2025-11-03,2026-01-09,In Progress,3.76,79
PRG0004474,STU00257,MOD00147,CRS019,2025-10-28,2025-11-25,Completed,7.5,96
PRG0004475,STU00257,MOD00148,CRS019,2025-11-24,2025-12-15,Completed,8.67,100
PRG0004476,STU00257,MOD00149,CRS019,2025-11-18,2025-11-01,Completed,3.95,71
PRG0004477,STU00257,MOD00150,CRS019,2025-11-21,2025-12-30,Completed,5.92,73
PRG0004478,STU00257,MOD00151,CRS019,2025-10-30,2026-01-25,In Progress,8.37,55
PRG0004479,STU00257,MOD00152,CRS019,2025-10-31,2025-11-04,Completed,3.4,95
PRG0004480,STU00257,MOD00073,CRS010,2025-11-18,2026-01-11,In Progress,7.52,78
PRG0004481,STU00257,MOD00075,CRS010,2025-11-11,2025-12-21,Not Started,8.79,88
PRG0004482,STU00257,MOD00097,CRS013,2025-10-14,2025-09-27,In Progress,1.02,36
PRG0004483,STU00257,MOD00099,CRS013,2025-10-11,2025-11-08,Not Started,1.68,2
PRG0004484,STU00257,MOD00100,CRS013,2025-10-17,2025-11-11,Completed,1.12,99
PRG0004485,STU00257,MOD00104,CRS013,2025-09-29,2025-11-05,In Progress,4.76,95
PRG0004486,STU00258,MOD00001,CRS001,2025-12-22,2026-01-10,Completed,3.07,79
PRG0004487,STU00258,MOD00002,CRS001,2025-12-14,2026-01-23,Completed,7.88,72
PRG0004488,STU00258,MOD00003,CRS001,2025-12-04,2026-02-23,Completed,2.99,73
PRG0004489,STU00258,MOD00004,CRS001,2025-12-10,2026-02-21,Completed,5.56,47
PRG0004490,STU00258,MOD00005,CRS001,2025-11-29,2025-12-01,In Progress,7.91,29
PRG0004491,STU00258,MOD00006,CRS001,2025-11-30,2026-01-26,In Progress,1.03,23
PRG0004492,STU00258,MOD00007,CRS001,2025-12-13,2026-02-17,Completed,4.63,38
PRG0004493,STU00258,MOD00008,CRS001,2025-12-05,2026-02-07,In Progress,12.6,99
PRG0004494,STU00258,MOD00081,CRS011,2026-03-17,2026-04-09,In Progress,1.44,30
PRG0004495,STU00258,MOD00082,CRS011,2026-03-28,2026-03-30,Not Started,7.54,40
PRG0004496,STU00258,MOD00084,CRS011,2026-04-04,2026-03-29,Completed,3.61,36
PRG0004497,STU00258,MOD00085,CRS011,2026-03-15,2026-04-05,In Progress,5.37,66
PRG0004498,STU00258,MOD00087,CRS011,2026-04-06,2026-05-30,Completed,2.76,84
PRG0004499,STU00258,MOD00088,CRS011,2026-03-19,2026-06-10,Completed,2.3,7
PRG0004500,STU00258,MOD00137,CRS018,2025-07-26,2025-09-29,Completed,1.08,98
PRG0004501,STU00258,MOD00138,CRS018,2025-07-16,2025-08-07,Completed,5.11,15
PRG0004502,STU00258,MOD00139,CRS018,2025-07-14,2025-09-15,Completed,8.61,89
PRG0004503,STU00258,MOD00140,CRS018,2025-07-29,2025-08-31,In Progress,5.69,44
PRG0004504,STU00258,MOD00141,CRS018,2025-07-17,2025-09-22,In Progress,6.94,33
PRG0004505,STU00258,MOD00142,CRS018,2025-07-20,2025-07-12,Completed,6.24,4
PRG0004506,STU00258,MOD00143,CRS018,2025-07-20,2025-09-20,Not Started,1.93,7
PRG0004507,STU00258,MOD00144,CRS018,2025-07-22,2025-08-09,Completed,1.13,73
PRG0004508,STU00259,MOD00105,CRS014,2026-02-02,2026-01-05,Completed,5.21,6
PRG0004509,STU00259,MOD00106,CRS014,2026-02-02,2026-04-02,In Progress,3.53,94
PRG0004510,STU00259,MOD00107,CRS014,2026-01-30,2026-04-01,In Progress,8.75,95
PRG0004511,STU00259,MOD00108,CRS014,2026-01-16,2026-03-09,Completed,2.32,26
PRG0004512,STU00259,MOD00109,CRS014,2026-01-10,2026-02-20,Completed,10.3,18
PRG0004513,STU00259,MOD00110,CRS014,2026-01-29,2026-02-23,Completed,2.0,98
PRG0004514,STU00259,MOD00111,CRS014,2026-01-26,2026-03-03,In Progress,3.64,65
PRG0004515,STU00259,MOD00112,CRS014,2026-01-24,2026-02-21,In Progress,3.42,66
PRG0004516,STU00259,MOD00089,CRS012,2026-02-11,2026-04-08,Completed,4.68,75
PRG0004517,STU00259,MOD00090,CRS012,2026-02-06,2026-02-18,Completed,2.25,98
PRG0004518,STU00259,MOD00092,CRS012,2026-02-07,2026-02-10,Completed,4.81,47
PRG0004519,STU00259,MOD00093,CRS012,2026-02-02,2026-03-09,Completed,6.02,38
PRG0004520,STU00259,MOD00094,CRS012,2026-02-27,2026-03-31,Completed,1.95,63
PRG0004521,STU00259,MOD00096,CRS012,2026-02-11,2026-03-19,Not Started,2.01,69
PRG0004522,STU00260,MOD00065,CRS009,2025-09-23,2025-11-22,In Progress,3.65,62
PRG0004523,STU00260,MOD00066,CRS009,2025-09-30,2025-10-23,Completed,9.03,92
PRG0004524,STU00260,MOD00067,CRS009,2025-09-27,2025-09-06,Completed,3.0,94
PRG0004525,STU00260,MOD00068,CRS009,2025-10-04,2025-11-26,Completed,1.98,38
PRG0004526,STU00260,MOD00069,CRS009,2025-09-13,2025-12-04,Not Started,7.4,13
PRG0004527,STU00260,MOD00070,CRS009,2025-10-04,2025-12-02,Completed,6.95,7
PRG0004528,STU00260,MOD00071,CRS009,2025-09-08,2025-11-24,Not Started,12.5,34
PRG0004529,STU00260,MOD00072,CRS009,2025-09-15,2025-10-29,Not Started,7.42,89
PRG0004530,STU00260,MOD00009,CRS002,2026-02-21,2026-02-22,In Progress,6.6,98
PRG0004531,STU00260,MOD00010,CRS002,2026-02-07,2026-03-23,In Progress,1.32,71
PRG0004532,STU00260,MOD00011,CRS002,2026-02-11,2026-03-06,Not Started,2.69,57
PRG0004533,STU00260,MOD00012,CRS002,2026-02-20,2026-04-16,Completed,8.49,43
PRG0004534,STU00260,MOD00013,CRS002,2026-02-19,2026-04-09,Not Started,1.18,87
PRG0004535,STU00260,MOD00014,CRS002,2026-02-12,2026-04-06,Completed,2.97,33
PRG0004536,STU00260,MOD00015,CRS002,2026-03-05,2026-02-15,Not Started,2.35,92
PRG0004537,STU00260,MOD00016,CRS002,2026-03-05,2026-03-29,Completed,8.15,83
PRG0004538,STU00260,MOD00121,CRS016,2026-03-04,2026-04-02,Completed,10.96,96
PRG0004539,STU00260,MOD00122,CRS016,2026-03-21,2026-04-02,In Progress,1.79,84
PRG0004540,STU00260,MOD00123,CRS016,2026-02-28,2026-05-07,In Progress,2.48,82
PRG0004541,STU00260,MOD00124,CRS016,2026-03-07,2026-04-08,Completed,4.58,80
PRG0004542,STU00260,MOD00125,CRS016,2026-03-27,2026-03-02,Completed,4.33,20
PRG0004543,STU00260,MOD00126,CRS016,2026-03-14,2026-03-12,Completed,7.96,2
PRG0004544,STU00260,MOD00127,CRS016,2026-03-03,2026-05-09,In Progress,3.0,40
PRG0004545,STU00260,MOD00128,CRS016,2026-02-25,2026-03-02,In Progress,10.74,40
PRG0004546,STU00260,MOD00154,CRS020,2026-02-10,2026-02-04,Completed,14.02,18
PRG0004547,STU00260,MOD00155,CRS020,2026-02-06,2026-03-28,Completed,1.25,22
PRG0004548,STU00260,MOD00156,CRS020,2026-02-06,2026-03-18,Completed,8.77,88
PRG0004549,STU00260,MOD00158,CRS020,2026-02-10,2026-01-17,Completed,5.88,98
PRG0004550,STU00260,MOD00160,CRS020,2026-01-29,2026-03-20,Completed,1.54,24
PRG0004551,STU00261,MOD00090,CRS012,2026-02-01,2026-01-31,Not Started,3.81,95
PRG0004552,STU00261,MOD00049,CRS007,2025-08-27,2025-10-13,Completed,4.23,25
PRG0004553,STU00261,MOD00051,CRS007,2025-08-28,2025-09-19,In Progress,1.63,38
PRG0004554,STU00261,MOD00052,CRS007,2025-08-02,2025-09-17,Not Started,1.75,47
PRG0004555,STU00261,MOD00055,CRS007,2025-08-09,2025-10-09,Not Started,2.23,4
PRG0004556,STU00261,MOD00001,CRS001,2025-08-27,2025-08-29,In Progress,7.87,7
PRG0004557,STU00261,MOD00002,CRS001,2025-09-08,2025-10-29,Completed,4.68,78
PRG0004558,STU00261,MOD00003,CRS001,2025-08-23,2025-10-27,Not Started,1.03,78
PRG0004559,STU00261,MOD00004,CRS001,2025-09-03,2025-09-13,Not Started,3.38,18
PRG0004560,STU00261,MOD00005,CRS001,2025-09-09,2025-08-21,In Progress,3.46,53
PRG0004561,STU00261,MOD00006,CRS001,2025-08-12,2025-09-26,Completed,1.07,79
PRG0004562,STU00261,MOD00007,CRS001,2025-08-19,2025-09-17,Completed,3.15,90
PRG0004563,STU00261,MOD00008,CRS001,2025-08-13,2025-09-26,Completed,8.77,91
PRG0004564,STU00262,MOD00049,CRS007,2026-04-06,2026-03-24,Completed,5.8,93
PRG0004565,STU00262,MOD00050,CRS007,2026-03-15,2026-03-24,In Progress,3.69,78
PRG0004566,STU00262,MOD00051,CRS007,2026-04-08,2026-04-30,In Progress,1.93,12
PRG0004567,STU00262,MOD00052,CRS007,2026-03-15,2026-06-08,Completed,1.44,48
PRG0004568,STU00262,MOD00053,CRS007,2026-03-28,2026-05-30,Not Started,4.43,75
PRG0004569,STU00262,MOD00054,CRS007,2026-04-07,2026-05-29,Not Started,4.89,0
PRG0004570,STU00262,MOD00055,CRS007,2026-04-05,2026-04-03,Completed,1.33,78
PRG0004571,STU00262,MOD00056,CRS007,2026-04-01,2026-04-01,In Progress,5.07,46
PRG0004572,STU00262,MOD00097,CRS013,2026-01-19,2026-01-23,Completed,5.39,21
PRG0004573,STU00262,MOD00098,CRS013,2026-01-12,2026-02-03,Not Started,6.48,46
PRG0004574,STU00262,MOD00099,CRS013,2026-01-05,2026-01-06,Completed,1.63,96
PRG0004575,STU00262,MOD00100,CRS013,2026-01-22,2026-01-17,Completed,1.54,97
PRG0004576,STU00262,MOD00101,CRS013,2026-01-21,2026-02-21,Not Started,3.46,82
PRG0004577,STU00262,MOD00102,CRS013,2025-12-31,2026-02-05,Completed,2.22,51
PRG0004578,STU00262,MOD00103,CRS013,2026-01-10,2026-02-19,Completed,5.14,77
PRG0004579,STU00262,MOD00104,CRS013,2026-01-14,2026-02-05,Completed,3.67,53
PRG0004580,STU00262,MOD00073,CRS010,2026-02-25,2026-02-28,Completed,9.15,38
PRG0004581,STU00262,MOD00074,CRS010,2026-03-01,2026-03-17,Completed,5.18,78
PRG0004582,STU00262,MOD00078,CRS010,2026-03-06,2026-02-22,Not Started,2.3,100
PRG0004583,STU00262,MOD00057,CRS008,2026-02-01,2026-03-10,In Progress,3.49,76
PRG0004584,STU00262,MOD00058,CRS008,2026-01-18,2026-02-12,In Progress,3.49,87
PRG0004585,STU00262,MOD00059,CRS008,2026-01-28,2026-02-23,Completed,5.31,72
PRG0004586,STU00262,MOD00060,CRS008,2026-01-24,2026-02-05,Completed,13.3,69
PRG0004587,STU00262,MOD00061,CRS008,2026-02-03,2026-03-06,Completed,13.09,44
PRG0004588,STU00262,MOD00062,CRS008,2026-01-21,2026-04-06,Completed,1.49,61
PRG0004589,STU00262,MOD00063,CRS008,2026-02-07,2026-02-12,Completed,8.76,11
PRG0004590,STU00262,MOD00064,CRS008,2026-01-30,2026-02-19,In Progress,2.73,33
PRG0004591,STU00263,MOD00154,CRS020,2025-09-19,2025-10-14,Completed,11.87,19
PRG0004592,STU00263,MOD00155,CRS020,2025-09-30,2025-10-19,Not Started,1.99,96
PRG0004593,STU00263,MOD00156,CRS020,2025-09-26,2025-11-14,Completed,6.37,68
PRG0004594,STU00263,MOD00157,CRS020,2025-09-09,2025-11-14,Completed,3.72,79
PRG0004595,STU00263,MOD00158,CRS020,2025-09-30,2025-10-02,In Progress,5.9,24
PRG0004596,STU00263,MOD00160,CRS020,2025-09-11,2025-10-21,In Progress,4.33,37
PRG0004597,STU00264,MOD00089,CRS012,2025-06-12,2025-07-02,Not Started,3.69,70
PRG0004598,STU00264,MOD00092,CRS012,2025-06-18,2025-06-30,Completed,10.48,27
PRG0004599,STU00264,MOD00004,CRS001,2025-11-10,2026-01-30,Completed,6.31,24
PRG0004600,STU00264,MOD00005,CRS001,2025-11-30,2025-11-29,In Progress,4.88,91
PRG0004601,STU00264,MOD00153,CRS020,2026-02-07,2026-03-14,Completed,9.61,50
PRG0004602,STU00264,MOD00155,CRS020,2026-02-10,2026-02-01,In Progress,3.42,31
PRG0004603,STU00264,MOD00158,CRS020,2026-01-23,2026-01-30,Completed,5.54,77
PRG0004604,STU00264,MOD00160,CRS020,2026-01-19,2026-04-05,Completed,3.83,65
PRG0004605,STU00264,MOD00009,CRS002,2026-03-13,2026-03-20,Completed,10.12,18
PRG0004606,STU00264,MOD00010,CRS002,2026-03-06,2026-05-11,Completed,4.27,25
PRG0004607,STU00264,MOD00011,CRS002,2026-03-13,2026-02-25,Completed,5.47,47
PRG0004608,STU00264,MOD00012,CRS002,2026-03-16,2026-04-17,Completed,2.42,34
PRG0004609,STU00264,MOD00013,CRS002,2026-03-10,2026-05-13,In Progress,5.12,55
PRG0004610,STU00264,MOD00014,CRS002,2026-03-07,2026-04-12,In Progress,7.2,45
PRG0004611,STU00264,MOD00015,CRS002,2026-02-18,2026-04-08,Completed,4.46,75
PRG0004612,STU00264,MOD00016,CRS002,2026-03-12,2026-03-21,Completed,9.75,85
PRG0004613,STU00264,MOD00105,CRS014,2025-08-12,2025-08-19,Not Started,10.36,57
PRG0004614,STU00264,MOD00106,CRS014,2025-08-03,2025-07-30,Completed,1.7,95
PRG0004615,STU00264,MOD00107,CRS014,2025-08-07,2025-07-25,Completed,6.66,80
PRG0004616,STU00264,MOD00108,CRS014,2025-08-01,2025-09-14,Completed,1.57,54
PRG0004617,STU00264,MOD00109,CRS014,2025-08-08,2025-09-07,In Progress,8.4,10
PRG0004618,STU00264,MOD00110,CRS014,2025-07-21,2025-09-19,Completed,2.96,38
PRG0004619,STU00264,MOD00111,CRS014,2025-07-30,2025-08-01,Not Started,3.73,81
PRG0004620,STU00264,MOD00112,CRS014,2025-07-25,2025-09-06,In Progress,1.13,95
PRG0004621,STU00265,MOD00089,CRS012,2026-03-14,2026-04-20,Completed,10.29,15
PRG0004622,STU00265,MOD00090,CRS012,2026-03-13,2026-05-21,In Progress,2.52,7
PRG0004623,STU00265,MOD00091,CRS012,2026-03-29,2026-05-31,In Progress,9.63,56
PRG0004624,STU00265,MOD00092,CRS012,2026-03-16,2026-05-15,Completed,14.7,73
PRG0004625,STU00265,MOD00093,CRS012,2026-03-15,2026-05-27,Not Started,6.71,44
PRG0004626,STU00265,MOD00094,CRS012,2026-03-09,2026-05-25,In Progress,1.31,50
PRG0004627,STU00265,MOD00095,CRS012,2026-03-19,2026-03-13,Completed,2.05,99
PRG0004628,STU00265,MOD00096,CRS012,2026-03-31,2026-05-11,Completed,9.95,34
PRG0004629,STU00265,MOD00009,CRS002,2026-03-17,2026-02-28,Completed,2.95,63
PRG0004630,STU00265,MOD00010,CRS002,2026-03-02,2026-03-27,In Progress,7.7,25
PRG0004631,STU00265,MOD00011,CRS002,2026-03-07,2026-04-25,Not Started,1.46,41
PRG0004632,STU00265,MOD00012,CRS002,2026-02-24,2026-02-20,Completed,6.63,25
PRG0004633,STU00265,MOD00013,CRS002,2026-03-17,2026-02-27,In Progress,3.45,82
PRG0004634,STU00265,MOD00014,CRS002,2026-03-12,2026-03-23,In Progress,1.38,23
PRG0004635,STU00265,MOD00015,CRS002,2026-03-03,2026-04-21,In Progress,7.58,56
PRG0004636,STU00265,MOD00016,CRS002,2026-02-23,2026-03-17,Completed,3.23,67
PRG0004637,STU00265,MOD00073,CRS010,2026-02-10,2026-03-08,Completed,11.72,96
PRG0004638,STU00265,MOD00076,CRS010,2026-03-05,2026-03-12,Not Started,1.94,16
PRG0004639,STU00265,MOD00077,CRS010,2026-03-04,2026-04-05,Completed,1.94,59
PRG0004640,STU00265,MOD00079,CRS010,2026-03-06,2026-04-25,Completed,3.32,94
PRG0004641,STU00265,MOD00049,CRS007,2025-06-20,2025-07-17,Completed,2.81,80
PRG0004642,STU00265,MOD00051,CRS007,2025-06-16,2025-07-04,In Progress,7.74,76
PRG0004643,STU00265,MOD00052,CRS007,2025-06-10,2025-06-16,In Progress,2.3,46
PRG0004644,STU00265,MOD00056,CRS007,2025-07-03,2025-07-26,Completed,1.8,23
PRG0004645,STU00266,MOD00041,CRS006,2025-04-27,2025-04-16,Completed,3.1,16
PRG0004646,STU00266,MOD00042,CRS006,2025-04-14,2025-05-02,Completed,8.67,48
PRG0004647,STU00266,MOD00043,CRS006,2025-04-26,2025-05-10,Completed,1.27,41
PRG0004648,STU00266,MOD00044,CRS006,2025-04-12,2025-04-29,In Progress,1.84,35
PRG0004649,STU00266,MOD00046,CRS006,2025-05-05,2025-06-04,Completed,1.27,22
PRG0004650,STU00266,MOD00047,CRS006,2025-04-14,2025-06-25,In Progress,8.83,87
PRG0004651,STU00266,MOD00018,CRS003,2025-12-18,2025-12-10,In Progress,3.79,11
PRG0004652,STU00266,MOD00023,CRS003,2025-12-17,2026-02-07,Completed,6.11,78
PRG0004653,STU00266,MOD00024,CRS003,2026-01-03,2026-02-03,Completed,1.45,87
PRG0004654,STU00267,MOD00010,CRS002,2025-10-19,2025-11-14,Completed,6.08,43
PRG0004655,STU00267,MOD00060,CRS008,2025-11-23,2026-01-03,In Progress,8.58,89
PRG0004656,STU00267,MOD00062,CRS008,2025-11-29,2026-02-09,In Progress,2.04,66
PRG0004657,STU00267,MOD00064,CRS008,2025-12-13,2026-01-17,Completed,12.84,88
PRG0004658,STU00268,MOD00105,CRS014,2026-03-19,2026-03-22,Completed,2.56,17
PRG0004659,STU00268,MOD00106,CRS014,2026-03-31,2026-03-18,Completed,2.17,54
PRG0004660,STU00268,MOD00107,CRS014,2026-03-16,2026-04-03,Completed,3.64,42
PRG0004661,STU00268,MOD00108,CRS014,2026-03-31,2026-05-11,Completed,2.45,10
PRG0004662,STU00268,MOD00109,CRS014,2026-03-15,2026-04-30,Completed,5.09,99
PRG0004663,STU00268,MOD00110,CRS014,2026-03-25,2026-03-16,In Progress,1.78,93
PRG0004664,STU00268,MOD00111,CRS014,2026-03-10,2026-04-13,Not Started,8.78,0
PRG0004665,STU00268,MOD00112,CRS014,2026-03-20,2026-04-15,Completed,5.71,22
PRG0004666,STU00268,MOD00082,CRS011,2025-09-10,2025-10-22,In Progress,12.15,15
PRG0004667,STU00268,MOD00083,CRS011,2025-08-31,2025-10-02,Not Started,1.51,94
PRG0004668,STU00268,MOD00086,CRS011,2025-09-11,2025-10-28,In Progress,1.21,35
PRG0004669,STU00268,MOD00088,CRS011,2025-09-09,2025-11-06,Completed,4.22,67
PRG0004670,STU00269,MOD00081,CRS011,2026-05-09,2026-04-22,In Progress,1.41,20
PRG0004671,STU00269,MOD00082,CRS011,2026-05-01,2026-06-19,Completed,1.15,45
PRG0004672,STU00269,MOD00083,CRS011,2026-05-09,2026-05-31,Completed,1.19,24
PRG0004673,STU00269,MOD00084,CRS011,2026-04-13,2026-05-28,Completed,3.08,42
PRG0004674,STU00269,MOD00085,CRS011,2026-05-01,2026-06-11,Completed,1.98,47
PRG0004675,STU00269,MOD00086,CRS011,2026-04-20,2026-06-02,Completed,1.9,35
PRG0004676,STU00269,MOD00087,CRS011,2026-05-01,2026-06-16,Completed,2.9,49
PRG0004677,STU00269,MOD00088,CRS011,2026-04-17,2026-04-14,Not Started,5.93,94
PRG0004678,STU00269,MOD00105,CRS014,2025-06-07,2025-07-02,Completed,13.17,19
PRG0004679,STU00269,MOD00106,CRS014,2025-06-12,2025-06-22,In Progress,2.03,37
PRG0004680,STU00269,MOD00107,CRS014,2025-06-12,2025-06-22,Completed,3.79,10
PRG0004681,STU00269,MOD00108,CRS014,2025-06-16,2025-07-31,Completed,2.77,60
PRG0004682,STU00269,MOD00109,CRS014,2025-06-04,2025-06-25,Completed,10.85,19
PRG0004683,STU00269,MOD00110,CRS014,2025-06-09,2025-07-04,Completed,2.59,84
PRG0004684,STU00269,MOD00111,CRS014,2025-05-22,2025-06-24,Completed,5.34,85
PRG0004685,STU00269,MOD00112,CRS014,2025-06-11,2025-07-30,In Progress,4.34,36
PRG0004686,STU00269,MOD00073,CRS010,2026-04-04,2026-06-17,Completed,5.08,61
PRG0004687,STU00269,MOD00074,CRS010,2026-04-02,2026-05-03,Completed,1.28,67
PRG0004688,STU00269,MOD00075,CRS010,2026-04-02,2026-05-30,Completed,9.44,37
PRG0004689,STU00269,MOD00076,CRS010,2026-04-10,2026-04-19,Completed,2.39,25
PRG0004690,STU00269,MOD00077,CRS010,2026-04-28,2026-05-15,Completed,4.81,20
PRG0004691,STU00269,MOD00078,CRS010,2026-04-30,2026-06-15,In Progress,2.3,51
PRG0004692,STU00269,MOD00079,CRS010,2026-04-12,2026-05-14,Completed,1.27,3
PRG0004693,STU00270,MOD00073,CRS010,2025-12-22,2026-01-20,Completed,6.45,18
PRG0004694,STU00270,MOD00074,CRS010,2026-01-02,2026-01-19,Completed,3.47,32
PRG0004695,STU00270,MOD00075,CRS010,2025-12-21,2026-01-05,Completed,4.92,94
PRG0004696,STU00270,MOD00077,CRS010,2026-01-02,2026-03-16,In Progress,5.29,92
PRG0004697,STU00270,MOD00079,CRS010,2026-01-07,2026-01-12,In Progress,2.81,80
PRG0004698,STU00270,MOD00080,CRS010,2026-01-16,2026-01-04,In Progress,2.34,77
PRG0004699,STU00270,MOD00035,CRS005,2025-12-20,2026-02-18,In Progress,7.41,9
PRG0004700,STU00270,MOD00037,CRS005,2025-12-24,2026-02-08,Completed,4.28,30
PRG0004701,STU00270,MOD00081,CRS011,2026-01-14,2026-02-06,In Progress,1.35,44
PRG0004702,STU00270,MOD00082,CRS011,2026-01-09,2026-02-12,Completed,5.38,94
PRG0004703,STU00270,MOD00083,CRS011,2026-01-01,2026-01-15,Completed,1.51,54
PRG0004704,STU00270,MOD00084,CRS011,2026-01-11,2025-12-22,In Progress,2.86,94
PRG0004705,STU00270,MOD00085,CRS011,2025-12-28,2026-02-07,In Progress,3.82,81
PRG0004706,STU00270,MOD00086,CRS011,2025-12-25,2025-12-30,Completed,3.05,19
PRG0004707,STU00270,MOD00087,CRS011,2026-01-04,2026-02-04,In Progress,2.3,5
PRG0004708,STU00270,MOD00088,CRS011,2025-12-22,2025-12-30,Completed,5.24,27
PRG0004709,STU00271,MOD00057,CRS008,2026-03-20,2026-03-24,Completed,9.26,73
PRG0004710,STU00271,MOD00058,CRS008,2026-03-18,2026-04-27,Completed,1.89,1
PRG0004711,STU00271,MOD00059,CRS008,2026-04-01,2026-04-14,Completed,4.66,76
PRG0004712,STU00271,MOD00060,CRS008,2026-04-01,2026-06-03,Completed,12.47,94
PRG0004713,STU00271,MOD00061,CRS008,2026-04-09,2026-05-28,In Progress,10.67,77
PRG0004714,STU00271,MOD00062,CRS008,2026-03-16,2026-06-07,Completed,5.51,20
PRG0004715,STU00271,MOD00063,CRS008,2026-03-11,2026-05-31,Completed,2.85,77
PRG0004716,STU00271,MOD00064,CRS008,2026-03-22,2026-04-11,In Progress,8.96,14
PRG0004717,STU00271,MOD00033,CRS005,2026-04-04,2026-05-31,Completed,3.58,9
PRG0004718,STU00271,MOD00034,CRS005,2026-04-07,2026-05-05,Completed,9.39,27
PRG0004719,STU00271,MOD00035,CRS005,2026-03-17,2026-05-31,Not Started,5.85,18
PRG0004720,STU00271,MOD00036,CRS005,2026-04-01,2026-05-12,Not Started,4.29,40
PRG0004721,STU00271,MOD00037,CRS005,2026-03-15,2026-04-29,In Progress,2.72,46
PRG0004722,STU00271,MOD00038,CRS005,2026-03-14,2026-04-05,Completed,6.92,83
PRG0004723,STU00271,MOD00039,CRS005,2026-03-16,2026-05-18,Completed,8.41,100
PRG0004724,STU00271,MOD00040,CRS005,2026-03-29,2026-05-26,Completed,4.12,66
PRG0004725,STU00271,MOD00017,CRS003,2026-03-17,2026-05-21,Completed,8.82,50
PRG0004726,STU00271,MOD00018,CRS003,2026-03-26,2026-04-10,Completed,5.39,84
PRG0004727,STU00271,MOD00019,CRS003,2026-03-29,2026-03-17,Completed,1.29,29
PRG0004728,STU00271,MOD00020,CRS003,2026-04-08,2026-04-25,Completed,1.76,27
PRG0004729,STU00271,MOD00021,CRS003,2026-03-25,2026-04-06,Not Started,13.55,71
PRG0004730,STU00271,MOD00022,CRS003,2026-04-06,2026-03-30,Completed,9.11,80
PRG0004731,STU00271,MOD00023,CRS003,2026-04-06,2026-05-19,In Progress,3.19,72
PRG0004732,STU00271,MOD00085,CRS011,2026-03-31,2026-04-03,In Progress,3.18,58
PRG0004733,STU00272,MOD00034,CRS005,2026-02-22,2026-03-30,In Progress,10.29,2
PRG0004734,STU00272,MOD00035,CRS005,2026-02-02,2026-02-03,In Progress,2.55,3
PRG0004735,STU00272,MOD00036,CRS005,2026-02-09,2026-02-08,In Progress,4.05,87
PRG0004736,STU00272,MOD00037,CRS005,2026-02-25,2026-04-21,Completed,4.29,39
PRG0004737,STU00272,MOD00137,CRS018,2026-02-22,2026-04-14,In Progress,2.24,81
PRG0004738,STU00272,MOD00138,CRS018,2026-02-19,2026-04-23,Completed,1.63,80
PRG0004739,STU00272,MOD00139,CRS018,2026-02-03,2026-02-28,Completed,3.28,40
PRG0004740,STU00272,MOD00140,CRS018,2026-02-20,2026-04-22,Completed,4.31,100
PRG0004741,STU00272,MOD00141,CRS018,2026-02-06,2026-01-28,Completed,7.49,46
PRG0004742,STU00272,MOD00142,CRS018,2026-02-01,2026-03-07,Completed,4.68,38
PRG0004743,STU00272,MOD00143,CRS018,2026-01-29,2026-03-06,Not Started,4.53,94
PRG0004744,STU00272,MOD00144,CRS018,2026-02-19,2026-04-08,Completed,3.51,1
PRG0004745,STU00272,MOD00081,CRS011,2026-02-21,2026-04-13,In Progress,2.8,15
PRG0004746,STU00272,MOD00082,CRS011,2026-02-15,2026-04-12,Completed,1.66,92
PRG0004747,STU00272,MOD00083,CRS011,2026-01-31,2026-03-28,In Progress,2.67,18
PRG0004748,STU00272,MOD00084,CRS011,2026-02-19,2026-02-27,In Progress,4.34,94
PRG0004749,STU00272,MOD00085,CRS011,2026-02-06,2026-03-25,Completed,7.47,36
PRG0004750,STU00272,MOD00086,CRS011,2026-02-20,2026-04-13,In Progress,3.92,40
PRG0004751,STU00272,MOD00087,CRS011,2026-02-19,2026-02-23,Completed,2.0,84
PRG0004752,STU00272,MOD00088,CRS011,2026-01-30,2026-04-21,Not Started,5.32,51
PRG0004753,STU00272,MOD00105,CRS014,2026-02-11,2026-02-04,Completed,8.13,6
PRG0004754,STU00272,MOD00106,CRS014,2026-02-08,2026-02-01,In Progress,1.84,45
PRG0004755,STU00272,MOD00107,CRS014,2026-02-06,2026-02-19,Completed,4.76,7
PRG0004756,STU00272,MOD00108,CRS014,2026-02-15,2026-02-11,Completed,2.03,33
PRG0004757,STU00272,MOD00109,CRS014,2026-02-24,2026-02-17,Completed,8.93,7
PRG0004758,STU00272,MOD00110,CRS014,2026-01-28,2026-02-18,Completed,2.24,49
PRG0004759,STU00272,MOD00111,CRS014,2026-02-14,2026-02-26,Completed,2.66,16
PRG0004760,STU00272,MOD00112,CRS014,2026-02-21,2026-04-21,In Progress,3.33,38
PRG0004761,STU00273,MOD00028,CRS004,2025-05-22,2025-06-16,Completed,2.68,85
PRG0004762,STU00273,MOD00031,CRS004,2025-05-31,2025-06-21,Completed,7.63,95
PRG0004763,STU00273,MOD00137,CRS018,2026-01-19,2026-02-14,In Progress,2.84,0
PRG0004764,STU00273,MOD00138,CRS018,2026-01-25,2026-02-19,Completed,6.7,18
PRG0004765,STU00273,MOD00139,CRS018,2026-01-25,2026-02-11,Completed,6.6,82
PRG0004766,STU00273,MOD00140,CRS018,2026-01-30,2026-02-27,Completed,1.75,51
PRG0004767,STU00273,MOD00141,CRS018,2026-01-23,2026-03-19,Completed,1.96,29
PRG0004768,STU00273,MOD00142,CRS018,2026-01-12,2026-01-15,In Progress,8.83,95
PRG0004769,STU00273,MOD00143,CRS018,2026-01-29,2026-01-29,Completed,2.7,70
PRG0004770,STU00273,MOD00144,CRS018,2026-01-29,2026-02-02,Completed,1.31,70
PRG0004771,STU00274,MOD00001,CRS001,2025-05-09,2025-05-20,Completed,7.44,38
PRG0004772,STU00274,MOD00002,CRS001,2025-05-19,2025-07-24,Completed,9.95,80
PRG0004773,STU00274,MOD00003,CRS001,2025-05-09,2025-07-07,Not Started,1.86,56
PRG0004774,STU00274,MOD00004,CRS001,2025-05-04,2025-04-30,Completed,3.06,86
PRG0004775,STU00274,MOD00005,CRS001,2025-05-18,2025-06-28,Not Started,5.13,32
PRG0004776,STU00274,MOD00006,CRS001,2025-05-01,2025-06-03,Completed,2.52,38
PRG0004777,STU00274,MOD00007,CRS001,2025-05-25,2025-06-15,Completed,4.69,18
PRG0004778,STU00274,MOD00008,CRS001,2025-05-22,2025-07-16,Completed,10.91,80
PRG0004779,STU00275,MOD00025,CRS004,2026-02-26,2026-02-25,Completed,11.21,54
PRG0004780,STU00275,MOD00026,CRS004,2026-02-18,2026-05-02,Completed,5.4,77
PRG0004781,STU00275,MOD00028,CRS004,2026-02-18,2026-03-01,Completed,1.94,23
PRG0004782,STU00275,MOD00030,CRS004,2026-02-17,2026-04-14,In Progress,11.72,51
PRG0004783,STU00275,MOD00031,CRS004,2026-02-20,2026-04-16,Completed,7.41,3
PRG0004784,STU00275,MOD00017,CRS003,2026-02-07,2026-03-22,Completed,5.23,87
PRG0004785,STU00275,MOD00018,CRS003,2026-02-05,2026-04-26,Completed,10.23,46
PRG0004786,STU00275,MOD00019,CRS003,2026-02-10,2026-03-13,Completed,5.21,87
PRG0004787,STU00275,MOD00020,CRS003,2026-03-02,2026-03-10,In Progress,3.03,93
PRG0004788,STU00275,MOD00021,CRS003,2026-02-05,2026-04-18,Completed,7.62,77
PRG0004789,STU00275,MOD00022,CRS003,2026-03-02,2026-02-15,Completed,10.15,22
PRG0004790,STU00275,MOD00023,CRS003,2026-02-13,2026-02-19,Completed,4.34,50
PRG0004791,STU00275,MOD00024,CRS003,2026-02-23,2026-02-18,Completed,12.71,29
PRG0004792,STU00275,MOD00049,CRS007,2026-03-02,2026-03-13,Not Started,3.59,68
PRG0004793,STU00275,MOD00050,CRS007,2026-03-01,2026-04-13,Completed,6.6,27
PRG0004794,STU00275,MOD00051,CRS007,2026-02-18,2026-04-26,Completed,1.59,16
PRG0004795,STU00275,MOD00052,CRS007,2026-02-09,2026-02-27,In Progress,7.29,80
PRG0004796,STU00275,MOD00053,CRS007,2026-02-19,2026-02-13,Not Started,2.06,69
PRG0004797,STU00275,MOD00054,CRS007,2026-02-18,2026-03-14,In Progress,5.18,8
PRG0004798,STU00275,MOD00055,CRS007,2026-02-05,2026-04-20,Completed,2.33,85
PRG0004799,STU00275,MOD00056,CRS007,2026-02-22,2026-03-19,Completed,3.53,45
PRG0004800,STU00276,MOD00025,CRS004,2026-03-02,2026-03-18,In Progress,1.65,55
PRG0004801,STU00276,MOD00026,CRS004,2026-03-13,2026-05-05,In Progress,5.74,89
PRG0004802,STU00276,MOD00027,CRS004,2026-03-07,2026-04-30,In Progress,2.13,65
PRG0004803,STU00276,MOD00028,CRS004,2026-03-19,2026-04-06,In Progress,1.87,73
PRG0004804,STU00276,MOD00029,CRS004,2026-03-28,2026-05-26,Completed,2.85,69
PRG0004805,STU00276,MOD00030,CRS004,2026-03-14,2026-05-23,In Progress,8.07,42
PRG0004806,STU00276,MOD00031,CRS004,2026-03-30,2026-04-01,Completed,2.35,82
PRG0004807,STU00276,MOD00032,CRS004,2026-03-08,2026-03-25,Completed,6.56,84
PRG0004808,STU00276,MOD00018,CRS003,2026-03-12,2026-05-04,Completed,13.71,0
PRG0004809,STU00276,MOD00019,CRS003,2026-03-21,2026-04-01,Completed,5.6,11
PRG0004810,STU00276,MOD00020,CRS003,2026-03-30,2026-03-16,In Progress,3.59,90
PRG0004811,STU00276,MOD00021,CRS003,2026-03-28,2026-04-30,In Progress,3.08,23
PRG0004812,STU00276,MOD00022,CRS003,2026-03-05,2026-04-15,Completed,2.93,25
PRG0004813,STU00276,MOD00089,CRS012,2026-03-17,2026-04-04,Completed,9.76,68
PRG0004814,STU00276,MOD00090,CRS012,2026-03-03,2026-04-14,In Progress,1.35,54
PRG0004815,STU00276,MOD00091,CRS012,2026-03-25,2026-03-16,Completed,3.85,70
PRG0004816,STU00276,MOD00092,CRS012,2026-03-15,2026-03-06,Completed,3.99,98
PRG0004817,STU00276,MOD00093,CRS012,2026-03-12,2026-03-26,In Progress,2.23,41
PRG0004818,STU00276,MOD00094,CRS012,2026-03-10,2026-05-12,Completed,2.18,12
PRG0004819,STU00276,MOD00095,CRS012,2026-03-10,2026-05-19,In Progress,1.17,80
PRG0004820,STU00276,MOD00096,CRS012,2026-03-10,2026-05-07,In Progress,7.0,76
PRG0004821,STU00277,MOD00129,CRS017,2025-09-10,2025-09-25,In Progress,4.63,98
PRG0004822,STU00277,MOD00130,CRS017,2025-09-23,2025-09-12,In Progress,5.5,56
PRG0004823,STU00277,MOD00131,CRS017,2025-09-19,2025-12-01,Completed,2.83,97
PRG0004824,STU00277,MOD00132,CRS017,2025-10-01,2025-11-08,Completed,2.21,74
PRG0004825,STU00277,MOD00133,CRS017,2025-10-02,2025-11-14,In Progress,10.4,81
PRG0004826,STU00277,MOD00134,CRS017,2025-09-07,2025-09-20,Completed,1.2,81
PRG0004827,STU00277,MOD00135,CRS017,2025-09-21,2025-11-03,Completed,9.07,41
PRG0004828,STU00277,MOD00136,CRS017,2025-09-07,2025-09-29,Completed,5.91,4
PRG0004829,STU00277,MOD00089,CRS012,2025-06-17,2025-08-21,Not Started,5.74,74
PRG0004830,STU00277,MOD00090,CRS012,2025-06-22,2025-06-26,In Progress,4.11,59
PRG0004831,STU00277,MOD00092,CRS012,2025-06-28,2025-08-16,Completed,4.4,43
PRG0004832,STU00277,MOD00113,CRS015,2026-01-17,2026-03-07,Completed,13.03,97
PRG0004833,STU00277,MOD00114,CRS015,2026-01-16,2026-01-08,In Progress,3.05,62
PRG0004834,STU00277,MOD00115,CRS015,2026-01-10,2026-03-27,Completed,2.52,16
PRG0004835,STU00277,MOD00116,CRS015,2026-01-31,2026-03-18,In Progress,5.48,84
PRG0004836,STU00278,MOD00009,CRS002,2026-01-28,2026-03-11,Completed,10.37,69
PRG0004837,STU00278,MOD00010,CRS002,2026-02-02,2026-03-07,In Progress,4.97,50
PRG0004838,STU00278,MOD00011,CRS002,2026-02-13,2026-04-21,Completed,1.46,15
PRG0004839,STU00278,MOD00012,CRS002,2026-02-23,2026-03-19,Completed,7.28,53
PRG0004840,STU00278,MOD00013,CRS002,2026-02-08,2026-02-08,In Progress,3.68,93
PRG0004841,STU00278,MOD00015,CRS002,2026-02-23,2026-02-22,In Progress,1.26,44
PRG0004842,STU00278,MOD00016,CRS002,2026-01-31,2026-02-25,Completed,3.22,56
PRG0004843,STU00278,MOD00113,CRS015,2026-02-10,2026-04-14,Completed,5.29,29
PRG0004844,STU00278,MOD00114,CRS015,2026-02-16,2026-02-19,In Progress,3.06,62
PRG0004845,STU00278,MOD00115,CRS015,2026-01-27,2026-03-13,Completed,1.15,99
PRG0004846,STU00278,MOD00119,CRS015,2026-02-25,2026-02-14,In Progress,6.07,43
PRG0004847,STU00278,MOD00120,CRS015,2026-02-21,2026-03-09,Completed,3.1,33
PRG0004848,STU00278,MOD00026,CRS004,2026-02-02,2026-04-27,Completed,5.03,21
PRG0004849,STU00278,MOD00027,CRS004,2026-02-21,2026-03-15,Completed,2.17,75
PRG0004850,STU00278,MOD00028,CRS004,2026-01-31,2026-04-23,In Progress,2.4,13
PRG0004851,STU00278,MOD00029,CRS004,2026-02-17,2026-04-23,Completed,2.27,89
PRG0004852,STU00278,MOD00032,CRS004,2026-02-26,2026-03-24,Not Started,3.83,82
PRG0004853,STU00278,MOD00090,CRS012,2026-02-11,2026-02-01,Completed,1.98,80
PRG0004854,STU00278,MOD00091,CRS012,2026-02-01,2026-03-03,In Progress,3.23,23
PRG0004855,STU00278,MOD00093,CRS012,2026-02-11,2026-04-19,In Progress,8.98,73
PRG0004856,STU00278,MOD00094,CRS012,2026-01-30,2026-02-19,Completed,2.31,74
PRG0004857,STU00279,MOD00033,CRS005,2026-04-07,2026-03-20,In Progress,3.73,13
PRG0004858,STU00279,MOD00034,CRS005,2026-03-24,2026-05-04,Completed,7.61,77
PRG0004859,STU00279,MOD00035,CRS005,2026-03-25,2026-03-23,Completed,5.64,50
PRG0004860,STU00279,MOD00036,CRS005,2026-04-12,2026-05-29,In Progress,4.41,97
PRG0004861,STU00279,MOD00037,CRS005,2026-03-21,2026-05-11,Completed,2.55,47
PRG0004862,STU00279,MOD00038,CRS005,2026-04-04,2026-05-04,In Progress,13.16,84
PRG0004863,STU00279,MOD00039,CRS005,2026-04-02,2026-04-14,Completed,3.04,92
PRG0004864,STU00279,MOD00040,CRS005,2026-04-06,2026-05-12,Completed,7.09,18
PRG0004865,STU00279,MOD00081,CRS011,2026-04-11,2026-04-19,Completed,2.19,32
PRG0004866,STU00279,MOD00082,CRS011,2026-03-29,2026-06-08,In Progress,6.99,89
PRG0004867,STU00279,MOD00083,CRS011,2026-03-14,2026-05-19,Completed,2.9,43
PRG0004868,STU00279,MOD00084,CRS011,2026-03-14,2026-06-05,In Progress,2.42,20
PRG0004869,STU00279,MOD00085,CRS011,2026-03-16,2026-03-19,Completed,6.02,49
PRG0004870,STU00279,MOD00086,CRS011,2026-04-09,2026-05-30,In Progress,1.35,86
PRG0004871,STU00279,MOD00087,CRS011,2026-04-05,2026-05-01,Completed,2.58,39
PRG0004872,STU00279,MOD00088,CRS011,2026-04-12,2026-03-30,Completed,3.51,11
PRG0004873,STU00279,MOD00145,CRS019,2026-04-13,2026-05-25,In Progress,1.13,34
PRG0004874,STU00279,MOD00146,CRS019,2026-04-13,2026-03-22,Completed,7.1,84
PRG0004875,STU00279,MOD00149,CRS019,2026-03-19,2026-05-11,Completed,2.03,63
PRG0004876,STU00279,MOD00151,CRS019,2026-03-17,2026-05-26,Completed,5.01,50
PRG0004877,STU00279,MOD00129,CRS017,2026-03-30,2026-05-14,In Progress,2.44,16
PRG0004878,STU00279,MOD00130,CRS017,2026-04-03,2026-06-06,Completed,2.84,74
PRG0004879,STU00279,MOD00131,CRS017,2026-04-10,2026-03-20,Not Started,3.11,40
PRG0004880,STU00279,MOD00132,CRS017,2026-03-17,2026-05-22,Completed,5.16,100
PRG0004881,STU00279,MOD00133,CRS017,2026-03-21,2026-05-10,Completed,4.54,43
PRG0004882,STU00279,MOD00134,CRS017,2026-03-30,2026-05-13,Not Started,2.44,60
PRG0004883,STU00279,MOD00135,CRS017,2026-03-31,2026-06-02,Completed,10.14,52
PRG0004884,STU00279,MOD00136,CRS017,2026-03-24,2026-04-26,Completed,6.8,27
PRG0004885,STU00280,MOD00105,CRS014,2025-06-18,2025-08-09,Completed,1.76,3
PRG0004886,STU00280,MOD00106,CRS014,2025-06-29,2025-07-22,Completed,1.2,23
PRG0004887,STU00280,MOD00107,CRS014,2025-06-22,2025-06-16,Completed,6.72,90
PRG0004888,STU00280,MOD00109,CRS014,2025-05-31,2025-06-11,In Progress,3.09,91
PRG0004889,STU00280,MOD00110,CRS014,2025-06-11,2025-06-11,Completed,1.64,54
PRG0004890,STU00280,MOD00111,CRS014,2025-06-10,2025-06-07,Completed,3.42,93
PRG0004891,STU00280,MOD00112,CRS014,2025-06-28,2025-08-28,Completed,5.47,94
PRG0004892,STU00280,MOD00017,CRS003,2025-09-03,2025-11-02,In Progress,7.85,29
PRG0004893,STU00280,MOD00018,CRS003,2025-09-08,2025-11-12,Completed,14.71,90
PRG0004894,STU00280,MOD00019,CRS003,2025-09-16,2025-11-19,Completed,1.7,32
PRG0004895,STU00280,MOD00020,CRS003,2025-09-16,2025-09-09,Completed,4.02,78
PRG0004896,STU00280,MOD00021,CRS003,2025-09-24,2025-10-08,In Progress,6.92,94
PRG0004897,STU00280,MOD00022,CRS003,2025-10-01,2025-10-28,In Progress,6.72,44
PRG0004898,STU00280,MOD00023,CRS003,2025-09-20,2025-10-29,In Progress,3.05,14
PRG0004899,STU00280,MOD00024,CRS003,2025-10-03,2025-10-03,In Progress,2.7,65
PRG0004900,STU00280,MOD00137,CRS018,2026-02-25,2026-04-22,In Progress,2.3,33
PRG0004901,STU00280,MOD00138,CRS018,2026-03-17,2026-04-20,Completed,2.0,77
PRG0004902,STU00280,MOD00139,CRS018,2026-03-09,2026-04-15,Completed,3.41,79
PRG0004903,STU00280,MOD00140,CRS018,2026-02-18,2026-05-16,Completed,3.6,68
PRG0004904,STU00280,MOD00141,CRS018,2026-03-03,2026-04-30,In Progress,5.23,38
PRG0004905,STU00280,MOD00142,CRS018,2026-02-23,2026-02-27,Completed,4.36,33
PRG0004906,STU00280,MOD00143,CRS018,2026-02-27,2026-04-04,Completed,4.2,39
PRG0004907,STU00280,MOD00144,CRS018,2026-02-18,2026-04-27,Not Started,6.29,55
PRG0004908,STU00280,MOD00010,CRS002,2026-01-09,2026-02-06,Completed,5.44,15
PRG0004909,STU00280,MOD00011,CRS002,2026-01-07,2026-01-12,Completed,2.62,3
PRG0004910,STU00280,MOD00012,CRS002,2026-01-03,2025-12-22,Not Started,5.4,27
PRG0004911,STU00280,MOD00013,CRS002,2025-12-12,2026-02-23,Completed,4.29,18
PRG0004912,STU00280,MOD00014,CRS002,2025-12-26,2025-12-31,In Progress,8.5,44
PRG0004913,STU00280,MOD00015,CRS002,2025-12-29,2025-12-27,In Progress,1.05,55
PRG0004914,STU00280,MOD00016,CRS002,2025-12-31,2026-02-26,Completed,3.95,68
PRG0004915,STU00281,MOD00153,CRS020,2025-12-11,2026-02-06,In Progress,12.85,6
PRG0004916,STU00281,MOD00154,CRS020,2025-11-20,2026-02-07,Not Started,3.26,87
PRG0004917,STU00281,MOD00155,CRS020,2025-11-23,2025-12-11,Completed,5.65,92
PRG0004918,STU00281,MOD00158,CRS020,2025-11-23,2026-01-12,Completed,4.45,38
PRG0004919,STU00281,MOD00159,CRS020,2025-11-15,2026-01-25,In Progress,11.02,40
PRG0004920,STU00281,MOD00160,CRS020,2025-11-18,2026-01-23,Completed,3.83,65
PRG0004921,STU00281,MOD00089,CRS012,2025-08-21,2025-09-02,Completed,4.48,96
PRG0004922,STU00281,MOD00081,CRS011,2025-11-17,2025-11-16,Completed,2.99,84
PRG0004923,STU00281,MOD00083,CRS011,2025-10-29,2026-01-04,Completed,1.58,20
PRG0004924,STU00281,MOD00088,CRS011,2025-11-18,2026-01-27,In Progress,2.42,27
PRG0004925,STU00282,MOD00025,CRS004,2025-11-26,2025-12-20,Completed,6.52,46
PRG0004926,STU00282,MOD00026,CRS004,2025-12-22,2026-01-14,Completed,4.48,16
PRG0004927,STU00282,MOD00029,CRS004,2025-12-08,2026-01-29,Not Started,1.87,43
PRG0004928,STU00282,MOD00030,CRS004,2025-12-17,2026-01-12,Completed,4.1,94
PRG0004929,STU00282,MOD00081,CRS011,2026-02-27,2026-04-07,In Progress,1.35,76
PRG0004930,STU00282,MOD00082,CRS011,2026-03-22,2026-05-21,Completed,5.43,80
PRG0004931,STU00282,MOD00083,CRS011,2026-03-15,2026-04-25,In Progress,2.75,36
PRG0004932,STU00282,MOD00084,CRS011,2026-02-28,2026-02-28,Completed,1.31,10
PRG0004933,STU00282,MOD00085,CRS011,2026-02-28,2026-03-15,In Progress,2.87,98
PRG0004934,STU00282,MOD00086,CRS011,2026-03-14,2026-03-08,In Progress,2.01,34
PRG0004935,STU00282,MOD00087,CRS011,2026-03-13,2026-03-17,In Progress,1.88,42
PRG0004936,STU00282,MOD00088,CRS011,2026-03-15,2026-05-15,Completed,1.12,43
PRG0004937,STU00283,MOD00065,CRS009,2026-01-19,2026-03-30,Completed,2.48,97
PRG0004938,STU00283,MOD00066,CRS009,2026-01-08,2026-01-08,Completed,1.37,55
PRG0004939,STU00283,MOD00067,CRS009,2026-01-21,2026-02-14,Completed,5.48,89
PRG0004940,STU00283,MOD00068,CRS009,2026-01-12,2026-01-11,Completed,2.86,72
PRG0004941,STU00283,MOD00069,CRS009,2026-01-18,2026-02-05,Completed,2.19,74
PRG0004942,STU00283,MOD00070,CRS009,2026-01-02,2026-02-15,In Progress,9.27,55
PRG0004943,STU00283,MOD00071,CRS009,2026-01-25,2026-02-04,Completed,10.94,23
PRG0004944,STU00283,MOD00072,CRS009,2026-01-21,2026-03-19,In Progress,4.01,89
PRG0004945,STU00284,MOD00065,CRS009,2026-02-17,2026-02-20,Completed,2.2,34
PRG0004946,STU00284,MOD00067,CRS009,2026-02-13,2026-02-15,Completed,2.8,92
PRG0004947,STU00284,MOD00068,CRS009,2026-03-01,2026-03-11,In Progress,4.23,23
PRG0004948,STU00284,MOD00069,CRS009,2026-03-03,2026-02-18,In Progress,11.32,88
PRG0004949,STU00284,MOD00070,CRS009,2026-02-14,2026-03-05,In Progress,11.68,25
PRG0004950,STU00284,MOD00072,CRS009,2026-02-22,2026-03-13,Completed,7.05,44
PRG0004951,STU00285,MOD00135,CRS017,2026-03-12,2026-04-10,Completed,8.78,60
PRG0004952,STU00285,MOD00065,CRS009,2026-04-07,2026-03-13,In Progress,2.81,9
PRG0004953,STU00285,MOD00066,CRS009,2026-03-17,2026-04-16,In Progress,3.1,55
PRG0004954,STU00285,MOD00067,CRS009,2026-03-21,2026-06-03,Completed,1.95,93
PRG0004955,STU00285,MOD00068,CRS009,2026-03-14,2026-03-25,Completed,4.46,17
PRG0004956,STU00285,MOD00069,CRS009,2026-03-31,2026-03-24,Completed,10.63,83
PRG0004957,STU00285,MOD00070,CRS009,2026-04-07,2026-03-25,In Progress,10.68,84
PRG0004958,STU00285,MOD00071,CRS009,2026-03-30,2026-06-08,In Progress,2.43,54
PRG0004959,STU00285,MOD00072,CRS009,2026-04-05,2026-03-24,Completed,7.7,0
PRG0004960,STU00285,MOD00121,CRS016,2026-04-13,2026-05-13,Completed,12.82,29
PRG0004961,STU00285,MOD00123,CRS016,2026-04-08,2026-04-29,Completed,14.16,11
PRG0004962,STU00285,MOD00124,CRS016,2026-04-27,2026-04-18,In Progress,4.82,22
PRG0004963,STU00285,MOD00125,CRS016,2026-04-29,2026-04-08,Completed,1.24,71
PRG0004964,STU00285,MOD00126,CRS016,2026-04-16,2026-04-05,In Progress,5.63,45
PRG0004965,STU00285,MOD00115,CRS015,2026-02-01,2026-02-16,In Progress,1.04,87
PRG0004966,STU00285,MOD00116,CRS015,2026-02-25,2026-03-03,Not Started,1.15,35
PRG0004967,STU00285,MOD00117,CRS015,2026-02-14,2026-03-24,In Progress,2.28,7
PRG0004968,STU00285,MOD00120,CRS015,2026-02-10,2026-04-02,Completed,3.54,100
PRG0004969,STU00286,MOD00041,CRS006,2026-03-21,2026-05-28,Completed,5.11,82
PRG0004970,STU00286,MOD00043,CRS006,2026-03-23,2026-06-03,Completed,4.2,76
PRG0004971,STU00286,MOD00044,CRS006,2026-03-25,2026-05-23,In Progress,2.58,48
PRG0004972,STU00286,MOD00045,CRS006,2026-03-16,2026-04-11,Completed,2.83,57
PRG0004973,STU00286,MOD00047,CRS006,2026-03-18,2026-06-10,In Progress,7.79,22
PRG0004974,STU00286,MOD00145,CRS019,2025-08-09,2025-11-04,Completed,4.19,24
PRG0004975,STU00286,MOD00147,CRS019,2025-08-22,2025-10-02,Completed,5.96,79
PRG0004976,STU00286,MOD00149,CRS019,2025-08-19,2025-09-10,Completed,3.11,78
PRG0004977,STU00286,MOD00151,CRS019,2025-08-12,2025-10-14,In Progress,7.6,100
PRG0004978,STU00286,MOD00152,CRS019,2025-08-15,2025-10-12,In Progress,1.57,32
PRG0004979,STU00287,MOD00145,CRS019,2026-03-11,2026-05-21,Completed,1.8,66
PRG0004980,STU00287,MOD00146,CRS019,2026-03-14,2026-04-16,In Progress,5.48,98
PRG0004981,STU00287,MOD00147,CRS019,2026-03-26,2026-05-13,Completed,7.77,30
PRG0004982,STU00287,MOD00148,CRS019,2026-03-14,2026-04-20,Completed,2.93,35
PRG0004983,STU00287,MOD00149,CRS019,2026-03-18,2026-03-14,In Progress,3.21,89
PRG0004984,STU00287,MOD00150,CRS019,2026-03-21,2026-05-21,Completed,4.78,92
PRG0004985,STU00287,MOD00151,CRS019,2026-03-05,2026-03-01,In Progress,4.87,61
PRG0004986,STU00287,MOD00121,CRS016,2026-03-04,2026-04-12,Completed,3.95,75
PRG0004987,STU00287,MOD00123,CRS016,2026-03-06,2026-04-25,In Progress,6.08,46
PRG0004988,STU00287,MOD00124,CRS016,2026-03-28,2026-03-17,Completed,4.54,2
PRG0004989,STU00287,MOD00126,CRS016,2026-03-22,2026-03-18,Completed,5.98,34
PRG0004990,STU00287,MOD00127,CRS016,2026-03-25,2026-05-09,Completed,3.85,8
PRG0004991,STU00287,MOD00097,CRS013,2026-03-24,2026-04-16,Not Started,3.33,8
PRG0004992,STU00287,MOD00098,CRS013,2026-04-04,2026-04-02,Completed,7.37,15
PRG0004993,STU00287,MOD00099,CRS013,2026-03-23,2026-03-23,Completed,2.67,7
PRG0004994,STU00287,MOD00100,CRS013,2026-03-18,2026-05-18,Completed,4.19,42
PRG0004995,STU00287,MOD00101,CRS013,2026-04-02,2026-06-07,Completed,3.98,91
PRG0004996,STU00287,MOD00102,CRS013,2026-03-20,2026-04-03,Completed,3.66,70
PRG0004997,STU00287,MOD00103,CRS013,2026-03-17,2026-05-17,Completed,1.41,65
PRG0004998,STU00287,MOD00104,CRS013,2026-03-28,2026-05-04,In Progress,5.98,99
PRG0004999,STU00287,MOD00113,CRS015,2026-03-20,2026-05-03,Completed,3.16,17
PRG0005000,STU00287,MOD00114,CRS015,2026-03-28,2026-04-06,Completed,2.73,51
PRG0005001,STU00287,MOD00116,CRS015,2026-03-08,2026-05-13,Completed,6.03,97
PRG0005002,STU00287,MOD00120,CRS015,2026-03-26,2026-04-14,Completed,5.39,61
PRG0005003,STU00288,MOD00017,CRS003,2025-08-07,2025-07-23,Not Started,1.13,65
PRG0005004,STU00288,MOD00020,CRS003,2025-07-30,2025-10-04,Completed,3.93,24
PRG0005005,STU00288,MOD00024,CRS003,2025-08-08,2025-09-13,In Progress,2.0,56
PRG0005006,STU00289,MOD00042,CRS006,2026-04-25,2026-06-05,In Progress,1.55,51
PRG0005007,STU00289,MOD00043,CRS006,2026-04-04,2026-04-21,In Progress,1.73,94
PRG0005008,STU00289,MOD00044,CRS006,2026-04-12,2026-03-31,Completed,1.41,16
PRG0005009,STU00289,MOD00045,CRS006,2026-04-28,2026-05-22,Completed,1.07,27
PRG0005010,STU00289,MOD00046,CRS006,2026-04-22,2026-06-04,In Progress,4.76,25
PRG0005011,STU00290,MOD00153,CRS020,2025-07-17,2025-06-23,Completed,11.18,16
PRG0005012,STU00290,MOD00154,CRS020,2025-07-18,2025-07-23,In Progress,8.85,38
PRG0005013,STU00290,MOD00156,CRS020,2025-06-23,2025-07-13,Completed,8.26,13
PRG0005014,STU00290,MOD00157,CRS020,2025-07-10,2025-08-25,Completed,3.94,64
PRG0005015,STU00290,MOD00158,CRS020,2025-06-28,2025-07-07,Completed,5.9,46
PRG0005016,STU00290,MOD00057,CRS008,2025-10-22,2025-11-29,In Progress,8.87,23
PRG0005017,STU00290,MOD00058,CRS008,2025-09-26,2025-10-29,Not Started,7.49,2
PRG0005018,STU00290,MOD00059,CRS008,2025-10-09,2025-10-23,Completed,3.48,53
PRG0005019,STU00290,MOD00060,CRS008,2025-09-24,2025-10-13,In Progress,7.04,64
PRG0005020,STU00290,MOD00061,CRS008,2025-10-04,2025-11-23,Completed,3.84,41
PRG0005021,STU00290,MOD00063,CRS008,2025-10-10,2025-10-06,Completed,1.44,98
PRG0005022,STU00290,MOD00064,CRS008,2025-10-17,2025-11-17,Completed,3.56,39
PRG0005023,STU00290,MOD00041,CRS006,2025-05-19,2025-07-03,Completed,4.09,23
PRG0005024,STU00290,MOD00042,CRS006,2025-05-31,2025-05-12,Completed,1.62,74
PRG0005025,STU00290,MOD00043,CRS006,2025-06-07,2025-07-15,Completed,3.51,24
PRG0005026,STU00290,MOD00044,CRS006,2025-05-16,2025-05-22,Completed,1.4,94
PRG0005027,STU00290,MOD00045,CRS006,2025-06-02,2025-08-09,Completed,2.65,73
PRG0005028,STU00290,MOD00046,CRS006,2025-06-02,2025-06-06,Completed,3.03,27
PRG0005029,STU00290,MOD00047,CRS006,2025-05-13,2025-05-14,In Progress,9.03,95
PRG0005030,STU00290,MOD00048,CRS006,2025-05-26,2025-06-15,In Progress,4.25,91
PRG0005031,STU00290,MOD00052,CRS007,2025-05-28,2025-07-18,In Progress,6.7,85
PRG0005032,STU00290,MOD00053,CRS007,2025-06-25,2025-07-16,Not Started,2.65,11
PRG0005033,STU00290,MOD00097,CRS013,2026-04-12,2026-04-07,In Progress,1.07,33
PRG0005034,STU00290,MOD00098,CRS013,2026-03-23,2026-04-29,Completed,1.92,38
PRG0005035,STU00290,MOD00099,CRS013,2026-03-18,2026-06-03,Completed,2.01,83
PRG0005036,STU00290,MOD00100,CRS013,2026-03-28,2026-04-29,Completed,2.22,15
PRG0005037,STU00290,MOD00102,CRS013,2026-04-03,2026-03-18,Completed,1.6,31
PRG0005038,STU00290,MOD00104,CRS013,2026-04-11,2026-05-05,Completed,12.27,65
PRG0005039,STU00291,MOD00153,CRS020,2025-09-14,2025-09-02,Completed,1.61,46
PRG0005040,STU00291,MOD00154,CRS020,2025-09-09,2025-09-09,Not Started,11.16,27
PRG0005041,STU00291,MOD00155,CRS020,2025-09-09,2025-10-13,In Progress,2.73,89
PRG0005042,STU00291,MOD00156,CRS020,2025-08-22,2025-10-17,Completed,7.19,12
PRG0005043,STU00291,MOD00157,CRS020,2025-08-20,2025-10-16,In Progress,2.74,57
PRG0005044,STU00291,MOD00158,CRS020,2025-09-12,2025-10-23,In Progress,3.5,36
PRG0005045,STU00291,MOD00159,CRS020,2025-08-17,2025-11-07,Completed,5.53,94
PRG0005046,STU00291,MOD00160,CRS020,2025-09-03,2025-10-07,In Progress,2.02,95
PRG0005047,STU00291,MOD00017,CRS003,2025-06-24,2025-08-24,In Progress,1.62,35
PRG0005048,STU00291,MOD00018,CRS003,2025-07-11,2025-07-11,Completed,5.08,56
PRG0005049,STU00291,MOD00019,CRS003,2025-06-25,2025-07-11,Completed,2.61,55
PRG0005050,STU00291,MOD00020,CRS003,2025-07-21,2025-07-04,Not Started,2.99,67
PRG0005051,STU00291,MOD00021,CRS003,2025-06-25,2025-09-08,In Progress,4.01,31
PRG0005052,STU00291,MOD00022,CRS003,2025-06-24,2025-08-12,Completed,6.43,19
PRG0005053,STU00291,MOD00023,CRS003,2025-06-30,2025-08-28,Completed,6.0,65
PRG0005054,STU00291,MOD00024,CRS003,2025-07-01,2025-07-21,Not Started,11.66,15
PRG0005055,STU00292,MOD00137,CRS018,2026-03-23,2026-03-30,Completed,2.6,13
PRG0005056,STU00292,MOD00138,CRS018,2026-04-01,2026-04-01,Completed,6.92,13
PRG0005057,STU00292,MOD00139,CRS018,2026-04-09,2026-03-21,Completed,14.16,91
PRG0005058,STU00292,MOD00140,CRS018,2026-03-13,2026-06-04,Completed,3.96,89
PRG0005059,STU00292,MOD00141,CRS018,2026-04-03,2026-06-01,In Progress,4.75,24
PRG0005060,STU00292,MOD00142,CRS018,2026-03-21,2026-04-12,Completed,7.18,80
PRG0005061,STU00292,MOD00143,CRS018,2026-03-13,2026-04-15,In Progress,2.91,22
PRG0005062,STU00292,MOD00144,CRS018,2026-03-23,2026-03-24,Completed,6.77,23
PRG0005063,STU00293,MOD00121,CRS016,2025-10-02,2025-10-25,Completed,11.57,71
PRG0005064,STU00293,MOD00122,CRS016,2025-09-14,2025-11-29,Completed,4.43,55
PRG0005065,STU00293,MOD00123,CRS016,2025-09-04,2025-09-29,Not Started,2.25,38
PRG0005066,STU00293,MOD00124,CRS016,2025-09-07,2025-09-07,In Progress,7.57,79
PRG0005067,STU00293,MOD00125,CRS016,2025-09-05,2025-09-17,Completed,1.71,32
PRG0005068,STU00293,MOD00126,CRS016,2025-09-29,2025-09-03,Completed,4.29,65
PRG0005069,STU00293,MOD00127,CRS016,2025-09-09,2025-11-10,In Progress,2.96,26
PRG0005070,STU00293,MOD00128,CRS016,2025-09-23,2025-11-13,In Progress,5.08,36
PRG0005071,STU00294,MOD00107,CRS014,2025-09-26,2025-10-12,Completed,1.91,3
PRG0005072,STU00294,MOD00109,CRS014,2025-10-04,2025-10-09,In Progress,6.45,16
PRG0005073,STU00294,MOD00112,CRS014,2025-10-05,2025-12-23,Completed,5.89,60
PRG0005074,STU00294,MOD00025,CRS004,2026-04-07,2026-03-29,Not Started,2.89,34
PRG0005075,STU00294,MOD00026,CRS004,2026-03-31,2026-05-09,Completed,4.96,75
PRG0005076,STU00294,MOD00027,CRS004,2026-03-24,2026-03-25,Completed,1.44,6
PRG0005077,STU00294,MOD00028,CRS004,2026-03-27,2026-04-08,Completed,2.8,59
PRG0005078,STU00294,MOD00029,CRS004,2026-03-31,2026-05-11,Not Started,1.46,87
PRG0005079,STU00294,MOD00030,CRS004,2026-04-07,2026-04-30,Completed,10.32,84
PRG0005080,STU00294,MOD00031,CRS004,2026-03-31,2026-05-29,Completed,5.4,62
PRG0005081,STU00294,MOD00032,CRS004,2026-04-03,2026-06-11,In Progress,5.78,0
PRG0005082,STU00294,MOD00009,CRS002,2025-07-20,2025-07-24,Not Started,6.6,57
PRG0005083,STU00294,MOD00010,CRS002,2025-07-11,2025-08-31,In Progress,5.12,1
PRG0005084,STU00294,MOD00012,CRS002,2025-07-01,2025-08-29,In Progress,2.97,8
PRG0005085,STU00294,MOD00014,CRS002,2025-07-11,2025-08-11,Not Started,9.6,79
PRG0005086,STU00294,MOD00015,CRS002,2025-06-28,2025-07-09,Not Started,7.91,92
PRG0005087,STU00294,MOD00016,CRS002,2025-07-11,2025-07-20,Completed,1.82,12
PRG0005088,STU00295,MOD00020,CRS003,2026-04-29,2026-05-22,Completed,2.17,86
PRG0005089,STU00295,MOD00022,CRS003,2026-04-16,2026-04-23,Completed,1.18,63
PRG0005090,STU00295,MOD00023,CRS003,2026-04-29,2026-04-11,Completed,2.07,51
PRG0005091,STU00295,MOD00024,CRS003,2026-04-14,2026-05-15,Completed,11.35,15
PRG0005092,STU00295,MOD00051,CRS007,2026-03-09,2026-04-19,In Progress,7.82,66
PRG0005093,STU00295,MOD00052,CRS007,2026-03-14,2026-05-18,Not Started,6.67,77
PRG0005094,STU00295,MOD00053,CRS007,2026-03-31,2026-03-18,Completed,3.56,55
PRG0005095,STU00295,MOD00054,CRS007,2026-03-13,2026-04-30,Completed,3.22,60
PRG0005096,STU00295,MOD00055,CRS007,2026-03-29,2026-06-03,Completed,1.34,21
PRG0005097,STU00296,MOD00065,CRS009,2025-12-25,2026-03-12,In Progress,3.91,3
PRG0005098,STU00296,MOD00066,CRS009,2025-12-21,2026-03-05,In Progress,3.91,5
PRG0005099,STU00296,MOD00067,CRS009,2025-12-21,2026-02-20,Completed,3.27,82
PRG0005100,STU00296,MOD00068,CRS009,2025-12-18,2026-02-03,Completed,2.13,29
PRG0005101,STU00296,MOD00069,CRS009,2025-12-25,2025-12-30,In Progress,1.31,56
PRG0005102,STU00296,MOD00070,CRS009,2025-12-24,2026-02-03,In Progress,5.46,45
PRG0005103,STU00296,MOD00071,CRS009,2025-12-18,2026-02-22,In Progress,7.32,43
PRG0005104,STU00296,MOD00072,CRS009,2025-12-27,2026-01-11,Completed,5.04,33
PRG0005105,STU00296,MOD00122,CRS016,2025-05-12,2025-07-03,Not Started,1.23,47
PRG0005106,STU00296,MOD00123,CRS016,2025-05-22,2025-07-06,Completed,4.1,79
PRG0005107,STU00296,MOD00125,CRS016,2025-05-29,2025-06-28,In Progress,3.79,43
PRG0005108,STU00296,MOD00128,CRS016,2025-05-13,2025-06-23,Completed,8.0,73
PRG0005109,STU00296,MOD00033,CRS005,2025-06-25,2025-07-14,In Progress,4.44,37
PRG0005110,STU00296,MOD00034,CRS005,2025-06-17,2025-08-16,Completed,10.59,98
PRG0005111,STU00296,MOD00035,CRS005,2025-07-03,2025-07-18,Completed,6.95,69
PRG0005112,STU00296,MOD00036,CRS005,2025-06-24,2025-07-15,Completed,2.19,40
PRG0005113,STU00296,MOD00037,CRS005,2025-06-26,2025-08-17,Completed,2.32,19
PRG0005114,STU00296,MOD00038,CRS005,2025-06-24,2025-07-15,Completed,2.34,25
PRG0005115,STU00296,MOD00039,CRS005,2025-06-09,2025-07-31,Not Started,1.49,20
PRG0005116,STU00296,MOD00040,CRS005,2025-06-29,2025-07-31,Not Started,8.84,71
PRG0005117,STU00296,MOD00001,CRS001,2025-09-01,2025-10-12,Completed,9.57,51
PRG0005118,STU00296,MOD00002,CRS001,2025-08-27,2025-10-25,Completed,7.79,1
PRG0005119,STU00296,MOD00003,CRS001,2025-09-09,2025-08-30,Completed,3.34,0
PRG0005120,STU00296,MOD00004,CRS001,2025-08-28,2025-10-29,Not Started,4.72,33
PRG0005121,STU00296,MOD00005,CRS001,2025-09-14,2025-09-12,Completed,3.55,37
PRG0005122,STU00296,MOD00006,CRS001,2025-09-23,2025-10-22,In Progress,5.78,11
PRG0005123,STU00296,MOD00007,CRS001,2025-09-15,2025-08-31,In Progress,2.44,65
PRG0005124,STU00296,MOD00008,CRS001,2025-09-06,2025-10-24,Completed,1.13,57
PRG0005125,STU00297,MOD00017,CRS003,2025-07-28,2025-07-18,Completed,9.48,58
PRG0005126,STU00297,MOD00018,CRS003,2025-07-17,2025-09-13,Completed,13.65,98
PRG0005127,STU00297,MOD00019,CRS003,2025-07-09,2025-09-24,Completed,4.79,60
PRG0005128,STU00297,MOD00020,CRS003,2025-07-12,2025-07-25,Completed,1.38,72
PRG0005129,STU00297,MOD00021,CRS003,2025-06-28,2025-09-23,In Progress,12.07,29
PRG0005130,STU00297,MOD00022,CRS003,2025-07-04,2025-09-26,Completed,11.71,31
PRG0005131,STU00297,MOD00023,CRS003,2025-07-27,2025-08-06,Completed,3.3,87
PRG0005132,STU00297,MOD00024,CRS003,2025-07-21,2025-09-05,Not Started,8.15,49
PRG0005133,STU00298,MOD00017,CRS003,2026-02-26,2026-02-24,Completed,10.1,69
PRG0005134,STU00298,MOD00018,CRS003,2026-02-25,2026-02-16,In Progress,5.35,65
PRG0005135,STU00298,MOD00019,CRS003,2026-02-03,2026-03-10,Completed,2.41,41
PRG0005136,STU00298,MOD00020,CRS003,2026-02-08,2026-03-09,Completed,1.94,100
PRG0005137,STU00298,MOD00021,CRS003,2026-02-13,2026-04-13,Completed,5.46,76
PRG0005138,STU00298,MOD00022,CRS003,2026-02-12,2026-03-22,Completed,6.75,28
PRG0005139,STU00298,MOD00023,CRS003,2026-02-22,2026-02-04,Completed,9.49,63
PRG0005140,STU00298,MOD00024,CRS003,2026-02-23,2026-04-05,In Progress,3.76,37
PRG0005141,STU00298,MOD00058,CRS008,2026-02-06,2026-03-14,Not Started,3.84,62
PRG0005142,STU00298,MOD00059,CRS008,2026-02-27,2026-02-08,Completed,4.8,6
PRG0005143,STU00298,MOD00062,CRS008,2026-03-05,2026-03-24,In Progress,4.08,29
PRG0005144,STU00298,MOD00064,CRS008,2026-02-15,2026-04-29,Completed,9.32,3
PRG0005145,STU00299,MOD00113,CRS015,2026-04-04,2026-04-14,In Progress,5.04,52
PRG0005146,STU00299,MOD00114,CRS015,2026-04-06,2026-04-06,Completed,2.19,80
PRG0005147,STU00299,MOD00115,CRS015,2026-04-18,2026-06-04,In Progress,2.53,92
PRG0005148,STU00299,MOD00117,CRS015,2026-04-23,2026-06-28,Completed,1.25,6
PRG0005149,STU00299,MOD00118,CRS015,2026-04-03,2026-06-15,In Progress,9.29,78
PRG0005150,STU00299,MOD00119,CRS015,2026-05-01,2026-05-12,Completed,3.92,5
PRG0005151,STU00299,MOD00089,CRS012,2026-01-21,2026-01-28,In Progress,6.25,78
PRG0005152,STU00299,MOD00090,CRS012,2026-02-06,2026-04-10,Completed,2.9,24
PRG0005153,STU00299,MOD00091,CRS012,2026-01-20,2026-04-06,Completed,9.79,59
PRG0005154,STU00299,MOD00092,CRS012,2026-01-16,2026-03-14,Completed,7.97,60
PRG0005155,STU00299,MOD00093,CRS012,2026-01-20,2026-02-02,Not Started,4.49,33
PRG0005156,STU00299,MOD00094,CRS012,2026-01-26,2026-01-27,Completed,2.11,2
PRG0005157,STU00299,MOD00095,CRS012,2026-02-04,2026-03-17,Not Started,4.03,33
PRG0005158,STU00299,MOD00096,CRS012,2026-01-19,2026-01-24,Completed,8.24,88
PRG0005159,STU00300,MOD00121,CRS016,2025-11-01,2025-12-31,Completed,10.17,72
PRG0005160,STU00300,MOD00123,CRS016,2025-11-14,2025-12-21,In Progress,11.18,29
PRG0005161,STU00300,MOD00033,CRS005,2026-04-06,2026-05-31,Completed,4.11,15
PRG0005162,STU00300,MOD00034,CRS005,2026-04-29,2026-05-29,In Progress,2.15,70
PRG0005163,STU00300,MOD00037,CRS005,2026-04-22,2026-06-17,Completed,2.12,79
PRG0005164,STU00300,MOD00038,CRS005,2026-04-28,2026-04-24,In Progress,12.52,35
PRG0005165,STU00300,MOD00039,CRS005,2026-05-01,2026-04-11,In Progress,4.86,55
PRG0005166,STU00300,MOD00040,CRS005,2026-04-27,2026-04-24,In Progress,2.31,9
PRG0005167,STU00301,MOD00141,CRS018,2025-09-07,2025-09-21,Completed,8.99,62
PRG0005168,STU00301,MOD00144,CRS018,2025-09-23,2025-10-13,Completed,8.75,40
PRG0005169,STU00301,MOD00106,CRS014,2025-07-04,2025-09-14,Completed,2.56,58
PRG0005170,STU00301,MOD00107,CRS014,2025-07-06,2025-07-18,Not Started,4.3,28
PRG0005171,STU00301,MOD00108,CRS014,2025-07-07,2025-08-29,Completed,1.12,61
PRG0005172,STU00301,MOD00110,CRS014,2025-07-07,2025-09-06,Completed,1.84,47
PRG0005173,STU00301,MOD00112,CRS014,2025-07-17,2025-06-24,Completed,9.76,49
PRG0005174,STU00302,MOD00113,CRS015,2025-10-02,2025-11-02,Completed,8.79,73
PRG0005175,STU00302,MOD00114,CRS015,2025-09-19,2025-10-10,In Progress,2.0,71
PRG0005176,STU00302,MOD00115,CRS015,2025-10-16,2025-10-30,Completed,1.64,32
PRG0005177,STU00302,MOD00116,CRS015,2025-10-06,2025-11-25,Completed,1.37,1
PRG0005178,STU00302,MOD00117,CRS015,2025-10-15,2025-11-14,Not Started,3.53,19
PRG0005179,STU00302,MOD00118,CRS015,2025-09-25,2025-10-03,Not Started,11.74,32
PRG0005180,STU00302,MOD00119,CRS015,2025-10-04,2025-10-18,In Progress,5.15,60
PRG0005181,STU00302,MOD00120,CRS015,2025-10-06,2025-09-23,Completed,3.11,81
PRG0005182,STU00302,MOD00089,CRS012,2026-03-23,2026-04-15,Completed,8.88,41
PRG0005183,STU00302,MOD00090,CRS012,2026-03-11,2026-04-24,Completed,2.8,70
PRG0005184,STU00302,MOD00091,CRS012,2026-03-01,2026-04-09,Not Started,1.06,89
PRG0005185,STU00302,MOD00092,CRS012,2026-03-24,2026-04-23,Not Started,5.89,69
PRG0005186,STU00302,MOD00093,CRS012,2026-03-17,2026-03-10,In Progress,1.69,19
PRG0005187,STU00302,MOD00094,CRS012,2026-03-18,2026-05-10,Completed,1.48,50
PRG0005188,STU00302,MOD00095,CRS012,2026-03-06,2026-05-16,In Progress,2.54,50
PRG0005189,STU00302,MOD00096,CRS012,2026-03-23,2026-05-06,In Progress,10.27,15
PRG0005190,STU00302,MOD00073,CRS010,2025-10-29,2025-12-18,In Progress,3.24,23
PRG0005191,STU00302,MOD00074,CRS010,2025-11-06,2025-11-05,Completed,4.05,12
PRG0005192,STU00302,MOD00075,CRS010,2025-10-28,2026-01-20,Completed,8.54,22
PRG0005193,STU00302,MOD00076,CRS010,2025-10-28,2026-01-01,Completed,1.53,62
PRG0005194,STU00302,MOD00077,CRS010,2025-11-19,2025-12-29,Completed,3.4,28
PRG0005195,STU00302,MOD00078,CRS010,2025-11-07,2026-01-12,Completed,2.99,9
PRG0005196,STU00302,MOD00079,CRS010,2025-11-03,2026-01-14,In Progress,2.43,73
PRG0005197,STU00302,MOD00080,CRS010,2025-11-10,2025-11-04,Completed,1.57,34
PRG0005198,STU00302,MOD00105,CRS014,2025-08-09,2025-10-26,In Progress,10.98,83
PRG0005199,STU00302,MOD00106,CRS014,2025-08-28,2025-09-25,Completed,1.47,2
PRG0005200,STU00302,MOD00107,CRS014,2025-08-03,2025-09-27,Not Started,6.39,78
PRG0005201,STU00302,MOD00108,CRS014,2025-08-04,2025-09-27,Completed,1.08,54
PRG0005202,STU00302,MOD00110,CRS014,2025-08-25,2025-10-27,In Progress,1.15,49
PRG0005203,STU00302,MOD00111,CRS014,2025-08-22,2025-08-04,Completed,8.23,33
PRG0005204,STU00302,MOD00033,CRS005,2025-11-30,2025-12-23,Completed,3.55,83
PRG0005205,STU00302,MOD00034,CRS005,2025-12-07,2025-12-05,Completed,4.39,17
PRG0005206,STU00302,MOD00037,CRS005,2025-12-03,2026-01-24,In Progress,3.62,51
PRG0005207,STU00302,MOD00039,CRS005,2025-11-19,2025-12-24,Completed,5.8,66
PRG0005208,STU00303,MOD00057,CRS008,2026-01-28,2026-01-10,Completed,13.08,48
PRG0005209,STU00303,MOD00068,CRS009,2026-01-29,2026-01-18,Completed,3.87,44
PRG0005210,STU00304,MOD00057,CRS008,2025-11-28,2025-11-10,In Progress,7.89,46
PRG0005211,STU00304,MOD00058,CRS008,2025-11-22,2026-01-06,In Progress,7.81,26
PRG0005212,STU00304,MOD00059,CRS008,2025-11-15,2026-02-03,In Progress,1.3,73
PRG0005213,STU00304,MOD00060,CRS008,2025-11-24,2025-11-22,Completed,8.74,92
PRG0005214,STU00304,MOD00061,CRS008,2025-11-28,2026-01-16,Completed,4.15,98
PRG0005215,STU00304,MOD00062,CRS008,2025-11-12,2026-01-04,Completed,5.84,23
PRG0005216,STU00304,MOD00063,CRS008,2025-11-27,2026-01-09,Completed,3.71,89
PRG0005217,STU00304,MOD00064,CRS008,2025-12-06,2026-01-07,In Progress,13.2,85
PRG0005218,STU00304,MOD00148,CRS019,2025-05-07,2025-05-24,Not Started,4.65,15
PRG0005219,STU00304,MOD00149,CRS019,2025-05-14,2025-06-02,Completed,1.1,6
PRG0005220,STU00304,MOD00151,CRS019,2025-05-22,2025-06-06,Completed,4.77,77
PRG0005221,STU00305,MOD00041,CRS006,2026-03-17,2026-05-20,Not Started,3.59,17
PRG0005222,STU00305,MOD00042,CRS006,2026-03-20,2026-05-11,Completed,1.54,96
PRG0005223,STU00305,MOD00043,CRS006,2026-03-10,2026-04-19,Completed,3.79,77
PRG0005224,STU00305,MOD00044,CRS006,2026-02-21,2026-03-13,Completed,1.17,91
PRG0005225,STU00305,MOD00045,CRS006,2026-03-13,2026-05-16,Completed,1.54,69
PRG0005226,STU00305,MOD00046,CRS006,2026-03-05,2026-04-17,Completed,5.05,37
PRG0005227,STU00305,MOD00047,CRS006,2026-03-21,2026-02-28,Completed,1.03,59
PRG0005228,STU00305,MOD00048,CRS006,2026-03-12,2026-04-17,Not Started,2.33,55
PRG0005229,STU00306,MOD00035,CRS005,2025-08-14,2025-10-22,In Progress,6.49,4
PRG0005230,STU00306,MOD00038,CRS005,2025-09-04,2025-10-14,Completed,10.82,10
PRG0005231,STU00306,MOD00040,CRS005,2025-09-05,2025-08-28,Completed,6.88,64
PRG0005232,STU00306,MOD00108,CRS014,2025-08-17,2025-09-10,Completed,1.77,36
PRG0005233,STU00306,MOD00098,CRS013,2026-03-03,2026-02-09,Not Started,6.63,83
PRG0005234,STU00306,MOD00099,CRS013,2026-02-22,2026-03-22,Completed,1.85,18
PRG0005235,STU00306,MOD00102,CRS013,2026-02-15,2026-03-13,Completed,5.86,64
PRG0005236,STU00306,MOD00083,CRS011,2025-09-18,2025-10-20,Completed,1.33,5
PRG0005237,STU00306,MOD00084,CRS011,2025-10-05,2025-11-04,Completed,3.53,74
PRG0005238,STU00306,MOD00086,CRS011,2025-09-16,2025-11-06,In Progress,3.78,68
PRG0005239,STU00306,MOD00002,CRS001,2025-08-30,2025-09-29,Completed,2.84,81
PRG0005240,STU00306,MOD00003,CRS001,2025-08-16,2025-10-27,Completed,1.35,21
PRG0005241,STU00306,MOD00004,CRS001,2025-09-07,2025-09-15,Completed,2.54,5
PRG0005242,STU00306,MOD00005,CRS001,2025-09-01,2025-11-02,Completed,6.11,19
PRG0005243,STU00306,MOD00006,CRS001,2025-08-09,2025-10-26,In Progress,3.54,88
PRG0005244,STU00306,MOD00007,CRS001,2025-09-04,2025-10-27,Completed,4.84,48
PRG0005245,STU00307,MOD00025,CRS004,2025-05-05,2025-06-16,Completed,13.94,66
PRG0005246,STU00307,MOD00026,CRS004,2025-05-18,2025-06-17,Completed,3.31,11
PRG0005247,STU00307,MOD00027,CRS004,2025-05-04,2025-07-07,Completed,1.71,65
PRG0005248,STU00307,MOD00028,CRS004,2025-05-19,2025-06-19,Completed,2.08,75
PRG0005249,STU00307,MOD00029,CRS004,2025-05-28,2025-07-16,In Progress,1.7,37
PRG0005250,STU00307,MOD00030,CRS004,2025-05-20,2025-05-01,In Progress,9.36,20
PRG0005251,STU00307,MOD00031,CRS004,2025-05-03,2025-04-30,In Progress,4.31,41
PRG0005252,STU00307,MOD00032,CRS004,2025-05-04,2025-06-23,Completed,7.74,61
PRG0005253,STU00308,MOD00137,CRS018,2025-10-08,2025-11-05,Completed,1.18,31
PRG0005254,STU00308,MOD00138,CRS018,2025-10-08,2025-11-08,Completed,5.4,13
PRG0005255,STU00308,MOD00139,CRS018,2025-09-29,2025-11-20,Completed,7.63,16
PRG0005256,STU00308,MOD00140,CRS018,2025-10-23,2025-12-24,Completed,5.69,18
PRG0005257,STU00308,MOD00141,CRS018,2025-10-24,2025-10-29,Completed,10.69,4
PRG0005258,STU00308,MOD00142,CRS018,2025-10-04,2025-11-15,Not Started,4.83,14
PRG0005259,STU00308,MOD00143,CRS018,2025-10-21,2025-10-03,Completed,3.41,13
PRG0005260,STU00308,MOD00144,CRS018,2025-09-30,2025-10-01,Completed,7.32,66
PRG0005261,STU00308,MOD00017,CRS003,2025-12-31,2026-01-05,Completed,2.9,56
PRG0005262,STU00308,MOD00018,CRS003,2026-01-03,2026-01-09,Completed,4.39,24
PRG0005263,STU00308,MOD00020,CRS003,2025-12-18,2026-02-28,Not Started,2.38,23
PRG0005264,STU00308,MOD00021,CRS003,2026-01-02,2026-02-17,Completed,2.53,2
PRG0005265,STU00308,MOD00022,CRS003,2026-01-06,2025-12-24,In Progress,8.38,54
PRG0005266,STU00308,MOD00024,CRS003,2026-01-12,2026-03-13,Completed,2.21,13
PRG0005267,STU00308,MOD00126,CRS016,2026-02-26,2026-03-19,Completed,7.21,73
PRG0005268,STU00308,MOD00153,CRS020,2025-10-28,2025-12-22,Completed,7.69,18
PRG0005269,STU00308,MOD00154,CRS020,2025-10-18,2025-10-02,Completed,9.84,65
PRG0005270,STU00308,MOD00155,CRS020,2025-10-20,2025-12-03,In Progress,3.54,7
PRG0005271,STU00308,MOD00156,CRS020,2025-10-02,2025-12-26,Completed,4.09,27
PRG0005272,STU00308,MOD00157,CRS020,2025-10-15,2025-12-11,Completed,1.06,54
PRG0005273,STU00308,MOD00158,CRS020,2025-10-19,2025-11-04,Completed,4.52,32
PRG0005274,STU00308,MOD00160,CRS020,2025-10-03,2025-11-11,Completed,1.67,18
PRG0005275,STU00308,MOD00033,CRS005,2025-11-11,2025-12-08,Completed,3.31,84
PRG0005276,STU00308,MOD00034,CRS005,2025-10-30,2025-11-30,Completed,5.15,65
PRG0005277,STU00308,MOD00035,CRS005,2025-10-30,2025-12-24,Completed,2.16,85
PRG0005278,STU00308,MOD00036,CRS005,2025-10-22,2025-11-20,In Progress,1.09,89
PRG0005279,STU00308,MOD00037,CRS005,2025-11-07,2025-11-14,Completed,3.15,53
PRG0005280,STU00308,MOD00038,CRS005,2025-11-16,2026-01-19,Completed,6.87,3
PRG0005281,STU00308,MOD00039,CRS005,2025-11-08,2025-12-09,Completed,6.25,39
PRG0005282,STU00308,MOD00040,CRS005,2025-10-23,2026-01-05,In Progress,8.29,40
PRG0005283,STU00309,MOD00131,CRS017,2026-03-20,2026-05-26,Not Started,3.84,30
PRG0005284,STU00309,MOD00134,CRS017,2026-03-30,2026-03-13,Completed,2.62,98
PRG0005285,STU00310,MOD00005,CRS001,2026-01-16,2026-03-03,In Progress,4.52,29
PRG0005286,STU00310,MOD00007,CRS001,2026-01-14,2026-03-22,Completed,3.39,59
PRG0005287,STU00311,MOD00113,CRS015,2025-10-21,2025-12-04,Not Started,8.94,92
PRG0005288,STU00311,MOD00114,CRS015,2025-11-02,2025-11-28,Completed,1.53,41
PRG0005289,STU00311,MOD00115,CRS015,2025-10-11,2025-10-24,Completed,2.39,31
PRG0005290,STU00311,MOD00116,CRS015,2025-11-05,2025-10-21,Completed,1.48,19
PRG0005291,STU00311,MOD00117,CRS015,2025-10-16,2026-01-03,In Progress,3.43,27
PRG0005292,STU00311,MOD00118,CRS015,2025-10-26,2025-10-10,In Progress,11.25,58
PRG0005293,STU00311,MOD00119,CRS015,2025-10-24,2025-11-06,In Progress,3.37,52
PRG0005294,STU00311,MOD00120,CRS015,2025-10-30,2025-10-31,Completed,1.53,83
PRG0005295,STU00311,MOD00073,CRS010,2025-10-23,2025-11-08,Completed,3.24,49
PRG0005296,STU00311,MOD00074,CRS010,2025-10-20,2025-11-16,Completed,3.59,66
PRG0005297,STU00311,MOD00075,CRS010,2025-11-12,2025-12-09,Completed,6.66,94
PRG0005298,STU00311,MOD00076,CRS010,2025-10-25,2025-11-01,In Progress,1.57,82
PRG0005299,STU00311,MOD00077,CRS010,2025-10-18,2025-12-26,In Progress,8.15,5
PRG0005300,STU00311,MOD00078,CRS010,2025-10-18,2025-12-24,Not Started,2.25,47
PRG0005301,STU00311,MOD00079,CRS010,2025-11-07,2025-11-24,In Progress,2.93,24
PRG0005302,STU00311,MOD00080,CRS010,2025-10-25,2025-10-26,In Progress,2.21,88
PRG0005303,STU00311,MOD00121,CRS016,2026-03-16,2026-06-04,Completed,8.16,6
PRG0005304,STU00311,MOD00126,CRS016,2026-03-19,2026-03-27,Completed,7.29,1
PRG0005305,STU00311,MOD00127,CRS016,2026-03-10,2026-03-21,Not Started,2.65,59
PRG0005306,STU00311,MOD00033,CRS005,2025-06-16,2025-07-13,Completed,4.3,82
PRG0005307,STU00311,MOD00034,CRS005,2025-06-11,2025-08-02,Not Started,3.78,5
PRG0005308,STU00311,MOD00035,CRS005,2025-05-30,2025-07-18,In Progress,4.06,96
PRG0005309,STU00311,MOD00036,CRS005,2025-05-31,2025-08-09,Completed,2.38,96
PRG0005310,STU00311,MOD00037,CRS005,2025-06-10,2025-06-16,In Progress,3.8,63
PRG0005311,STU00311,MOD00038,CRS005,2025-06-22,2025-07-04,In Progress,7.13,6
PRG0005312,STU00311,MOD00039,CRS005,2025-06-01,2025-06-13,In Progress,10.9,21
PRG0005313,STU00311,MOD00040,CRS005,2025-06-03,2025-07-21,Completed,4.72,78
PRG0005314,STU00311,MOD00089,CRS012,2026-02-10,2026-03-05,In Progress,6.43,35
PRG0005315,STU00311,MOD00094,CRS012,2026-02-16,2026-02-12,Completed,1.08,5
PRG0005316,STU00312,MOD00121,CRS016,2025-12-05,2026-02-17,Completed,12.04,1
PRG0005317,STU00312,MOD00122,CRS016,2025-12-26,2025-12-16,In Progress,1.73,88
PRG0005318,STU00312,MOD00123,CRS016,2025-12-12,2026-02-01,Not Started,12.07,65
PRG0005319,STU00312,MOD00124,CRS016,2025-12-28,2026-01-14,Completed,4.34,87
PRG0005320,STU00312,MOD00125,CRS016,2025-12-19,2025-12-22,In Progress,4.33,88
PRG0005321,STU00312,MOD00126,CRS016,2025-12-22,2026-01-12,In Progress,1.14,38
PRG0005322,STU00312,MOD00127,CRS016,2025-11-29,2026-01-06,Completed,2.34,50
PRG0005323,STU00312,MOD00128,CRS016,2025-12-23,2025-12-10,Completed,10.47,17
PRG0005324,STU00312,MOD00017,CRS003,2026-03-01,2026-04-13,In Progress,7.97,48
PRG0005325,STU00312,MOD00057,CRS008,2026-03-29,2026-05-21,In Progress,9.13,61
PRG0005326,STU00312,MOD00058,CRS008,2026-03-05,2026-03-09,Completed,2.87,98
PRG0005327,STU00312,MOD00059,CRS008,2026-03-02,2026-04-25,Completed,2.65,35
PRG0005328,STU00312,MOD00060,CRS008,2026-03-27,2026-03-18,In Progress,5.36,50
PRG0005329,STU00312,MOD00061,CRS008,2026-03-07,2026-04-17,Completed,7.61,30
PRG0005330,STU00312,MOD00062,CRS008,2026-03-31,2026-05-08,In Progress,2.28,83
PRG0005331,STU00312,MOD00063,CRS008,2026-03-17,2026-03-08,Completed,8.06,14
PRG0005332,STU00312,MOD00064,CRS008,2026-03-25,2026-03-29,In Progress,10.34,17
PRG0005333,STU00313,MOD00001,CRS001,2025-11-11,2025-12-13,Completed,5.9,69
PRG0005334,STU00313,MOD00003,CRS001,2025-11-22,2025-11-20,Completed,3.13,24
PRG0005335,STU00313,MOD00004,CRS001,2025-11-10,2026-01-04,Completed,2.19,21
PRG0005336,STU00313,MOD00005,CRS001,2025-12-04,2026-01-11,Completed,7.57,47
PRG0005337,STU00313,MOD00006,CRS001,2025-11-11,2026-01-01,Not Started,1.33,38
PRG0005338,STU00313,MOD00007,CRS001,2025-11-14,2026-01-03,Completed,2.79,15
PRG0005339,STU00313,MOD00008,CRS001,2025-12-04,2025-12-06,Completed,6.93,84
PRG0005340,STU00313,MOD00107,CRS014,2026-02-26,2026-02-24,Not Started,4.83,94
PRG0005341,STU00313,MOD00109,CRS014,2026-02-21,2026-04-08,In Progress,4.6,26
PRG0005342,STU00314,MOD00065,CRS009,2025-05-24,2025-08-08,In Progress,2.39,89
PRG0005343,STU00314,MOD00066,CRS009,2025-06-08,2025-08-09,Completed,7.23,26
PRG0005344,STU00314,MOD00067,CRS009,2025-06-13,2025-07-28,In Progress,5.93,4
PRG0005345,STU00314,MOD00068,CRS009,2025-05-29,2025-08-01,Completed,1.62,14
PRG0005346,STU00314,MOD00069,CRS009,2025-06-12,2025-06-22,Completed,10.98,96
PRG0005347,STU00314,MOD00070,CRS009,2025-06-04,2025-05-27,Completed,10.13,41
PRG0005348,STU00314,MOD00071,CRS009,2025-06-01,2025-07-27,Completed,5.95,75
PRG0005349,STU00314,MOD00072,CRS009,2025-06-03,2025-06-19,Completed,1.49,100
PRG0005350,STU00314,MOD00145,CRS019,2025-06-18,2025-09-09,Completed,4.46,25
PRG0005351,STU00314,MOD00147,CRS019,2025-07-14,2025-07-17,Completed,8.42,58
PRG0005352,STU00314,MOD00149,CRS019,2025-07-16,2025-08-21,Completed,3.88,53
PRG0005353,STU00314,MOD00152,CRS019,2025-07-11,2025-06-23,Completed,5.06,77
PRG0005354,STU00315,MOD00025,CRS004,2025-11-04,2026-01-03,Completed,7.88,54
PRG0005355,STU00315,MOD00026,CRS004,2025-11-09,2025-10-18,Completed,5.6,68
PRG0005356,STU00315,MOD00027,CRS004,2025-11-11,2025-11-24,In Progress,1.96,54
PRG0005357,STU00315,MOD00029,CRS004,2025-10-31,2025-12-03,Completed,2.5,31
PRG0005358,STU00315,MOD00031,CRS004,2025-10-17,2026-01-13,Completed,1.37,99
PRG0005359,STU00315,MOD00032,CRS004,2025-10-31,2026-01-10,Completed,2.91,81
PRG0005360,STU00315,MOD00097,CRS013,2026-04-10,2026-06-23,Completed,2.89,52
PRG0005361,STU00315,MOD00100,CRS013,2026-04-09,2026-04-01,Completed,4.25,38
PRG0005362,STU00315,MOD00102,CRS013,2026-04-04,2026-04-10,Completed,2.31,5
PRG0005363,STU00315,MOD00103,CRS013,2026-04-26,2026-06-12,Completed,4.92,5
PRG0005364,STU00315,MOD00104,CRS013,2026-04-08,2026-04-28,Not Started,11.38,80
PRG0005365,STU00315,MOD00065,CRS009,2025-06-10,2025-08-30,Completed,3.3,38
PRG0005366,STU00315,MOD00067,CRS009,2025-07-10,2025-08-10,In Progress,3.11,96
PRG0005367,STU00315,MOD00069,CRS009,2025-06-28,2025-07-28,Not Started,8.5,9
PRG0005368,STU00315,MOD00070,CRS009,2025-06-15,2025-08-28,In Progress,4.69,55
PRG0005369,STU00315,MOD00071,CRS009,2025-06-10,2025-07-07,Completed,1.47,64
PRG0005370,STU00315,MOD00049,CRS007,2025-11-04,2026-01-21,In Progress,1.74,35
PRG0005371,STU00315,MOD00050,CRS007,2025-11-03,2025-11-23,Completed,4.65,81
PRG0005372,STU00315,MOD00051,CRS007,2025-11-04,2025-12-18,Completed,7.27,80
PRG0005373,STU00315,MOD00052,CRS007,2025-11-03,2025-12-11,In Progress,1.65,16
PRG0005374,STU00315,MOD00053,CRS007,2025-11-21,2026-01-15,Completed,3.0,15
PRG0005375,STU00315,MOD00054,CRS007,2025-11-10,2025-12-04,Completed,2.14,84
PRG0005376,STU00315,MOD00055,CRS007,2025-10-25,2025-11-07,In Progress,2.14,49
PRG0005377,STU00316,MOD00129,CRS017,2026-04-03,2026-05-30,Not Started,3.84,93
PRG0005378,STU00316,MOD00130,CRS017,2026-03-18,2026-05-12,In Progress,2.89,20
PRG0005379,STU00316,MOD00131,CRS017,2026-04-11,2026-03-17,Completed,2.74,17
PRG0005380,STU00316,MOD00133,CRS017,2026-03-15,2026-04-17,Not Started,12.06,52
PRG0005381,STU00316,MOD00121,CRS016,2026-03-30,2026-04-30,In Progress,3.56,25
PRG0005382,STU00316,MOD00122,CRS016,2026-03-29,2026-03-17,Completed,3.26,22
PRG0005383,STU00316,MOD00123,CRS016,2026-03-14,2026-03-14,Completed,13.55,13
PRG0005384,STU00316,MOD00124,CRS016,2026-04-01,2026-05-02,In Progress,6.93,91
PRG0005385,STU00316,MOD00125,CRS016,2026-03-17,2026-05-18,In Progress,2.8,60
PRG0005386,STU00316,MOD00126,CRS016,2026-03-30,2026-04-29,Completed,8.73,25
PRG0005387,STU00316,MOD00127,CRS016,2026-03-29,2026-03-20,In Progress,1.84,90
PRG0005388,STU00316,MOD00128,CRS016,2026-03-17,2026-04-03,In Progress,5.04,74
PRG0005389,STU00316,MOD00156,CRS020,2026-03-26,2026-05-04,Completed,7.07,48
PRG0005390,STU00316,MOD00157,CRS020,2026-03-26,2026-03-15,In Progress,2.4,1
PRG0005391,STU00316,MOD00159,CRS020,2026-04-11,2026-03-31,Completed,12.3,39
PRG0005392,STU00316,MOD00160,CRS020,2026-03-18,2026-05-16,In Progress,2.25,79
PRG0005393,STU00317,MOD00034,CRS005,2025-12-10,2025-12-03,In Progress,6.69,27
PRG0005394,STU00317,MOD00035,CRS005,2025-12-01,2025-11-29,In Progress,7.47,54
PRG0005395,STU00317,MOD00040,CRS005,2025-11-25,2025-12-09,Completed,1.05,96
PRG0005396,STU00318,MOD00009,CRS002,2025-07-10,2025-09-12,In Progress,3.38,55
PRG0005397,STU00318,MOD00010,CRS002,2025-07-28,2025-09-22,In Progress,8.47,43
PRG0005398,STU00318,MOD00011,CRS002,2025-07-08,2025-08-18,In Progress,5.46,21
PRG0005399,STU00318,MOD00012,CRS002,2025-08-02,2025-09-23,Completed,8.4,2
PRG0005400,STU00318,MOD00013,CRS002,2025-07-10,2025-09-15,Completed,3.67,65
PRG0005401,STU00318,MOD00014,CRS002,2025-07-16,2025-09-27,Completed,2.96,6
PRG0005402,STU00318,MOD00015,CRS002,2025-07-14,2025-07-17,Completed,2.54,90
PRG0005403,STU00318,MOD00016,CRS002,2025-07-28,2025-08-18,Completed,11.75,67
PRG0005404,STU00318,MOD00107,CRS014,2025-10-10,2025-10-08,In Progress,8.37,49
PRG0005405,STU00318,MOD00110,CRS014,2025-10-11,2025-11-16,Completed,1.13,67
PRG0005406,STU00318,MOD00111,CRS014,2025-09-13,2025-12-03,In Progress,6.82,51
PRG0005407,STU00318,MOD00025,CRS004,2026-03-01,2026-03-30,Completed,12.23,76
PRG0005408,STU00318,MOD00026,CRS004,2026-03-06,2026-03-18,Completed,6.44,80
PRG0005409,STU00318,MOD00027,CRS004,2026-02-17,2026-04-08,Not Started,1.61,71
PRG0005410,STU00318,MOD00028,CRS004,2026-03-07,2026-03-29,Completed,1.22,54
PRG0005411,STU00318,MOD00029,CRS004,2026-03-03,2026-02-10,Completed,4.18,52
PRG0005412,STU00318,MOD00030,CRS004,2026-02-16,2026-02-07,Completed,9.38,39
PRG0005413,STU00318,MOD00031,CRS004,2026-03-04,2026-04-30,In Progress,1.74,75
PRG0005414,STU00318,MOD00032,CRS004,2026-02-06,2026-03-10,Completed,4.7,98
PRG0005415,STU00318,MOD00033,CRS005,2026-02-24,2026-04-16,Completed,1.41,0
PRG0005416,STU00318,MOD00034,CRS005,2026-03-11,2026-04-08,In Progress,11.86,49
PRG0005417,STU00318,MOD00035,CRS005,2026-03-03,2026-03-25,Completed,1.71,100
PRG0005418,STU00318,MOD00036,CRS005,2026-02-23,2026-02-24,Completed,4.25,96
PRG0005419,STU00318,MOD00037,CRS005,2026-02-26,2026-03-03,Completed,2.23,49
PRG0005420,STU00318,MOD00038,CRS005,2026-03-08,2026-04-21,Not Started,10.71,67
PRG0005421,STU00318,MOD00039,CRS005,2026-03-10,2026-05-20,In Progress,8.31,66
PRG0005422,STU00318,MOD00040,CRS005,2026-03-06,2026-03-26,Not Started,11.99,72
PRG0005423,STU00319,MOD00041,CRS006,2025-10-27,2025-10-30,In Progress,5.15,19
PRG0005424,STU00319,MOD00042,CRS006,2025-10-28,2025-12-19,Completed,4.12,100
PRG0005425,STU00319,MOD00043,CRS006,2025-11-18,2025-11-13,Completed,1.97,68
PRG0005426,STU00319,MOD00044,CRS006,2025-10-23,2025-12-18,Not Started,3.39,71
PRG0005427,STU00319,MOD00045,CRS006,2025-10-31,2026-01-08,Completed,2.48,99
PRG0005428,STU00319,MOD00046,CRS006,2025-11-22,2025-11-18,Completed,3.83,69
PRG0005429,STU00319,MOD00047,CRS006,2025-11-08,2025-11-21,In Progress,2.24,55
PRG0005430,STU00319,MOD00048,CRS006,2025-11-21,2025-11-23,Completed,3.51,2
PRG0005431,STU00319,MOD00065,CRS009,2026-03-10,2026-03-17,In Progress,3.37,72
PRG0005432,STU00319,MOD00066,CRS009,2026-03-17,2026-04-01,Completed,5.72,72
PRG0005433,STU00319,MOD00067,CRS009,2026-03-11,2026-05-13,Not Started,4.33,65
PRG0005434,STU00319,MOD00068,CRS009,2026-02-28,2026-03-16,Completed,2.74,27
PRG0005435,STU00319,MOD00069,CRS009,2026-03-22,2026-03-07,Completed,9.15,12
PRG0005436,STU00319,MOD00070,CRS009,2026-03-22,2026-04-13,Completed,10.08,76
PRG0005437,STU00319,MOD00072,CRS009,2026-03-14,2026-03-27,Completed,5.7,52
PRG0005438,STU00319,MOD00081,CRS011,2026-03-13,2026-04-21,Completed,1.38,45
PRG0005439,STU00319,MOD00082,CRS011,2026-02-23,2026-03-09,Completed,2.13,66
PRG0005440,STU00319,MOD00087,CRS011,2026-02-27,2026-04-20,Completed,1.65,65
PRG0005441,STU00320,MOD00042,CRS006,2025-10-07,2025-11-22,In Progress,10.17,90
PRG0005442,STU00320,MOD00043,CRS006,2025-10-26,2025-10-05,In Progress,3.1,7
PRG0005443,STU00320,MOD00044,CRS006,2025-10-02,2025-11-30,Not Started,4.21,62
PRG0005444,STU00320,MOD00045,CRS006,2025-10-01,2025-10-07,Completed,1.33,71
PRG0005445,STU00320,MOD00046,CRS006,2025-10-28,2025-12-04,In Progress,2.86,31
PRG0005446,STU00320,MOD00047,CRS006,2025-10-28,2025-12-24,Completed,9.49,56
PRG0005447,STU00320,MOD00048,CRS006,2025-10-13,2025-10-06,Completed,3.37,52
PRG0005448,STU00320,MOD00057,CRS008,2026-01-10,2025-12-25,Completed,3.23,38
PRG0005449,STU00320,MOD00058,CRS008,2025-12-16,2026-01-24,In Progress,5.23,11
PRG0005450,STU00320,MOD00061,CRS008,2026-01-07,2026-02-13,Completed,4.32,49
PRG0005451,STU00320,MOD00064,CRS008,2025-12-28,2026-03-13,In Progress,4.55,12
PRG0005452,STU00320,MOD00019,CRS003,2025-10-22,2025-10-24,Completed,7.34,42
PRG0005453,STU00320,MOD00022,CRS003,2025-10-20,2025-11-26,Completed,11.0,79
PRG0005454,STU00320,MOD00049,CRS007,2025-10-07,2025-12-15,Completed,1.15,30
PRG0005455,STU00320,MOD00050,CRS007,2025-10-02,2025-10-11,In Progress,5.97,17
PRG0005456,STU00320,MOD00051,CRS007,2025-10-01,2025-10-02,In Progress,2.44,92
PRG0005457,STU00320,MOD00052,CRS007,2025-10-26,2025-11-03,In Progress,1.39,35
PRG0005458,STU00320,MOD00054,CRS007,2025-10-09,2025-11-26,Not Started,3.05,6
PRG0005459,STU00320,MOD00056,CRS007,2025-10-15,2025-12-08,In Progress,3.86,70
PRG0005460,STU00320,MOD00073,CRS010,2025-10-05,2025-12-25,Not Started,7.31,94
PRG0005461,STU00320,MOD00074,CRS010,2025-09-29,2025-10-23,Completed,3.92,11
PRG0005462,STU00320,MOD00075,CRS010,2025-10-26,2025-11-27,Not Started,8.64,41
PRG0005463,STU00320,MOD00076,CRS010,2025-10-18,2025-12-04,Completed,1.45,63
PRG0005464,STU00320,MOD00078,CRS010,2025-10-04,2025-11-25,Completed,2.91,36
PRG0005465,STU00320,MOD00079,CRS010,2025-10-05,2025-10-28,Completed,2.0,50
PRG0005466,STU00320,MOD00080,CRS010,2025-10-18,2025-10-27,In Progress,1.82,12
PRG0005467,STU00321,MOD00114,CRS015,2026-01-19,2026-03-31,Not Started,3.0,28
PRG0005468,STU00321,MOD00116,CRS015,2026-02-03,2026-03-04,Completed,3.25,73
PRG0005469,STU00321,MOD00117,CRS015,2026-02-05,2026-02-01,Not Started,2.07,54
PRG0005470,STU00321,MOD00118,CRS015,2026-01-27,2026-03-13,Completed,10.92,62
PRG0005471,STU00321,MOD00049,CRS007,2026-04-11,2026-04-15,In Progress,1.61,80
PRG0005472,STU00321,MOD00050,CRS007,2026-04-19,2026-06-20,Completed,6.33,28
PRG0005473,STU00321,MOD00051,CRS007,2026-04-20,2026-03-29,Completed,5.21,54
PRG0005474,STU00321,MOD00052,CRS007,2026-04-06,2026-06-23,Completed,5.24,30
PRG0005475,STU00321,MOD00053,CRS007,2026-04-02,2026-06-24,Completed,2.98,85
PRG0005476,STU00321,MOD00054,CRS007,2026-04-20,2026-05-22,In Progress,3.41,56
PRG0005477,STU00321,MOD00055,CRS007,2026-04-24,2026-06-05,Not Started,2.01,63
PRG0005478,STU00321,MOD00056,CRS007,2026-04-08,2026-04-07,Completed,4.14,61
PRG0005479,STU00321,MOD00153,CRS020,2025-09-09,2025-09-27,Completed,13.38,40
PRG0005480,STU00321,MOD00154,CRS020,2025-09-09,2025-10-10,Completed,9.5,50
PRG0005481,STU00321,MOD00155,CRS020,2025-09-23,2025-09-28,Completed,4.35,64
PRG0005482,STU00321,MOD00156,CRS020,2025-09-29,2025-09-11,In Progress,4.85,2
PRG0005483,STU00321,MOD00157,CRS020,2025-09-19,2025-11-25,Completed,1.95,46
PRG0005484,STU00321,MOD00158,CRS020,2025-09-08,2025-09-12,In Progress,1.46,59
PRG0005485,STU00321,MOD00159,CRS020,2025-09-27,2025-09-10,Completed,5.63,85
PRG0005486,STU00321,MOD00160,CRS020,2025-09-22,2025-09-15,Completed,2.39,20
PRG0005487,STU00321,MOD00089,CRS012,2026-01-29,2026-03-11,Completed,4.85,11
PRG0005488,STU00321,MOD00090,CRS012,2026-01-21,2026-03-06,Completed,3.83,61
PRG0005489,STU00321,MOD00091,CRS012,2026-02-17,2026-03-14,Completed,5.6,40
PRG0005490,STU00321,MOD00092,CRS012,2026-02-04,2026-04-04,Completed,9.63,29
PRG0005491,STU00321,MOD00093,CRS012,2026-01-31,2026-03-15,Completed,3.1,75
PRG0005492,STU00321,MOD00094,CRS012,2026-02-15,2026-03-26,Completed,2.23,45
PRG0005493,STU00321,MOD00095,CRS012,2026-02-02,2026-01-26,In Progress,2.72,15
PRG0005494,STU00321,MOD00096,CRS012,2026-01-26,2026-01-29,Completed,11.17,47
PRG0005495,STU00322,MOD00003,CRS001,2025-11-29,2026-01-21,In Progress,1.65,53
PRG0005496,STU00322,MOD00005,CRS001,2025-11-12,2025-12-14,Completed,5.24,5
PRG0005497,STU00322,MOD00006,CRS001,2025-11-21,2026-01-21,Completed,3.59,89
PRG0005498,STU00322,MOD00007,CRS001,2025-11-27,2026-01-19,Not Started,7.98,43
PRG0005499,STU00322,MOD00034,CRS005,2026-01-03,2026-02-20,Completed,8.19,46
PRG0005500,STU00322,MOD00036,CRS005,2026-01-20,2026-01-29,In Progress,3.49,91
PRG0005501,STU00322,MOD00040,CRS005,2026-01-01,2026-03-17,Completed,1.21,0
PRG0005502,STU00322,MOD00050,CRS007,2025-09-23,2025-10-17,Completed,10.76,100
PRG0005503,STU00322,MOD00052,CRS007,2025-10-02,2025-10-11,Completed,1.47,96
PRG0005504,STU00323,MOD00019,CRS003,2025-12-23,2026-03-04,Completed,6.16,100
PRG0005505,STU00323,MOD00035,CRS005,2026-04-20,2026-04-17,Completed,4.07,14
PRG0005506,STU00323,MOD00036,CRS005,2026-04-23,2026-05-07,In Progress,3.81,15
PRG0005507,STU00323,MOD00037,CRS005,2026-04-29,2026-04-18,In Progress,2.53,28
PRG0005508,STU00323,MOD00040,CRS005,2026-04-30,2026-06-27,Completed,11.4,71
PRG0005509,STU00323,MOD00025,CRS004,2025-10-02,2025-12-17,Completed,8.21,45
PRG0005510,STU00323,MOD00026,CRS004,2025-10-18,2025-11-27,In Progress,2.39,57
PRG0005511,STU00323,MOD00027,CRS004,2025-09-25,2025-10-28,Completed,1.3,98
PRG0005512,STU00323,MOD00028,CRS004,2025-10-09,2025-10-11,Completed,2.2,86
PRG0005513,STU00323,MOD00029,CRS004,2025-10-01,2025-10-09,Completed,4.27,98
PRG0005514,STU00323,MOD00030,CRS004,2025-10-19,2025-11-08,Completed,5.62,94
PRG0005515,STU00323,MOD00031,CRS004,2025-10-09,2025-09-28,In Progress,1.5,82
PRG0005516,STU00323,MOD00032,CRS004,2025-10-04,2025-11-23,Completed,6.27,19
PRG0005517,STU00324,MOD00081,CRS011,2025-12-27,2026-01-03,In Progress,2.57,36
PRG0005518,STU00324,MOD00082,CRS011,2026-01-15,2026-02-06,In Progress,2.28,27
PRG0005519,STU00324,MOD00085,CRS011,2026-01-18,2025-12-29,Completed,4.31,1
PRG0005520,STU00324,MOD00087,CRS011,2026-01-14,2026-03-15,Completed,1.9,60
PRG0005521,STU00324,MOD00065,CRS009,2025-09-17,2025-10-25,Completed,2.72,59
PRG0005522,STU00324,MOD00066,CRS009,2025-09-22,2025-10-10,Completed,4.51,88
PRG0005523,STU00324,MOD00067,CRS009,2025-10-02,2025-11-04,Completed,1.82,19
PRG0005524,STU00324,MOD00068,CRS009,2025-09-26,2025-11-11,Completed,1.85,9
PRG0005525,STU00324,MOD00070,CRS009,2025-09-23,2025-09-11,Completed,11.96,9
PRG0005526,STU00324,MOD00071,CRS009,2025-10-01,2025-10-08,Completed,2.75,31
PRG0005527,STU00324,MOD00072,CRS009,2025-09-09,2025-10-09,Completed,5.36,2
PRG0005528,STU00325,MOD00001,CRS001,2026-03-30,2026-06-05,In Progress,7.28,21
PRG0005529,STU00325,MOD00002,CRS001,2026-03-30,2026-05-05,Completed,11.61,81
PRG0005530,STU00325,MOD00003,CRS001,2026-03-18,2026-05-18,In Progress,2.52,76
PRG0005531,STU00325,MOD00004,CRS001,2026-03-20,2026-05-02,Completed,2.41,10
PRG0005532,STU00325,MOD00006,CRS001,2026-04-04,2026-06-05,Completed,4.17,7
PRG0005533,STU00325,MOD00007,CRS001,2026-03-23,2026-05-13,Completed,1.28,100
PRG0005534,STU00325,MOD00008,CRS001,2026-04-15,2026-04-09,In Progress,11.54,87
PRG0005535,STU00325,MOD00025,CRS004,2026-02-20,2026-03-30,Completed,2.01,61
PRG0005536,STU00325,MOD00026,CRS004,2026-02-23,2026-04-02,Completed,2.39,54
PRG0005537,STU00325,MOD00028,CRS004,2026-02-17,2026-04-28,Not Started,2.81,43
PRG0005538,STU00325,MOD00030,CRS004,2026-02-11,2026-04-29,In Progress,1.12,29
PRG0005539,STU00325,MOD00031,CRS004,2026-02-23,2026-04-06,Completed,4.46,29
PRG0005540,STU00325,MOD00065,CRS009,2026-02-22,2026-04-04,Completed,1.01,46
PRG0005541,STU00325,MOD00066,CRS009,2026-02-05,2026-02-11,Completed,8.21,87
PRG0005542,STU00325,MOD00067,CRS009,2026-03-04,2026-02-07,Not Started,5.99,72
PRG0005543,STU00325,MOD00068,CRS009,2026-02-12,2026-04-02,Completed,2.04,9
PRG0005544,STU00325,MOD00069,CRS009,2026-02-16,2026-04-30,In Progress,5.58,99
PRG0005545,STU00325,MOD00070,CRS009,2026-02-05,2026-02-17,In Progress,6.47,29
PRG0005546,STU00325,MOD00071,CRS009,2026-02-27,2026-04-14,In Progress,5.45,93
PRG0005547,STU00325,MOD00072,CRS009,2026-02-09,2026-03-10,In Progress,4.85,16
PRG0005548,STU00325,MOD00009,CRS002,2026-02-21,2026-02-03,Completed,2.5,23
PRG0005549,STU00325,MOD00010,CRS002,2026-02-02,2026-03-21,Completed,3.14,75
PRG0005550,STU00325,MOD00011,CRS002,2026-02-26,2026-03-23,In Progress,1.86,6
PRG0005551,STU00325,MOD00012,CRS002,2026-02-07,2026-02-24,Completed,1.13,72
PRG0005552,STU00325,MOD00013,CRS002,2026-02-22,2026-04-07,In Progress,3.21,52
PRG0005553,STU00325,MOD00014,CRS002,2026-02-18,2026-04-25,Completed,13.26,62
PRG0005554,STU00325,MOD00015,CRS002,2026-02-04,2026-03-03,In Progress,1.78,41
PRG0005555,STU00325,MOD00016,CRS002,2026-03-03,2026-04-27,Completed,2.5,90
PRG0005556,STU00326,MOD00057,CRS008,2025-07-04,2025-09-17,In Progress,5.51,42
PRG0005557,STU00326,MOD00058,CRS008,2025-07-03,2025-07-27,In Progress,9.14,28
PRG0005558,STU00326,MOD00059,CRS008,2025-07-19,2025-09-26,Completed,6.69,39
PRG0005559,STU00326,MOD00060,CRS008,2025-07-16,2025-07-26,Completed,3.9,83
PRG0005560,STU00326,MOD00061,CRS008,2025-07-15,2025-07-20,In Progress,6.16,33
PRG0005561,STU00326,MOD00062,CRS008,2025-07-02,2025-08-19,In Progress,5.82,62
PRG0005562,STU00326,MOD00063,CRS008,2025-07-24,2025-07-26,Completed,3.79,32
PRG0005563,STU00326,MOD00064,CRS008,2025-06-30,2025-09-02,Not Started,1.43,4
PRG0005564,STU00326,MOD00089,CRS012,2026-02-07,2026-03-17,In Progress,9.2,61
PRG0005565,STU00326,MOD00090,CRS012,2026-02-21,2026-02-25,In Progress,3.65,30
PRG0005566,STU00326,MOD00091,CRS012,2026-02-23,2026-03-07,Completed,9.33,9
PRG0005567,STU00326,MOD00092,CRS012,2026-01-26,2026-03-16,Completed,13.39,71
PRG0005568,STU00326,MOD00093,CRS012,2026-02-16,2026-03-22,Completed,1.31,62
PRG0005569,STU00326,MOD00094,CRS012,2026-01-31,2026-02-08,In Progress,1.42,4
PRG0005570,STU00326,MOD00095,CRS012,2026-02-06,2026-04-07,Completed,3.16,15
PRG0005571,STU00326,MOD00096,CRS012,2026-02-12,2026-03-08,In Progress,9.51,22
PRG0005572,STU00327,MOD00001,CRS001,2025-08-30,2025-10-26,In Progress,7.28,96
PRG0005573,STU00327,MOD00003,CRS001,2025-09-19,2025-10-23,Completed,2.18,49
PRG0005574,STU00327,MOD00004,CRS001,2025-09-15,2025-10-20,Completed,5.68,70
PRG0005575,STU00327,MOD00005,CRS001,2025-09-16,2025-10-06,Completed,2.52,11
PRG0005576,STU00327,MOD00006,CRS001,2025-09-19,2025-11-12,Not Started,5.24,78
PRG0005577,STU00327,MOD00007,CRS001,2025-08-22,2025-10-10,Not Started,8.37,96
PRG0005578,STU00328,MOD00049,CRS007,2025-12-22,2025-12-05,In Progress,4.41,1
PRG0005579,STU00328,MOD00050,CRS007,2025-12-18,2026-01-21,Completed,6.79,65
PRG0005580,STU00328,MOD00051,CRS007,2025-12-01,2026-01-30,In Progress,8.1,1
PRG0005581,STU00328,MOD00052,CRS007,2025-12-16,2026-01-22,Not Started,3.26,45
PRG0005582,STU00328,MOD00053,CRS007,2025-12-09,2026-02-11,Completed,2.42,44
PRG0005583,STU00328,MOD00054,CRS007,2025-12-01,2026-01-01,Completed,2.97,94
PRG0005584,STU00328,MOD00055,CRS007,2025-12-09,2026-02-15,Completed,1.1,50
PRG0005585,STU00328,MOD00025,CRS004,2025-12-10,2025-12-19,In Progress,7.42,27
PRG0005586,STU00328,MOD00026,CRS004,2025-12-19,2025-12-24,Completed,7.13,46
PRG0005587,STU00328,MOD00027,CRS004,2025-12-15,2025-11-28,In Progress,1.28,54
PRG0005588,STU00328,MOD00028,CRS004,2025-12-03,2026-02-05,In Progress,2.31,100
PRG0005589,STU00328,MOD00029,CRS004,2025-12-27,2026-01-19,Not Started,1.45,92
PRG0005590,STU00328,MOD00030,CRS004,2025-12-17,2026-01-19,In Progress,1.41,64
PRG0005591,STU00328,MOD00031,CRS004,2025-12-18,2025-12-19,Completed,8.89,55
PRG0005592,STU00328,MOD00032,CRS004,2025-12-10,2025-12-17,Not Started,2.08,83
PRG0005593,STU00329,MOD00153,CRS020,2026-01-12,2026-01-19,Completed,5.57,14
PRG0005594,STU00329,MOD00154,CRS020,2026-01-19,2026-02-21,Completed,9.57,43
PRG0005595,STU00329,MOD00155,CRS020,2026-01-05,2026-02-06,Completed,4.56,12
PRG0005596,STU00329,MOD00160,CRS020,2026-01-23,2026-03-08,Completed,3.02,49
PRG0005597,STU00329,MOD00001,CRS001,2026-02-28,2026-03-28,Not Started,8.89,38
PRG0005598,STU00329,MOD00002,CRS001,2026-03-12,2026-04-02,Not Started,1.17,28
PRG0005599,STU00329,MOD00003,CRS001,2026-03-02,2026-05-04,In Progress,2.17,63
PRG0005600,STU00329,MOD00004,CRS001,2026-03-05,2026-04-11,In Progress,3.65,46
PRG0005601,STU00329,MOD00005,CRS001,2026-02-23,2026-03-01,Completed,4.19,67
PRG0005602,STU00329,MOD00006,CRS001,2026-02-26,2026-04-29,In Progress,1.07,41
PRG0005603,STU00329,MOD00007,CRS001,2026-02-26,2026-03-05,Completed,5.68,63
PRG0005604,STU00329,MOD00008,CRS001,2026-02-23,2026-03-04,Completed,1.83,82
PRG0005605,STU00329,MOD00100,CRS013,2026-01-06,2026-03-03,In Progress,5.54,79
PRG0005606,STU00329,MOD00102,CRS013,2026-01-21,2026-01-30,Completed,4.26,12
PRG0005607,STU00329,MOD00103,CRS013,2026-01-03,2026-02-25,Completed,6.85,34
PRG0005608,STU00330,MOD00129,CRS017,2025-12-22,2026-02-13,Completed,3.41,89
PRG0005609,STU00330,MOD00130,CRS017,2025-12-06,2025-12-06,Completed,9.3,74
PRG0005610,STU00330,MOD00131,CRS017,2025-11-28,2025-12-03,Completed,1.22,6
PRG0005611,STU00330,MOD00132,CRS017,2025-11-26,2025-12-02,In Progress,3.62,14
PRG0005612,STU00330,MOD00133,CRS017,2025-11-26,2025-12-18,Completed,10.02,61
PRG0005613,STU00330,MOD00134,CRS017,2025-12-24,2026-01-02,Completed,1.08,86
PRG0005614,STU00330,MOD00135,CRS017,2025-12-24,2025-12-25,Completed,2.1,82
PRG0005615,STU00330,MOD00136,CRS017,2025-12-03,2025-12-09,Completed,6.14,89
PRG0005616,STU00330,MOD00097,CRS013,2025-09-02,2025-10-26,Not Started,7.87,55
PRG0005617,STU00330,MOD00098,CRS013,2025-09-12,2025-11-04,Completed,1.39,20
PRG0005618,STU00330,MOD00099,CRS013,2025-09-15,2025-09-25,In Progress,1.64,50
PRG0005619,STU00330,MOD00100,CRS013,2025-10-02,2025-11-30,In Progress,5.18,87
PRG0005620,STU00330,MOD00101,CRS013,2025-09-10,2025-11-30,Completed,1.59,73
PRG0005621,STU00330,MOD00102,CRS013,2025-09-14,2025-10-28,In Progress,4.87,4
PRG0005622,STU00330,MOD00103,CRS013,2025-09-18,2025-10-10,Completed,3.82,92
PRG0005623,STU00330,MOD00104,CRS013,2025-09-08,2025-09-21,In Progress,11.43,43
PRG0005624,STU00330,MOD00113,CRS015,2025-09-29,2025-10-22,Completed,3.62,68
PRG0005625,STU00330,MOD00114,CRS015,2025-10-01,2025-10-28,Not Started,2.89,20
PRG0005626,STU00330,MOD00115,CRS015,2025-09-30,2025-10-18,In Progress,2.77,49
PRG0005627,STU00330,MOD00117,CRS015,2025-09-24,2025-10-10,Completed,1.33,41
PRG0005628,STU00330,MOD00118,CRS015,2025-09-23,2025-11-16,Completed,5.74,76
PRG0005629,STU00330,MOD00119,CRS015,2025-09-30,2025-09-29,In Progress,3.25,90
PRG0005630,STU00330,MOD00082,CRS011,2026-04-12,2026-05-19,Completed,12.14,98
PRG0005631,STU00330,MOD00084,CRS011,2026-04-26,2026-06-28,Not Started,3.37,48
PRG0005632,STU00330,MOD00086,CRS011,2026-04-22,2026-05-02,Completed,2.7,37
PRG0005633,STU00330,MOD00087,CRS011,2026-04-25,2026-04-12,In Progress,2.65,98
PRG0005634,STU00330,MOD00088,CRS011,2026-05-04,2026-04-30,Completed,5.62,72
PRG0005635,STU00330,MOD00018,CRS003,2025-12-27,2026-03-03,Completed,7.64,91
PRG0005636,STU00330,MOD00020,CRS003,2026-01-10,2026-02-18,Completed,3.86,76
PRG0005637,STU00330,MOD00022,CRS003,2025-12-27,2026-03-11,Not Started,1.16,60
PRG0005638,STU00331,MOD00129,CRS017,2025-12-30,2026-01-15,Completed,6.37,74
PRG0005639,STU00331,MOD00130,CRS017,2026-01-02,2026-01-26,In Progress,2.35,98
PRG0005640,STU00331,MOD00131,CRS017,2025-12-29,2026-01-13,Completed,4.3,37
PRG0005641,STU00331,MOD00132,CRS017,2025-12-20,2026-02-02,Completed,5.59,70
PRG0005642,STU00331,MOD00133,CRS017,2025-12-18,2025-12-24,Completed,14.82,80
PRG0005643,STU00331,MOD00134,CRS017,2025-12-19,2026-02-17,Completed,4.3,55
PRG0005644,STU00331,MOD00135,CRS017,2025-12-26,2026-01-22,Completed,3.37,78
PRG0005645,STU00331,MOD00136,CRS017,2025-12-17,2026-02-08,In Progress,4.08,35
PRG0005646,STU00331,MOD00089,CRS012,2026-01-06,2025-12-25,Completed,2.06,6
PRG0005647,STU00331,MOD00090,CRS012,2025-12-21,2025-12-26,Completed,2.87,78
PRG0005648,STU00331,MOD00091,CRS012,2025-12-17,2026-02-20,In Progress,6.61,2
PRG0005649,STU00331,MOD00092,CRS012,2026-01-10,2026-01-13,In Progress,12.62,4
PRG0005650,STU00331,MOD00093,CRS012,2025-12-17,2026-01-28,Completed,6.66,47
PRG0005651,STU00331,MOD00094,CRS012,2025-12-30,2026-01-15,In Progress,1.65,28
PRG0005652,STU00331,MOD00095,CRS012,2025-12-18,2026-02-01,Completed,1.11,73
PRG0005653,STU00331,MOD00096,CRS012,2026-01-01,2026-02-13,Not Started,5.57,1
PRG0005654,STU00331,MOD00082,CRS011,2026-01-06,2026-01-15,In Progress,11.88,75
PRG0005655,STU00332,MOD00114,CRS015,2026-04-19,2026-05-11,In Progress,4.28,86
PRG0005656,STU00332,MOD00115,CRS015,2026-04-14,2026-05-06,Not Started,2.93,90
PRG0005657,STU00332,MOD00089,CRS012,2026-04-02,2026-05-21,Completed,9.35,90
PRG0005658,STU00332,MOD00090,CRS012,2026-04-03,2026-04-28,Not Started,3.03,93
PRG0005659,STU00332,MOD00091,CRS012,2026-03-30,2026-05-06,In Progress,9.02,8
PRG0005660,STU00332,MOD00092,CRS012,2026-03-23,2026-05-24,Completed,6.14,64
PRG0005661,STU00332,MOD00093,CRS012,2026-04-11,2026-03-22,Completed,7.71,65
PRG0005662,STU00332,MOD00094,CRS012,2026-04-10,2026-04-17,Completed,1.67,88
PRG0005663,STU00332,MOD00095,CRS012,2026-03-20,2026-03-24,Not Started,3.29,15
PRG0005664,STU00332,MOD00073,CRS010,2026-01-01,2026-01-18,Completed,6.16,73
PRG0005665,STU00332,MOD00074,CRS010,2025-12-21,2026-01-19,Completed,4.48,43
PRG0005666,STU00332,MOD00075,CRS010,2025-12-27,2026-02-15,Completed,8.08,94
PRG0005667,STU00332,MOD00076,CRS010,2026-01-14,2026-03-09,Completed,1.23,43
PRG0005668,STU00332,MOD00077,CRS010,2025-12-17,2025-12-23,Completed,2.73,11
PRG0005669,STU00332,MOD00078,CRS010,2025-12-18,2026-02-07,Completed,2.93,33
PRG0005670,STU00332,MOD00079,CRS010,2025-12-24,2025-12-27,Completed,1.33,85
PRG0005671,STU00332,MOD00080,CRS010,2025-12-22,2026-02-26,Completed,2.23,48
PRG0005672,STU00332,MOD00065,CRS009,2025-09-17,2025-09-19,Completed,2.64,86
PRG0005673,STU00332,MOD00066,CRS009,2025-09-07,2025-11-19,Not Started,2.54,54
PRG0005674,STU00332,MOD00068,CRS009,2025-10-03,2025-09-05,Completed,1.59,80
PRG0005675,STU00332,MOD00069,CRS009,2025-09-07,2025-09-10,In Progress,5.77,87
PRG0005676,STU00332,MOD00070,CRS009,2025-09-30,2025-09-16,Completed,9.93,7
PRG0005677,STU00332,MOD00071,CRS009,2025-09-09,2025-11-13,Completed,11.84,97
PRG0005678,STU00333,MOD00120,CRS015,2025-10-19,2025-11-06,Completed,4.42,78
PRG0005679,STU00334,MOD00041,CRS006,2025-05-18,2025-08-01,Completed,3.7,77
PRG0005680,STU00334,MOD00042,CRS006,2025-05-22,2025-06-02,Completed,9.86,72
PRG0005681,STU00334,MOD00043,CRS006,2025-06-03,2025-06-06,Completed,1.76,28
PRG0005682,STU00334,MOD00044,CRS006,2025-05-22,2025-07-15,In Progress,2.74,97
PRG0005683,STU00334,MOD00045,CRS006,2025-05-14,2025-05-23,Not Started,2.4,71
PRG0005684,STU00334,MOD00046,CRS006,2025-05-07,2025-05-06,Completed,1.87,94
PRG0005685,STU00334,MOD00047,CRS006,2025-05-23,2025-06-27,Completed,13.74,68
PRG0005686,STU00334,MOD00048,CRS006,2025-06-04,2025-06-02,Completed,3.21,39
PRG0005687,STU00334,MOD00017,CRS003,2025-12-19,2026-01-04,Completed,4.71,17
PRG0005688,STU00334,MOD00018,CRS003,2025-12-25,2026-02-10,Completed,6.85,81
PRG0005689,STU00334,MOD00019,CRS003,2025-12-13,2025-12-19,In Progress,3.91,88
PRG0005690,STU00334,MOD00020,CRS003,2025-12-27,2026-02-23,Completed,1.48,37
PRG0005691,STU00334,MOD00021,CRS003,2025-12-11,2026-01-30,Completed,10.17,20
PRG0005692,STU00334,MOD00022,CRS003,2025-12-07,2026-02-21,In Progress,2.14,9
PRG0005693,STU00334,MOD00023,CRS003,2025-12-28,2026-01-07,Not Started,1.81,89
PRG0005694,STU00334,MOD00024,CRS003,2025-12-10,2026-01-25,Completed,14.88,77
PRG0005695,STU00334,MOD00089,CRS012,2026-04-03,2026-03-29,Completed,5.69,6
PRG0005696,STU00334,MOD00090,CRS012,2026-04-10,2026-05-18,In Progress,2.89,36
PRG0005697,STU00334,MOD00091,CRS012,2026-03-23,2026-05-12,Completed,8.64,37
PRG0005698,STU00334,MOD00092,CRS012,2026-03-17,2026-05-15,Completed,4.85,55
PRG0005699,STU00334,MOD00093,CRS012,2026-03-17,2026-06-04,Completed,6.42,45
PRG0005700,STU00334,MOD00094,CRS012,2026-03-26,2026-05-11,Completed,2.07,29
PRG0005701,STU00334,MOD00095,CRS012,2026-04-14,2026-03-18,Completed,2.34,2
PRG0005702,STU00334,MOD00096,CRS012,2026-03-28,2026-04-15,Completed,6.58,27
PRG0005703,STU00334,MOD00105,CRS014,2025-05-24,2025-07-04,Completed,1.23,56
PRG0005704,STU00334,MOD00106,CRS014,2025-05-16,2025-06-25,Completed,2.8,28
PRG0005705,STU00334,MOD00107,CRS014,2025-05-28,2025-06-18,In Progress,2.17,42
PRG0005706,STU00334,MOD00108,CRS014,2025-05-09,2025-06-06,In Progress,1.44,76
PRG0005707,STU00334,MOD00109,CRS014,2025-05-16,2025-06-14,Completed,9.36,15
PRG0005708,STU00334,MOD00110,CRS014,2025-05-06,2025-07-10,Completed,1.21,90
PRG0005709,STU00334,MOD00111,CRS014,2025-05-11,2025-05-09,In Progress,4.67,50
PRG0005710,STU00334,MOD00112,CRS014,2025-05-31,2025-06-07,Completed,6.55,72
PRG0005711,STU00335,MOD00065,CRS009,2025-11-29,2025-12-15,In Progress,2.28,93
PRG0005712,STU00335,MOD00066,CRS009,2025-12-01,2026-01-11,Not Started,2.69,67
PRG0005713,STU00335,MOD00068,CRS009,2025-11-13,2025-12-20,Completed,4.08,16
PRG0005714,STU00335,MOD00069,CRS009,2025-11-15,2026-01-23,Completed,9.25,7
PRG0005715,STU00335,MOD00072,CRS009,2025-11-15,2025-11-22,Completed,2.36,63
PRG0005716,STU00335,MOD00049,CRS007,2025-08-22,2025-09-22,Completed,1.77,99
PRG0005717,STU00335,MOD00050,CRS007,2025-08-27,2025-11-04,In Progress,10.4,86
PRG0005718,STU00335,MOD00051,CRS007,2025-08-08,2025-08-18,Not Started,3.31,56
PRG0005719,STU00335,MOD00052,CRS007,2025-09-01,2025-09-14,In Progress,2.73,22
PRG0005720,STU00335,MOD00053,CRS007,2025-08-19,2025-08-11,Completed,3.24,44
PRG0005721,STU00335,MOD00054,CRS007,2025-08-24,2025-09-24,Not Started,4.06,68
PRG0005722,STU00335,MOD00055,CRS007,2025-09-02,2025-10-30,Completed,1.48,81
PRG0005723,STU00335,MOD00056,CRS007,2025-08-31,2025-10-07,Completed,1.46,7
PRG0005724,STU00335,MOD00009,CRS002,2025-09-17,2025-11-04,In Progress,9.15,13
PRG0005725,STU00335,MOD00010,CRS002,2025-09-13,2025-11-08,Completed,2.74,44
PRG0005726,STU00335,MOD00011,CRS002,2025-09-14,2025-10-04,Not Started,3.57,69
PRG0005727,STU00335,MOD00012,CRS002,2025-09-26,2025-10-02,Completed,4.03,81
PRG0005728,STU00335,MOD00013,CRS002,2025-09-17,2025-10-14,In Progress,4.74,54
PRG0005729,STU00335,MOD00014,CRS002,2025-09-04,2025-10-02,Completed,11.68,78
PRG0005730,STU00335,MOD00015,CRS002,2025-09-14,2025-10-10,Completed,4.91,54
PRG0005731,STU00335,MOD00016,CRS002,2025-09-04,2025-10-28,Completed,4.99,21
PRG0005732,STU00336,MOD00137,CRS018,2025-09-27,2025-10-14,Completed,1.18,66
PRG0005733,STU00336,MOD00138,CRS018,2025-10-21,2025-11-21,Not Started,5.31,52
PRG0005734,STU00336,MOD00139,CRS018,2025-09-24,2025-12-12,Completed,9.45,56
PRG0005735,STU00336,MOD00140,CRS018,2025-09-30,2025-10-07,Completed,2.85,50
PRG0005736,STU00336,MOD00141,CRS018,2025-10-21,2025-10-13,Completed,6.87,18
PRG0005737,STU00336,MOD00142,CRS018,2025-10-11,2025-11-13,Not Started,6.98,91
PRG0005738,STU00336,MOD00144,CRS018,2025-09-28,2025-11-06,In Progress,8.08,82
PRG0005739,STU00336,MOD00113,CRS015,2025-11-25,2025-12-29,Completed,11.5,100
PRG0005740,STU00336,MOD00114,CRS015,2025-11-28,2025-12-17,In Progress,2.0,69
PRG0005741,STU00336,MOD00115,CRS015,2025-11-22,2025-12-10,Completed,2.81,38
PRG0005742,STU00336,MOD00116,CRS015,2025-12-11,2025-11-15,Completed,5.52,16
PRG0005743,STU00336,MOD00117,CRS015,2025-11-20,2025-11-21,Completed,2.36,21
PRG0005744,STU00336,MOD00118,CRS015,2025-11-13,2026-01-28,In Progress,6.59,63
PRG0005745,STU00336,MOD00119,CRS015,2025-11-27,2025-12-23,Completed,11.68,46
PRG0005746,STU00336,MOD00120,CRS015,2025-12-11,2026-01-14,In Progress,5.89,92
PRG0005747,STU00336,MOD00017,CRS003,2025-07-12,2025-06-20,In Progress,2.33,0
PRG0005748,STU00336,MOD00018,CRS003,2025-06-14,2025-08-11,In Progress,7.05,48
PRG0005749,STU00336,MOD00019,CRS003,2025-06-29,2025-07-18,In Progress,5.34,47
PRG0005750,STU00336,MOD00021,CRS003,2025-06-18,2025-06-27,Completed,8.07,84
PRG0005751,STU00337,MOD00050,CRS007,2026-01-31,2026-04-03,In Progress,1.24,51
PRG0005752,STU00337,MOD00051,CRS007,2026-01-07,2026-01-15,Completed,1.05,29
PRG0005753,STU00337,MOD00052,CRS007,2026-01-10,2026-04-03,Completed,2.97,46
PRG0005754,STU00337,MOD00053,CRS007,2026-01-19,2026-01-06,In Progress,1.3,69
PRG0005755,STU00337,MOD00056,CRS007,2026-01-19,2026-03-04,Completed,4.65,21
PRG0005756,STU00337,MOD00145,CRS019,2026-01-18,2026-02-14,Completed,1.73,96
PRG0005757,STU00337,MOD00146,CRS019,2026-01-30,2026-03-15,Completed,3.13,33
PRG0005758,STU00337,MOD00147,CRS019,2026-02-08,2026-01-25,In Progress,3.79,19
PRG0005759,STU00337,MOD00148,CRS019,2026-02-05,2026-03-18,In Progress,7.59,10
PRG0005760,STU00337,MOD00149,CRS019,2026-01-21,2026-03-12,In Progress,4.42,93
PRG0005761,STU00337,MOD00150,CRS019,2026-02-07,2026-02-08,Not Started,4.68,59
PRG0005762,STU00337,MOD00151,CRS019,2026-02-13,2026-04-16,Completed,7.79,19
PRG0005763,STU00337,MOD00152,CRS019,2026-02-15,2026-03-31,In Progress,3.34,30
PRG0005764,STU00337,MOD00097,CRS013,2026-01-20,2026-03-05,Completed,9.73,7
PRG0005765,STU00337,MOD00098,CRS013,2026-01-09,2026-03-02,Completed,4.76,35
PRG0005766,STU00337,MOD00099,CRS013,2026-01-19,2026-01-28,In Progress,2.85,52
PRG0005767,STU00337,MOD00100,CRS013,2026-01-29,2026-03-05,In Progress,4.6,42
PRG0005768,STU00337,MOD00101,CRS013,2026-01-29,2026-03-09,Completed,2.94,0
PRG0005769,STU00337,MOD00102,CRS013,2026-01-09,2026-03-20,Completed,2.81,35
PRG0005770,STU00337,MOD00103,CRS013,2026-01-23,2026-01-07,Completed,5.01,36
PRG0005771,STU00337,MOD00104,CRS013,2026-01-21,2026-01-18,Completed,5.03,83
PRG0005772,STU00337,MOD00065,CRS009,2026-01-28,2026-02-06,In Progress,1.86,73
PRG0005773,STU00337,MOD00066,CRS009,2026-01-13,2026-02-20,Completed,9.65,22
PRG0005774,STU00337,MOD00067,CRS009,2026-01-19,2026-01-14,In Progress,4.06,48
PRG0005775,STU00337,MOD00068,CRS009,2026-01-09,2026-03-15,Completed,2.24,8
PRG0005776,STU00337,MOD00069,CRS009,2026-01-22,2026-03-31,Completed,8.72,100
PRG0005777,STU00337,MOD00070,CRS009,2026-01-30,2026-01-14,In Progress,8.5,87
PRG0005778,STU00337,MOD00071,CRS009,2026-01-05,2026-03-27,Not Started,5.98,26
PRG0005779,STU00337,MOD00072,CRS009,2026-01-13,2026-01-05,In Progress,4.63,84
PRG0005780,STU00337,MOD00025,CRS004,2026-01-06,2026-03-08,In Progress,6.1,44
PRG0005781,STU00337,MOD00026,CRS004,2026-01-09,2026-01-26,Completed,6.22,64
PRG0005782,STU00337,MOD00027,CRS004,2026-01-09,2026-01-07,Completed,2.48,71
PRG0005783,STU00337,MOD00028,CRS004,2026-01-29,2026-01-24,Completed,1.98,76
PRG0005784,STU00337,MOD00029,CRS004,2026-01-26,2026-02-04,In Progress,1.8,51
PRG0005785,STU00337,MOD00030,CRS004,2026-01-05,2026-02-01,Completed,7.49,57
PRG0005786,STU00337,MOD00031,CRS004,2026-01-30,2026-03-01,Completed,10.68,22
PRG0005787,STU00337,MOD00032,CRS004,2026-01-15,2026-02-27,In Progress,2.94,82
PRG0005788,STU00338,MOD00097,CRS013,2025-07-23,2025-08-08,Completed,1.33,77
PRG0005789,STU00338,MOD00098,CRS013,2025-08-04,2025-10-12,Completed,1.5,60
PRG0005790,STU00338,MOD00099,CRS013,2025-08-11,2025-08-24,In Progress,2.03,67
PRG0005791,STU00338,MOD00100,CRS013,2025-08-10,2025-10-01,Completed,2.35,29
PRG0005792,STU00338,MOD00101,CRS013,2025-08-15,2025-08-17,In Progress,4.16,59
PRG0005793,STU00338,MOD00102,CRS013,2025-08-18,2025-09-05,Completed,1.22,88
PRG0005794,STU00338,MOD00103,CRS013,2025-08-06,2025-08-13,Completed,7.12,31
PRG0005795,STU00338,MOD00104,CRS013,2025-07-23,2025-08-11,Not Started,6.03,25
PRG0005796,STU00338,MOD00017,CRS003,2025-11-07,2025-12-02,Completed,10.19,90
PRG0005797,STU00338,MOD00018,CRS003,2025-11-13,2025-10-27,In Progress,3.87,31
PRG0005798,STU00338,MOD00020,CRS003,2025-11-23,2025-11-15,Completed,1.73,89
PRG0005799,STU00338,MOD00021,CRS003,2025-11-18,2025-12-15,In Progress,4.13,17
PRG0005800,STU00338,MOD00022,CRS003,2025-11-21,2025-11-05,Completed,4.44,56
PRG0005801,STU00338,MOD00023,CRS003,2025-10-31,2025-12-12,Not Started,5.52,89
PRG0005802,STU00338,MOD00024,CRS003,2025-11-19,2025-12-05,In Progress,2.06,75
PRG0005803,STU00339,MOD00145,CRS019,2025-05-10,2025-05-16,In Progress,3.05,47
PRG0005804,STU00339,MOD00146,CRS019,2025-04-18,2025-04-17,Completed,1.66,92
PRG0005805,STU00339,MOD00147,CRS019,2025-04-22,2025-07-06,Completed,2.68,39
PRG0005806,STU00339,MOD00148,CRS019,2025-05-04,2025-05-09,Completed,7.98,83
PRG0005807,STU00339,MOD00149,CRS019,2025-04-28,2025-06-30,In Progress,4.32,64
PRG0005808,STU00339,MOD00150,CRS019,2025-05-05,2025-06-10,Completed,8.3,53
PRG0005809,STU00339,MOD00151,CRS019,2025-04-23,2025-04-20,Completed,3.83,76
PRG0005810,STU00339,MOD00152,CRS019,2025-04-27,2025-05-29,In Progress,5.5,96
PRG0005811,STU00339,MOD00025,CRS004,2025-06-23,2025-08-18,Completed,11.63,24
PRG0005812,STU00339,MOD00026,CRS004,2025-07-04,2025-06-08,Completed,4.87,59
PRG0005813,STU00339,MOD00028,CRS004,2025-07-04,2025-06-13,Completed,1.29,25
PRG0005814,STU00339,MOD00029,CRS004,2025-06-18,2025-08-16,Completed,3.94,57
PRG0005815,STU00339,MOD00030,CRS004,2025-06-05,2025-07-26,In Progress,11.31,96
PRG0005816,STU00339,MOD00031,CRS004,2025-07-05,2025-08-01,Completed,2.12,10
PRG0005817,STU00339,MOD00032,CRS004,2025-06-28,2025-06-20,In Progress,7.38,89
PRG0005818,STU00339,MOD00153,CRS020,2026-03-24,2026-03-07,In Progress,4.5,49
PRG0005819,STU00339,MOD00154,CRS020,2026-03-30,2026-05-29,Completed,2.19,25
PRG0005820,STU00339,MOD00155,CRS020,2026-03-14,2026-05-22,Completed,7.41,44
PRG0005821,STU00339,MOD00156,CRS020,2026-03-03,2026-05-16,Completed,3.02,63
PRG0005822,STU00339,MOD00158,CRS020,2026-03-05,2026-05-30,Completed,3.18,43
PRG0005823,STU00339,MOD00159,CRS020,2026-03-10,2026-04-16,Completed,12.61,56
PRG0005824,STU00339,MOD00160,CRS020,2026-03-17,2026-03-16,In Progress,3.11,62
PRG0005825,STU00340,MOD00017,CRS003,2025-05-03,2025-07-13,Completed,5.09,82
PRG0005826,STU00340,MOD00018,CRS003,2025-05-18,2025-05-01,Completed,6.82,48
PRG0005827,STU00340,MOD00019,CRS003,2025-05-17,2025-07-17,In Progress,5.01,14
PRG0005828,STU00340,MOD00020,CRS003,2025-05-15,2025-06-22,Not Started,2.56,79
PRG0005829,STU00340,MOD00021,CRS003,2025-05-05,2025-04-24,In Progress,8.5,38
PRG0005830,STU00340,MOD00022,CRS003,2025-05-20,2025-06-07,Completed,8.09,90
PRG0005831,STU00340,MOD00023,CRS003,2025-05-22,2025-05-12,Completed,6.0,77
PRG0005832,STU00340,MOD00024,CRS003,2025-05-07,2025-04-30,Not Started,9.78,62
PRG0005833,STU00341,MOD00049,CRS007,2025-08-16,2025-10-10,Completed,5.37,75
PRG0005834,STU00341,MOD00050,CRS007,2025-08-14,2025-10-13,Completed,11.48,56
PRG0005835,STU00341,MOD00051,CRS007,2025-09-01,2025-08-23,In Progress,3.22,48
PRG0005836,STU00341,MOD00052,CRS007,2025-09-07,2025-09-27,In Progress,3.77,82
PRG0005837,STU00341,MOD00053,CRS007,2025-08-30,2025-08-14,In Progress,4.48,73
PRG0005838,STU00341,MOD00054,CRS007,2025-09-03,2025-08-15,In Progress,2.45,96
PRG0005839,STU00341,MOD00055,CRS007,2025-08-12,2025-10-05,Completed,1.75,83
PRG0005840,STU00341,MOD00056,CRS007,2025-08-21,2025-09-06,In Progress,2.1,82
PRG0005841,STU00341,MOD00114,CRS015,2025-04-24,2025-07-07,Completed,2.46,15
PRG0005842,STU00341,MOD00009,CRS002,2025-12-10,2025-12-10,Completed,5.19,24
PRG0005843,STU00341,MOD00010,CRS002,2025-12-11,2025-12-18,Completed,6.94,34
PRG0005844,STU00341,MOD00012,CRS002,2025-11-16,2025-12-30,Not Started,5.1,79
PRG0005845,STU00341,MOD00016,CRS002,2025-12-16,2025-11-30,Completed,2.05,11
PRG0005846,STU00341,MOD00034,CRS005,2026-01-01,2026-03-28,Not Started,1.33,84
PRG0005847,STU00341,MOD00089,CRS012,2025-12-22,2026-03-07,Completed,2.14,51
PRG0005848,STU00341,MOD00090,CRS012,2025-12-25,2026-02-17,Not Started,4.44,48
PRG0005849,STU00341,MOD00091,CRS012,2025-12-28,2026-01-22,Completed,7.87,65
PRG0005850,STU00341,MOD00092,CRS012,2025-12-18,2026-02-17,In Progress,14.36,29
PRG0005851,STU00341,MOD00093,CRS012,2025-12-18,2025-12-28,Completed,1.13,29
PRG0005852,STU00341,MOD00094,CRS012,2026-01-01,2026-01-17,Completed,2.44,12
PRG0005853,STU00341,MOD00095,CRS012,2025-12-08,2026-01-07,In Progress,2.61,3
PRG0005854,STU00341,MOD00096,CRS012,2025-12-28,2026-01-19,In Progress,3.64,77
PRG0005855,STU00342,MOD00089,CRS012,2025-10-30,2026-01-16,Completed,8.84,77
PRG0005856,STU00342,MOD00090,CRS012,2025-11-16,2026-01-13,In Progress,1.54,47
PRG0005857,STU00342,MOD00091,CRS012,2025-11-22,2026-01-20,Completed,6.08,31
PRG0005858,STU00342,MOD00092,CRS012,2025-11-07,2026-01-20,In Progress,13.31,54
PRG0005859,STU00342,MOD00093,CRS012,2025-11-11,2025-11-03,Completed,7.2,67
PRG0005860,STU00342,MOD00095,CRS012,2025-10-31,2025-12-16,Completed,3.2,10
PRG0005861,STU00342,MOD00096,CRS012,2025-11-19,2026-01-02,Completed,4.79,81
PRG0005862,STU00342,MOD00097,CRS013,2026-04-16,2026-06-09,Completed,4.72,46
PRG0005863,STU00342,MOD00098,CRS013,2026-04-10,2026-06-23,Completed,4.72,42
PRG0005864,STU00342,MOD00099,CRS013,2026-04-15,2026-05-23,Completed,2.51,16
PRG0005865,STU00342,MOD00100,CRS013,2026-04-24,2026-05-03,In Progress,3.97,28
PRG0005866,STU00342,MOD00101,CRS013,2026-04-23,2026-05-24,Completed,4.45,56
PRG0005867,STU00342,MOD00102,CRS013,2026-04-02,2026-04-05,In Progress,5.0,67
PRG0005868,STU00342,MOD00103,CRS013,2026-04-30,2026-06-26,In Progress,1.93,90
PRG0005869,STU00342,MOD00104,CRS013,2026-04-27,2026-05-11,Completed,3.25,37
PRG0005870,STU00343,MOD00058,CRS008,2025-11-22,2026-01-16,Completed,7.85,64
PRG0005871,STU00343,MOD00059,CRS008,2025-11-28,2025-11-27,Completed,3.63,97
PRG0005872,STU00343,MOD00060,CRS008,2025-12-02,2025-12-20,Completed,11.79,74
PRG0005873,STU00343,MOD00061,CRS008,2025-11-14,2026-01-20,Completed,12.5,18
PRG0005874,STU00343,MOD00129,CRS017,2026-01-13,2026-01-07,Completed,2.7,67
PRG0005875,STU00343,MOD00130,CRS017,2026-01-08,2026-03-10,Not Started,7.71,17
PRG0005876,STU00343,MOD00131,CRS017,2025-12-21,2026-01-06,In Progress,3.78,18
PRG0005877,STU00343,MOD00132,CRS017,2025-12-19,2026-01-02,Not Started,3.21,69
PRG0005878,STU00343,MOD00133,CRS017,2026-01-04,2026-01-01,Not Started,4.22,24
PRG0005879,STU00343,MOD00135,CRS017,2025-12-30,2025-12-27,In Progress,3.35,78
PRG0005880,STU00343,MOD00089,CRS012,2025-11-05,2025-12-12,In Progress,7.36,96
PRG0005881,STU00343,MOD00090,CRS012,2025-10-17,2025-10-20,Completed,4.45,98
PRG0005882,STU00343,MOD00091,CRS012,2025-11-02,2025-12-16,Not Started,9.73,39
PRG0005883,STU00343,MOD00092,CRS012,2025-11-02,2025-10-27,Completed,14.12,93
PRG0005884,STU00343,MOD00093,CRS012,2025-10-31,2025-12-11,Completed,5.41,7
PRG0005885,STU00343,MOD00094,CRS012,2025-11-01,2025-11-20,Completed,1.28,10
PRG0005886,STU00343,MOD00095,CRS012,2025-11-02,2025-10-16,Completed,1.1,5
PRG0005887,STU00343,MOD00096,CRS012,2025-11-04,2025-11-29,Completed,8.15,21
PRG0005888,STU00344,MOD00099,CRS013,2025-08-02,2025-08-07,Completed,2.76,43
PRG0005889,STU00344,MOD00100,CRS013,2025-08-13,2025-10-04,In Progress,3.9,96
PRG0005890,STU00344,MOD00104,CRS013,2025-08-01,2025-09-08,Completed,11.59,34
PRG0005891,STU00345,MOD00025,CRS004,2026-02-10,2026-04-14,Not Started,5.06,89
PRG0005892,STU00345,MOD00026,CRS004,2026-02-18,2026-04-25,Completed,5.37,40
PRG0005893,STU00345,MOD00030,CRS004,2026-02-14,2026-04-12,Completed,5.62,2
PRG0005894,STU00345,MOD00033,CRS005,2026-03-27,2026-04-07,Completed,2.53,50
PRG0005895,STU00345,MOD00034,CRS005,2026-03-23,2026-03-03,In Progress,9.85,64
PRG0005896,STU00345,MOD00035,CRS005,2026-03-07,2026-04-21,In Progress,1.94,48
PRG0005897,STU00345,MOD00036,CRS005,2026-03-24,2026-02-27,Completed,2.13,90
PRG0005898,STU00345,MOD00038,CRS005,2026-03-07,2026-02-27,Completed,12.51,16
PRG0005899,STU00345,MOD00040,CRS005,2026-03-15,2026-04-23,In Progress,4.38,6
PRG0005900,STU00345,MOD00009,CRS002,2026-02-08,2026-02-14,In Progress,9.51,41
PRG0005901,STU00345,MOD00010,CRS002,2026-01-29,2026-02-21,Completed,2.67,87
PRG0005902,STU00345,MOD00011,CRS002,2026-02-09,2026-04-07,In Progress,5.79,58
PRG0005903,STU00345,MOD00012,CRS002,2026-02-14,2026-03-04,In Progress,9.43,34
PRG0005904,STU00345,MOD00013,CRS002,2026-01-28,2026-03-01,In Progress,4.85,23
PRG0005905,STU00345,MOD00014,CRS002,2026-02-14,2026-04-15,In Progress,12.03,34
PRG0005906,STU00345,MOD00015,CRS002,2026-02-07,2026-04-01,Completed,7.35,70
PRG0005907,STU00345,MOD00016,CRS002,2026-02-03,2026-02-02,Completed,2.77,46
PRG0005908,STU00345,MOD00090,CRS012,2026-02-10,2026-04-03,Completed,2.31,65
PRG0005909,STU00345,MOD00091,CRS012,2026-02-12,2026-02-19,Not Started,1.35,73
PRG0005910,STU00346,MOD00017,CRS003,2026-04-04,2026-06-15,In Progress,6.88,7
PRG0005911,STU00346,MOD00018,CRS003,2026-04-15,2026-04-24,Completed,12.23,45
PRG0005912,STU00346,MOD00019,CRS003,2026-04-18,2026-04-16,Completed,2.3,44
PRG0005913,STU00346,MOD00020,CRS003,2026-03-21,2026-04-25,Completed,1.7,83
PRG0005914,STU00346,MOD00021,CRS003,2026-04-16,2026-04-20,Completed,2.12,39
PRG0005915,STU00346,MOD00022,CRS003,2026-04-17,2026-05-09,Completed,1.06,59
PRG0005916,STU00346,MOD00023,CRS003,2026-04-05,2026-03-30,Completed,4.7,32
PRG0005917,STU00346,MOD00024,CRS003,2026-04-13,2026-05-09,Completed,4.43,8
PRG0005918,STU00346,MOD00057,CRS008,2026-03-29,2026-04-06,In Progress,10.39,36
PRG0005919,STU00346,MOD00058,CRS008,2026-04-03,2026-05-17,In Progress,3.02,72
PRG0005920,STU00346,MOD00059,CRS008,2026-03-26,2026-04-05,Not Started,1.65,21
PRG0005921,STU00346,MOD00060,CRS008,2026-04-12,2026-04-21,In Progress,12.14,85
PRG0005922,STU00346,MOD00061,CRS008,2026-03-24,2026-03-29,Completed,12.1,18
PRG0005923,STU00346,MOD00062,CRS008,2026-04-15,2026-05-18,Completed,4.2,63
PRG0005924,STU00346,MOD00063,CRS008,2026-03-22,2026-06-06,In Progress,8.5,79
PRG0005925,STU00346,MOD00064,CRS008,2026-04-17,2026-06-02,In Progress,8.26,0
PRG0005926,STU00346,MOD00033,CRS005,2026-03-19,2026-06-12,Completed,3.98,91
PRG0005927,STU00346,MOD00035,CRS005,2026-04-08,2026-06-02,In Progress,4.67,62
PRG0005928,STU00346,MOD00037,CRS005,2026-04-07,2026-03-25,Completed,4.36,63
PRG0005929,STU00346,MOD00038,CRS005,2026-03-25,2026-03-21,Completed,3.98,37
PRG0005930,STU00346,MOD00039,CRS005,2026-03-26,2026-05-14,Completed,4.0,85
PRG0005931,STU00346,MOD00040,CRS005,2026-04-04,2026-04-02,Completed,1.35,11
PRG0005932,STU00346,MOD00001,CRS001,2026-03-23,2026-05-25,Completed,5.93,14
PRG0005933,STU00346,MOD00002,CRS001,2026-03-22,2026-03-27,In Progress,10.17,94
PRG0005934,STU00346,MOD00003,CRS001,2026-03-28,2026-04-11,In Progress,4.06,46
PRG0005935,STU00346,MOD00004,CRS001,2026-04-12,2026-05-12,In Progress,1.56,49
PRG0005936,STU00346,MOD00005,CRS001,2026-04-15,2026-05-30,In Progress,7.12,30
PRG0005937,STU00346,MOD00006,CRS001,2026-04-02,2026-05-17,Completed,3.01,28
PRG0005938,STU00347,MOD00033,CRS005,2025-10-10,2025-11-04,In Progress,2.01,48
PRG0005939,STU00347,MOD00034,CRS005,2025-10-16,2025-12-01,Completed,4.18,94
PRG0005940,STU00347,MOD00035,CRS005,2025-09-24,2025-11-24,Completed,3.39,40
PRG0005941,STU00347,MOD00036,CRS005,2025-09-25,2025-11-03,Completed,2.95,87
PRG0005942,STU00347,MOD00037,CRS005,2025-10-13,2025-12-08,Completed,3.04,12
PRG0005943,STU00347,MOD00038,CRS005,2025-09-25,2025-12-19,In Progress,11.25,8
PRG0005944,STU00347,MOD00039,CRS005,2025-10-16,2025-10-16,In Progress,6.91,46
PRG0005945,STU00347,MOD00040,CRS005,2025-10-11,2025-10-29,Completed,2.78,98
PRG0005946,STU00348,MOD00017,CRS003,2025-10-25,2026-01-08,Completed,10.21,45
PRG0005947,STU00348,MOD00020,CRS003,2025-11-15,2026-01-11,Completed,4.35,44
PRG0005948,STU00348,MOD00021,CRS003,2025-11-24,2025-12-15,Completed,11.49,23
PRG0005949,STU00348,MOD00023,CRS003,2025-11-11,2025-11-25,Completed,1.23,38
PRG0005950,STU00348,MOD00153,CRS020,2025-10-02,2025-12-01,In Progress,2.78,28
PRG0005951,STU00348,MOD00158,CRS020,2025-10-18,2025-09-30,Completed,4.78,83
PRG0005952,STU00349,MOD00026,CRS004,2026-02-28,2026-03-10,Completed,4.84,8
PRG0005953,STU00349,MOD00027,CRS004,2026-02-09,2026-02-09,Completed,1.13,89
PRG0005954,STU00349,MOD00029,CRS004,2026-03-01,2026-03-12,In Progress,2.26,30
PRG0005955,STU00349,MOD00030,CRS004,2026-02-25,2026-03-10,Completed,7.18,7
PRG0005956,STU00349,MOD00031,CRS004,2026-02-20,2026-02-06,Completed,3.78,89
PRG0005957,STU00349,MOD00032,CRS004,2026-02-20,2026-02-19,Completed,1.16,60
PRG0005958,STU00349,MOD00121,CRS016,2026-03-25,2026-04-30,Completed,1.44,26
PRG0005959,STU00349,MOD00122,CRS016,2026-03-18,2026-04-20,Completed,4.03,45
PRG0005960,STU00349,MOD00123,CRS016,2026-04-02,2026-05-01,Completed,5.7,18
PRG0005961,STU00349,MOD00124,CRS016,2026-04-08,2026-04-23,Completed,7.54,57
PRG0005962,STU00349,MOD00125,CRS016,2026-03-14,2026-04-29,In Progress,2.78,87
PRG0005963,STU00349,MOD00126,CRS016,2026-03-19,2026-05-13,In Progress,3.07,70
PRG0005964,STU00349,MOD00127,CRS016,2026-04-07,2026-05-20,Completed,2.33,5
PRG0005965,STU00349,MOD00128,CRS016,2026-03-22,2026-06-06,Completed,2.24,94
PRG0005966,STU00349,MOD00017,CRS003,2026-01-09,2026-02-20,Completed,2.25,7
PRG0005967,STU00349,MOD00018,CRS003,2026-01-13,2026-03-11,In Progress,10.72,38
PRG0005968,STU00349,MOD00019,CRS003,2026-01-14,2026-03-04,In Progress,4.13,89
PRG0005969,STU00349,MOD00020,CRS003,2026-01-14,2026-03-09,Completed,1.32,83
PRG0005970,STU00349,MOD00021,CRS003,2025-12-19,2025-12-22,Not Started,3.7,23
PRG0005971,STU00349,MOD00022,CRS003,2025-12-25,2025-12-22,Completed,8.69,92
PRG0005972,STU00349,MOD00023,CRS003,2025-12-27,2026-03-18,Completed,3.46,86
PRG0005973,STU00349,MOD00024,CRS003,2026-01-17,2026-01-11,Completed,13.46,55
PRG0005974,STU00349,MOD00105,CRS014,2025-09-17,2025-10-31,Completed,8.92,1
PRG0005975,STU00349,MOD00107,CRS014,2025-09-19,2025-11-19,Completed,8.11,62
PRG0005976,STU00349,MOD00108,CRS014,2025-10-14,2025-11-20,Completed,1.37,95
PRG0005977,STU00349,MOD00110,CRS014,2025-09-21,2025-12-15,In Progress,1.88,32
PRG0005978,STU00350,MOD00067,CRS009,2025-08-20,2025-10-26,Completed,2.01,14
PRG0005979,STU00350,MOD00070,CRS009,2025-09-14,2025-10-24,In Progress,5.03,13
PRG0005980,STU00351,MOD00113,CRS015,2025-12-12,2026-01-30,Completed,10.2,28
PRG0005981,STU00351,MOD00114,CRS015,2025-11-22,2025-12-29,Completed,3.54,59
PRG0005982,STU00351,MOD00115,CRS015,2025-12-04,2025-12-22,Not Started,2.48,56
PRG0005983,STU00351,MOD00117,CRS015,2025-11-27,2026-01-06,Completed,1.53,28
PRG0005984,STU00351,MOD00118,CRS015,2025-11-25,2025-12-11,Completed,9.45,21
PRG0005985,STU00351,MOD00120,CRS015,2025-12-13,2025-12-14,Completed,2.84,34
PRG0005986,STU00351,MOD00073,CRS010,2026-03-15,2026-03-26,Completed,6.33,61
PRG0005987,STU00351,MOD00075,CRS010,2026-03-12,2026-05-26,Completed,10.85,38
PRG0005988,STU00351,MOD00077,CRS010,2026-03-02,2026-03-08,Completed,3.51,62
PRG0005989,STU00351,MOD00153,CRS020,2025-11-29,2026-01-26,In Progress,1.91,4
PRG0005990,STU00351,MOD00154,CRS020,2025-11-25,2026-01-24,Completed,11.04,48
PRG0005991,STU00351,MOD00155,CRS020,2025-11-26,2025-11-30,Not Started,4.81,51
PRG0005992,STU00351,MOD00156,CRS020,2025-11-23,2026-01-09,Completed,6.51,28
PRG0005993,STU00351,MOD00158,CRS020,2025-11-22,2025-11-25,In Progress,5.6,5
PRG0005994,STU00351,MOD00159,CRS020,2025-11-24,2025-12-05,In Progress,1.59,38
PRG0005995,STU00351,MOD00081,CRS011,2025-11-14,2026-01-03,In Progress,2.9,92
PRG0005996,STU00351,MOD00082,CRS011,2025-11-21,2025-12-26,Completed,11.51,16
PRG0005997,STU00351,MOD00083,CRS011,2025-11-18,2026-01-31,Completed,2.83,46
PRG0005998,STU00351,MOD00084,CRS011,2025-11-18,2026-01-29,Completed,2.23,66
PRG0005999,STU00351,MOD00085,CRS011,2025-11-18,2025-11-14,Completed,1.74,6
PRG0006000,STU00351,MOD00086,CRS011,2025-11-25,2025-12-15,In Progress,2.15,83
PRG0006001,STU00351,MOD00087,CRS011,2025-11-22,2025-12-23,Completed,2.45,83
PRG0006002,STU00351,MOD00088,CRS011,2025-12-08,2025-12-13,In Progress,1.62,45
PRG0006003,STU00352,MOD00105,CRS014,2025-07-13,2025-07-08,Completed,4.06,38
PRG0006004,STU00352,MOD00106,CRS014,2025-06-22,2025-08-22,Not Started,2.48,76
PRG0006005,STU00352,MOD00107,CRS014,2025-07-03,2025-06-21,Completed,8.78,11
PRG0006006,STU00352,MOD00108,CRS014,2025-07-01,2025-08-02,Completed,1.53,25
PRG0006007,STU00352,MOD00109,CRS014,2025-07-14,2025-07-30,In Progress,7.91,42
PRG0006008,STU00352,MOD00110,CRS014,2025-06-25,2025-07-17,Not Started,1.79,24
PRG0006009,STU00352,MOD00111,CRS014,2025-06-27,2025-09-15,Completed,3.76,0
PRG0006010,STU00352,MOD00112,CRS014,2025-06-25,2025-07-29,Completed,4.4,44
PRG0006011,STU00352,MOD00027,CRS004,2026-01-15,2026-03-14,Not Started,2.56,4
PRG0006012,STU00352,MOD00032,CRS004,2026-02-02,2026-03-03,Completed,3.18,39
PRG0006013,STU00352,MOD00138,CRS018,2025-12-17,2025-12-14,In Progress,6.61,76
PRG0006014,STU00352,MOD00140,CRS018,2025-12-10,2026-01-18,In Progress,3.07,55
PRG0006015,STU00352,MOD00141,CRS018,2025-12-06,2026-01-01,In Progress,3.6,52
PRG0006016,STU00352,MOD00102,CRS013,2025-04-30,2025-07-09,Completed,3.62,4
PRG0006017,STU00352,MOD00104,CRS013,2025-04-18,2025-06-13,Completed,9.18,11
PRG0006018,STU00352,MOD00017,CRS003,2025-12-11,2026-01-27,Not Started,6.53,87
PRG0006019,STU00352,MOD00018,CRS003,2025-11-27,2026-01-23,Not Started,9.38,6
PRG0006020,STU00352,MOD00019,CRS003,2025-11-21,2026-01-31,In Progress,1.6,44
PRG0006021,STU00352,MOD00020,CRS003,2025-11-25,2026-01-23,Not Started,2.29,44
PRG0006022,STU00352,MOD00021,CRS003,2025-11-29,2026-02-11,Completed,3.9,30
PRG0006023,STU00352,MOD00022,CRS003,2025-11-29,2026-01-01,Completed,7.4,40
PRG0006024,STU00352,MOD00023,CRS003,2025-12-08,2025-12-12,Completed,7.87,55
PRG0006025,STU00352,MOD00024,CRS003,2025-11-28,2025-12-09,In Progress,11.59,42
PRG0006026,STU00353,MOD00050,CRS007,2025-07-28,2025-09-25,Completed,4.48,47
PRG0006027,STU00353,MOD00051,CRS007,2025-07-22,2025-09-12,Completed,4.04,26
PRG0006028,STU00353,MOD00055,CRS007,2025-08-01,2025-10-11,In Progress,2.44,94
PRG0006029,STU00354,MOD00142,CRS018,2026-02-09,2026-01-26,Completed,2.28,17
PRG0006030,STU00354,MOD00153,CRS020,2026-04-02,2026-06-04,In Progress,10.27,84
PRG0006031,STU00354,MOD00156,CRS020,2026-03-31,2026-04-03,Completed,4.33,38
PRG0006032,STU00354,MOD00158,CRS020,2026-04-24,2026-04-19,Completed,4.81,78
PRG0006033,STU00354,MOD00159,CRS020,2026-03-29,2026-03-29,In Progress,6.87,100
PRG0006034,STU00354,MOD00105,CRS014,2025-05-24,2025-05-14,Completed,5.2,77
PRG0006035,STU00354,MOD00106,CRS014,2025-05-03,2025-06-12,Not Started,1.39,61
PRG0006036,STU00354,MOD00107,CRS014,2025-05-27,2025-07-01,Completed,1.54,59
PRG0006037,STU00354,MOD00108,CRS014,2025-05-06,2025-07-23,Completed,2.45,22
PRG0006038,STU00354,MOD00109,CRS014,2025-05-05,2025-05-05,In Progress,4.84,73
PRG0006039,STU00354,MOD00110,CRS014,2025-05-19,2025-07-20,Completed,1.14,77
PRG0006040,STU00354,MOD00111,CRS014,2025-05-26,2025-05-14,Completed,7.52,91
PRG0006041,STU00354,MOD00112,CRS014,2025-05-05,2025-07-28,In Progress,2.06,55
PRG0006042,STU00354,MOD00113,CRS015,2025-12-11,2026-02-04,Not Started,2.24,14
PRG0006043,STU00354,MOD00118,CRS015,2025-12-08,2026-01-03,Not Started,3.88,70
PRG0006044,STU00354,MOD00120,CRS015,2025-12-16,2026-01-05,Completed,3.49,71
PRG0006045,STU00354,MOD00073,CRS010,2026-04-22,2026-04-23,In Progress,8.13,37
PRG0006046,STU00354,MOD00074,CRS010,2026-04-08,2026-06-19,In Progress,5.64,9
PRG0006047,STU00354,MOD00075,CRS010,2026-04-05,2026-04-27,Not Started,2.54,13
PRG0006048,STU00354,MOD00076,CRS010,2026-04-20,2026-05-27,In Progress,2.73,32
PRG0006049,STU00354,MOD00077,CRS010,2026-04-14,2026-05-28,Completed,6.15,15
PRG0006050,STU00354,MOD00078,CRS010,2026-04-07,2026-05-30,Completed,1.14,83
PRG0006051,STU00354,MOD00079,CRS010,2026-04-24,2026-05-24,In Progress,3.18,94
PRG0006052,STU00354,MOD00080,CRS010,2026-04-22,2026-04-13,Completed,2.57,87
PRG0006053,STU00355,MOD00113,CRS015,2025-10-08,2025-12-05,Completed,6.41,79
PRG0006054,STU00355,MOD00114,CRS015,2025-10-10,2025-10-30,Completed,2.69,65
PRG0006055,STU00355,MOD00115,CRS015,2025-10-21,2025-11-22,Completed,1.41,65
PRG0006056,STU00355,MOD00116,CRS015,2025-11-05,2025-10-08,In Progress,6.24,19
PRG0006057,STU00355,MOD00117,CRS015,2025-10-09,2025-12-18,Not Started,1.97,53
PRG0006058,STU00355,MOD00118,CRS015,2025-10-11,2025-11-19,Not Started,8.07,64
PRG0006059,STU00355,MOD00119,CRS015,2025-11-03,2025-10-08,Completed,7.11,30
PRG0006060,STU00355,MOD00120,CRS015,2025-10-25,2025-12-21,In Progress,3.0,88
PRG0006061,STU00355,MOD00139,CRS018,2025-10-22,2025-11-28,Completed,6.37,63
PRG0006062,STU00355,MOD00140,CRS018,2025-11-17,2025-12-11,Completed,3.93,44
PRG0006063,STU00355,MOD00141,CRS018,2025-11-14,2025-11-20,Not Started,6.7,62
PRG0006064,STU00355,MOD00142,CRS018,2025-11-16,2026-01-04,Completed,3.72,93
PRG0006065,STU00355,MOD00143,CRS018,2025-11-02,2025-11-27,Completed,1.71,14
PRG0006066,STU00356,MOD00145,CRS019,2025-11-12,2025-10-23,Completed,1.97,7
PRG0006067,STU00356,MOD00146,CRS019,2025-11-10,2026-01-10,In Progress,6.47,55
PRG0006068,STU00356,MOD00147,CRS019,2025-10-15,2025-12-19,Completed,6.42,20
PRG0006069,STU00356,MOD00148,CRS019,2025-11-03,2025-12-12,Completed,9.44,67
PRG0006070,STU00356,MOD00149,CRS019,2025-11-05,2025-11-23,Completed,2.61,46
PRG0006071,STU00356,MOD00150,CRS019,2025-11-11,2025-11-30,Completed,2.91,16
PRG0006072,STU00356,MOD00151,CRS019,2025-10-28,2025-12-25,Completed,7.78,90
PRG0006073,STU00356,MOD00152,CRS019,2025-10-21,2025-11-29,Completed,5.01,20
PRG0006074,STU00356,MOD00025,CRS004,2025-11-05,2025-12-12,In Progress,4.72,59
PRG0006075,STU00356,MOD00026,CRS004,2025-10-29,2025-12-31,Not Started,2.98,85
PRG0006076,STU00356,MOD00027,CRS004,2025-10-25,2026-01-09,In Progress,2.67,35
PRG0006077,STU00356,MOD00028,CRS004,2025-10-23,2025-10-31,Completed,2.51,45
PRG0006078,STU00356,MOD00029,CRS004,2025-10-21,2025-10-22,Completed,3.0,89
PRG0006079,STU00356,MOD00030,CRS004,2025-10-31,2025-12-02,Not Started,6.77,91
PRG0006080,STU00356,MOD00031,CRS004,2025-11-01,2026-01-02,Completed,5.5,6
PRG0006081,STU00356,MOD00032,CRS004,2025-10-20,2025-12-12,In Progress,3.54,65
PRG0006082,STU00356,MOD00154,CRS020,2025-12-10,2025-12-12,Completed,11.22,48
PRG0006083,STU00356,MOD00155,CRS020,2025-12-12,2026-01-16,Completed,6.01,34
PRG0006084,STU00356,MOD00157,CRS020,2025-12-08,2026-01-09,In Progress,5.91,56
PRG0006085,STU00357,MOD00017,CRS003,2026-04-05,2026-04-04,Completed,3.67,87
PRG0006086,STU00357,MOD00018,CRS003,2026-03-25,2026-05-13,Not Started,8.91,77
PRG0006087,STU00357,MOD00019,CRS003,2026-03-26,2026-06-06,Completed,6.19,21
PRG0006088,STU00357,MOD00020,CRS003,2026-03-12,2026-03-14,Completed,2.31,60
PRG0006089,STU00357,MOD00021,CRS003,2026-03-29,2026-04-09,Completed,14.38,68
PRG0006090,STU00357,MOD00022,CRS003,2026-03-17,2026-04-27,Completed,11.18,70
PRG0006091,STU00357,MOD00023,CRS003,2026-03-20,2026-04-24,Not Started,5.31,76
PRG0006092,STU00357,MOD00024,CRS003,2026-03-21,2026-05-09,Completed,14.99,4
PRG0006093,STU00358,MOD00049,CRS007,2025-10-26,2025-12-02,In Progress,1.2,17
PRG0006094,STU00358,MOD00050,CRS007,2025-10-21,2025-12-29,In Progress,9.97,43
PRG0006095,STU00358,MOD00051,CRS007,2025-10-15,2025-10-14,In Progress,6.81,55
PRG0006096,STU00358,MOD00052,CRS007,2025-11-02,2025-10-17,In Progress,4.8,4
PRG0006097,STU00358,MOD00053,CRS007,2025-10-13,2025-11-23,Completed,2.08,87
PRG0006098,STU00358,MOD00054,CRS007,2025-10-28,2025-12-29,Completed,3.04,52
PRG0006099,STU00358,MOD00055,CRS007,2025-11-02,2026-01-09,In Progress,1.08,21
PRG0006100,STU00358,MOD00056,CRS007,2025-10-22,2025-12-29,In Progress,3.23,4
PRG0006101,STU00358,MOD00139,CRS018,2026-01-04,2026-01-22,Completed,12.92,5
PRG0006102,STU00358,MOD00142,CRS018,2026-01-17,2026-02-02,Completed,7.75,26
PRG0006103,STU00358,MOD00143,CRS018,2026-01-08,2026-03-09,Not Started,4.14,34
PRG0006104,STU00359,MOD00041,CRS006,2025-06-14,2025-07-14,Completed,1.19,39
PRG0006105,STU00359,MOD00042,CRS006,2025-06-10,2025-08-05,Completed,11.01,38
PRG0006106,STU00359,MOD00043,CRS006,2025-06-07,2025-09-02,Completed,4.38,41
PRG0006107,STU00359,MOD00044,CRS006,2025-06-10,2025-07-23,Completed,1.79,64
PRG0006108,STU00359,MOD00045,CRS006,2025-06-26,2025-07-05,Completed,2.08,46
PRG0006109,STU00359,MOD00046,CRS006,2025-06-21,2025-07-06,In Progress,4.28,62
PRG0006110,STU00359,MOD00047,CRS006,2025-06-11,2025-07-03,Not Started,12.87,99
PRG0006111,STU00359,MOD00048,CRS006,2025-07-02,2025-07-14,Completed,1.26,49
PRG0006112,STU00360,MOD00129,CRS017,2026-02-23,2026-05-07,In Progress,1.01,66
PRG0006113,STU00360,MOD00130,CRS017,2026-02-16,2026-04-07,In Progress,1.97,84
PRG0006114,STU00360,MOD00131,CRS017,2026-02-20,2026-04-28,Completed,4.34,8
PRG0006115,STU00360,MOD00132,CRS017,2026-02-17,2026-04-26,In Progress,5.4,45
PRG0006116,STU00360,MOD00133,CRS017,2026-02-17,2026-02-27,In Progress,14.32,77
PRG0006117,STU00360,MOD00134,CRS017,2026-02-27,2026-03-02,Completed,3.22,1
PRG0006118,STU00360,MOD00135,CRS017,2026-02-11,2026-05-07,Completed,4.49,90
PRG0006119,STU00360,MOD00136,CRS017,2026-02-11,2026-03-11,In Progress,4.24,91
PRG0006120,STU00360,MOD00097,CRS013,2025-08-19,2025-10-06,In Progress,6.15,56
PRG0006121,STU00360,MOD00098,CRS013,2025-08-25,2025-10-22,Completed,6.24,80
PRG0006122,STU00360,MOD00099,CRS013,2025-09-02,2025-10-06,Completed,1.43,94
PRG0006123,STU00360,MOD00100,CRS013,2025-08-23,2025-10-10,In Progress,2.11,62
PRG0006124,STU00360,MOD00101,CRS013,2025-08-22,2025-11-01,Completed,2.31,28
PRG0006125,STU00360,MOD00102,CRS013,2025-08-31,2025-08-24,Completed,2.34,26
PRG0006126,STU00360,MOD00103,CRS013,2025-08-09,2025-09-29,Completed,4.78,86
PRG0006127,STU00360,MOD00104,CRS013,2025-08-13,2025-10-25,In Progress,14.51,65
PRG0006128,STU00360,MOD00041,CRS006,2025-11-11,2025-12-12,In Progress,3.37,31
PRG0006129,STU00360,MOD00042,CRS006,2025-12-03,2025-11-29,Completed,8.81,88
PRG0006130,STU00360,MOD00043,CRS006,2025-11-27,2026-01-23,Completed,1.21,25
PRG0006131,STU00360,MOD00044,CRS006,2025-11-16,2026-01-19,In Progress,3.12,56
PRG0006132,STU00360,MOD00045,CRS006,2025-11-30,2026-01-19,Completed,2.35,72
PRG0006133,STU00360,MOD00046,CRS006,2025-11-30,2025-12-09,Completed,3.54,97
PRG0006134,STU00360,MOD00047,CRS006,2025-12-01,2025-12-05,Completed,8.74,93
PRG0006135,STU00360,MOD00048,CRS006,2025-12-03,2025-12-02,Completed,4.19,89
PRG0006136,STU00361,MOD00153,CRS020,2025-10-09,2025-11-28,Completed,10.99,53
PRG0006137,STU00361,MOD00154,CRS020,2025-10-26,2025-10-19,Completed,6.11,5
PRG0006138,STU00361,MOD00156,CRS020,2025-10-22,2025-10-10,Completed,4.96,39
PRG0006139,STU00361,MOD00157,CRS020,2025-10-25,2025-11-18,Completed,3.0,5
PRG0006140,STU00361,MOD00159,CRS020,2025-11-03,2025-12-26,Not Started,6.68,98
PRG0006141,STU00361,MOD00160,CRS020,2025-10-08,2025-12-20,Completed,1.32,7
PRG0006142,STU00361,MOD00041,CRS006,2026-01-11,2026-03-28,Completed,3.45,37
PRG0006143,STU00361,MOD00042,CRS006,2026-02-03,2026-04-01,Completed,6.05,27
PRG0006144,STU00361,MOD00044,CRS006,2026-01-28,2026-03-02,In Progress,2.14,58
PRG0006145,STU00361,MOD00045,CRS006,2026-01-18,2026-04-05,In Progress,1.52,84
PRG0006146,STU00361,MOD00046,CRS006,2026-01-21,2026-02-24,Completed,3.74,87
PRG0006147,STU00361,MOD00047,CRS006,2026-01-13,2026-02-07,In Progress,12.99,96
PRG0006148,STU00361,MOD00048,CRS006,2026-01-20,2026-04-02,Completed,2.32,11
PRG0006149,STU00361,MOD00113,CRS015,2026-02-03,2026-02-09,Completed,2.76,36
PRG0006150,STU00361,MOD00114,CRS015,2026-01-26,2026-02-14,Completed,3.43,82
PRG0006151,STU00361,MOD00115,CRS015,2026-02-02,2026-03-13,In Progress,1.21,39
PRG0006152,STU00361,MOD00116,CRS015,2026-02-11,2026-04-17,Not Started,3.01,36
PRG0006153,STU00361,MOD00117,CRS015,2026-02-14,2026-02-18,Not Started,3.04,96
PRG0006154,STU00361,MOD00118,CRS015,2026-01-30,2026-03-13,In Progress,5.96,76
PRG0006155,STU00361,MOD00119,CRS015,2026-01-31,2026-01-31,In Progress,6.79,42
PRG0006156,STU00361,MOD00120,CRS015,2026-02-02,2026-03-05,In Progress,5.07,52
PRG0006157,STU00361,MOD00057,CRS008,2025-11-18,2025-12-07,Completed,12.8,0
PRG0006158,STU00361,MOD00058,CRS008,2025-11-15,2025-10-25,Completed,9.91,64
PRG0006159,STU00361,MOD00059,CRS008,2025-11-19,2025-12-26,In Progress,8.98,66
PRG0006160,STU00361,MOD00060,CRS008,2025-11-19,2025-12-22,Completed,9.24,70
PRG0006161,STU00361,MOD00061,CRS008,2025-11-16,2025-10-26,Completed,1.06,21
PRG0006162,STU00361,MOD00062,CRS008,2025-11-10,2025-11-21,In Progress,5.99,36
PRG0006163,STU00361,MOD00063,CRS008,2025-11-05,2026-01-12,Not Started,8.94,67
PRG0006164,STU00361,MOD00064,CRS008,2025-11-19,2025-12-21,Completed,11.94,22
PRG0006165,STU00362,MOD00121,CRS016,2025-12-23,2026-01-15,In Progress,1.64,91
PRG0006166,STU00362,MOD00122,CRS016,2026-01-02,2026-02-24,Not Started,3.79,57
PRG0006167,STU00362,MOD00123,CRS016,2025-12-16,2026-02-12,Completed,5.98,13
PRG0006168,STU00362,MOD00124,CRS016,2025-12-29,2026-02-22,Completed,6.03,24
PRG0006169,STU00362,MOD00125,CRS016,2026-01-06,2026-03-12,Completed,2.99,38
PRG0006170,STU00362,MOD00126,CRS016,2026-01-07,2026-03-12,Completed,6.95,73
PRG0006171,STU00362,MOD00127,CRS016,2026-01-10,2025-12-27,In Progress,3.76,78
PRG0006172,STU00362,MOD00128,CRS016,2026-01-09,2026-01-03,Not Started,11.11,6
PRG0006173,STU00362,MOD00113,CRS015,2025-04-10,2025-05-09,In Progress,9.59,52
PRG0006174,STU00362,MOD00116,CRS015,2025-04-20,2025-06-23,In Progress,4.52,56
PRG0006175,STU00362,MOD00119,CRS015,2025-05-03,2025-05-15,In Progress,7.96,38
PRG0006176,STU00363,MOD00079,CRS010,2025-12-26,2026-02-27,Completed,2.18,84
PRG0006177,STU00363,MOD00057,CRS008,2025-12-23,2025-12-28,In Progress,2.19,1
PRG0006178,STU00363,MOD00058,CRS008,2026-01-01,2026-03-08,In Progress,2.96,88
PRG0006179,STU00363,MOD00059,CRS008,2026-01-03,2025-12-20,Completed,2.49,81
PRG0006180,STU00363,MOD00060,CRS008,2026-01-11,2025-12-16,Completed,2.72,42
PRG0006181,STU00363,MOD00061,CRS008,2025-12-21,2026-02-17,Completed,5.53,62
PRG0006182,STU00363,MOD00062,CRS008,2026-01-11,2025-12-19,In Progress,3.26,32
PRG0006183,STU00363,MOD00063,CRS008,2025-12-19,2026-02-07,Completed,4.67,76
PRG0006184,STU00363,MOD00064,CRS008,2026-01-08,2026-01-13,Not Started,5.09,26
PRG0006185,STU00363,MOD00081,CRS011,2026-02-20,2026-01-28,Completed,2.65,98
PRG0006186,STU00363,MOD00084,CRS011,2026-02-08,2026-02-26,Completed,2.03,12
PRG0006187,STU00363,MOD00085,CRS011,2026-01-30,2026-01-28,Not Started,4.94,55
PRG0006188,STU00363,MOD00086,CRS011,2026-01-28,2026-02-06,Completed,2.63,93
PRG0006189,STU00363,MOD00087,CRS011,2026-02-07,2026-04-15,In Progress,2.48,99
PRG0006190,STU00364,MOD00121,CRS016,2026-01-01,2025-12-12,In Progress,7.72,28
PRG0006191,STU00364,MOD00122,CRS016,2025-12-19,2025-12-14,In Progress,1.58,56
PRG0006192,STU00364,MOD00123,CRS016,2025-12-30,2026-02-08,In Progress,2.18,26
PRG0006193,STU00364,MOD00124,CRS016,2025-12-18,2026-02-19,Completed,8.54,50
PRG0006194,STU00364,MOD00125,CRS016,2025-12-26,2025-12-19,In Progress,1.15,63
PRG0006195,STU00364,MOD00126,CRS016,2026-01-07,2026-01-15,In Progress,6.3,60
PRG0006196,STU00364,MOD00127,CRS016,2025-12-23,2026-01-10,In Progress,4.71,50
PRG0006197,STU00364,MOD00128,CRS016,2026-01-09,2026-01-28,Completed,8.81,1
PRG0006198,STU00365,MOD00009,CRS002,2026-01-16,2026-02-09,In Progress,2.34,89
PRG0006199,STU00365,MOD00010,CRS002,2026-01-11,2026-02-19,Not Started,6.25,59
PRG0006200,STU00365,MOD00011,CRS002,2025-12-24,2025-12-30,Completed,1.37,45
PRG0006201,STU00365,MOD00012,CRS002,2026-01-11,2026-03-07,Completed,2.24,8
PRG0006202,STU00365,MOD00013,CRS002,2026-01-16,2026-02-10,Completed,4.57,7
PRG0006203,STU00365,MOD00014,CRS002,2026-01-06,2026-01-29,In Progress,6.07,13
PRG0006204,STU00365,MOD00015,CRS002,2025-12-19,2026-03-10,Completed,8.92,15
PRG0006205,STU00365,MOD00016,CRS002,2025-12-27,2026-02-22,Completed,3.73,73
PRG0006206,STU00365,MOD00097,CRS013,2026-03-17,2026-04-17,In Progress,2.14,72
PRG0006207,STU00365,MOD00098,CRS013,2026-03-07,2026-05-15,In Progress,1.77,10
PRG0006208,STU00365,MOD00100,CRS013,2026-03-28,2026-04-20,In Progress,2.81,81
PRG0006209,STU00365,MOD00101,CRS013,2026-03-02,2026-03-08,Completed,1.77,40
PRG0006210,STU00365,MOD00103,CRS013,2026-03-09,2026-03-22,Completed,4.47,79
PRG0006211,STU00365,MOD00104,CRS013,2026-02-28,2026-03-28,In Progress,12.01,53
PRG0006212,STU00365,MOD00034,CRS005,2025-12-26,2025-12-18,Completed,10.95,19
PRG0006213,STU00365,MOD00038,CRS005,2025-12-09,2026-01-25,In Progress,7.84,37
PRG0006214,STU00365,MOD00039,CRS005,2026-01-05,2026-01-13,In Progress,10.63,99
PRG0006215,STU00366,MOD00153,CRS020,2026-03-22,2026-05-04,In Progress,3.14,45
PRG0006216,STU00366,MOD00154,CRS020,2026-03-09,2026-04-13,Completed,2.59,62
PRG0006217,STU00366,MOD00155,CRS020,2026-03-21,2026-04-03,Completed,1.42,68
PRG0006218,STU00366,MOD00156,CRS020,2026-03-08,2026-04-16,Completed,7.97,77
PRG0006219,STU00366,MOD00157,CRS020,2026-02-26,2026-04-27,Completed,4.56,1
PRG0006220,STU00366,MOD00158,CRS020,2026-02-27,2026-04-28,In Progress,5.92,4
PRG0006221,STU00366,MOD00159,CRS020,2026-02-21,2026-04-23,Completed,14.47,45
PRG0006222,STU00366,MOD00160,CRS020,2026-03-14,2026-03-06,Completed,3.73,25
PRG0006223,STU00366,MOD00097,CRS013,2026-03-11,2026-03-17,Not Started,4.17,3
PRG0006224,STU00366,MOD00098,CRS013,2026-02-25,2026-03-05,Not Started,1.07,81
PRG0006225,STU00366,MOD00099,CRS013,2026-03-16,2026-05-01,Completed,1.07,99
PRG0006226,STU00366,MOD00100,CRS013,2026-02-20,2026-03-05,Not Started,4.29,43
PRG0006227,STU00366,MOD00101,CRS013,2026-02-26,2026-04-07,In Progress,3.79,56
PRG0006228,STU00366,MOD00102,CRS013,2026-03-17,2026-05-18,In Progress,1.2,2
PRG0006229,STU00366,MOD00103,CRS013,2026-03-01,2026-03-15,Completed,7.39,59
PRG0006230,STU00366,MOD00104,CRS013,2026-03-16,2026-04-20,Completed,3.95,38
PRG0006231,STU00366,MOD00073,CRS010,2026-02-25,2026-05-14,In Progress,11.49,79
PRG0006232,STU00366,MOD00074,CRS010,2026-02-25,2026-03-24,In Progress,6.92,40
PRG0006233,STU00366,MOD00075,CRS010,2026-03-13,2026-03-21,Completed,3.83,34
PRG0006234,STU00366,MOD00076,CRS010,2026-02-27,2026-05-01,Completed,2.87,53
PRG0006235,STU00366,MOD00078,CRS010,2026-03-03,2026-04-23,Completed,2.84,40
PRG0006236,STU00366,MOD00079,CRS010,2026-03-11,2026-05-15,Not Started,3.84,94
PRG0006237,STU00366,MOD00080,CRS010,2026-03-02,2026-05-21,In Progress,1.43,65
PRG0006238,STU00366,MOD00058,CRS008,2026-03-01,2026-04-13,Completed,2.77,34
PRG0006239,STU00366,MOD00059,CRS008,2026-03-21,2026-04-01,Completed,6.65,25
PRG0006240,STU00366,MOD00060,CRS008,2026-02-21,2026-05-06,Not Started,6.74,46
PRG0006241,STU00366,MOD00061,CRS008,2026-03-21,2026-04-22,Completed,5.51,22
PRG0006242,STU00366,MOD00063,CRS008,2026-03-16,2026-03-01,In Progress,1.81,44
PRG0006243,STU00366,MOD00064,CRS008,2026-02-25,2026-05-16,Completed,4.56,65
PRG0006244,STU00367,MOD00043,CRS006,2025-08-08,2025-10-16,In Progress,2.58,92
PRG0006245,STU00367,MOD00045,CRS006,2025-08-25,2025-11-01,Completed,2.87,30
PRG0006246,STU00367,MOD00156,CRS020,2025-09-24,2025-12-19,In Progress,5.56,63
PRG0006247,STU00367,MOD00157,CRS020,2025-09-30,2025-12-15,Completed,5.76,23
PRG0006248,STU00367,MOD00159,CRS020,2025-10-07,2025-11-13,Not Started,3.09,47
PRG0006249,STU00367,MOD00160,CRS020,2025-10-15,2025-09-30,In Progress,4.47,65
PRG0006250,STU00367,MOD00073,CRS010,2025-05-19,2025-06-12,In Progress,11.08,68
PRG0006251,STU00367,MOD00074,CRS010,2025-04-28,2025-06-24,Completed,5.21,24
PRG0006252,STU00367,MOD00075,CRS010,2025-05-06,2025-06-07,Completed,5.64,97
PRG0006253,STU00367,MOD00076,CRS010,2025-04-23,2025-07-18,Completed,1.78,52
PRG0006254,STU00367,MOD00077,CRS010,2025-04-23,2025-04-25,In Progress,5.35,3
PRG0006255,STU00367,MOD00078,CRS010,2025-04-27,2025-07-09,Completed,2.89,22
PRG0006256,STU00367,MOD00079,CRS010,2025-04-30,2025-06-27,Completed,1.39,59
PRG0006257,STU00367,MOD00080,CRS010,2025-05-19,2025-07-06,In Progress,1.43,14
PRG0006258,STU00367,MOD00097,CRS013,2025-12-13,2025-12-28,In Progress,4.45,10
PRG0006259,STU00367,MOD00098,CRS013,2025-12-22,2025-12-13,Completed,1.54,35
PRG0006260,STU00367,MOD00099,CRS013,2025-12-13,2026-02-23,Not Started,1.06,58
PRG0006261,STU00367,MOD00100,CRS013,2025-12-18,2025-12-30,Completed,4.26,69
PRG0006262,STU00367,MOD00101,CRS013,2025-12-28,2026-01-12,Completed,3.97,38
PRG0006263,STU00367,MOD00102,CRS013,2025-12-26,2025-12-29,Completed,3.97,93
PRG0006264,STU00367,MOD00103,CRS013,2026-01-05,2026-02-15,Completed,4.12,78
PRG0006265,STU00367,MOD00104,CRS013,2026-01-04,2026-02-18,In Progress,7.92,91
PRG0006266,STU00368,MOD00057,CRS008,2025-12-31,2026-02-08,Completed,8.6,71
PRG0006267,STU00368,MOD00061,CRS008,2025-12-21,2026-01-22,Completed,10.65,67
PRG0006268,STU00368,MOD00064,CRS008,2025-12-29,2026-02-16,Completed,6.31,92
PRG0006269,STU00368,MOD00028,CRS004,2026-03-11,2026-03-12,In Progress,1.69,80
PRG0006270,STU00369,MOD00004,CRS001,2025-11-03,2025-11-04,Completed,6.14,39
PRG0006271,STU00369,MOD00007,CRS001,2025-10-16,2025-12-03,Completed,3.86,32
PRG0006272,STU00369,MOD00008,CRS001,2025-10-14,2025-12-29,Completed,1.23,82
PRG0006273,STU00369,MOD00069,CRS009,2026-02-01,2026-03-12,Completed,7.65,71
PRG0006274,STU00369,MOD00070,CRS009,2026-02-02,2026-03-19,Completed,2.54,34
PRG0006275,STU00369,MOD00071,CRS009,2026-01-20,2026-03-04,Completed,7.88,98
PRG0006276,STU00369,MOD00072,CRS009,2026-01-07,2026-02-10,Completed,3.94,77
PRG0006277,STU00370,MOD00018,CRS003,2026-03-06,2026-03-10,Completed,1.9,44
PRG0006278,STU00370,MOD00019,CRS003,2026-02-18,2026-03-02,In Progress,5.57,56
PRG0006279,STU00370,MOD00022,CRS003,2026-02-26,2026-04-09,In Progress,1.6,93
PRG0006280,STU00370,MOD00041,CRS006,2025-08-14,2025-09-06,In Progress,2.15,31
PRG0006281,STU00370,MOD00042,CRS006,2025-07-24,2025-09-22,In Progress,1.34,63
PRG0006282,STU00370,MOD00043,CRS006,2025-07-24,2025-09-09,Completed,4.41,48
PRG0006283,STU00370,MOD00044,CRS006,2025-08-01,2025-10-10,Completed,3.64,76
PRG0006284,STU00370,MOD00045,CRS006,2025-07-18,2025-08-29,Completed,2.21,25
PRG0006285,STU00370,MOD00046,CRS006,2025-08-06,2025-09-06,In Progress,4.48,25
PRG0006286,STU00370,MOD00047,CRS006,2025-07-20,2025-08-03,Completed,1.62,52
PRG0006287,STU00370,MOD00048,CRS006,2025-08-14,2025-09-29,Completed,2.93,84
PRG0006288,STU00370,MOD00065,CRS009,2025-06-19,2025-09-09,Completed,2.74,69
PRG0006289,STU00370,MOD00066,CRS009,2025-07-09,2025-07-15,Completed,3.64,62
PRG0006290,STU00370,MOD00067,CRS009,2025-06-18,2025-09-01,In Progress,4.25,80
PRG0006291,STU00370,MOD00068,CRS009,2025-06-25,2025-08-16,In Progress,3.08,20
PRG0006292,STU00370,MOD00069,CRS009,2025-07-05,2025-07-04,In Progress,5.3,96
PRG0006293,STU00370,MOD00070,CRS009,2025-06-20,2025-09-05,Completed,11.59,51
PRG0006294,STU00370,MOD00071,CRS009,2025-06-30,2025-09-08,Completed,10.15,1
PRG0006295,STU00370,MOD00072,CRS009,2025-06-25,2025-07-08,In Progress,2.87,68
PRG0006296,STU00371,MOD00001,CRS001,2025-11-09,2026-01-02,Completed,2.27,8
PRG0006297,STU00371,MOD00002,CRS001,2025-10-18,2025-11-03,Completed,1.83,46
PRG0006298,STU00371,MOD00004,CRS001,2025-11-06,2025-11-26,In Progress,2.04,93
PRG0006299,STU00371,MOD00007,CRS001,2025-10-19,2025-12-12,In Progress,3.91,88
PRG0006300,STU00371,MOD00008,CRS001,2025-11-14,2025-11-12,Completed,7.07,88
PRG0006301,STU00371,MOD00073,CRS010,2025-10-18,2025-10-26,In Progress,1.71,29
PRG0006302,STU00371,MOD00074,CRS010,2025-10-20,2025-12-12,In Progress,7.03,96
PRG0006303,STU00371,MOD00075,CRS010,2025-10-10,2025-11-23,In Progress,8.58,21
PRG0006304,STU00371,MOD00076,CRS010,2025-10-01,2025-10-13,Completed,1.96,52
PRG0006305,STU00371,MOD00077,CRS010,2025-10-22,2025-10-16,Completed,2.0,63
PRG0006306,STU00371,MOD00078,CRS010,2025-09-28,2025-10-16,Completed,1.38,19
PRG0006307,STU00371,MOD00079,CRS010,2025-10-05,2025-11-19,Completed,2.61,82
PRG0006308,STU00371,MOD00080,CRS010,2025-10-07,2025-10-17,In Progress,1.79,12
PRG0006309,STU00371,MOD00089,CRS012,2025-09-27,2025-10-09,In Progress,3.52,1
PRG0006310,STU00371,MOD00092,CRS012,2025-09-30,2025-11-21,Completed,13.39,96
PRG0006311,STU00371,MOD00094,CRS012,2025-09-30,2025-11-26,Completed,1.53,54
PRG0006312,STU00371,MOD00096,CRS012,2025-09-21,2025-11-16,Completed,1.52,59
PRG0006313,STU00372,MOD00041,CRS006,2025-06-09,2025-07-15,Not Started,5.97,18
PRG0006314,STU00372,MOD00042,CRS006,2025-06-17,2025-08-20,In Progress,5.06,39
PRG0006315,STU00372,MOD00043,CRS006,2025-05-31,2025-06-07,Completed,1.16,98
PRG0006316,STU00372,MOD00044,CRS006,2025-05-31,2025-06-16,Not Started,4.29,4
PRG0006317,STU00372,MOD00045,CRS006,2025-06-22,2025-07-10,Not Started,1.59,26
PRG0006318,STU00372,MOD00047,CRS006,2025-06-14,2025-06-21,Completed,3.22,12
PRG0006319,STU00372,MOD00113,CRS015,2026-02-17,2026-03-09,In Progress,8.54,8
PRG0006320,STU00372,MOD00114,CRS015,2026-02-22,2026-04-24,Completed,3.08,15
PRG0006321,STU00372,MOD00115,CRS015,2026-02-09,2026-02-19,Completed,1.72,70
PRG0006322,STU00372,MOD00116,CRS015,2026-02-05,2026-03-20,In Progress,7.09,97
PRG0006323,STU00372,MOD00117,CRS015,2026-02-26,2026-02-14,In Progress,3.27,75
PRG0006324,STU00372,MOD00118,CRS015,2026-02-15,2026-04-08,Completed,4.11,70
PRG0006325,STU00372,MOD00119,CRS015,2026-02-18,2026-05-05,Completed,6.97,55
PRG0006326,STU00372,MOD00120,CRS015,2026-03-05,2026-05-02,In Progress,4.23,24
PRG0006327,STU00372,MOD00009,CRS002,2025-12-02,2025-12-08,Not Started,4.88,1
PRG0006328,STU00372,MOD00010,CRS002,2025-12-02,2026-01-03,Completed,2.23,22
PRG0006329,STU00372,MOD00013,CRS002,2025-11-27,2026-01-13,In Progress,3.19,25
PRG0006330,STU00372,MOD00014,CRS002,2025-12-13,2026-02-07,Completed,14.96,41
PRG0006331,STU00372,MOD00015,CRS002,2025-11-22,2025-11-19,In Progress,1.8,4
PRG0006332,STU00372,MOD00016,CRS002,2025-12-08,2025-12-27,Completed,6.02,51
PRG0006333,STU00373,MOD00018,CRS003,2025-06-27,2025-09-12,Completed,14.04,85
PRG0006334,STU00373,MOD00019,CRS003,2025-06-25,2025-07-28,In Progress,2.63,11
PRG0006335,STU00373,MOD00020,CRS003,2025-07-13,2025-08-18,Completed,4.29,66
PRG0006336,STU00373,MOD00021,CRS003,2025-07-04,2025-09-13,Completed,9.82,75
PRG0006337,STU00373,MOD00057,CRS008,2025-07-09,2025-09-13,In Progress,5.06,69
PRG0006338,STU00373,MOD00058,CRS008,2025-07-09,2025-07-11,Not Started,3.32,89
PRG0006339,STU00373,MOD00059,CRS008,2025-07-30,2025-08-05,Completed,1.92,48
PRG0006340,STU00373,MOD00060,CRS008,2025-07-18,2025-07-26,Completed,6.35,32
PRG0006341,STU00373,MOD00061,CRS008,2025-07-12,2025-09-13,Not Started,4.53,38
PRG0006342,STU00373,MOD00062,CRS008,2025-07-28,2025-07-27,In Progress,5.47,97
PRG0006343,STU00373,MOD00063,CRS008,2025-07-15,2025-08-09,In Progress,6.96,32
PRG0006344,STU00373,MOD00064,CRS008,2025-07-18,2025-08-13,In Progress,5.83,80
PRG0006345,STU00373,MOD00101,CRS013,2026-03-29,2026-06-12,Completed,2.19,63
PRG0006346,STU00373,MOD00035,CRS005,2025-12-20,2026-01-03,Completed,3.08,51
PRG0006347,STU00373,MOD00039,CRS005,2025-12-18,2025-12-28,Completed,12.18,47
PRG0006348,STU00374,MOD00045,CRS006,2026-01-05,2026-01-12,In Progress,2.41,4
PRG0006349,STU00374,MOD00046,CRS006,2026-01-08,2026-02-20,Completed,7.84,96
PRG0006350,STU00374,MOD00047,CRS006,2026-01-24,2026-01-19,Completed,13.92,20
PRG0006351,STU00374,MOD00073,CRS010,2026-03-09,2026-05-02,Not Started,2.75,83
PRG0006352,STU00374,MOD00074,CRS010,2026-02-28,2026-02-15,Completed,1.56,6
PRG0006353,STU00374,MOD00075,CRS010,2026-02-23,2026-03-05,In Progress,5.34,5
PRG0006354,STU00374,MOD00076,CRS010,2026-02-12,2026-04-01,In Progress,1.23,96
PRG0006355,STU00374,MOD00078,CRS010,2026-02-19,2026-03-30,Completed,1.27,67
PRG0006356,STU00374,MOD00079,CRS010,2026-03-01,2026-04-09,Completed,3.09,91
PRG0006357,STU00374,MOD00137,CRS018,2026-02-04,2026-04-14,Completed,2.66,47
PRG0006358,STU00374,MOD00138,CRS018,2026-02-04,2026-03-12,Completed,4.35,10
PRG0006359,STU00374,MOD00139,CRS018,2026-02-11,2026-04-18,Completed,12.98,72
PRG0006360,STU00374,MOD00140,CRS018,2026-01-29,2026-04-14,In Progress,3.31,8
PRG0006361,STU00374,MOD00141,CRS018,2026-01-31,2026-02-24,Completed,4.66,64
PRG0006362,STU00374,MOD00142,CRS018,2026-02-20,2026-03-20,Completed,6.38,21
PRG0006363,STU00374,MOD00143,CRS018,2026-01-28,2026-04-08,In Progress,4.85,85
PRG0006364,STU00374,MOD00144,CRS018,2026-02-10,2026-03-19,Completed,4.44,59
PRG0006365,STU00375,MOD00065,CRS009,2026-02-09,2026-04-18,Completed,1.56,76
PRG0006366,STU00375,MOD00067,CRS009,2026-02-19,2026-04-07,Completed,2.14,20
PRG0006367,STU00375,MOD00068,CRS009,2026-02-14,2026-04-25,Completed,4.28,0
PRG0006368,STU00375,MOD00069,CRS009,2026-02-18,2026-04-07,In Progress,8.24,84
PRG0006369,STU00375,MOD00070,CRS009,2026-03-03,2026-04-15,Completed,10.24,26
PRG0006370,STU00375,MOD00071,CRS009,2026-02-26,2026-03-25,Completed,12.41,24
PRG0006371,STU00375,MOD00017,CRS003,2025-07-21,2025-08-17,Completed,1.38,42
PRG0006372,STU00375,MOD00019,CRS003,2025-07-06,2025-08-27,In Progress,5.88,63
PRG0006373,STU00375,MOD00021,CRS003,2025-07-23,2025-09-06,In Progress,4.29,74
PRG0006374,STU00375,MOD00022,CRS003,2025-07-16,2025-07-20,In Progress,4.52,11
PRG0006375,STU00375,MOD00057,CRS008,2026-03-31,2026-04-22,Not Started,11.68,80
PRG0006376,STU00375,MOD00059,CRS008,2026-03-24,2026-06-08,Completed,1.81,3
PRG0006377,STU00375,MOD00061,CRS008,2026-03-31,2026-05-11,Completed,8.67,28
PRG0006378,STU00375,MOD00062,CRS008,2026-03-29,2026-05-24,In Progress,4.25,33
PRG0006379,STU00375,MOD00064,CRS008,2026-04-05,2026-04-19,Completed,13.33,11
PRG0006380,STU00376,MOD00129,CRS017,2026-02-02,2026-04-09,Completed,4.37,30
PRG0006381,STU00376,MOD00130,CRS017,2026-02-05,2026-02-11,Completed,3.65,47
PRG0006382,STU00376,MOD00131,CRS017,2026-01-27,2026-03-14,In Progress,1.76,39
PRG0006383,STU00376,MOD00132,CRS017,2026-01-20,2026-03-25,Completed,7.05,61
PRG0006384,STU00376,MOD00133,CRS017,2026-02-02,2026-04-02,In Progress,9.88,37
PRG0006385,STU00376,MOD00134,CRS017,2026-02-01,2026-03-27,Completed,2.13,95
PRG0006386,STU00376,MOD00135,CRS017,2026-01-18,2026-02-02,Completed,10.29,90
PRG0006387,STU00376,MOD00136,CRS017,2026-02-02,2026-04-05,In Progress,2.14,10
PRG0006388,STU00376,MOD00145,CRS019,2026-04-03,2026-05-19,In Progress,2.47,73
PRG0006389,STU00376,MOD00146,CRS019,2026-03-16,2026-04-27,Completed,1.48,68
PRG0006390,STU00376,MOD00147,CRS019,2026-03-08,2026-03-31,Completed,4.15,1
PRG0006391,STU00376,MOD00148,CRS019,2026-03-21,2026-05-09,Completed,10.6,80
PRG0006392,STU00376,MOD00149,CRS019,2026-03-10,2026-05-23,In Progress,2.55,15
PRG0006393,STU00376,MOD00150,CRS019,2026-03-12,2026-03-06,In Progress,3.23,27
PRG0006394,STU00376,MOD00152,CRS019,2026-04-01,2026-03-05,Completed,2.97,83
PRG0006395,STU00377,MOD00089,CRS012,2025-12-03,2025-12-05,Not Started,6.99,62
PRG0006396,STU00377,MOD00090,CRS012,2025-11-04,2025-12-14,Completed,3.18,77
PRG0006397,STU00377,MOD00091,CRS012,2025-11-07,2025-12-01,In Progress,3.21,61
PRG0006398,STU00377,MOD00092,CRS012,2025-11-17,2026-01-05,Completed,9.67,20
PRG0006399,STU00377,MOD00093,CRS012,2025-11-18,2025-12-18,Completed,2.66,44
PRG0006400,STU00377,MOD00094,CRS012,2025-12-02,2026-01-19,Completed,2.43,51
PRG0006401,STU00377,MOD00095,CRS012,2025-11-17,2025-12-19,Completed,2.25,59
PRG0006402,STU00377,MOD00096,CRS012,2025-12-04,2026-01-10,Completed,2.3,99
PRG0006403,STU00377,MOD00010,CRS002,2025-06-09,2025-06-10,In Progress,7.67,23
PRG0006404,STU00377,MOD00014,CRS002,2025-05-26,2025-06-11,Completed,8.62,71
PRG0006405,STU00377,MOD00015,CRS002,2025-06-02,2025-07-01,In Progress,8.41,10
PRG0006406,STU00377,MOD00016,CRS002,2025-06-07,2025-08-05,Completed,4.69,28
PRG0006407,STU00377,MOD00137,CRS018,2025-07-17,2025-09-30,Completed,1.38,83
PRG0006408,STU00377,MOD00138,CRS018,2025-08-11,2025-10-07,Completed,5.04,46
PRG0006409,STU00377,MOD00139,CRS018,2025-08-09,2025-10-04,Completed,12.22,42
PRG0006410,STU00377,MOD00140,CRS018,2025-07-21,2025-10-08,Not Started,5.84,74
PRG0006411,STU00377,MOD00141,CRS018,2025-08-11,2025-09-29,Completed,9.5,75
PRG0006412,STU00377,MOD00142,CRS018,2025-08-02,2025-07-31,In Progress,5.37,73
PRG0006413,STU00377,MOD00143,CRS018,2025-07-26,2025-07-28,Completed,5.51,77
PRG0006414,STU00377,MOD00144,CRS018,2025-08-03,2025-07-14,In Progress,2.47,84
PRG0006415,STU00377,MOD00025,CRS004,2025-12-24,2026-03-07,Completed,7.27,28
PRG0006416,STU00377,MOD00026,CRS004,2025-12-15,2026-03-01,In Progress,1.78,93
PRG0006417,STU00377,MOD00030,CRS004,2025-12-22,2026-02-11,In Progress,4.4,85
PRG0006418,STU00377,MOD00031,CRS004,2026-01-04,2026-01-30,Not Started,8.84,39
PRG0006419,STU00377,MOD00032,CRS004,2026-01-10,2026-03-11,Completed,7.92,37
PRG0006420,STU00378,MOD00089,CRS012,2026-04-07,2026-04-05,Completed,6.86,8
PRG0006421,STU00378,MOD00092,CRS012,2026-04-01,2026-05-10,In Progress,11.94,72
PRG0006422,STU00378,MOD00093,CRS012,2026-04-05,2026-05-18,In Progress,5.72,17
PRG0006423,STU00378,MOD00095,CRS012,2026-03-17,2026-04-11,Completed,3.92,10
PRG0006424,STU00378,MOD00096,CRS012,2026-04-09,2026-05-17,Completed,5.69,76
PRG0006425,STU00379,MOD00145,CRS019,2025-08-07,2025-10-28,Completed,2.67,81
PRG0006426,STU00379,MOD00146,CRS019,2025-09-01,2025-09-12,Completed,4.3,10
PRG0006427,STU00379,MOD00147,CRS019,2025-08-10,2025-09-28,In Progress,3.35,59
PRG0006428,STU00379,MOD00148,CRS019,2025-08-25,2025-10-15,In Progress,4.78,60
PRG0006429,STU00379,MOD00149,CRS019,2025-08-06,2025-09-22,In Progress,3.71,20
PRG0006430,STU00379,MOD00150,CRS019,2025-08-24,2025-09-15,In Progress,3.36,19
PRG0006431,STU00379,MOD00151,CRS019,2025-08-19,2025-10-13,In Progress,1.84,92
PRG0006432,STU00379,MOD00152,CRS019,2025-08-03,2025-10-28,Completed,1.94,52
PRG0006433,STU00380,MOD00017,CRS003,2026-04-07,2026-04-07,In Progress,2.62,63
PRG0006434,STU00380,MOD00020,CRS003,2026-04-12,2026-04-19,In Progress,1.95,17
PRG0006435,STU00380,MOD00022,CRS003,2026-03-31,2026-05-31,In Progress,1.81,82
PRG0006436,STU00380,MOD00024,CRS003,2026-04-04,2026-05-18,In Progress,6.75,34
PRG0006437,STU00381,MOD00007,CRS001,2026-01-01,2026-02-01,In Progress,6.28,76
PRG0006438,STU00381,MOD00008,CRS001,2026-01-06,2026-03-19,In Progress,7.33,79
PRG0006439,STU00381,MOD00137,CRS018,2026-03-27,2026-04-22,Not Started,1.79,30
PRG0006440,STU00381,MOD00139,CRS018,2026-04-14,2026-04-09,Completed,12.02,36
PRG0006441,STU00381,MOD00140,CRS018,2026-04-04,2026-04-19,Completed,3.58,58
PRG0006442,STU00381,MOD00141,CRS018,2026-04-04,2026-05-10,In Progress,11.44,100
PRG0006443,STU00381,MOD00144,CRS018,2026-03-23,2026-04-05,Completed,4.59,17
PRG0006444,STU00381,MOD00122,CRS016,2025-06-15,2025-08-30,In Progress,2.17,90
PRG0006445,STU00381,MOD00123,CRS016,2025-07-08,2025-06-22,Completed,6.19,2
PRG0006446,STU00381,MOD00124,CRS016,2025-06-22,2025-06-24,Completed,4.23,94
PRG0006447,STU00381,MOD00125,CRS016,2025-06-30,2025-07-27,Completed,2.9,56
PRG0006448,STU00381,MOD00127,CRS016,2025-06-29,2025-08-09,In Progress,5.2,0
PRG0006449,STU00381,MOD00033,CRS005,2026-03-26,2026-04-08,Not Started,1.26,43
PRG0006450,STU00381,MOD00034,CRS005,2026-04-15,2026-04-29,Completed,1.66,25
PRG0006451,STU00381,MOD00036,CRS005,2026-03-26,2026-06-07,Completed,4.1,41
PRG0006452,STU00381,MOD00037,CRS005,2026-03-24,2026-05-24,Completed,3.66,49
PRG0006453,STU00381,MOD00038,CRS005,2026-04-16,2026-03-29,In Progress,2.27,49
PRG0006454,STU00381,MOD00040,CRS005,2026-04-19,2026-06-02,Completed,1.42,41
PRG0006455,STU00382,MOD00106,CRS014,2026-02-16,2026-03-01,Completed,1.89,60
PRG0006456,STU00382,MOD00109,CRS014,2026-01-29,2026-01-30,Completed,4.24,16
PRG0006457,STU00382,MOD00111,CRS014,2026-01-31,2026-01-21,Completed,4.32,98
PRG0006458,STU00382,MOD00112,CRS014,2026-01-19,2026-01-26,In Progress,10.56,8
PRG0006459,STU00382,MOD00129,CRS017,2026-04-01,2026-05-07,In Progress,7.33,91
PRG0006460,STU00382,MOD00130,CRS017,2026-04-06,2026-04-10,Completed,9.41,72
PRG0006461,STU00382,MOD00131,CRS017,2026-04-14,2026-04-18,Not Started,3.01,77
PRG0006462,STU00382,MOD00132,CRS017,2026-04-20,2026-06-10,In Progress,5.24,87
PRG0006463,STU00382,MOD00133,CRS017,2026-04-09,2026-06-25,In Progress,7.66,51
PRG0006464,STU00382,MOD00134,CRS017,2026-04-03,2026-05-03,Completed,4.05,22
PRG0006465,STU00382,MOD00135,CRS017,2026-04-04,2026-04-16,Completed,7.25,49
PRG0006466,STU00382,MOD00136,CRS017,2026-04-22,2026-04-15,Completed,10.92,26
PRG0006467,STU00382,MOD00066,CRS009,2026-02-16,2026-01-26,Completed,5.54,27
PRG0006468,STU00382,MOD00067,CRS009,2026-02-02,2026-03-30,Completed,2.6,58
PRG0006469,STU00382,MOD00068,CRS009,2026-01-29,2026-04-17,In Progress,3.89,51
PRG0006470,STU00382,MOD00072,CRS009,2026-02-06,2026-03-07,Not Started,4.01,10
PRG0006471,STU00382,MOD00113,CRS015,2026-04-09,2026-04-15,In Progress,8.6,43
PRG0006472,STU00382,MOD00114,CRS015,2026-04-05,2026-04-11,Completed,2.67,28
PRG0006473,STU00382,MOD00115,CRS015,2026-03-27,2026-06-09,Completed,2.43,89
PRG0006474,STU00382,MOD00116,CRS015,2026-04-15,2026-05-10,Completed,5.59,61
PRG0006475,STU00382,MOD00120,CRS015,2026-04-17,2026-05-29,In Progress,2.53,75
PRG0006476,STU00383,MOD00049,CRS007,2026-01-18,2026-01-23,Completed,1.53,34
PRG0006477,STU00383,MOD00050,CRS007,2025-12-25,2026-01-19,Completed,8.73,59
PRG0006478,STU00383,MOD00051,CRS007,2026-01-17,2026-01-12,In Progress,4.14,82
PRG0006479,STU00383,MOD00053,CRS007,2026-01-17,2026-03-21,Completed,1.81,80
PRG0006480,STU00383,MOD00055,CRS007,2025-12-26,2026-02-26,In Progress,2.59,10
PRG0006481,STU00383,MOD00056,CRS007,2026-01-12,2026-01-15,Completed,3.01,97
PRG0006482,STU00383,MOD00065,CRS009,2026-01-05,2026-02-25,Completed,1.92,66
PRG0006483,STU00383,MOD00067,CRS009,2026-01-14,2025-12-30,In Progress,2.61,35
PRG0006484,STU00383,MOD00068,CRS009,2026-01-05,2026-02-08,Completed,3.97,3
PRG0006485,STU00383,MOD00069,CRS009,2026-01-05,2026-02-01,Completed,2.84,59
PRG0006486,STU00383,MOD00070,CRS009,2026-01-12,2026-02-03,Completed,1.09,9
PRG0006487,STU00383,MOD00071,CRS009,2026-01-19,2025-12-31,Completed,5.65,16
PRG0006488,STU00383,MOD00072,CRS009,2025-12-25,2026-01-24,Completed,7.51,47
PRG0006489,STU00383,MOD00145,CRS019,2026-01-13,2025-12-25,In Progress,2.81,97
PRG0006490,STU00383,MOD00146,CRS019,2025-12-29,2026-03-04,In Progress,4.1,41
PRG0006491,STU00383,MOD00148,CRS019,2025-12-26,2026-03-04,Completed,5.29,68
PRG0006492,STU00383,MOD00150,CRS019,2026-01-16,2026-02-04,Completed,6.78,23
PRG0006493,STU00383,MOD00152,CRS019,2026-01-21,2025-12-25,Completed,2.83,60
PRG0006494,STU00383,MOD00113,CRS015,2026-01-05,2026-02-12,Completed,8.28,89
PRG0006495,STU00383,MOD00115,CRS015,2025-12-23,2026-01-30,Not Started,2.69,87
PRG0006496,STU00383,MOD00117,CRS015,2026-01-10,2026-01-15,Completed,3.18,32
PRG0006497,STU00384,MOD00009,CRS002,2025-12-27,2026-02-18,In Progress,5.08,43
PRG0006498,STU00384,MOD00010,CRS002,2025-12-29,2026-01-19,In Progress,6.03,94
PRG0006499,STU00384,MOD00011,CRS002,2026-01-04,2026-01-07,In Progress,5.72,23
PRG0006500,STU00384,MOD00012,CRS002,2025-12-21,2026-01-08,Completed,8.1,31
PRG0006501,STU00384,MOD00013,CRS002,2025-12-28,2025-12-21,In Progress,3.6,78
PRG0006502,STU00384,MOD00014,CRS002,2026-01-08,2026-03-01,Completed,6.39,91
PRG0006503,STU00384,MOD00015,CRS002,2026-01-09,2026-01-20,In Progress,6.25,6
PRG0006504,STU00384,MOD00016,CRS002,2025-12-18,2025-12-18,Completed,3.47,6
PRG0006505,STU00384,MOD00123,CRS016,2025-06-07,2025-08-07,Completed,10.45,69
PRG0006506,STU00384,MOD00124,CRS016,2025-06-07,2025-07-24,Not Started,3.61,91
PRG0006507,STU00384,MOD00126,CRS016,2025-05-27,2025-07-05,In Progress,5.28,30
PRG0006508,STU00384,MOD00127,CRS016,2025-05-16,2025-07-22,In Progress,4.33,85
PRG0006509,STU00384,MOD00097,CRS013,2026-03-08,2026-04-01,Not Started,6.35,59
PRG0006510,STU00384,MOD00099,CRS013,2026-03-09,2026-02-28,In Progress,1.78,51
PRG0006511,STU00384,MOD00100,CRS013,2026-02-23,2026-04-21,Completed,5.53,82
PRG0006512,STU00384,MOD00103,CRS013,2026-02-25,2026-03-22,Completed,1.37,79
PRG0006513,STU00385,MOD00031,CRS004,2026-03-27,2026-05-28,In Progress,6.77,18
PRG0006514,STU00385,MOD00032,CRS004,2026-04-13,2026-06-11,In Progress,4.4,35
PRG0006515,STU00385,MOD00145,CRS019,2025-05-18,2025-07-15,In Progress,1.18,76
PRG0006516,STU00385,MOD00146,CRS019,2025-06-14,2025-07-16,In Progress,1.22,24
PRG0006517,STU00385,MOD00147,CRS019,2025-05-18,2025-08-08,Completed,5.16,42
PRG0006518,STU00385,MOD00148,CRS019,2025-05-18,2025-06-18,In Progress,11.13,50
PRG0006519,STU00385,MOD00149,CRS019,2025-06-02,2025-06-22,Completed,5.78,56
PRG0006520,STU00385,MOD00150,CRS019,2025-06-09,2025-06-20,Completed,6.38,16
PRG0006521,STU00385,MOD00151,CRS019,2025-06-07,2025-07-20,Completed,2.4,45
PRG0006522,STU00385,MOD00152,CRS019,2025-06-02,2025-06-02,Completed,5.82,65
PRG0006523,STU00385,MOD00041,CRS006,2025-12-31,2026-02-26,Completed,5.98,23
PRG0006524,STU00385,MOD00044,CRS006,2026-01-19,2026-01-27,Completed,1.66,18
PRG0006525,STU00385,MOD00047,CRS006,2025-12-25,2026-01-29,Completed,8.73,73
PRG0006526,STU00385,MOD00048,CRS006,2026-01-23,2026-02-20,In Progress,3.84,78
PRG0006527,STU00385,MOD00009,CRS002,2025-09-13,2025-09-17,In Progress,4.22,4
PRG0006528,STU00385,MOD00010,CRS002,2025-08-26,2025-10-25,Completed,5.98,83
PRG0006529,STU00385,MOD00011,CRS002,2025-08-25,2025-10-16,Completed,2.24,3
PRG0006530,STU00385,MOD00012,CRS002,2025-08-24,2025-08-25,In Progress,2.42,100
PRG0006531,STU00385,MOD00013,CRS002,2025-08-25,2025-10-20,Completed,2.82,28
PRG0006532,STU00385,MOD00014,CRS002,2025-09-03,2025-11-09,Completed,5.94,7
PRG0006533,STU00385,MOD00015,CRS002,2025-09-21,2025-10-31,In Progress,4.15,77
PRG0006534,STU00385,MOD00016,CRS002,2025-08-22,2025-09-13,Completed,9.64,10
PRG0006535,STU00386,MOD00033,CRS005,2025-05-10,2025-06-24,Completed,2.85,46
PRG0006536,STU00386,MOD00035,CRS005,2025-05-15,2025-06-04,Completed,3.96,22
PRG0006537,STU00386,MOD00037,CRS005,2025-04-29,2025-06-18,In Progress,1.1,42
PRG0006538,STU00386,MOD00038,CRS005,2025-05-03,2025-05-28,In Progress,4.2,5
PRG0006539,STU00386,MOD00153,CRS020,2025-12-11,2026-03-01,Completed,10.75,92
PRG0006540,STU00386,MOD00154,CRS020,2025-12-24,2025-12-23,Completed,9.62,8
PRG0006541,STU00386,MOD00155,CRS020,2025-12-02,2026-02-24,In Progress,5.13,20
PRG0006542,STU00386,MOD00156,CRS020,2025-12-13,2026-01-03,In Progress,7.52,59
PRG0006543,STU00386,MOD00157,CRS020,2025-12-19,2026-02-02,In Progress,1.22,42
PRG0006544,STU00386,MOD00158,CRS020,2025-12-26,2026-01-15,In Progress,4.65,53
PRG0006545,STU00386,MOD00159,CRS020,2025-12-28,2026-02-25,Completed,11.98,95
PRG0006546,STU00386,MOD00160,CRS020,2025-12-17,2026-02-09,In Progress,4.18,74
PRG0006547,STU00387,MOD00121,CRS016,2025-11-04,2025-12-18,Completed,11.89,100
PRG0006548,STU00387,MOD00122,CRS016,2025-10-20,2025-12-03,Not Started,3.67,40
PRG0006549,STU00387,MOD00123,CRS016,2025-10-19,2026-01-05,In Progress,14.81,91
PRG0006550,STU00387,MOD00124,CRS016,2025-10-29,2025-11-17,In Progress,3.04,1
PRG0006551,STU00387,MOD00125,CRS016,2025-11-02,2025-11-19,Completed,4.03,98
PRG0006552,STU00387,MOD00127,CRS016,2025-11-14,2025-12-23,Completed,2.0,75
PRG0006553,STU00387,MOD00105,CRS014,2026-04-16,2026-04-24,Not Started,10.21,97
PRG0006554,STU00387,MOD00106,CRS014,2026-04-17,2026-05-26,Completed,2.6,82
PRG0006555,STU00387,MOD00107,CRS014,2026-04-20,2026-05-18,Completed,2.85,68
PRG0006556,STU00387,MOD00108,CRS014,2026-04-03,2026-06-10,Completed,2.48,8
PRG0006557,STU00387,MOD00109,CRS014,2026-04-03,2026-05-10,In Progress,10.67,52
PRG0006558,STU00387,MOD00110,CRS014,2026-04-08,2026-04-03,Completed,2.53,87
PRG0006559,STU00387,MOD00111,CRS014,2026-04-21,2026-05-13,Completed,7.38,12
PRG0006560,STU00387,MOD00112,CRS014,2026-04-09,2026-05-07,In Progress,11.85,16
PRG0006561,STU00387,MOD00113,CRS015,2026-04-05,2026-06-16,Completed,11.31,73
PRG0006562,STU00387,MOD00114,CRS015,2026-04-13,2026-05-21,In Progress,2.38,23
PRG0006563,STU00387,MOD00115,CRS015,2026-04-01,2026-06-15,Not Started,2.39,89
PRG0006564,STU00387,MOD00116,CRS015,2026-03-29,2026-06-08,In Progress,4.55,55
PRG0006565,STU00387,MOD00117,CRS015,2026-04-21,2026-06-05,Completed,1.82,18
PRG0006566,STU00387,MOD00118,CRS015,2026-03-27,2026-05-12,Not Started,5.8,1
PRG0006567,STU00387,MOD00119,CRS015,2026-03-26,2026-04-21,In Progress,7.8,66
PRG0006568,STU00387,MOD00120,CRS015,2026-04-19,2026-06-09,In Progress,4.92,35
PRG0006569,STU00387,MOD00050,CRS007,2025-11-28,2025-12-13,Completed,10.82,15
PRG0006570,STU00387,MOD00073,CRS010,2025-04-25,2025-05-26,Completed,9.2,70
PRG0006571,STU00387,MOD00074,CRS010,2025-05-12,2025-06-08,In Progress,6.94,35
PRG0006572,STU00387,MOD00075,CRS010,2025-04-25,2025-06-27,In Progress,1.3,59
PRG0006573,STU00387,MOD00076,CRS010,2025-04-18,2025-05-21,In Progress,1.69,18
PRG0006574,STU00387,MOD00077,CRS010,2025-04-24,2025-06-29,In Progress,5.62,92
PRG0006575,STU00387,MOD00078,CRS010,2025-05-09,2025-05-16,Not Started,2.24,11
PRG0006576,STU00387,MOD00079,CRS010,2025-05-06,2025-04-24,Completed,3.66,41
PRG0006577,STU00387,MOD00080,CRS010,2025-05-12,2025-04-15,Completed,1.16,63
PRG0006578,STU00388,MOD00033,CRS005,2025-10-26,2025-12-17,In Progress,1.21,17
PRG0006579,STU00388,MOD00034,CRS005,2025-10-17,2025-10-30,In Progress,6.41,33
PRG0006580,STU00388,MOD00035,CRS005,2025-10-28,2026-01-01,Completed,6.42,39
PRG0006581,STU00388,MOD00036,CRS005,2025-10-22,2025-12-07,Completed,3.19,53
PRG0006582,STU00388,MOD00037,CRS005,2025-10-26,2025-10-20,Completed,2.12,45
PRG0006583,STU00388,MOD00038,CRS005,2025-10-24,2025-11-23,Completed,1.33,61
PRG0006584,STU00388,MOD00039,CRS005,2025-10-26,2025-12-04,In Progress,9.85,48
PRG0006585,STU00388,MOD00040,CRS005,2025-10-24,2025-12-09,Not Started,8.14,20
PRG0006586,STU00388,MOD00057,CRS008,2025-10-19,2025-11-11,Completed,13.84,10
PRG0006587,STU00388,MOD00058,CRS008,2025-11-08,2025-12-21,Completed,6.15,18
PRG0006588,STU00388,MOD00060,CRS008,2025-10-18,2025-10-26,Completed,12.24,66
PRG0006589,STU00389,MOD00073,CRS010,2026-01-06,2026-02-09,Completed,10.38,98
PRG0006590,STU00389,MOD00074,CRS010,2026-01-08,2026-03-12,Completed,3.06,12
PRG0006591,STU00389,MOD00075,CRS010,2025-12-15,2026-03-05,Completed,1.75,57
PRG0006592,STU00389,MOD00076,CRS010,2025-12-15,2026-01-13,In Progress,1.12,31
PRG0006593,STU00389,MOD00077,CRS010,2026-01-11,2026-03-11,Completed,8.93,67
PRG0006594,STU00389,MOD00078,CRS010,2025-12-26,2025-12-21,Completed,2.26,64
PRG0006595,STU00389,MOD00079,CRS010,2025-12-21,2026-01-23,Completed,1.47,52
PRG0006596,STU00389,MOD00080,CRS010,2026-01-06,2026-02-07,In Progress,2.81,85
PRG0006597,STU00389,MOD00089,CRS012,2026-03-05,2026-03-19,Not Started,4.37,47
PRG0006598,STU00390,MOD00009,CRS002,2025-09-11,2025-10-26,Completed,2.46,11
PRG0006599,STU00390,MOD00010,CRS002,2025-09-17,2025-09-03,In Progress,1.78,85
PRG0006600,STU00390,MOD00011,CRS002,2025-09-13,2025-10-13,In Progress,1.36,8
PRG0006601,STU00390,MOD00012,CRS002,2025-09-25,2025-10-31,Completed,8.02,18
PRG0006602,STU00390,MOD00013,CRS002,2025-09-16,2025-09-26,Completed,3.17,62
PRG0006603,STU00390,MOD00014,CRS002,2025-09-08,2025-11-23,In Progress,6.41,41
PRG0006604,STU00390,MOD00015,CRS002,2025-09-06,2025-09-18,Completed,4.23,68
PRG0006605,STU00390,MOD00016,CRS002,2025-09-09,2025-10-19,Completed,8.3,32
PRG0006606,STU00390,MOD00106,CRS014,2025-09-29,2025-09-23,Completed,1.71,50
PRG0006607,STU00390,MOD00107,CRS014,2025-09-30,2025-11-02,Completed,5.01,80
PRG0006608,STU00390,MOD00108,CRS014,2025-09-13,2025-10-22,In Progress,2.66,81
PRG0006609,STU00390,MOD00109,CRS014,2025-09-22,2025-11-16,Not Started,12.07,30
PRG0006610,STU00390,MOD00111,CRS014,2025-09-04,2025-10-04,In Progress,8.66,1
PRG0006611,STU00390,MOD00112,CRS014,2025-09-18,2025-11-06,Completed,1.58,17
PRG0006612,STU00390,MOD00089,CRS012,2025-12-17,2025-12-19,In Progress,3.42,25
PRG0006613,STU00390,MOD00090,CRS012,2025-11-30,2026-02-12,Completed,1.48,32
PRG0006614,STU00390,MOD00091,CRS012,2025-12-19,2026-01-15,Completed,5.7,16
PRG0006615,STU00390,MOD00092,CRS012,2025-12-12,2026-01-22,Completed,4.81,71
PRG0006616,STU00390,MOD00093,CRS012,2025-12-05,2025-12-18,Completed,7.45,26
PRG0006617,STU00390,MOD00094,CRS012,2025-12-13,2026-01-04,Completed,1.01,95
PRG0006618,STU00390,MOD00095,CRS012,2025-12-11,2025-12-07,Completed,3.53,78
PRG0006619,STU00390,MOD00096,CRS012,2025-12-13,2026-01-23,In Progress,2.39,88
PRG0006620,STU00391,MOD00097,CRS013,2025-07-06,2025-06-17,In Progress,3.66,45
PRG0006621,STU00391,MOD00098,CRS013,2025-07-12,2025-08-19,Completed,2.61,28
PRG0006622,STU00391,MOD00099,CRS013,2025-07-08,2025-06-19,In Progress,2.68,39
PRG0006623,STU00391,MOD00100,CRS013,2025-06-21,2025-07-31,In Progress,4.2,21
PRG0006624,STU00391,MOD00101,CRS013,2025-06-25,2025-09-12,Not Started,4.24,95
PRG0006625,STU00391,MOD00102,CRS013,2025-07-08,2025-09-06,In Progress,4.67,75
PRG0006626,STU00391,MOD00103,CRS013,2025-07-08,2025-07-22,In Progress,3.21,68
PRG0006627,STU00391,MOD00104,CRS013,2025-07-10,2025-07-23,Completed,5.81,7
PRG0006628,STU00391,MOD00153,CRS020,2025-12-12,2026-01-23,Completed,8.6,22
PRG0006629,STU00391,MOD00154,CRS020,2025-12-29,2025-12-26,In Progress,11.11,13
PRG0006630,STU00391,MOD00155,CRS020,2025-12-16,2026-03-07,Completed,2.53,13
PRG0006631,STU00391,MOD00156,CRS020,2026-01-09,2026-01-24,Not Started,5.79,43
PRG0006632,STU00391,MOD00157,CRS020,2026-01-04,2026-02-24,Completed,1.62,70
PRG0006633,STU00391,MOD00158,CRS020,2025-12-12,2026-02-15,Completed,4.35,4
PRG0006634,STU00391,MOD00159,CRS020,2026-01-04,2026-02-15,Completed,13.62,69
PRG0006635,STU00391,MOD00160,CRS020,2025-12-19,2026-01-31,Completed,2.08,5
PRG0006636,STU00392,MOD00105,CRS014,2025-10-23,2025-12-18,Completed,9.2,73
PRG0006637,STU00392,MOD00106,CRS014,2025-11-04,2026-01-03,Completed,2.48,17
PRG0006638,STU00392,MOD00107,CRS014,2025-10-27,2025-12-14,In Progress,8.8,6
PRG0006639,STU00392,MOD00108,CRS014,2025-10-15,2025-12-15,Completed,2.42,36
PRG0006640,STU00392,MOD00109,CRS014,2025-11-02,2025-12-15,Completed,6.5,26
PRG0006641,STU00392,MOD00110,CRS014,2025-10-16,2025-11-15,In Progress,2.02,94
PRG0006642,STU00392,MOD00111,CRS014,2025-10-19,2025-11-09,In Progress,1.22,17
PRG0006643,STU00392,MOD00112,CRS014,2025-11-11,2025-11-03,In Progress,4.35,69
PRG0006644,STU00393,MOD00001,CRS001,2025-11-28,2025-12-21,Completed,2.31,78
PRG0006645,STU00393,MOD00002,CRS001,2025-11-14,2025-12-12,Completed,3.05,100
PRG0006646,STU00393,MOD00003,CRS001,2025-11-25,2026-01-08,In Progress,2.43,65
PRG0006647,STU00393,MOD00004,CRS001,2025-12-02,2025-11-12,Completed,2.79,9
PRG0006648,STU00393,MOD00005,CRS001,2025-11-06,2025-11-14,In Progress,4.49,70
PRG0006649,STU00393,MOD00006,CRS001,2025-11-19,2025-12-31,Completed,4.31,70
PRG0006650,STU00393,MOD00007,CRS001,2025-11-07,2026-01-03,Completed,1.85,55
PRG0006651,STU00393,MOD00008,CRS001,2025-12-02,2025-12-19,Completed,4.59,58
PRG0006652,STU00393,MOD00076,CRS010,2026-04-07,2026-03-31,Completed,1.25,96
PRG0006653,STU00393,MOD00077,CRS010,2026-03-24,2026-04-01,Completed,5.63,25
PRG0006654,STU00393,MOD00049,CRS007,2025-11-14,2025-11-17,Completed,1.06,30
PRG0006655,STU00393,MOD00050,CRS007,2025-11-11,2025-12-30,Not Started,11.82,12
PRG0006656,STU00393,MOD00051,CRS007,2025-10-28,2025-12-30,In Progress,5.59,56
PRG0006657,STU00393,MOD00053,CRS007,2025-10-30,2025-12-29,Completed,1.06,92
PRG0006658,STU00393,MOD00055,CRS007,2025-11-05,2025-10-16,Completed,1.46,45
PRG0006659,STU00394,MOD00017,CRS003,2025-10-23,2025-10-22,Not Started,3.33,43
PRG0006660,STU00394,MOD00018,CRS003,2025-10-13,2025-11-17,Completed,3.72,0
PRG0006661,STU00394,MOD00019,CRS003,2025-10-23,2025-12-10,Completed,4.17,17
PRG0006662,STU00394,MOD00020,CRS003,2025-10-06,2025-11-12,Completed,1.14,100
PRG0006663,STU00394,MOD00021,CRS003,2025-10-19,2025-12-23,In Progress,7.08,99
PRG0006664,STU00394,MOD00022,CRS003,2025-10-06,2025-10-12,Completed,9.97,83
PRG0006665,STU00394,MOD00023,CRS003,2025-10-20,2025-11-22,Completed,8.74,19
PRG0006666,STU00394,MOD00024,CRS003,2025-10-02,2025-11-06,In Progress,8.99,5
PRG0006667,STU00394,MOD00113,CRS015,2025-10-17,2025-12-22,In Progress,7.18,34
PRG0006668,STU00394,MOD00114,CRS015,2025-10-18,2025-12-29,Not Started,1.04,53
PRG0006669,STU00394,MOD00115,CRS015,2025-10-31,2025-10-19,Completed,2.66,70
PRG0006670,STU00394,MOD00116,CRS015,2025-10-08,2025-11-28,In Progress,4.67,45
PRG0006671,STU00394,MOD00117,CRS015,2025-10-30,2025-11-22,In Progress,3.09,73
PRG0006672,STU00394,MOD00118,CRS015,2025-10-07,2025-10-28,In Progress,10.12,55
PRG0006673,STU00394,MOD00119,CRS015,2025-10-10,2025-12-02,Completed,2.59,8
PRG0006674,STU00395,MOD00147,CRS019,2025-05-05,2025-06-06,Completed,2.5,67
PRG0006675,STU00395,MOD00113,CRS015,2025-10-31,2025-11-23,Not Started,11.98,98
PRG0006676,STU00395,MOD00114,CRS015,2025-11-07,2025-12-14,Not Started,3.33,45
PRG0006677,STU00395,MOD00115,CRS015,2025-11-07,2025-12-23,Completed,1.15,73
PRG0006678,STU00395,MOD00116,CRS015,2025-10-19,2025-11-13,Completed,2.96,99
PRG0006679,STU00395,MOD00117,CRS015,2025-10-23,2025-12-26,Completed,2.24,4
PRG0006680,STU00395,MOD00118,CRS015,2025-10-26,2025-11-22,Completed,9.7,96
PRG0006681,STU00395,MOD00119,CRS015,2025-11-08,2025-11-14,Completed,6.37,54
PRG0006682,STU00395,MOD00120,CRS015,2025-11-07,2025-12-12,Completed,2.96,24
PRG0006683,STU00396,MOD00137,CRS018,2025-12-27,2026-02-05,Completed,1.71,95
PRG0006684,STU00396,MOD00138,CRS018,2026-01-11,2026-02-14,Completed,2.65,6
PRG0006685,STU00396,MOD00139,CRS018,2026-01-18,2026-01-02,Completed,7.6,27
PRG0006686,STU00396,MOD00140,CRS018,2025-12-27,2026-03-01,In Progress,4.88,67
PRG0006687,STU00396,MOD00141,CRS018,2026-01-13,2026-02-26,Completed,8.93,34
PRG0006688,STU00396,MOD00142,CRS018,2026-01-04,2026-01-16,In Progress,9.48,41
PRG0006689,STU00396,MOD00143,CRS018,2026-01-09,2026-02-28,In Progress,2.66,56
PRG0006690,STU00396,MOD00144,CRS018,2026-01-05,2026-03-07,Completed,8.16,89
PRG0006691,STU00397,MOD00041,CRS006,2025-12-07,2025-11-12,Completed,4.98,42
PRG0006692,STU00397,MOD00129,CRS017,2025-07-29,2025-08-09,In Progress,6.71,73
PRG0006693,STU00397,MOD00130,CRS017,2025-08-02,2025-08-29,Completed,7.12,50
PRG0006694,STU00397,MOD00131,CRS017,2025-08-10,2025-09-23,In Progress,3.5,43
PRG0006695,STU00397,MOD00132,CRS017,2025-08-14,2025-09-03,Completed,1.93,77
PRG0006696,STU00397,MOD00133,CRS017,2025-08-09,2025-08-29,Completed,10.37,67
PRG0006697,STU00397,MOD00134,CRS017,2025-08-10,2025-09-05,Completed,2.99,79
PRG0006698,STU00397,MOD00135,CRS017,2025-08-07,2025-10-09,In Progress,2.93,99
PRG0006699,STU00397,MOD00136,CRS017,2025-08-10,2025-09-02,Completed,8.51,49
PRG0006700,STU00397,MOD00065,CRS009,2025-04-29,2025-06-11,In Progress,3.72,20
PRG0006701,STU00397,MOD00066,CRS009,2025-04-22,2025-05-03,Completed,1.55,88
PRG0006702,STU00397,MOD00068,CRS009,2025-05-01,2025-05-02,Completed,2.85,9
PRG0006703,STU00397,MOD00069,CRS009,2025-05-09,2025-07-19,Completed,9.52,71
PRG0006704,STU00397,MOD00071,CRS009,2025-05-05,2025-05-13,Completed,8.51,28
PRG0006705,STU00398,MOD00113,CRS015,2026-02-22,2026-02-25,Not Started,1.88,45
PRG0006706,STU00398,MOD00114,CRS015,2026-02-22,2026-03-08,In Progress,3.27,76
PRG0006707,STU00398,MOD00115,CRS015,2026-02-27,2026-03-01,Completed,1.31,1
PRG0006708,STU00398,MOD00116,CRS015,2026-03-04,2026-02-12,Completed,5.1,26
PRG0006709,STU00398,MOD00117,CRS015,2026-03-02,2026-04-02,Completed,4.05,89
PRG0006710,STU00398,MOD00118,CRS015,2026-02-10,2026-02-12,Completed,8.22,73
PRG0006711,STU00398,MOD00119,CRS015,2026-03-11,2026-02-14,In Progress,5.85,97
PRG0006712,STU00398,MOD00120,CRS015,2026-03-05,2026-04-09,Completed,1.97,34
PRG0006713,STU00398,MOD00013,CRS002,2025-07-08,2025-09-05,In Progress,3.52,78
PRG0006714,STU00398,MOD00015,CRS002,2025-07-07,2025-09-03,Not Started,8.97,17
PRG0006715,STU00398,MOD00016,CRS002,2025-07-15,2025-09-10,In Progress,5.83,2
PRG0006716,STU00398,MOD00153,CRS020,2025-08-14,2025-09-18,Completed,4.67,99
PRG0006717,STU00398,MOD00154,CRS020,2025-08-19,2025-08-25,Completed,5.99,56
PRG0006718,STU00398,MOD00155,CRS020,2025-08-13,2025-08-27,Completed,7.0,33
PRG0006719,STU00398,MOD00156,CRS020,2025-08-07,2025-09-24,In Progress,2.44,6
PRG0006720,STU00398,MOD00157,CRS020,2025-07-31,2025-10-16,Completed,3.05,67
PRG0006721,STU00398,MOD00158,CRS020,2025-07-31,2025-08-06,Completed,3.58,27
PRG0006722,STU00398,MOD00159,CRS020,2025-08-07,2025-09-10,Completed,9.69,55
PRG0006723,STU00398,MOD00160,CRS020,2025-08-04,2025-09-10,Completed,2.64,24
PRG0006724,STU00398,MOD00017,CRS003,2025-08-17,2025-10-12,In Progress,3.22,49
PRG0006725,STU00398,MOD00020,CRS003,2025-09-03,2025-10-30,Completed,1.25,6
PRG0006726,STU00398,MOD00068,CRS009,2025-10-10,2025-10-04,Not Started,2.35,64
PRG0006727,STU00398,MOD00069,CRS009,2025-10-18,2025-12-16,Completed,2.63,28
PRG0006728,STU00398,MOD00071,CRS009,2025-10-04,2025-11-14,In Progress,10.48,31
PRG0006729,STU00399,MOD00041,CRS006,2025-08-31,2025-09-22,In Progress,2.04,47
PRG0006730,STU00399,MOD00042,CRS006,2025-08-10,2025-10-17,Completed,10.82,42
PRG0006731,STU00399,MOD00043,CRS006,2025-08-23,2025-09-12,Completed,2.73,60
PRG0006732,STU00399,MOD00044,CRS006,2025-09-03,2025-08-16,Completed,3.27,2
PRG0006733,STU00399,MOD00045,CRS006,2025-08-30,2025-10-27,In Progress,1.6,100
PRG0006734,STU00399,MOD00046,CRS006,2025-08-09,2025-10-15,In Progress,2.92,43
PRG0006735,STU00399,MOD00047,CRS006,2025-08-10,2025-09-03,Completed,10.76,22
PRG0006736,STU00399,MOD00048,CRS006,2025-08-28,2025-09-24,Completed,2.12,52
PRG0006737,STU00399,MOD00145,CRS019,2025-08-11,2025-09-23,Completed,1.42,65
PRG0006738,STU00399,MOD00146,CRS019,2025-08-16,2025-09-04,Completed,2.19,96
PRG0006739,STU00399,MOD00147,CRS019,2025-08-29,2025-10-05,Completed,8.55,51
PRG0006740,STU00399,MOD00148,CRS019,2025-08-27,2025-10-05,Completed,1.83,59
PRG0006741,STU00399,MOD00149,CRS019,2025-08-08,2025-08-11,In Progress,1.51,79
PRG0006742,STU00399,MOD00150,CRS019,2025-08-29,2025-10-29,Completed,8.44,35
PRG0006743,STU00399,MOD00151,CRS019,2025-08-22,2025-09-24,Completed,2.37,21
PRG0006744,STU00399,MOD00152,CRS019,2025-08-06,2025-10-15,Completed,4.04,99
PRG0006745,STU00399,MOD00129,CRS017,2025-06-03,2025-06-07,In Progress,1.19,4
PRG0006746,STU00399,MOD00130,CRS017,2025-06-10,2025-07-04,In Progress,10.36,65
PRG0006747,STU00399,MOD00131,CRS017,2025-05-25,2025-07-09,Completed,3.79,18
PRG0006748,STU00399,MOD00133,CRS017,2025-06-12,2025-07-19,Completed,10.72,28
PRG0006749,STU00399,MOD00134,CRS017,2025-05-19,2025-06-10,In Progress,4.4,63
PRG0006750,STU00399,MOD00135,CRS017,2025-06-15,2025-05-30,Completed,8.07,39
PRG0006751,STU00399,MOD00136,CRS017,2025-06-16,2025-06-25,Completed,5.7,22
PRG0006752,STU00399,MOD00017,CRS003,2026-01-06,2026-02-08,Completed,2.32,26
PRG0006753,STU00399,MOD00019,CRS003,2026-01-19,2026-01-29,Completed,5.1,70
PRG0006754,STU00399,MOD00022,CRS003,2026-01-26,2026-02-18,Completed,8.57,46
PRG0006755,STU00399,MOD00005,CRS001,2025-09-01,2025-10-09,In Progress,3.16,11
PRG0006756,STU00399,MOD00008,CRS001,2025-08-20,2025-11-12,In Progress,2.27,98
PRG0006757,STU00400,MOD00145,CRS019,2026-03-13,2026-02-28,Completed,4.28,5
PRG0006758,STU00400,MOD00146,CRS019,2026-03-15,2026-03-21,Completed,1.57,93
PRG0006759,STU00400,MOD00147,CRS019,2026-03-01,2026-03-18,Completed,7.99,2
PRG0006760,STU00400,MOD00148,CRS019,2026-03-27,2026-03-19,Completed,10.84,65
PRG0006761,STU00400,MOD00149,CRS019,2026-03-12,2026-03-31,In Progress,3.07,0
PRG0006762,STU00400,MOD00150,CRS019,2026-03-25,2026-04-28,Completed,2.93,29
PRG0006763,STU00400,MOD00151,CRS019,2026-03-03,2026-05-25,Completed,1.73,1
PRG0006764,STU00400,MOD00152,CRS019,2026-03-14,2026-03-12,Completed,5.94,37
PRG0006765,STU00400,MOD00063,CRS008,2026-02-10,2026-04-02,Completed,3.6,31
PRG0006766,STU00400,MOD00064,CRS008,2026-02-25,2026-03-31,Not Started,2.28,99
PRG0006767,STU00400,MOD00129,CRS017,2025-10-30,2025-11-23,Completed,1.77,57
PRG0006768,STU00400,MOD00130,CRS017,2025-10-12,2025-12-25,In Progress,10.1,24
PRG0006769,STU00400,MOD00131,CRS017,2025-10-29,2025-11-12,In Progress,1.23,17
PRG0006770,STU00400,MOD00132,CRS017,2025-10-04,2025-11-02,Completed,1.8,30
PRG0006771,STU00400,MOD00133,CRS017,2025-10-29,2025-12-18,In Progress,13.82,38
PRG0006772,STU00400,MOD00134,CRS017,2025-10-14,2025-12-10,Completed,2.91,51
PRG0006773,STU00400,MOD00135,CRS017,2025-10-17,2025-12-25,Completed,6.31,7
PRG0006774,STU00400,MOD00136,CRS017,2025-10-14,2025-12-04,Completed,6.43,31
PRG0006775,STU00401,MOD00017,CRS003,2026-02-25,2026-03-07,In Progress,3.29,60
PRG0006776,STU00401,MOD00018,CRS003,2026-02-14,2026-04-09,In Progress,6.67,99
PRG0006777,STU00401,MOD00019,CRS003,2026-03-05,2026-02-15,Not Started,6.66,99
PRG0006778,STU00401,MOD00020,CRS003,2026-03-03,2026-03-18,In Progress,1.26,68
PRG0006779,STU00401,MOD00021,CRS003,2026-02-24,2026-03-04,Completed,11.4,29
PRG0006780,STU00401,MOD00022,CRS003,2026-02-19,2026-04-27,Completed,7.84,9
PRG0006781,STU00401,MOD00023,CRS003,2026-02-18,2026-04-10,In Progress,3.67,2
PRG0006782,STU00401,MOD00024,CRS003,2026-03-08,2026-04-25,Not Started,2.84,62
PRG0006783,STU00401,MOD00065,CRS009,2025-11-07,2025-10-25,Completed,1.35,18
PRG0006784,STU00401,MOD00068,CRS009,2025-10-29,2025-10-27,In Progress,3.92,74
PRG0006785,STU00401,MOD00070,CRS009,2025-10-19,2026-01-15,In Progress,9.51,33
PRG0006786,STU00401,MOD00071,CRS009,2025-10-23,2025-12-11,Completed,10.79,40
PRG0006787,STU00401,MOD00072,CRS009,2025-11-03,2025-11-09,In Progress,5.04,99
PRG0006788,STU00401,MOD00097,CRS013,2025-07-06,2025-09-15,In Progress,5.71,89
PRG0006789,STU00401,MOD00098,CRS013,2025-07-12,2025-08-26,Completed,4.38,51
PRG0006790,STU00401,MOD00099,CRS013,2025-07-11,2025-08-19,Completed,2.92,11
PRG0006791,STU00401,MOD00100,CRS013,2025-07-25,2025-09-11,Completed,1.51,89
PRG0006792,STU00401,MOD00101,CRS013,2025-07-28,2025-07-17,Completed,2.98,78
PRG0006793,STU00401,MOD00102,CRS013,2025-07-10,2025-09-24,Completed,3.2,57
PRG0006794,STU00401,MOD00103,CRS013,2025-07-31,2025-08-07,Not Started,7.84,69
PRG0006795,STU00401,MOD00104,CRS013,2025-07-16,2025-07-27,Completed,10.1,88
PRG0006796,STU00401,MOD00105,CRS014,2025-09-24,2025-11-18,In Progress,11.69,75
PRG0006797,STU00401,MOD00106,CRS014,2025-09-19,2025-10-10,Completed,1.45,77
PRG0006798,STU00401,MOD00107,CRS014,2025-09-19,2025-10-11,Completed,3.31,86
PRG0006799,STU00401,MOD00108,CRS014,2025-09-26,2025-11-07,Completed,2.34,28
PRG0006800,STU00401,MOD00109,CRS014,2025-09-29,2025-12-09,Completed,11.78,98
PRG0006801,STU00401,MOD00111,CRS014,2025-09-20,2025-10-02,Completed,8.89,50
PRG0006802,STU00401,MOD00112,CRS014,2025-09-20,2025-10-10,Completed,7.39,85
PRG0006803,STU00401,MOD00151,CRS019,2026-03-10,2026-04-05,Not Started,7.32,44
PRG0006804,STU00402,MOD00121,CRS016,2025-09-26,2025-10-31,Not Started,5.12,46
PRG0006805,STU00402,MOD00124,CRS016,2025-09-26,2025-11-30,In Progress,8.24,0
PRG0006806,STU00402,MOD00065,CRS009,2026-04-07,2026-05-01,Completed,4.45,39
PRG0006807,STU00402,MOD00066,CRS009,2026-04-20,2026-05-25,In Progress,3.92,65
PRG0006808,STU00402,MOD00067,CRS009,2026-04-16,2026-04-08,Completed,1.37,30
PRG0006809,STU00402,MOD00068,CRS009,2026-04-01,2026-06-15,Not Started,2.03,49
PRG0006810,STU00402,MOD00069,CRS009,2026-03-29,2026-06-16,Completed,1.86,8
PRG0006811,STU00402,MOD00070,CRS009,2026-04-04,2026-04-24,Not Started,7.75,33
PRG0006812,STU00402,MOD00071,CRS009,2026-04-01,2026-06-17,In Progress,3.17,7
PRG0006813,STU00402,MOD00072,CRS009,2026-03-29,2026-04-11,In Progress,3.23,59
PRG0006814,STU00402,MOD00057,CRS008,2025-09-06,2025-10-26,Completed,10.27,56
PRG0006815,STU00402,MOD00059,CRS008,2025-09-24,2025-10-22,In Progress,5.09,84
PRG0006816,STU00402,MOD00061,CRS008,2025-09-10,2025-09-07,Completed,6.2,9
PRG0006817,STU00402,MOD00063,CRS008,2025-09-18,2025-10-02,Not Started,8.64,92
PRG0006818,STU00402,MOD00064,CRS008,2025-09-15,2025-10-31,Completed,11.9,90
PRG0006819,STU00402,MOD00137,CRS018,2026-03-13,2026-02-23,Completed,1.87,46
PRG0006820,STU00402,MOD00138,CRS018,2026-03-07,2026-03-13,In Progress,3.96,93
PRG0006821,STU00402,MOD00139,CRS018,2026-02-24,2026-02-24,In Progress,9.2,89
PRG0006822,STU00402,MOD00140,CRS018,2026-03-14,2026-03-11,Completed,4.15,43
PRG0006823,STU00402,MOD00141,CRS018,2026-03-04,2026-02-18,Not Started,2.25,13
PRG0006824,STU00402,MOD00142,CRS018,2026-02-19,2026-05-13,Completed,11.05,62
PRG0006825,STU00402,MOD00143,CRS018,2026-02-12,2026-04-24,Not Started,1.36,45
PRG0006826,STU00402,MOD00144,CRS018,2026-03-10,2026-05-06,Completed,6.51,88
PRG0006827,STU00402,MOD00049,CRS007,2026-01-18,2025-12-30,Not Started,1.86,96
PRG0006828,STU00402,MOD00050,CRS007,2026-01-06,2026-03-08,Not Started,2.52,68
PRG0006829,STU00402,MOD00051,CRS007,2026-01-06,2026-03-20,In Progress,2.02,70
PRG0006830,STU00402,MOD00052,CRS007,2025-12-28,2026-02-24,Completed,4.69,1
PRG0006831,STU00402,MOD00053,CRS007,2025-12-21,2026-02-06,In Progress,4.44,88
PRG0006832,STU00402,MOD00054,CRS007,2026-01-13,2026-01-20,In Progress,4.04,52
PRG0006833,STU00402,MOD00055,CRS007,2025-12-20,2026-03-13,Completed,1.12,71
PRG0006834,STU00402,MOD00056,CRS007,2026-01-10,2026-03-07,In Progress,3.8,39
PRG0006835,STU00403,MOD00025,CRS004,2025-12-24,2026-02-05,In Progress,2.01,65
PRG0006836,STU00403,MOD00026,CRS004,2025-11-30,2026-02-02,Completed,1.55,34
PRG0006837,STU00403,MOD00029,CRS004,2025-12-12,2026-01-23,Not Started,2.53,28
PRG0006838,STU00403,MOD00031,CRS004,2025-12-02,2025-12-01,Completed,3.15,94
PRG0006839,STU00403,MOD00032,CRS004,2025-12-05,2026-01-15,In Progress,3.79,100
PRG0006840,STU00403,MOD00065,CRS009,2025-05-24,2025-07-28,In Progress,2.12,42
PRG0006841,STU00403,MOD00066,CRS009,2025-06-16,2025-05-25,In Progress,8.51,36
PRG0006842,STU00403,MOD00067,CRS009,2025-06-12,2025-06-07,In Progress,5.08,95
PRG0006843,STU00403,MOD00068,CRS009,2025-05-28,2025-06-22,In Progress,4.28,85
PRG0006844,STU00403,MOD00069,CRS009,2025-05-19,2025-05-30,Completed,5.06,47
PRG0006845,STU00403,MOD00070,CRS009,2025-06-02,2025-08-09,In Progress,8.33,62
PRG0006846,STU00403,MOD00071,CRS009,2025-06-13,2025-07-24,Completed,7.75,38
PRG0006847,STU00403,MOD00072,CRS009,2025-05-22,2025-05-22,Completed,3.46,63
PRG0006848,STU00403,MOD00137,CRS018,2026-03-26,2026-06-18,Completed,1.66,72
PRG0006849,STU00403,MOD00138,CRS018,2026-03-25,2026-05-07,Completed,5.2,56
PRG0006850,STU00403,MOD00139,CRS018,2026-04-07,2026-04-28,Completed,12.16,49
PRG0006851,STU00403,MOD00140,CRS018,2026-04-18,2026-05-06,Not Started,5.11,1
PRG0006852,STU00403,MOD00141,CRS018,2026-04-09,2026-06-20,Completed,9.45,50
PRG0006853,STU00403,MOD00142,CRS018,2026-04-12,2026-04-08,Completed,8.34,77
PRG0006854,STU00403,MOD00143,CRS018,2026-03-27,2026-05-25,Not Started,5.23,63
PRG0006855,STU00403,MOD00144,CRS018,2026-03-26,2026-04-19,Completed,1.79,26
PRG0006856,STU00404,MOD00041,CRS006,2026-01-26,2026-02-26,In Progress,4.39,50
PRG0006857,STU00404,MOD00042,CRS006,2026-02-14,2026-02-08,In Progress,11.02,67
PRG0006858,STU00404,MOD00043,CRS006,2026-02-21,2026-04-20,Completed,2.56,65
PRG0006859,STU00404,MOD00044,CRS006,2026-02-22,2026-03-02,Completed,3.56,100
PRG0006860,STU00404,MOD00045,CRS006,2026-02-05,2026-03-10,Completed,1.13,71
PRG0006861,STU00404,MOD00046,CRS006,2026-02-06,2026-02-25,Completed,4.3,61
PRG0006862,STU00404,MOD00048,CRS006,2026-02-05,2026-02-20,In Progress,1.39,52
PRG0006863,STU00404,MOD00145,CRS019,2025-06-21,2025-07-27,Completed,1.84,41
PRG0006864,STU00404,MOD00146,CRS019,2025-06-19,2025-06-12,In Progress,6.46,89
PRG0006865,STU00404,MOD00147,CRS019,2025-07-05,2025-08-31,In Progress,6.84,24
PRG0006866,STU00404,MOD00148,CRS019,2025-06-14,2025-07-04,In Progress,6.31,9
PRG0006867,STU00404,MOD00149,CRS019,2025-06-18,2025-07-13,Completed,5.25,86
PRG0006868,STU00404,MOD00150,CRS019,2025-06-11,2025-09-04,Completed,10.66,57
PRG0006869,STU00404,MOD00151,CRS019,2025-06-24,2025-09-03,Completed,4.35,18
PRG0006870,STU00404,MOD00152,CRS019,2025-06-14,2025-08-10,Completed,2.63,44
PRG0006871,STU00405,MOD00035,CRS005,2025-09-11,2025-10-03,Completed,3.62,99
PRG0006872,STU00405,MOD00036,CRS005,2025-09-15,2025-09-10,Completed,1.19,61
PRG0006873,STU00405,MOD00037,CRS005,2025-08-26,2025-10-07,Completed,3.19,57
PRG0006874,STU00405,MOD00038,CRS005,2025-08-27,2025-10-07,In Progress,9.96,74
PRG0006875,STU00405,MOD00040,CRS005,2025-09-10,2025-10-20,Not Started,11.12,16
PRG0006876,STU00406,MOD00001,CRS001,2025-10-21,2025-11-29,Not Started,6.34,84
PRG0006877,STU00406,MOD00002,CRS001,2025-10-11,2025-10-01,Completed,2.6,16
PRG0006878,STU00406,MOD00003,CRS001,2025-09-24,2025-11-22,In Progress,2.32,0
PRG0006879,STU00406,MOD00004,CRS001,2025-10-23,2025-11-25,Not Started,4.04,4
PRG0006880,STU00406,MOD00005,CRS001,2025-09-24,2025-12-16,Not Started,1.77,77
PRG0006881,STU00406,MOD00006,CRS001,2025-10-18,2025-12-14,Completed,1.32,90
PRG0006882,STU00406,MOD00007,CRS001,2025-10-13,2025-11-16,In Progress,6.99,16
PRG0006883,STU00406,MOD00008,CRS001,2025-10-09,2025-11-05,Completed,5.38,53
PRG0006884,STU00406,MOD00074,CRS010,2025-12-18,2026-01-22,Completed,6.27,90
PRG0006885,STU00406,MOD00075,CRS010,2025-12-17,2026-01-17,Completed,5.55,42
PRG0006886,STU00406,MOD00076,CRS010,2025-12-17,2026-01-14,Completed,1.89,8
PRG0006887,STU00406,MOD00077,CRS010,2025-12-03,2025-11-29,Completed,7.47,8
PRG0006888,STU00406,MOD00078,CRS010,2025-11-21,2026-01-31,In Progress,2.57,92
PRG0006889,STU00406,MOD00079,CRS010,2025-12-19,2026-02-04,Completed,2.34,34
PRG0006890,STU00406,MOD00080,CRS010,2025-12-19,2025-12-07,In Progress,1.63,28
PRG0006891,STU00407,MOD00073,CRS010,2026-03-23,2026-03-26,Completed,12.39,2
PRG0006892,STU00407,MOD00074,CRS010,2026-04-08,2026-05-31,Completed,3.76,93
PRG0006893,STU00407,MOD00075,CRS010,2026-03-23,2026-04-10,Not Started,4.98,84
PRG0006894,STU00407,MOD00076,CRS010,2026-04-03,2026-05-06,Completed,1.21,9
PRG0006895,STU00407,MOD00077,CRS010,2026-04-09,2026-06-13,Completed,5.58,64
PRG0006896,STU00407,MOD00078,CRS010,2026-03-22,2026-05-10,In Progress,1.69,93
PRG0006897,STU00407,MOD00079,CRS010,2026-04-05,2026-04-01,Completed,4.41,21
PRG0006898,STU00407,MOD00080,CRS010,2026-04-07,2026-03-31,Completed,2.66,85
PRG0006899,STU00407,MOD00057,CRS008,2025-06-03,2025-07-24,In Progress,9.63,1
PRG0006900,STU00407,MOD00058,CRS008,2025-05-26,2025-07-19,Completed,6.6,62
PRG0006901,STU00407,MOD00059,CRS008,2025-06-06,2025-08-18,Completed,3.01,35
PRG0006902,STU00407,MOD00060,CRS008,2025-06-12,2025-08-03,Completed,4.16,91
PRG0006903,STU00407,MOD00061,CRS008,2025-05-26,2025-07-15,Not Started,11.71,79
PRG0006904,STU00407,MOD00062,CRS008,2025-06-08,2025-07-09,In Progress,4.58,87
PRG0006905,STU00407,MOD00063,CRS008,2025-05-31,2025-07-13,In Progress,1.04,4
PRG0006906,STU00407,MOD00064,CRS008,2025-05-26,2025-06-07,Completed,9.89,6
PRG0006907,STU00407,MOD00153,CRS020,2025-12-05,2025-12-18,Completed,7.12,59
PRG0006908,STU00407,MOD00156,CRS020,2025-11-14,2026-01-26,Not Started,1.74,12
PRG0006909,STU00407,MOD00158,CRS020,2025-12-10,2026-01-23,Completed,2.73,52
PRG0006910,STU00408,MOD00057,CRS008,2025-06-04,2025-06-09,In Progress,12.7,81
PRG0006911,STU00408,MOD00058,CRS008,2025-06-11,2025-08-24,Completed,3.17,55
PRG0006912,STU00408,MOD00059,CRS008,2025-05-29,2025-07-31,In Progress,8.69,98
PRG0006913,STU00408,MOD00060,CRS008,2025-06-19,2025-08-06,Completed,11.9,45
PRG0006914,STU00408,MOD00061,CRS008,2025-05-27,2025-06-30,Completed,3.92,82
PRG0006915,STU00408,MOD00062,CRS008,2025-06-24,2025-08-03,Completed,1.41,20
PRG0006916,STU00408,MOD00063,CRS008,2025-06-12,2025-06-14,Completed,3.4,81
PRG0006917,STU00408,MOD00064,CRS008,2025-05-29,2025-08-07,Not Started,11.42,50
PRG0006918,STU00409,MOD00065,CRS009,2026-01-10,2026-02-03,Completed,3.47,19
PRG0006919,STU00409,MOD00071,CRS009,2026-01-14,2026-02-11,Completed,12.54,70
PRG0006920,STU00409,MOD00072,CRS009,2026-01-15,2026-02-16,Completed,5.03,29
PRG0006921,STU00409,MOD00017,CRS003,2025-06-10,2025-05-29,In Progress,2.7,17
PRG0006922,STU00409,MOD00018,CRS003,2025-06-03,2025-06-01,In Progress,14.3,25
PRG0006923,STU00409,MOD00019,CRS003,2025-06-02,2025-06-03,Completed,1.62,83
PRG0006924,STU00409,MOD00020,CRS003,2025-05-29,2025-08-20,In Progress,1.45,71
PRG0006925,STU00409,MOD00021,CRS003,2025-06-05,2025-07-26,Completed,10.66,52
PRG0006926,STU00409,MOD00022,CRS003,2025-06-07,2025-08-10,Completed,9.84,0
PRG0006927,STU00409,MOD00023,CRS003,2025-06-26,2025-08-08,Completed,8.83,74
PRG0006928,STU00409,MOD00024,CRS003,2025-06-06,2025-06-27,Completed,4.48,37
PRG0006929,STU00409,MOD00137,CRS018,2025-10-16,2025-10-28,Completed,1.17,70
PRG0006930,STU00409,MOD00138,CRS018,2025-10-08,2025-12-17,In Progress,1.17,62
PRG0006931,STU00409,MOD00139,CRS018,2025-10-30,2025-10-08,Completed,12.69,64
PRG0006932,STU00409,MOD00140,CRS018,2025-10-12,2025-12-13,Not Started,5.91,70
PRG0006933,STU00409,MOD00141,CRS018,2025-10-08,2025-11-15,Completed,2.96,96
PRG0006934,STU00409,MOD00142,CRS018,2025-09-30,2025-11-27,In Progress,1.8,12
PRG0006935,STU00409,MOD00143,CRS018,2025-10-29,2025-10-21,In Progress,2.81,16
PRG0006936,STU00409,MOD00144,CRS018,2025-10-01,2025-11-01,In Progress,4.75,1
PRG0006937,STU00409,MOD00009,CRS002,2025-08-09,2025-09-15,Completed,4.56,52
PRG0006938,STU00409,MOD00010,CRS002,2025-07-23,2025-08-12,Completed,5.42,62
PRG0006939,STU00409,MOD00011,CRS002,2025-07-18,2025-07-30,Completed,5.07,8
PRG0006940,STU00409,MOD00012,CRS002,2025-08-13,2025-09-29,In Progress,7.78,66
PRG0006941,STU00409,MOD00013,CRS002,2025-08-14,2025-07-21,Completed,5.37,2
PRG0006942,STU00409,MOD00014,CRS002,2025-07-24,2025-07-21,Completed,12.23,91
PRG0006943,STU00409,MOD00015,CRS002,2025-08-08,2025-08-14,In Progress,1.7,71
PRG0006944,STU00409,MOD00016,CRS002,2025-07-28,2025-09-14,In Progress,3.36,69
PRG0006945,STU00409,MOD00121,CRS016,2025-06-01,2025-08-13,In Progress,2.16,59
PRG0006946,STU00409,MOD00122,CRS016,2025-06-25,2025-07-11,Completed,2.75,25
PRG0006947,STU00409,MOD00123,CRS016,2025-06-03,2025-06-16,Completed,10.82,44
PRG0006948,STU00409,MOD00124,CRS016,2025-06-06,2025-08-04,Completed,5.53,20
PRG0006949,STU00409,MOD00125,CRS016,2025-05-28,2025-08-20,Completed,1.81,93
PRG0006950,STU00409,MOD00126,CRS016,2025-06-22,2025-07-03,Completed,1.24,19
PRG0006951,STU00409,MOD00127,CRS016,2025-06-13,2025-08-24,In Progress,3.55,49
PRG0006952,STU00409,MOD00128,CRS016,2025-05-28,2025-07-14,Completed,11.75,29
PRG0006953,STU00410,MOD00145,CRS019,2026-02-15,2026-03-08,In Progress,2.38,56
PRG0006954,STU00410,MOD00148,CRS019,2026-03-02,2026-02-17,In Progress,8.5,14
PRG0006955,STU00410,MOD00149,CRS019,2026-03-14,2026-05-12,Completed,4.91,95
PRG0006956,STU00410,MOD00150,CRS019,2026-02-26,2026-04-22,In Progress,11.22,24
PRG0006957,STU00410,MOD00130,CRS017,2025-11-17,2025-12-11,In Progress,8.7,98
PRG0006958,STU00410,MOD00133,CRS017,2025-11-17,2025-11-23,Completed,11.23,38
PRG0006959,STU00410,MOD00136,CRS017,2025-10-20,2025-12-23,Completed,2.92,12
PRG0006960,STU00410,MOD00089,CRS012,2026-02-22,2026-03-13,Completed,10.18,58
PRG0006961,STU00410,MOD00090,CRS012,2026-03-14,2026-04-13,In Progress,3.45,48
PRG0006962,STU00410,MOD00091,CRS012,2026-02-27,2026-03-04,Not Started,8.83,45
PRG0006963,STU00410,MOD00092,CRS012,2026-03-09,2026-04-04,Not Started,13.37,10
PRG0006964,STU00410,MOD00093,CRS012,2026-03-02,2026-05-12,Completed,3.06,71
PRG0006965,STU00410,MOD00094,CRS012,2026-02-22,2026-04-28,In Progress,1.72,20
PRG0006966,STU00410,MOD00095,CRS012,2026-02-27,2026-02-20,In Progress,2.19,31
PRG0006967,STU00410,MOD00096,CRS012,2026-02-16,2026-04-19,Completed,8.12,70
PRG0006968,STU00411,MOD00041,CRS006,2025-08-28,2025-10-16,Not Started,2.41,29
PRG0006969,STU00411,MOD00042,CRS006,2025-09-13,2025-10-01,Completed,4.7,71
PRG0006970,STU00411,MOD00043,CRS006,2025-09-08,2025-09-27,Not Started,4.35,59
PRG0006971,STU00411,MOD00045,CRS006,2025-08-15,2025-08-30,Completed,1.83,21
PRG0006972,STU00411,MOD00046,CRS006,2025-08-20,2025-10-06,Completed,7.02,4
PRG0006973,STU00411,MOD00047,CRS006,2025-09-06,2025-10-18,Completed,5.88,59
PRG0006974,STU00411,MOD00049,CRS007,2025-06-13,2025-06-17,Completed,5.52,90
PRG0006975,STU00411,MOD00050,CRS007,2025-07-07,2025-09-05,Completed,13.59,87
PRG0006976,STU00411,MOD00053,CRS007,2025-06-29,2025-09-04,Completed,3.14,26
PRG0006977,STU00412,MOD00049,CRS007,2025-06-19,2025-07-24,In Progress,4.91,99
PRG0006978,STU00412,MOD00050,CRS007,2025-05-31,2025-07-17,Not Started,12.02,39
PRG0006979,STU00412,MOD00051,CRS007,2025-06-09,2025-08-04,Not Started,6.43,16
PRG0006980,STU00412,MOD00052,CRS007,2025-06-24,2025-08-27,Completed,4.41,99
PRG0006981,STU00412,MOD00053,CRS007,2025-06-01,2025-06-05,Completed,2.77,64
PRG0006982,STU00412,MOD00054,CRS007,2025-06-07,2025-06-22,In Progress,2.17,89
PRG0006983,STU00412,MOD00055,CRS007,2025-06-19,2025-06-29,Completed,1.21,56
PRG0006984,STU00412,MOD00056,CRS007,2025-06-28,2025-08-23,Completed,1.84,1
PRG0006985,STU00413,MOD00025,CRS004,2025-11-09,2025-10-31,Completed,2.39,9
PRG0006986,STU00413,MOD00026,CRS004,2025-11-09,2025-10-15,Completed,4.34,74
PRG0006987,STU00413,MOD00027,CRS004,2025-10-22,2025-11-04,Completed,2.31,59
PRG0006988,STU00413,MOD00028,CRS004,2025-10-16,2025-12-24,In Progress,2.26,15
PRG0006989,STU00413,MOD00029,CRS004,2025-10-17,2025-11-23,Not Started,3.47,60
PRG0006990,STU00413,MOD00030,CRS004,2025-10-31,2025-10-25,In Progress,3.4,91
PRG0006991,STU00413,MOD00031,CRS004,2025-11-08,2025-12-10,Completed,6.88,13
PRG0006992,STU00413,MOD00032,CRS004,2025-11-11,2025-12-31,Not Started,4.08,85
PRG0006993,STU00413,MOD00113,CRS015,2026-02-13,2026-04-18,In Progress,1.24,87
PRG0006994,STU00413,MOD00114,CRS015,2026-02-18,2026-03-10,Completed,1.55,29
PRG0006995,STU00413,MOD00115,CRS015,2026-02-22,2026-03-13,In Progress,1.11,98
PRG0006996,STU00413,MOD00116,CRS015,2026-02-10,2026-02-07,Not Started,3.52,36
PRG0006997,STU00413,MOD00117,CRS015,2026-03-01,2026-04-17,Completed,4.08,24
PRG0006998,STU00413,MOD00118,CRS015,2026-02-04,2026-03-18,Completed,2.88,5
PRG0006999,STU00413,MOD00119,CRS015,2026-02-15,2026-03-19,Completed,5.03,40
PRG0007000,STU00413,MOD00120,CRS015,2026-02-06,2026-03-10,In Progress,2.48,3
PRG0007001,STU00413,MOD00081,CRS011,2026-02-23,2026-04-18,In Progress,1.84,33
PRG0007002,STU00413,MOD00083,CRS011,2026-02-17,2026-02-16,In Progress,1.89,26
PRG0007003,STU00413,MOD00086,CRS011,2026-02-04,2026-03-28,Completed,2.13,66
PRG0007004,STU00413,MOD00087,CRS011,2026-03-01,2026-02-24,Not Started,2.94,12
PRG0007005,STU00413,MOD00137,CRS018,2025-11-09,2025-11-13,Completed,1.66,54
PRG0007006,STU00413,MOD00139,CRS018,2025-10-27,2026-01-05,Completed,5.15,85
PRG0007007,STU00414,MOD00065,CRS009,2025-05-17,2025-06-01,Completed,3.95,95
PRG0007008,STU00414,MOD00066,CRS009,2025-05-05,2025-05-31,Completed,7.73,71
PRG0007009,STU00414,MOD00067,CRS009,2025-05-28,2025-07-08,In Progress,5.76,96
PRG0007010,STU00414,MOD00068,CRS009,2025-05-23,2025-05-07,Completed,3.97,68
PRG0007011,STU00414,MOD00069,CRS009,2025-05-30,2025-07-18,Completed,2.44,100
PRG0007012,STU00414,MOD00070,CRS009,2025-05-31,2025-07-14,In Progress,11.42,60
PRG0007013,STU00414,MOD00071,CRS009,2025-05-29,2025-05-23,In Progress,9.65,99
PRG0007014,STU00414,MOD00072,CRS009,2025-05-29,2025-07-04,In Progress,1.03,58
PRG0007015,STU00414,MOD00041,CRS006,2025-08-23,2025-09-18,Completed,4.44,9
PRG0007016,STU00414,MOD00042,CRS006,2025-08-05,2025-10-18,Completed,10.78,20
PRG0007017,STU00414,MOD00043,CRS006,2025-08-27,2025-08-18,Completed,2.88,30
PRG0007018,STU00414,MOD00044,CRS006,2025-08-29,2025-09-12,Completed,3.7,28
PRG0007019,STU00414,MOD00045,CRS006,2025-09-01,2025-08-14,Completed,2.89,50
PRG0007020,STU00414,MOD00046,CRS006,2025-08-09,2025-09-18,Completed,8.03,100
PRG0007021,STU00414,MOD00047,CRS006,2025-08-10,2025-10-02,Completed,1.03,99
PRG0007022,STU00414,MOD00048,CRS006,2025-08-15,2025-08-21,Completed,2.9,2
PRG0007023,STU00414,MOD00098,CRS013,2026-02-11,2026-02-09,In Progress,5.72,94
PRG0007024,STU00414,MOD00033,CRS005,2025-10-23,2026-01-05,Completed,4.07,62
PRG0007025,STU00414,MOD00034,CRS005,2025-11-01,2026-01-02,In Progress,5.59,91
PRG0007026,STU00414,MOD00038,CRS005,2025-11-06,2025-12-14,Completed,7.4,60
PRG0007027,STU00414,MOD00039,CRS005,2025-10-26,2025-11-07,In Progress,9.6,56
PRG0007028,STU00414,MOD00040,CRS005,2025-10-28,2025-12-23,In Progress,1.43,2
PRG0007029,STU00414,MOD00009,CRS002,2026-02-01,2026-04-06,Completed,3.32,85
PRG0007030,STU00414,MOD00014,CRS002,2026-02-03,2026-03-10,Completed,9.99,72
PRG0007031,STU00415,MOD00061,CRS008,2026-02-15,2026-03-04,Completed,6.78,8
PRG0007032,STU00415,MOD00065,CRS009,2026-02-25,2026-03-17,Completed,1.3,54
PRG0007033,STU00415,MOD00066,CRS009,2026-03-14,2026-04-05,In Progress,2.15,65
PRG0007034,STU00415,MOD00067,CRS009,2026-02-27,2026-05-08,Completed,4.22,10
PRG0007035,STU00415,MOD00068,CRS009,2026-02-26,2026-03-15,Completed,2.35,95
PRG0007036,STU00415,MOD00069,CRS009,2026-03-09,2026-05-01,In Progress,7.39,48
PRG0007037,STU00415,MOD00070,CRS009,2026-02-15,2026-02-17,Completed,7.96,87
PRG0007038,STU00415,MOD00071,CRS009,2026-03-08,2026-03-14,Completed,12.56,38
PRG0007039,STU00415,MOD00072,CRS009,2026-03-05,2026-03-20,Not Started,5.65,56
PRG0007040,STU00415,MOD00129,CRS017,2026-03-08,2026-05-06,In Progress,3.83,44
PRG0007041,STU00415,MOD00130,CRS017,2026-03-03,2026-04-26,Completed,8.38,100
PRG0007042,STU00415,MOD00131,CRS017,2026-02-22,2026-03-14,Completed,2.49,71
PRG0007043,STU00415,MOD00132,CRS017,2026-02-15,2026-03-13,Not Started,4.33,93
PRG0007044,STU00415,MOD00133,CRS017,2026-03-17,2026-02-18,Not Started,8.06,44
PRG0007045,STU00415,MOD00134,CRS017,2026-02-15,2026-05-12,In Progress,2.43,88
PRG0007046,STU00415,MOD00135,CRS017,2026-03-10,2026-04-08,Completed,6.66,38
PRG0007047,STU00415,MOD00136,CRS017,2026-03-04,2026-04-17,Completed,7.66,45
PRG0007048,STU00416,MOD00067,CRS009,2025-06-21,2025-09-07,Completed,3.67,6
PRG0007049,STU00416,MOD00069,CRS009,2025-06-24,2025-08-17,Completed,1.27,74
PRG0007050,STU00416,MOD00114,CRS015,2025-10-11,2025-12-30,In Progress,4.15,82
PRG0007051,STU00416,MOD00115,CRS015,2025-10-22,2025-12-20,Completed,1.22,34
PRG0007052,STU00416,MOD00117,CRS015,2025-11-05,2025-10-07,In Progress,2.85,48
PRG0007053,STU00416,MOD00120,CRS015,2025-10-09,2025-10-07,Completed,3.46,13
PRG0007054,STU00416,MOD00006,CRS001,2025-09-09,2025-11-04,Completed,2.2,54
PRG0007055,STU00416,MOD00007,CRS001,2025-08-22,2025-10-23,Not Started,1.64,88
PRG0007056,STU00416,MOD00081,CRS011,2025-08-13,2025-10-19,Completed,2.99,59
PRG0007057,STU00416,MOD00082,CRS011,2025-08-24,2025-09-13,Completed,6.62,9
PRG0007058,STU00416,MOD00084,CRS011,2025-08-24,2025-09-01,Completed,1.67,93
PRG0007059,STU00416,MOD00086,CRS011,2025-08-18,2025-10-27,Completed,3.71,44
PRG0007060,STU00416,MOD00087,CRS011,2025-08-16,2025-09-27,Completed,1.28,23
PRG0007061,STU00416,MOD00088,CRS011,2025-08-25,2025-09-11,Completed,1.88,68
PRG0007062,STU00416,MOD00073,CRS010,2026-02-01,2026-03-06,In Progress,9.23,35
PRG0007063,STU00416,MOD00074,CRS010,2026-01-08,2026-02-25,Completed,2.65,4
PRG0007064,STU00416,MOD00075,CRS010,2026-01-28,2026-02-20,Completed,10.54,49
PRG0007065,STU00416,MOD00076,CRS010,2026-02-02,2026-03-21,Completed,2.32,91
PRG0007066,STU00416,MOD00077,CRS010,2026-01-23,2026-01-26,In Progress,8.03,48
PRG0007067,STU00416,MOD00078,CRS010,2026-01-19,2026-02-12,Completed,2.72,76
PRG0007068,STU00416,MOD00079,CRS010,2026-01-20,2026-03-27,In Progress,3.03,62
PRG0007069,STU00416,MOD00080,CRS010,2026-02-01,2026-01-26,In Progress,1.9,45
PRG0007070,STU00417,MOD00138,CRS018,2025-12-21,2026-02-03,Completed,4.79,72
PRG0007071,STU00417,MOD00139,CRS018,2025-12-11,2026-02-08,In Progress,6.18,75
PRG0007072,STU00417,MOD00140,CRS018,2026-01-05,2026-01-21,Completed,5.33,24
PRG0007073,STU00417,MOD00141,CRS018,2025-12-25,2026-02-26,Completed,10.38,4
PRG0007074,STU00417,MOD00143,CRS018,2025-12-13,2026-02-12,In Progress,5.71,52
PRG0007075,STU00417,MOD00144,CRS018,2026-01-02,2025-12-16,In Progress,7.21,100
PRG0007076,STU00417,MOD00073,CRS010,2025-11-09,2026-01-01,Completed,5.54,16
PRG0007077,STU00417,MOD00074,CRS010,2025-10-30,2025-11-14,Completed,6.3,81
PRG0007078,STU00417,MOD00075,CRS010,2025-11-16,2026-01-07,Completed,9.69,17
PRG0007079,STU00417,MOD00076,CRS010,2025-10-24,2025-11-28,Completed,1.45,63
PRG0007080,STU00417,MOD00077,CRS010,2025-11-19,2025-12-12,Completed,3.67,15
PRG0007081,STU00417,MOD00078,CRS010,2025-11-02,2025-11-06,Completed,1.65,7
PRG0007082,STU00417,MOD00079,CRS010,2025-11-14,2026-01-19,Completed,2.38,96
PRG0007083,STU00417,MOD00080,CRS010,2025-11-15,2025-12-27,In Progress,2.37,75
PRG0007084,STU00417,MOD00049,CRS007,2025-09-02,2025-09-29,In Progress,3.25,27
PRG0007085,STU00417,MOD00050,CRS007,2025-09-17,2025-08-26,In Progress,13.38,83
PRG0007086,STU00417,MOD00051,CRS007,2025-08-26,2025-09-30,Completed,2.89,6
PRG0007087,STU00417,MOD00052,CRS007,2025-09-06,2025-10-16,In Progress,3.73,7
PRG0007088,STU00417,MOD00053,CRS007,2025-09-04,2025-11-11,Not Started,2.37,8
PRG0007089,STU00417,MOD00054,CRS007,2025-08-30,2025-10-12,Completed,1.34,75
PRG0007090,STU00417,MOD00055,CRS007,2025-09-04,2025-09-11,Completed,1.16,49
PRG0007091,STU00417,MOD00056,CRS007,2025-08-28,2025-11-12,In Progress,4.14,53
PRG0007092,STU00417,MOD00009,CRS002,2025-11-25,2026-01-31,In Progress,2.69,13
PRG0007093,STU00417,MOD00012,CRS002,2025-11-14,2025-11-13,Not Started,2.57,74
PRG0007094,STU00417,MOD00013,CRS002,2025-12-06,2025-11-13,Not Started,5.55,65
PRG0007095,STU00417,MOD00014,CRS002,2025-11-13,2026-01-25,Not Started,7.59,18
PRG0007096,STU00417,MOD00016,CRS002,2025-11-26,2026-01-19,Completed,9.51,80
PRG0007097,STU00417,MOD00001,CRS001,2026-04-04,2026-05-01,In Progress,7.97,74
PRG0007098,STU00417,MOD00006,CRS001,2026-04-25,2026-03-30,Completed,4.85,36
PRG0007099,STU00418,MOD00082,CRS011,2026-02-15,2026-02-12,Completed,1.91,46
PRG0007100,STU00418,MOD00083,CRS011,2026-02-22,2026-04-12,Completed,1.45,28
PRG0007101,STU00418,MOD00084,CRS011,2026-02-05,2026-04-25,Completed,2.99,34
PRG0007102,STU00418,MOD00085,CRS011,2026-02-15,2026-03-26,Completed,3.02,63
PRG0007103,STU00418,MOD00086,CRS011,2026-01-26,2026-04-02,Completed,1.52,43
PRG0007104,STU00418,MOD00087,CRS011,2026-02-01,2026-02-05,Not Started,1.45,88
PRG0007105,STU00418,MOD00050,CRS007,2025-10-13,2025-11-04,Not Started,2.23,29
PRG0007106,STU00418,MOD00053,CRS007,2025-10-08,2025-10-05,In Progress,3.33,91
PRG0007107,STU00418,MOD00054,CRS007,2025-09-30,2025-09-28,In Progress,5.43,5
PRG0007108,STU00418,MOD00055,CRS007,2025-09-20,2025-10-05,Completed,1.18,61
PRG0007109,STU00419,MOD00065,CRS009,2025-12-30,2026-02-22,In Progress,4.49,12
PRG0007110,STU00419,MOD00066,CRS009,2025-12-29,2026-02-06,Completed,1.51,88
PRG0007111,STU00419,MOD00067,CRS009,2026-01-12,2026-01-16,Completed,3.56,29
PRG0007112,STU00419,MOD00068,CRS009,2026-01-05,2026-01-01,In Progress,4.27,7
PRG0007113,STU00419,MOD00069,CRS009,2026-01-11,2026-01-18,Completed,6.58,80
PRG0007114,STU00419,MOD00070,CRS009,2026-01-20,2026-02-01,Completed,10.66,63
PRG0007115,STU00419,MOD00071,CRS009,2026-01-21,2026-02-10,In Progress,7.65,69
PRG0007116,STU00419,MOD00072,CRS009,2025-12-29,2026-03-01,Not Started,8.5,88
PRG0007117,STU00419,MOD00033,CRS005,2025-12-15,2026-01-23,Completed,4.28,25
PRG0007118,STU00419,MOD00034,CRS005,2025-11-21,2026-01-24,Completed,7.41,80
PRG0007119,STU00419,MOD00036,CRS005,2025-12-19,2025-12-09,In Progress,2.93,58
PRG0007120,STU00419,MOD00037,CRS005,2025-12-17,2026-02-06,Completed,1.48,73
PRG0007121,STU00419,MOD00038,CRS005,2025-12-06,2026-02-01,In Progress,10.46,95
PRG0007122,STU00419,MOD00081,CRS011,2025-06-13,2025-09-11,Completed,2.66,31
PRG0007123,STU00419,MOD00082,CRS011,2025-07-10,2025-08-27,Completed,4.52,16
PRG0007124,STU00419,MOD00083,CRS011,2025-06-13,2025-07-11,Completed,1.56,65
PRG0007125,STU00419,MOD00084,CRS011,2025-07-04,2025-07-08,Completed,2.18,94
PRG0007126,STU00419,MOD00085,CRS011,2025-06-19,2025-08-18,Not Started,4.86,8
PRG0007127,STU00419,MOD00086,CRS011,2025-06-28,2025-07-29,Completed,2.05,57
PRG0007128,STU00419,MOD00087,CRS011,2025-07-09,2025-07-23,In Progress,2.87,35
PRG0007129,STU00419,MOD00088,CRS011,2025-06-24,2025-07-20,Completed,2.53,59
PRG0007130,STU00420,MOD00099,CRS013,2025-11-24,2025-12-13,In Progress,1.88,76
PRG0007131,STU00420,MOD00101,CRS013,2025-12-09,2026-02-08,Completed,1.25,85
PRG0007132,STU00420,MOD00102,CRS013,2025-11-26,2026-01-04,Not Started,3.99,5
PRG0007133,STU00420,MOD00103,CRS013,2025-11-24,2025-11-26,Completed,4.42,90
PRG0007134,STU00420,MOD00104,CRS013,2025-12-08,2026-02-06,In Progress,7.94,89
PRG0007135,STU00420,MOD00025,CRS004,2026-03-27,2026-05-26,Not Started,3.5,9
PRG0007136,STU00420,MOD00027,CRS004,2026-03-29,2026-05-25,In Progress,1.81,38
PRG0007137,STU00420,MOD00028,CRS004,2026-04-10,2026-05-19,Completed,2.22,24
PRG0007138,STU00420,MOD00032,CRS004,2026-04-17,2026-04-06,Completed,8.88,18
PRG0007139,STU00420,MOD00033,CRS005,2026-03-31,2026-06-05,Completed,3.06,37
PRG0007140,STU00420,MOD00034,CRS005,2026-03-14,2026-04-01,In Progress,10.18,13
PRG0007141,STU00420,MOD00035,CRS005,2026-04-03,2026-05-30,Completed,4.51,100
PRG0007142,STU00420,MOD00036,CRS005,2026-03-09,2026-06-04,Completed,2.46,56
PRG0007143,STU00420,MOD00037,CRS005,2026-03-18,2026-04-14,In Progress,4.23,55
PRG0007144,STU00420,MOD00038,CRS005,2026-04-05,2026-04-18,Completed,6.88,44
PRG0007145,STU00420,MOD00039,CRS005,2026-03-17,2026-05-13,In Progress,3.37,27
PRG0007146,STU00420,MOD00040,CRS005,2026-04-02,2026-05-20,Completed,3.82,10
PRG0007147,STU00420,MOD00003,CRS001,2026-02-17,2026-04-29,Completed,2.75,85
PRG0007148,STU00420,MOD00006,CRS001,2026-02-23,2026-03-22,Not Started,3.68,19
PRG0007149,STU00420,MOD00008,CRS001,2026-02-17,2026-04-24,In Progress,1.55,69
PRG0007150,STU00421,MOD00033,CRS005,2025-10-04,2025-10-24,In Progress,2.32,39
PRG0007151,STU00421,MOD00034,CRS005,2025-09-30,2025-12-11,Completed,5.43,89
PRG0007152,STU00421,MOD00035,CRS005,2025-10-09,2025-09-18,In Progress,6.36,51
PRG0007153,STU00421,MOD00036,CRS005,2025-09-21,2025-10-04,Not Started,1.88,90
PRG0007154,STU00421,MOD00037,CRS005,2025-10-12,2025-11-24,In Progress,2.73,85
PRG0007155,STU00421,MOD00038,CRS005,2025-10-07,2025-11-19,Completed,10.67,19
PRG0007156,STU00421,MOD00039,CRS005,2025-09-28,2025-11-28,Completed,1.84,71
PRG0007157,STU00421,MOD00040,CRS005,2025-09-13,2025-10-14,Completed,5.4,43
PRG0007158,STU00421,MOD00065,CRS009,2025-08-23,2025-09-08,Completed,2.44,81
PRG0007159,STU00421,MOD00068,CRS009,2025-08-17,2025-08-22,Not Started,4.19,7
PRG0007160,STU00421,MOD00069,CRS009,2025-08-11,2025-09-08,Completed,2.92,22
PRG0007161,STU00421,MOD00070,CRS009,2025-09-07,2025-10-16,Completed,3.97,70
PRG0007162,STU00421,MOD00071,CRS009,2025-08-21,2025-10-04,In Progress,8.85,35
PRG0007163,STU00421,MOD00097,CRS013,2025-06-07,2025-06-14,In Progress,4.41,66
PRG0007164,STU00421,MOD00099,CRS013,2025-06-26,2025-06-22,Completed,1.33,54
PRG0007165,STU00421,MOD00100,CRS013,2025-06-11,2025-07-30,Completed,3.16,26
PRG0007166,STU00421,MOD00102,CRS013,2025-06-06,2025-06-13,In Progress,3.03,54
PRG0007167,STU00421,MOD00104,CRS013,2025-06-01,2025-07-21,In Progress,8.54,52
PRG0007168,STU00421,MOD00121,CRS016,2026-03-15,2026-04-27,Completed,6.69,6
PRG0007169,STU00421,MOD00124,CRS016,2026-02-20,2026-04-26,In Progress,3.86,45
PRG0007170,STU00421,MOD00126,CRS016,2026-03-16,2026-05-12,Not Started,3.65,71
PRG0007171,STU00421,MOD00128,CRS016,2026-03-14,2026-04-28,Completed,6.37,73
PRG0007172,STU00422,MOD00057,CRS008,2026-03-03,2026-03-19,In Progress,9.75,10
PRG0007173,STU00422,MOD00058,CRS008,2026-03-12,2026-03-30,Completed,6.76,81
PRG0007174,STU00422,MOD00059,CRS008,2026-02-26,2026-05-04,In Progress,4.59,8
PRG0007175,STU00422,MOD00060,CRS008,2026-03-18,2026-03-09,In Progress,8.46,20
PRG0007176,STU00422,MOD00061,CRS008,2026-03-24,2026-03-09,In Progress,6.13,78
PRG0007177,STU00422,MOD00062,CRS008,2026-03-22,2026-03-01,Completed,3.97,51
PRG0007178,STU00422,MOD00063,CRS008,2026-03-18,2026-03-10,Not Started,8.91,33
PRG0007179,STU00422,MOD00064,CRS008,2026-03-03,2026-05-20,In Progress,11.29,34
PRG0007180,STU00422,MOD00001,CRS001,2025-05-01,2025-07-04,Completed,11.15,43
PRG0007181,STU00422,MOD00002,CRS001,2025-04-28,2025-05-15,Completed,6.66,87
PRG0007182,STU00422,MOD00005,CRS001,2025-05-19,2025-05-05,In Progress,8.62,84
PRG0007183,STU00422,MOD00006,CRS001,2025-05-02,2025-04-28,Completed,1.95,67
PRG0007184,STU00422,MOD00008,CRS001,2025-05-14,2025-06-09,Completed,6.72,32
PRG0007185,STU00422,MOD00153,CRS020,2026-01-29,2026-03-27,Not Started,12.33,68
PRG0007186,STU00422,MOD00154,CRS020,2026-02-11,2026-01-30,In Progress,10.57,62
PRG0007187,STU00422,MOD00158,CRS020,2026-02-01,2026-02-05,Not Started,3.48,62
PRG0007188,STU00422,MOD00017,CRS003,2025-08-25,2025-09-08,Not Started,9.85,77
PRG0007189,STU00422,MOD00018,CRS003,2025-08-30,2025-08-29,Not Started,11.86,47
PRG0007190,STU00422,MOD00019,CRS003,2025-08-28,2025-08-31,Completed,5.8,68
PRG0007191,STU00422,MOD00020,CRS003,2025-08-26,2025-09-23,In Progress,3.25,72
PRG0007192,STU00422,MOD00021,CRS003,2025-09-03,2025-11-18,Completed,6.36,59
PRG0007193,STU00422,MOD00022,CRS003,2025-08-23,2025-08-28,In Progress,8.36,41
PRG0007194,STU00422,MOD00023,CRS003,2025-09-09,2025-09-17,Completed,9.67,81
PRG0007195,STU00422,MOD00024,CRS003,2025-09-05,2025-09-21,In Progress,13.38,0
PRG0007196,STU00423,MOD00065,CRS009,2025-08-01,2025-07-20,In Progress,3.85,3
PRG0007197,STU00423,MOD00066,CRS009,2025-07-07,2025-09-04,Completed,1.75,12
PRG0007198,STU00423,MOD00067,CRS009,2025-07-12,2025-08-07,Completed,3.24,30
PRG0007199,STU00423,MOD00068,CRS009,2025-07-05,2025-08-24,Completed,2.72,0
PRG0007200,STU00423,MOD00069,CRS009,2025-08-01,2025-09-05,Completed,5.61,2
PRG0007201,STU00423,MOD00070,CRS009,2025-07-28,2025-09-03,Not Started,10.8,17
PRG0007202,STU00423,MOD00071,CRS009,2025-07-28,2025-09-28,Completed,2.55,38
PRG0007203,STU00423,MOD00072,CRS009,2025-07-12,2025-09-27,Completed,4.25,81
PRG0007204,STU00423,MOD00041,CRS006,2025-12-04,2026-02-02,Completed,1.95,3
PRG0007205,STU00423,MOD00042,CRS006,2025-12-13,2025-12-30,In Progress,6.92,97
PRG0007206,STU00423,MOD00043,CRS006,2025-12-11,2025-12-22,Completed,4.21,18
PRG0007207,STU00423,MOD00044,CRS006,2025-12-31,2026-01-04,In Progress,1.71,57
PRG0007208,STU00423,MOD00045,CRS006,2025-12-07,2026-02-22,Completed,2.14,14
PRG0007209,STU00423,MOD00046,CRS006,2025-12-09,2026-01-17,In Progress,2.62,15
PRG0007210,STU00423,MOD00047,CRS006,2025-12-31,2025-12-09,Completed,13.77,94
PRG0007211,STU00423,MOD00048,CRS006,2025-12-05,2025-12-31,Completed,2.72,38
PRG0007212,STU00423,MOD00017,CRS003,2025-07-16,2025-09-01,Not Started,4.19,96
PRG0007213,STU00423,MOD00019,CRS003,2025-07-29,2025-09-30,Completed,1.86,16
PRG0007214,STU00423,MOD00021,CRS003,2025-07-25,2025-08-16,Completed,1.89,39
PRG0007215,STU00423,MOD00023,CRS003,2025-07-03,2025-07-25,Completed,4.94,41
PRG0007216,STU00423,MOD00024,CRS003,2025-07-11,2025-08-08,In Progress,12.66,94
PRG0007217,STU00424,MOD00105,CRS014,2026-04-11,2026-06-21,In Progress,5.17,32
PRG0007218,STU00424,MOD00106,CRS014,2026-04-18,2026-06-22,Not Started,4.32,96
PRG0007219,STU00424,MOD00107,CRS014,2026-04-20,2026-05-03,In Progress,4.33,13
PRG0007220,STU00424,MOD00108,CRS014,2026-04-13,2026-04-13,Not Started,1.49,7
PRG0007221,STU00424,MOD00109,CRS014,2026-04-21,2026-06-12,Completed,7.04,0
PRG0007222,STU00424,MOD00110,CRS014,2026-04-13,2026-03-31,Completed,2.18,42
PRG0007223,STU00424,MOD00111,CRS014,2026-03-30,2026-04-01,Completed,5.26,51
PRG0007224,STU00424,MOD00112,CRS014,2026-04-17,2026-04-17,In Progress,10.85,25
PRG0007225,STU00424,MOD00009,CRS002,2025-06-06,2025-07-27,Completed,8.86,74
PRG0007226,STU00424,MOD00010,CRS002,2025-06-12,2025-06-19,Completed,3.12,10
PRG0007227,STU00424,MOD00011,CRS002,2025-05-27,2025-07-27,Completed,2.96,26
PRG0007228,STU00424,MOD00014,CRS002,2025-06-10,2025-06-12,Completed,10.32,93
PRG0007229,STU00424,MOD00015,CRS002,2025-06-12,2025-08-22,Completed,8.65,47
PRG0007230,STU00424,MOD00016,CRS002,2025-06-01,2025-07-10,Completed,8.95,4
PRG0007231,STU00424,MOD00001,CRS001,2026-03-22,2026-03-06,Completed,8.6,76
PRG0007232,STU00424,MOD00002,CRS001,2026-02-28,2026-03-01,In Progress,6.26,52
PRG0007233,STU00424,MOD00003,CRS001,2026-02-24,2026-03-23,Completed,2.96,17
PRG0007234,STU00424,MOD00004,CRS001,2026-02-26,2026-03-05,Completed,3.22,84
PRG0007235,STU00424,MOD00005,CRS001,2026-03-03,2026-03-18,In Progress,8.79,14
PRG0007236,STU00424,MOD00006,CRS001,2026-02-28,2026-04-10,Completed,4.65,50
PRG0007237,STU00424,MOD00007,CRS001,2026-03-12,2026-03-10,In Progress,4.62,19
PRG0007238,STU00424,MOD00008,CRS001,2026-03-10,2026-05-16,Completed,11.84,94
PRG0007239,STU00424,MOD00137,CRS018,2026-03-12,2026-03-09,Completed,1.73,24
PRG0007240,STU00424,MOD00138,CRS018,2026-03-09,2026-04-27,In Progress,1.53,0
PRG0007241,STU00424,MOD00139,CRS018,2026-03-02,2026-04-13,Not Started,2.46,21
PRG0007242,STU00424,MOD00140,CRS018,2026-03-01,2026-03-25,In Progress,4.11,91
PRG0007243,STU00424,MOD00141,CRS018,2026-03-06,2026-05-11,Completed,11.23,28
PRG0007244,STU00424,MOD00142,CRS018,2026-03-28,2026-03-10,Completed,6.39,38
PRG0007245,STU00424,MOD00143,CRS018,2026-03-08,2026-04-18,Completed,6.81,82
PRG0007246,STU00424,MOD00144,CRS018,2026-03-21,2026-05-05,Completed,1.93,5
PRG0007247,STU00425,MOD00052,CRS007,2026-03-03,2026-05-03,Completed,6.54,66
PRG0007248,STU00425,MOD00054,CRS007,2026-02-18,2026-04-29,Completed,2.65,16
PRG0007249,STU00425,MOD00055,CRS007,2026-03-07,2026-03-09,Completed,2.82,61
PRG0007250,STU00425,MOD00106,CRS014,2026-02-05,2026-04-18,In Progress,3.06,42
PRG0007251,STU00425,MOD00098,CRS013,2026-03-22,2026-02-23,Completed,2.83,1
PRG0007252,STU00425,MOD00100,CRS013,2026-03-07,2026-04-06,Completed,2.72,80
PRG0007253,STU00425,MOD00101,CRS013,2026-02-20,2026-05-13,Not Started,3.96,79
PRG0007254,STU00425,MOD00104,CRS013,2026-03-18,2026-03-22,Completed,12.0,1
PRG0007255,STU00425,MOD00145,CRS019,2025-06-29,2025-08-19,In Progress,3.33,13
PRG0007256,STU00425,MOD00146,CRS019,2025-06-05,2025-08-04,In Progress,2.17,45
PRG0007257,STU00425,MOD00147,CRS019,2025-06-06,2025-06-01,In Progress,3.35,99
PRG0007258,STU00425,MOD00148,CRS019,2025-06-15,2025-08-28,Completed,9.49,9
PRG0007259,STU00425,MOD00149,CRS019,2025-06-23,2025-06-03,Completed,3.25,68
PRG0007260,STU00425,MOD00150,CRS019,2025-05-31,2025-08-15,Not Started,7.34,82
PRG0007261,STU00425,MOD00151,CRS019,2025-06-03,2025-06-25,In Progress,4.57,61
PRG0007262,STU00425,MOD00152,CRS019,2025-06-11,2025-06-24,Completed,1.61,46
PRG0007263,STU00425,MOD00137,CRS018,2025-06-23,2025-07-21,In Progress,2.17,26
PRG0007264,STU00425,MOD00138,CRS018,2025-05-31,2025-08-16,Completed,6.33,47
PRG0007265,STU00425,MOD00139,CRS018,2025-06-29,2025-07-30,In Progress,14.13,72
PRG0007266,STU00425,MOD00140,CRS018,2025-06-22,2025-07-02,In Progress,1.12,29
PRG0007267,STU00425,MOD00141,CRS018,2025-06-12,2025-06-03,Completed,11.38,64
PRG0007268,STU00425,MOD00142,CRS018,2025-06-08,2025-08-18,In Progress,8.92,31
PRG0007269,STU00425,MOD00143,CRS018,2025-06-15,2025-07-05,In Progress,1.08,23
PRG0007270,STU00425,MOD00144,CRS018,2025-06-20,2025-07-19,Completed,3.9,1
PRG0007271,STU00426,MOD00087,CRS011,2025-11-28,2025-12-19,Completed,1.12,24
PRG0007272,STU00426,MOD00088,CRS011,2025-12-04,2026-02-10,Completed,3.39,64
PRG0007273,STU00426,MOD00138,CRS018,2025-12-05,2026-01-27,In Progress,5.45,100
PRG0007274,STU00426,MOD00141,CRS018,2025-11-24,2025-12-04,Not Started,8.08,67
PRG0007275,STU00426,MOD00144,CRS018,2025-11-24,2025-12-05,Completed,4.28,69
PRG0007276,STU00426,MOD00134,CRS017,2025-12-14,2026-01-19,Completed,1.73,16
PRG0007277,STU00426,MOD00136,CRS017,2025-12-12,2025-12-11,Completed,10.59,79
PRG0007278,STU00427,MOD00009,CRS002,2025-11-30,2025-12-08,Completed,6.86,41
PRG0007279,STU00427,MOD00013,CRS002,2025-11-28,2026-02-16,In Progress,1.17,15
PRG0007280,STU00427,MOD00015,CRS002,2025-12-12,2026-02-12,Completed,8.13,81
PRG0007281,STU00428,MOD00137,CRS018,2025-11-13,2026-01-08,Completed,1.1,11
PRG0007282,STU00428,MOD00138,CRS018,2025-11-28,2025-12-06,In Progress,6.69,86
PRG0007283,STU00428,MOD00139,CRS018,2025-11-20,2025-11-06,Completed,12.37,93
PRG0007284,STU00428,MOD00140,CRS018,2025-10-30,2025-12-05,Completed,5.64,68
PRG0007285,STU00428,MOD00141,CRS018,2025-11-20,2025-11-27,Completed,7.36,7
PRG0007286,STU00428,MOD00142,CRS018,2025-11-19,2025-11-16,Completed,10.43,25
PRG0007287,STU00428,MOD00143,CRS018,2025-11-14,2026-01-08,In Progress,1.25,35
PRG0007288,STU00428,MOD00144,CRS018,2025-11-17,2025-11-25,In Progress,2.43,66
PRG0007289,STU00428,MOD00065,CRS009,2025-06-24,2025-07-11,Completed,1.28,8
PRG0007290,STU00428,MOD00066,CRS009,2025-07-14,2025-08-31,In Progress,2.3,56
PRG0007291,STU00428,MOD00067,CRS009,2025-06-17,2025-07-27,Completed,1.18,90
PRG0007292,STU00428,MOD00068,CRS009,2025-06-26,2025-09-04,Not Started,4.38,2
PRG0007293,STU00428,MOD00069,CRS009,2025-06-25,2025-08-20,Completed,9.7,50
PRG0007294,STU00428,MOD00070,CRS009,2025-06-19,2025-07-20,Not Started,11.39,33
PRG0007295,STU00428,MOD00071,CRS009,2025-06-14,2025-07-31,Completed,8.91,72
PRG0007296,STU00428,MOD00072,CRS009,2025-06-27,2025-08-28,Completed,2.9,64
PRG0007297,STU00428,MOD00089,CRS012,2025-05-18,2025-05-27,Not Started,4.42,37
PRG0007298,STU00428,MOD00090,CRS012,2025-06-03,2025-05-21,Completed,1.18,32
PRG0007299,STU00428,MOD00091,CRS012,2025-05-27,2025-06-12,In Progress,3.78,24
PRG0007300,STU00428,MOD00092,CRS012,2025-05-30,2025-06-24,Completed,4.3,77
PRG0007301,STU00428,MOD00093,CRS012,2025-06-06,2025-07-12,Completed,1.55,77
PRG0007302,STU00428,MOD00094,CRS012,2025-06-10,2025-08-10,Completed,2.39,99
PRG0007303,STU00428,MOD00095,CRS012,2025-06-05,2025-05-31,Completed,4.25,28
PRG0007304,STU00428,MOD00096,CRS012,2025-05-22,2025-07-31,In Progress,3.95,37
PRG0007305,STU00429,MOD00057,CRS008,2025-08-10,2025-08-19,In Progress,1.28,60
PRG0007306,STU00429,MOD00058,CRS008,2025-08-27,2025-08-05,Not Started,10.14,31
PRG0007307,STU00429,MOD00059,CRS008,2025-08-04,2025-09-23,In Progress,5.09,31
PRG0007308,STU00429,MOD00060,CRS008,2025-08-15,2025-09-30,In Progress,7.26,21
PRG0007309,STU00429,MOD00062,CRS008,2025-08-24,2025-08-13,In Progress,3.72,11
PRG0007310,STU00429,MOD00063,CRS008,2025-08-19,2025-09-08,In Progress,2.81,60
PRG0007311,STU00429,MOD00064,CRS008,2025-08-09,2025-09-03,In Progress,11.8,28
PRG0007312,STU00429,MOD00075,CRS010,2026-03-02,2026-05-12,Completed,4.93,77
PRG0007313,STU00429,MOD00076,CRS010,2026-02-25,2026-04-30,Completed,2.76,10
PRG0007314,STU00429,MOD00079,CRS010,2026-02-17,2026-05-09,Completed,1.28,39
PRG0007315,STU00429,MOD00080,CRS010,2026-03-12,2026-03-08,In Progress,1.61,28
PRG0007316,STU00429,MOD00025,CRS004,2025-11-09,2025-12-03,Completed,8.9,27
PRG0007317,STU00429,MOD00026,CRS004,2025-10-24,2026-01-10,Completed,6.11,10
PRG0007318,STU00429,MOD00027,CRS004,2025-11-01,2026-01-09,In Progress,2.41,39
PRG0007319,STU00429,MOD00028,CRS004,2025-11-15,2025-12-12,Completed,1.4,67
PRG0007320,STU00429,MOD00030,CRS004,2025-11-08,2026-01-06,Completed,11.09,50
PRG0007321,STU00429,MOD00031,CRS004,2025-10-27,2025-12-22,Completed,3.57,63
PRG0007322,STU00429,MOD00032,CRS004,2025-11-03,2026-01-01,In Progress,1.39,96
PRG0007323,STU00429,MOD00113,CRS015,2025-08-29,2025-09-06,Completed,1.78,79
PRG0007324,STU00429,MOD00114,CRS015,2025-09-05,2025-10-07,Completed,2.81,67
PRG0007325,STU00429,MOD00115,CRS015,2025-09-02,2025-09-22,Completed,2.62,40
PRG0007326,STU00429,MOD00116,CRS015,2025-09-11,2025-11-21,Not Started,6.47,57
PRG0007327,STU00429,MOD00117,CRS015,2025-09-24,2025-09-05,Completed,2.66,58
PRG0007328,STU00429,MOD00118,CRS015,2025-09-10,2025-10-17,Completed,9.27,68
PRG0007329,STU00429,MOD00119,CRS015,2025-09-08,2025-09-09,In Progress,6.61,10
PRG0007330,STU00430,MOD00034,CRS005,2025-11-30,2025-12-28,Completed,13.16,61
PRG0007331,STU00430,MOD00036,CRS005,2025-12-04,2025-12-24,Completed,4.14,25
PRG0007332,STU00430,MOD00037,CRS005,2025-11-19,2025-11-29,In Progress,2.58,22
PRG0007333,STU00430,MOD00039,CRS005,2025-11-16,2025-12-14,Not Started,2.47,26
PRG0007334,STU00430,MOD00040,CRS005,2025-12-07,2025-12-19,Completed,5.03,74
PRG0007335,STU00430,MOD00145,CRS019,2026-05-01,2026-04-17,Completed,2.86,66
PRG0007336,STU00430,MOD00146,CRS019,2026-05-03,2026-06-19,Completed,4.65,41
PRG0007337,STU00430,MOD00147,CRS019,2026-05-07,2026-04-27,Completed,2.74,93
PRG0007338,STU00430,MOD00152,CRS019,2026-05-04,2026-05-07,Completed,2.42,59
PRG0007339,STU00430,MOD00025,CRS004,2025-10-13,2025-11-21,Not Started,7.56,22
PRG0007340,STU00430,MOD00026,CRS004,2025-10-08,2026-01-01,Not Started,3.41,48
PRG0007341,STU00430,MOD00030,CRS004,2025-10-20,2025-12-11,Completed,10.89,62
PRG0007342,STU00430,MOD00154,CRS020,2025-10-28,2025-11-28,Completed,13.71,85
PRG0007343,STU00430,MOD00155,CRS020,2025-10-08,2025-10-16,In Progress,5.15,69
PRG0007344,STU00430,MOD00158,CRS020,2025-11-05,2025-11-08,Completed,5.11,7
PRG0007345,STU00430,MOD00159,CRS020,2025-10-08,2025-11-14,Completed,5.07,0
PRG0007346,STU00430,MOD00137,CRS018,2026-02-25,2026-04-11,Completed,2.38,79
PRG0007347,STU00430,MOD00138,CRS018,2026-03-16,2026-03-27,Completed,2.16,84
PRG0007348,STU00430,MOD00139,CRS018,2026-02-16,2026-05-01,Completed,5.8,35
PRG0007349,STU00430,MOD00140,CRS018,2026-03-15,2026-03-29,Completed,1.01,8
PRG0007350,STU00430,MOD00141,CRS018,2026-03-10,2026-02-19,Not Started,2.47,69
PRG0007351,STU00430,MOD00142,CRS018,2026-03-02,2026-04-05,Completed,4.74,93
PRG0007352,STU00430,MOD00143,CRS018,2026-02-16,2026-04-13,Completed,3.02,31
PRG0007353,STU00430,MOD00144,CRS018,2026-02-19,2026-03-07,Completed,4.82,74
PRG0007354,STU00431,MOD00067,CRS009,2025-12-14,2026-02-18,Completed,2.3,4
PRG0007355,STU00431,MOD00069,CRS009,2025-12-23,2026-01-31,Not Started,4.14,26
PRG0007356,STU00431,MOD00070,CRS009,2026-01-04,2026-01-02,Completed,5.15,91
PRG0007357,STU00431,MOD00071,CRS009,2025-12-12,2026-02-09,In Progress,8.2,51
PRG0007358,STU00431,MOD00072,CRS009,2025-12-17,2025-12-27,Not Started,2.06,58
PRG0007359,STU00431,MOD00049,CRS007,2026-01-03,2026-02-16,Completed,3.32,6
PRG0007360,STU00431,MOD00050,CRS007,2026-01-02,2026-02-16,Completed,9.61,83
PRG0007361,STU00431,MOD00051,CRS007,2026-01-11,2026-02-17,Completed,4.53,96
PRG0007362,STU00431,MOD00052,CRS007,2025-12-28,2025-12-28,In Progress,6.07,82
PRG0007363,STU00431,MOD00053,CRS007,2026-01-11,2025-12-25,Completed,3.76,54
PRG0007364,STU00431,MOD00054,CRS007,2026-01-06,2025-12-26,Completed,5.1,52
PRG0007365,STU00431,MOD00055,CRS007,2025-12-27,2026-01-27,In Progress,2.7,38
PRG0007366,STU00431,MOD00056,CRS007,2025-12-21,2026-01-08,Completed,5.29,85
PRG0007367,STU00431,MOD00033,CRS005,2026-01-05,2026-01-13,In Progress,1.22,24
PRG0007368,STU00431,MOD00034,CRS005,2025-12-25,2026-01-10,Completed,9.01,65
PRG0007369,STU00431,MOD00035,CRS005,2026-01-07,2026-01-18,Not Started,6.37,34
PRG0007370,STU00431,MOD00036,CRS005,2026-01-01,2026-02-27,In Progress,3.29,43
PRG0007371,STU00431,MOD00037,CRS005,2025-12-29,2025-12-23,Completed,1.47,62
PRG0007372,STU00431,MOD00038,CRS005,2026-01-02,2025-12-13,In Progress,8.11,23
PRG0007373,STU00431,MOD00039,CRS005,2025-12-29,2026-01-10,Completed,12.75,100
PRG0007374,STU00431,MOD00040,CRS005,2025-12-20,2025-12-20,Completed,3.68,88
PRG0007375,STU00432,MOD00132,CRS017,2025-09-25,2025-12-03,In Progress,6.44,57
PRG0007376,STU00432,MOD00147,CRS019,2026-03-24,2026-04-12,Not Started,7.86,46
PRG0007377,STU00432,MOD00009,CRS002,2025-12-20,2026-02-15,In Progress,9.25,21
PRG0007378,STU00432,MOD00010,CRS002,2025-12-06,2025-12-10,Completed,6.72,23
PRG0007379,STU00432,MOD00011,CRS002,2025-12-23,2026-02-23,In Progress,3.61,12
PRG0007380,STU00432,MOD00012,CRS002,2025-12-28,2026-02-20,In Progress,7.31,9
PRG0007381,STU00432,MOD00013,CRS002,2025-12-30,2026-02-21,Completed,3.02,26
PRG0007382,STU00432,MOD00014,CRS002,2025-12-17,2026-02-20,In Progress,1.26,66
PRG0007383,STU00432,MOD00015,CRS002,2025-12-02,2026-01-31,Completed,1.75,78
PRG0007384,STU00432,MOD00016,CRS002,2025-12-28,2025-12-23,Completed,3.22,64
PRG0007385,STU00432,MOD00137,CRS018,2025-06-21,2025-07-17,Completed,1.87,27
PRG0007386,STU00432,MOD00138,CRS018,2025-06-29,2025-07-18,Completed,2.96,9
PRG0007387,STU00432,MOD00139,CRS018,2025-06-10,2025-07-23,In Progress,11.65,55
PRG0007388,STU00432,MOD00140,CRS018,2025-06-18,2025-08-28,In Progress,1.74,98
PRG0007389,STU00432,MOD00141,CRS018,2025-06-12,2025-08-04,Completed,8.49,93
PRG0007390,STU00432,MOD00142,CRS018,2025-06-19,2025-07-26,Completed,8.46,94
PRG0007391,STU00432,MOD00143,CRS018,2025-06-04,2025-08-16,In Progress,1.22,42
PRG0007392,STU00432,MOD00144,CRS018,2025-06-22,2025-06-22,Completed,5.4,92
PRG0007393,STU00433,MOD00082,CRS011,2026-03-23,2026-03-15,In Progress,9.54,5
PRG0007394,STU00433,MOD00085,CRS011,2026-03-19,2026-04-16,Not Started,3.05,2
PRG0007395,STU00433,MOD00088,CRS011,2026-03-15,2026-05-22,Completed,1.89,13
PRG0007396,STU00433,MOD00105,CRS014,2026-03-21,2026-03-11,Completed,7.56,24
PRG0007397,STU00433,MOD00106,CRS014,2026-03-10,2026-05-19,In Progress,3.92,69
PRG0007398,STU00433,MOD00107,CRS014,2026-03-20,2026-05-09,Completed,7.33,61
PRG0007399,STU00433,MOD00109,CRS014,2026-03-02,2026-02-22,In Progress,5.6,45
PRG0007400,STU00433,MOD00110,CRS014,2026-02-25,2026-03-28,Completed,2.8,24
PRG0007401,STU00433,MOD00112,CRS014,2026-02-28,2026-05-02,Completed,12.18,19
PRG0007402,STU00433,MOD00121,CRS016,2026-02-22,2026-03-18,Completed,4.37,7
PRG0007403,STU00433,MOD00122,CRS016,2026-03-19,2026-03-27,Completed,4.35,19
PRG0007404,STU00433,MOD00123,CRS016,2026-03-03,2026-04-17,In Progress,2.36,33
PRG0007405,STU00433,MOD00124,CRS016,2026-02-26,2026-03-27,Completed,6.47,69
PRG0007406,STU00433,MOD00125,CRS016,2026-03-13,2026-04-11,Completed,1.7,80
PRG0007407,STU00433,MOD00126,CRS016,2026-03-01,2026-04-21,Completed,2.91,34
PRG0007408,STU00433,MOD00127,CRS016,2026-03-09,2026-05-04,Completed,7.95,88
PRG0007409,STU00433,MOD00128,CRS016,2026-03-17,2026-04-01,In Progress,8.94,99
PRG0007410,STU00433,MOD00049,CRS007,2026-03-04,2026-05-15,In Progress,4.77,4
PRG0007411,STU00433,MOD00050,CRS007,2026-03-08,2026-05-16,In Progress,13.21,30
PRG0007412,STU00433,MOD00052,CRS007,2026-03-09,2026-04-02,In Progress,3.68,43
PRG0007413,STU00433,MOD00053,CRS007,2026-03-06,2026-03-07,Completed,1.79,20
PRG0007414,STU00433,MOD00056,CRS007,2026-03-14,2026-03-28,Completed,2.73,44
PRG0007415,STU00434,MOD00066,CRS009,2025-07-07,2025-07-24,In Progress,1.55,34
PRG0007416,STU00434,MOD00067,CRS009,2025-06-30,2025-06-20,In Progress,3.11,80
PRG0007417,STU00434,MOD00070,CRS009,2025-06-23,2025-08-30,Completed,4.17,33
PRG0007418,STU00434,MOD00009,CRS002,2025-08-28,2025-09-06,In Progress,7.11,3
PRG0007419,STU00434,MOD00010,CRS002,2025-09-15,2025-10-29,In Progress,5.33,12
PRG0007420,STU00434,MOD00012,CRS002,2025-08-29,2025-11-06,In Progress,8.83,94
PRG0007421,STU00434,MOD00013,CRS002,2025-09-08,2025-08-24,Completed,1.52,96
PRG0007422,STU00434,MOD00121,CRS016,2025-07-18,2025-08-12,In Progress,8.71,90
PRG0007423,STU00434,MOD00122,CRS016,2025-07-15,2025-08-05,Completed,3.04,85
PRG0007424,STU00434,MOD00123,CRS016,2025-06-29,2025-08-10,In Progress,7.2,60
PRG0007425,STU00434,MOD00124,CRS016,2025-07-04,2025-09-01,Not Started,8.76,13
PRG0007426,STU00434,MOD00125,CRS016,2025-07-12,2025-07-07,In Progress,2.22,87
PRG0007427,STU00434,MOD00126,CRS016,2025-06-29,2025-09-15,Completed,8.01,95
PRG0007428,STU00434,MOD00127,CRS016,2025-07-09,2025-07-08,In Progress,1.71,52
PRG0007429,STU00434,MOD00128,CRS016,2025-06-27,2025-06-30,Completed,4.94,21
PRG0007430,STU00434,MOD00113,CRS015,2025-11-01,2025-12-26,In Progress,6.93,44
PRG0007431,STU00434,MOD00114,CRS015,2025-10-29,2025-11-01,Completed,2.24,5
PRG0007432,STU00434,MOD00115,CRS015,2025-11-12,2025-12-16,Completed,1.85,77
PRG0007433,STU00434,MOD00116,CRS015,2025-10-22,2025-11-18,In Progress,6.66,25
PRG0007434,STU00434,MOD00117,CRS015,2025-11-14,2025-12-11,Completed,2.64,86
PRG0007435,STU00434,MOD00118,CRS015,2025-10-30,2025-12-19,Completed,10.4,98
PRG0007436,STU00434,MOD00119,CRS015,2025-11-07,2025-12-21,Completed,4.39,71
PRG0007437,STU00434,MOD00120,CRS015,2025-11-03,2025-10-19,Not Started,3.33,70
PRG0007438,STU00435,MOD00154,CRS020,2026-02-11,2026-02-11,Completed,9.05,11
PRG0007439,STU00435,MOD00155,CRS020,2026-02-17,2026-03-04,In Progress,2.29,4
PRG0007440,STU00435,MOD00156,CRS020,2026-02-19,2026-04-01,Completed,6.44,21
PRG0007441,STU00435,MOD00157,CRS020,2026-02-03,2026-04-09,Completed,5.49,69
PRG0007442,STU00435,MOD00158,CRS020,2026-02-07,2026-02-17,Completed,2.48,28
PRG0007443,STU00435,MOD00160,CRS020,2026-02-19,2026-02-14,In Progress,3.09,69
PRG0007444,STU00435,MOD00081,CRS011,2025-06-19,2025-08-05,Completed,1.68,87
PRG0007445,STU00435,MOD00082,CRS011,2025-06-15,2025-07-13,In Progress,4.86,62
PRG0007446,STU00435,MOD00086,CRS011,2025-07-02,2025-07-26,Completed,2.4,59
PRG0007447,STU00435,MOD00087,CRS011,2025-07-10,2025-06-21,In Progress,1.21,31
PRG0007448,STU00435,MOD00001,CRS001,2025-11-07,2025-11-09,Not Started,1.88,2
PRG0007449,STU00435,MOD00002,CRS001,2025-11-18,2025-12-09,Completed,3.24,92
PRG0007450,STU00435,MOD00004,CRS001,2025-11-19,2025-12-21,In Progress,4.63,9
PRG0007451,STU00435,MOD00006,CRS001,2025-11-11,2026-01-02,In Progress,5.81,48
PRG0007452,STU00435,MOD00007,CRS001,2025-11-22,2025-11-23,In Progress,6.23,74
PRG0007453,STU00435,MOD00033,CRS005,2026-02-20,2026-03-21,Completed,2.22,30
PRG0007454,STU00435,MOD00034,CRS005,2026-02-28,2026-04-07,Completed,3.97,8
PRG0007455,STU00435,MOD00035,CRS005,2026-02-25,2026-02-27,Completed,3.85,55
PRG0007456,STU00435,MOD00036,CRS005,2026-03-01,2026-02-11,In Progress,4.16,67
PRG0007457,STU00435,MOD00037,CRS005,2026-02-20,2026-02-27,In Progress,2.82,56
PRG0007458,STU00435,MOD00038,CRS005,2026-03-01,2026-03-01,Not Started,1.27,48
PRG0007459,STU00435,MOD00039,CRS005,2026-02-08,2026-03-06,Not Started,11.33,89
PRG0007460,STU00435,MOD00040,CRS005,2026-02-12,2026-03-05,Not Started,8.44,3
PRG0007461,STU00435,MOD00137,CRS018,2026-01-13,2026-02-28,Not Started,1.8,14
PRG0007462,STU00435,MOD00138,CRS018,2026-01-12,2026-02-08,In Progress,5.46,4
PRG0007463,STU00435,MOD00140,CRS018,2026-01-31,2026-02-26,Completed,2.78,97
PRG0007464,STU00435,MOD00142,CRS018,2026-01-19,2026-01-04,Completed,8.91,36
PRG0007465,STU00435,MOD00143,CRS018,2026-01-09,2026-02-01,Completed,1.52,50
PRG0007466,STU00435,MOD00144,CRS018,2026-02-01,2026-03-04,In Progress,7.92,52
PRG0007467,STU00436,MOD00044,CRS006,2025-10-24,2025-12-03,Completed,1.46,44
PRG0007468,STU00436,MOD00097,CRS013,2025-10-17,2025-11-15,Completed,2.53,7
PRG0007469,STU00436,MOD00098,CRS013,2025-10-31,2025-11-23,Not Started,2.15,32
PRG0007470,STU00436,MOD00099,CRS013,2025-11-15,2025-10-25,Not Started,2.97,30
PRG0007471,STU00436,MOD00100,CRS013,2025-10-26,2026-01-12,In Progress,1.02,36
PRG0007472,STU00436,MOD00101,CRS013,2025-10-27,2025-12-15,Completed,4.11,60
PRG0007473,STU00436,MOD00102,CRS013,2025-10-22,2025-12-31,In Progress,3.46,59
PRG0007474,STU00436,MOD00103,CRS013,2025-10-20,2025-11-08,In Progress,6.57,69
PRG0007475,STU00436,MOD00104,CRS013,2025-10-28,2025-12-01,In Progress,1.68,1
PRG0007476,STU00436,MOD00153,CRS020,2025-10-22,2026-01-14,Completed,3.98,11
PRG0007477,STU00436,MOD00154,CRS020,2025-11-01,2025-12-03,Completed,10.9,51
PRG0007478,STU00436,MOD00155,CRS020,2025-11-06,2025-12-16,In Progress,4.54,99
PRG0007479,STU00436,MOD00156,CRS020,2025-10-25,2025-12-05,Completed,6.84,36
PRG0007480,STU00436,MOD00157,CRS020,2025-11-12,2025-11-23,Completed,4.62,35
PRG0007481,STU00436,MOD00158,CRS020,2025-10-31,2025-10-28,Completed,3.25,10
PRG0007482,STU00436,MOD00159,CRS020,2025-10-26,2025-11-09,Completed,13.2,30
PRG0007483,STU00436,MOD00160,CRS020,2025-10-23,2025-11-26,Completed,2.37,29
PRG0007484,STU00437,MOD00052,CRS007,2025-06-23,2025-08-21,In Progress,3.68,79
PRG0007485,STU00437,MOD00053,CRS007,2025-05-31,2025-08-07,Completed,1.43,84
PRG0007486,STU00437,MOD00054,CRS007,2025-06-25,2025-07-09,In Progress,2.89,42
PRG0007487,STU00437,MOD00055,CRS007,2025-06-12,2025-06-24,Completed,2.55,83
PRG0007488,STU00438,MOD00017,CRS003,2026-03-03,2026-05-03,In Progress,5.19,56
PRG0007489,STU00438,MOD00018,CRS003,2026-03-08,2026-02-18,Not Started,6.19,21
PRG0007490,STU00438,MOD00020,CRS003,2026-02-15,2026-04-27,In Progress,2.6,40
PRG0007491,STU00438,MOD00021,CRS003,2026-03-12,2026-03-02,Completed,3.85,18
PRG0007492,STU00438,MOD00022,CRS003,2026-02-19,2026-04-01,Completed,7.15,99
PRG0007493,STU00438,MOD00023,CRS003,2026-03-12,2026-03-09,Completed,7.14,65
PRG0007494,STU00438,MOD00073,CRS010,2025-08-04,2025-08-07,In Progress,9.67,90
PRG0007495,STU00438,MOD00074,CRS010,2025-07-29,2025-10-12,Not Started,5.86,66
PRG0007496,STU00438,MOD00075,CRS010,2025-08-05,2025-09-08,Not Started,4.31,1
PRG0007497,STU00438,MOD00076,CRS010,2025-08-21,2025-08-27,Completed,1.0,81
PRG0007498,STU00438,MOD00077,CRS010,2025-08-27,2025-09-17,In Progress,2.91,97
PRG0007499,STU00438,MOD00078,CRS010,2025-08-26,2025-08-20,Completed,1.16,80
PRG0007500,STU00438,MOD00079,CRS010,2025-08-01,2025-09-21,Completed,2.61,65
PRG0007501,STU00438,MOD00080,CRS010,2025-08-14,2025-07-31,Not Started,2.68,8
PRG0007502,STU00438,MOD00001,CRS001,2025-05-24,2025-07-23,In Progress,5.2,97
PRG0007503,STU00438,MOD00002,CRS001,2025-06-10,2025-07-29,Completed,5.02,81
PRG0007504,STU00438,MOD00003,CRS001,2025-06-10,2025-07-30,Completed,4.12,81
PRG0007505,STU00438,MOD00004,CRS001,2025-06-09,2025-06-11,Completed,1.42,33
PRG0007506,STU00438,MOD00005,CRS001,2025-06-01,2025-05-25,Completed,3.67,24
PRG0007507,STU00438,MOD00006,CRS001,2025-05-26,2025-07-01,Completed,2.85,7
PRG0007508,STU00438,MOD00007,CRS001,2025-05-15,2025-07-06,Completed,1.14,74
PRG0007509,STU00438,MOD00008,CRS001,2025-06-02,2025-07-16,In Progress,8.14,76
PRG0007510,STU00439,MOD00074,CRS010,2025-09-20,2025-09-18,In Progress,1.89,45
PRG0007511,STU00439,MOD00077,CRS010,2025-09-02,2025-10-17,In Progress,4.09,77
PRG0007512,STU00439,MOD00079,CRS010,2025-08-31,2025-11-03,In Progress,1.86,63
PRG0007513,STU00439,MOD00080,CRS010,2025-09-14,2025-10-16,Completed,2.45,41
PRG0007514,STU00440,MOD00137,CRS018,2025-04-27,2025-04-24,Completed,2.23,55
PRG0007515,STU00440,MOD00138,CRS018,2025-04-24,2025-04-25,Completed,5.7,100
PRG0007516,STU00440,MOD00139,CRS018,2025-04-16,2025-06-12,Completed,4.34,23
PRG0007517,STU00440,MOD00140,CRS018,2025-04-29,2025-06-02,In Progress,4.85,36
PRG0007518,STU00440,MOD00141,CRS018,2025-05-04,2025-06-20,In Progress,11.65,3
PRG0007519,STU00440,MOD00142,CRS018,2025-05-01,2025-04-30,Completed,10.95,68
PRG0007520,STU00440,MOD00143,CRS018,2025-05-10,2025-04-25,Completed,3.26,27
PRG0007521,STU00440,MOD00144,CRS018,2025-04-17,2025-05-27,Completed,5.82,25
PRG0007522,STU00441,MOD00089,CRS012,2026-01-15,2026-01-09,Not Started,3.87,86
PRG0007523,STU00441,MOD00090,CRS012,2026-01-09,2026-01-18,Completed,3.46,16
PRG0007524,STU00441,MOD00091,CRS012,2026-01-23,2026-02-18,Completed,6.77,60
PRG0007525,STU00441,MOD00092,CRS012,2026-01-14,2026-01-18,Completed,7.95,48
PRG0007526,STU00441,MOD00093,CRS012,2026-01-16,2026-02-04,Not Started,2.78,79
PRG0007527,STU00441,MOD00094,CRS012,2026-01-24,2026-01-16,Completed,2.24,26
PRG0007528,STU00441,MOD00095,CRS012,2026-01-05,2026-01-18,Completed,1.51,97
PRG0007529,STU00441,MOD00096,CRS012,2025-12-31,2026-01-21,Completed,4.91,39
PRG0007530,STU00441,MOD00049,CRS007,2026-01-21,2026-01-01,Completed,5.52,88
PRG0007531,STU00441,MOD00050,CRS007,2026-01-17,2026-01-16,Completed,3.0,84
PRG0007532,STU00441,MOD00051,CRS007,2026-01-20,2026-02-05,Completed,3.29,38
PRG0007533,STU00441,MOD00052,CRS007,2026-01-12,2026-02-17,In Progress,3.33,58
PRG0007534,STU00441,MOD00053,CRS007,2026-01-04,2026-03-07,In Progress,2.96,77
PRG0007535,STU00441,MOD00054,CRS007,2026-01-24,2026-01-11,In Progress,5.85,44
PRG0007536,STU00441,MOD00055,CRS007,2026-01-11,2026-02-04,Completed,2.64,92
PRG0007537,STU00441,MOD00056,CRS007,2026-01-05,2025-12-26,Not Started,1.64,82
PRG0007538,STU00441,MOD00137,CRS018,2026-01-22,2026-02-20,Not Started,1.77,84
PRG0007539,STU00441,MOD00142,CRS018,2026-01-07,2026-01-03,Not Started,6.31,28
PRG0007540,STU00442,MOD00044,CRS006,2026-01-17,2025-12-30,Completed,1.18,77
PRG0007541,STU00442,MOD00045,CRS006,2026-01-17,2026-01-29,In Progress,1.49,36
PRG0007542,STU00442,MOD00046,CRS006,2026-01-03,2026-02-20,In Progress,8.24,54
PRG0007543,STU00442,MOD00047,CRS006,2026-01-08,2026-01-04,Completed,7.77,26
PRG0007544,STU00442,MOD00048,CRS006,2026-01-14,2026-02-22,Completed,2.27,46
PRG0007545,STU00442,MOD00073,CRS010,2025-12-31,2026-03-10,Completed,9.22,94
PRG0007546,STU00442,MOD00074,CRS010,2026-01-13,2026-01-29,Completed,3.3,29
PRG0007547,STU00442,MOD00075,CRS010,2026-01-05,2026-02-09,Completed,2.87,49
PRG0007548,STU00442,MOD00076,CRS010,2026-01-24,2026-01-03,In Progress,2.12,49
PRG0007549,STU00442,MOD00077,CRS010,2025-12-27,2026-01-11,Completed,5.82,17
PRG0007550,STU00442,MOD00078,CRS010,2026-01-06,2026-03-13,Completed,2.17,45
PRG0007551,STU00442,MOD00079,CRS010,2026-01-15,2026-01-29,Not Started,1.64,31
PRG0007552,STU00442,MOD00080,CRS010,2026-01-24,2026-01-12,Completed,2.62,60
PRG0007553,STU00443,MOD00146,CRS019,2025-10-13,2025-11-27,Completed,1.18,61
PRG0007554,STU00443,MOD00150,CRS019,2025-10-07,2025-11-04,Completed,6.31,57
PRG0007555,STU00443,MOD00081,CRS011,2025-09-17,2025-12-01,Completed,1.58,33
PRG0007556,STU00443,MOD00083,CRS011,2025-09-22,2025-09-13,Completed,1.55,19
PRG0007557,STU00443,MOD00084,CRS011,2025-09-25,2025-11-02,In Progress,2.31,58
PRG0007558,STU00443,MOD00086,CRS011,2025-09-15,2025-11-28,Completed,3.51,43
PRG0007559,STU00443,MOD00087,CRS011,2025-09-14,2025-12-10,Completed,1.33,55
PRG0007560,STU00443,MOD00088,CRS011,2025-09-20,2025-10-17,Completed,1.86,75
PRG0007561,STU00443,MOD00077,CRS010,2025-10-12,2025-09-26,Completed,6.12,2
PRG0007562,STU00443,MOD00079,CRS010,2025-09-17,2025-11-05,In Progress,3.67,44
PRG0007563,STU00443,MOD00041,CRS006,2025-10-11,2025-12-17,Completed,4.64,63
PRG0007564,STU00443,MOD00042,CRS006,2025-10-20,2025-12-17,In Progress,4.83,80
PRG0007565,STU00443,MOD00043,CRS006,2025-10-15,2025-12-02,Completed,1.06,73
PRG0007566,STU00443,MOD00044,CRS006,2025-10-02,2025-12-01,Completed,1.08,98
PRG0007567,STU00443,MOD00045,CRS006,2025-10-19,2025-10-18,Completed,2.15,85
PRG0007568,STU00443,MOD00046,CRS006,2025-10-13,2025-10-19,Completed,5.92,78
PRG0007569,STU00443,MOD00047,CRS006,2025-09-29,2025-10-24,Completed,1.37,83
PRG0007570,STU00443,MOD00048,CRS006,2025-10-06,2025-11-21,Completed,1.93,46
PRG0007571,STU00444,MOD00017,CRS003,2025-11-19,2026-02-07,In Progress,5.92,61
PRG0007572,STU00444,MOD00019,CRS003,2025-11-28,2026-01-21,In Progress,1.74,12
PRG0007573,STU00444,MOD00020,CRS003,2025-12-06,2026-02-11,In Progress,4.25,12
PRG0007574,STU00444,MOD00022,CRS003,2025-11-21,2025-11-30,In Progress,10.0,45
PRG0007575,STU00444,MOD00023,CRS003,2025-12-05,2026-01-20,Not Started,5.33,61
PRG0007576,STU00444,MOD00024,CRS003,2025-12-03,2025-12-04,Not Started,13.88,17
PRG0007577,STU00444,MOD00033,CRS005,2025-11-27,2025-12-10,Completed,2.37,57
PRG0007578,STU00444,MOD00034,CRS005,2025-11-30,2025-12-16,Completed,11.53,87
PRG0007579,STU00444,MOD00035,CRS005,2025-11-15,2026-02-10,Completed,3.25,67
PRG0007580,STU00444,MOD00036,CRS005,2025-12-05,2025-11-20,In Progress,2.34,90
PRG0007581,STU00444,MOD00037,CRS005,2025-11-21,2025-12-21,Completed,4.07,8
PRG0007582,STU00444,MOD00038,CRS005,2025-11-26,2026-01-23,Completed,11.53,61
PRG0007583,STU00444,MOD00039,CRS005,2025-11-23,2025-12-11,Completed,11.58,77
PRG0007584,STU00444,MOD00040,CRS005,2025-11-18,2025-12-01,Completed,3.31,13
PRG0007585,STU00444,MOD00138,CRS018,2025-12-02,2026-01-26,In Progress,3.91,58
PRG0007586,STU00444,MOD00139,CRS018,2025-12-07,2025-12-17,Completed,5.35,31
PRG0007587,STU00444,MOD00140,CRS018,2025-12-07,2025-12-21,Completed,2.06,13
PRG0007588,STU00444,MOD00141,CRS018,2025-12-06,2026-01-10,In Progress,2.34,31
PRG0007589,STU00444,MOD00143,CRS018,2025-12-13,2025-12-26,Completed,3.19,28
PRG0007590,STU00445,MOD00153,CRS020,2026-01-25,2026-04-22,Completed,13.34,25
PRG0007591,STU00445,MOD00154,CRS020,2026-01-31,2026-03-18,In Progress,5.57,49
PRG0007592,STU00445,MOD00155,CRS020,2026-01-23,2026-04-16,Completed,2.62,10
PRG0007593,STU00445,MOD00156,CRS020,2026-02-04,2026-03-23,Completed,3.95,86
PRG0007594,STU00445,MOD00157,CRS020,2026-01-26,2026-02-08,In Progress,5.07,91
PRG0007595,STU00445,MOD00158,CRS020,2026-02-01,2026-02-03,In Progress,4.18,17
PRG0007596,STU00445,MOD00159,CRS020,2026-02-02,2026-04-04,In Progress,3.15,87
PRG0007597,STU00445,MOD00160,CRS020,2026-01-22,2026-03-27,Completed,1.06,42
PRG0007598,STU00445,MOD00010,CRS002,2026-03-25,2026-04-13,In Progress,3.67,86
PRG0007599,STU00445,MOD00011,CRS002,2026-03-24,2026-05-20,In Progress,3.05,96
PRG0007600,STU00445,MOD00012,CRS002,2026-03-09,2026-04-30,Completed,7.19,1
PRG0007601,STU00445,MOD00014,CRS002,2026-03-25,2026-04-23,Completed,9.25,40
PRG0007602,STU00445,MOD00015,CRS002,2026-04-03,2026-05-03,Completed,2.85,46
PRG0007603,STU00445,MOD00016,CRS002,2026-03-12,2026-04-22,In Progress,3.45,4
PRG0007604,STU00445,MOD00145,CRS019,2025-10-04,2025-10-18,Completed,2.57,77
PRG0007605,STU00445,MOD00146,CRS019,2025-10-08,2025-12-02,In Progress,6.65,24
PRG0007606,STU00445,MOD00147,CRS019,2025-10-10,2025-11-01,Completed,6.09,89
PRG0007607,STU00445,MOD00148,CRS019,2025-10-29,2025-10-04,Completed,9.88,28
PRG0007608,STU00445,MOD00149,CRS019,2025-10-01,2025-10-20,In Progress,3.01,15
PRG0007609,STU00445,MOD00150,CRS019,2025-10-20,2025-10-30,Completed,5.28,70
PRG0007610,STU00445,MOD00151,CRS019,2025-10-25,2025-12-22,Completed,8.34,74
PRG0007611,STU00445,MOD00152,CRS019,2025-10-25,2025-12-14,Completed,4.71,82
PRG0007612,STU00446,MOD00145,CRS019,2026-01-24,2026-01-10,Completed,4.17,25
PRG0007613,STU00446,MOD00147,CRS019,2026-01-10,2026-03-06,Completed,1.38,77
PRG0007614,STU00446,MOD00148,CRS019,2026-01-11,2026-03-03,Completed,11.35,39
PRG0007615,STU00446,MOD00150,CRS019,2026-01-14,2026-01-18,In Progress,9.99,78
PRG0007616,STU00446,MOD00151,CRS019,2026-02-06,2026-01-10,Not Started,7.35,89
PRG0007617,STU00446,MOD00049,CRS007,2025-08-21,2025-11-01,In Progress,4.64,15
PRG0007618,STU00446,MOD00050,CRS007,2025-08-31,2025-09-08,In Progress,7.87,85
PRG0007619,STU00446,MOD00051,CRS007,2025-09-07,2025-09-18,Completed,6.89,29
PRG0007620,STU00446,MOD00052,CRS007,2025-08-30,2025-09-06,Completed,1.76,72
PRG0007621,STU00446,MOD00053,CRS007,2025-09-04,2025-11-17,Completed,4.29,95
PRG0007622,STU00446,MOD00054,CRS007,2025-09-11,2025-11-06,Completed,4.05,70
PRG0007623,STU00446,MOD00055,CRS007,2025-08-23,2025-10-15,Not Started,1.46,96
PRG0007624,STU00446,MOD00056,CRS007,2025-08-21,2025-10-19,Completed,3.67,95
PRG0007625,STU00446,MOD00025,CRS004,2025-12-01,2025-12-06,Completed,7.75,92
PRG0007626,STU00446,MOD00026,CRS004,2025-11-27,2026-01-10,Completed,4.64,59
PRG0007627,STU00446,MOD00027,CRS004,2025-12-05,2025-12-11,In Progress,1.56,73
PRG0007628,STU00446,MOD00028,CRS004,2025-12-22,2026-01-28,Completed,2.68,30
PRG0007629,STU00446,MOD00029,CRS004,2025-11-30,2026-02-15,In Progress,3.23,31
PRG0007630,STU00446,MOD00030,CRS004,2025-11-28,2026-01-11,Completed,7.77,60
PRG0007631,STU00446,MOD00031,CRS004,2025-12-06,2026-01-22,Completed,5.37,91
PRG0007632,STU00446,MOD00032,CRS004,2025-12-20,2026-01-16,Completed,1.5,50
PRG0007633,STU00446,MOD00099,CRS013,2025-10-06,2025-10-27,In Progress,2.32,57
PRG0007634,STU00446,MOD00101,CRS013,2025-10-09,2025-12-31,Completed,2.11,84
PRG0007635,STU00446,MOD00103,CRS013,2025-10-15,2025-11-24,Not Started,8.55,85
PRG0007636,STU00447,MOD00131,CRS017,2025-09-10,2025-10-25,In Progress,3.78,14
PRG0007637,STU00448,MOD00017,CRS003,2026-02-21,2026-05-08,In Progress,10.21,26
PRG0007638,STU00448,MOD00021,CRS003,2026-02-25,2026-03-20,Completed,2.66,24
PRG0007639,STU00448,MOD00022,CRS003,2026-03-08,2026-04-03,Completed,11.54,83
PRG0007640,STU00448,MOD00065,CRS009,2026-04-16,2026-06-01,Completed,1.6,1
PRG0007641,STU00448,MOD00068,CRS009,2026-04-11,2026-03-20,Completed,2.11,3
PRG0007642,STU00448,MOD00072,CRS009,2026-03-21,2026-05-08,Completed,2.06,86
PRG0007643,STU00448,MOD00121,CRS016,2026-01-28,2026-03-01,In Progress,11.76,46
PRG0007644,STU00448,MOD00123,CRS016,2026-01-28,2026-01-23,Completed,4.93,72
PRG0007645,STU00448,MOD00124,CRS016,2026-01-02,2026-03-31,Not Started,4.48,75
PRG0007646,STU00448,MOD00125,CRS016,2026-01-04,2026-03-15,Completed,2.12,43
PRG0007647,STU00448,MOD00127,CRS016,2026-01-17,2026-03-15,Completed,5.71,58
PRG0007648,STU00448,MOD00073,CRS010,2026-01-05,2026-03-25,Completed,9.31,96
PRG0007649,STU00448,MOD00074,CRS010,2026-01-23,2026-01-23,Completed,7.13,15
PRG0007650,STU00448,MOD00075,CRS010,2026-01-15,2026-01-23,Completed,4.27,49
PRG0007651,STU00448,MOD00076,CRS010,2026-01-26,2026-02-07,In Progress,1.85,3
PRG0007652,STU00448,MOD00077,CRS010,2026-01-13,2026-02-09,Completed,9.67,88
PRG0007653,STU00448,MOD00078,CRS010,2026-01-04,2026-02-25,In Progress,1.83,29
PRG0007654,STU00448,MOD00079,CRS010,2026-01-21,2026-02-15,Completed,2.51,79
PRG0007655,STU00448,MOD00080,CRS010,2026-01-29,2026-01-24,Completed,2.89,53
PRG0007656,STU00448,MOD00153,CRS020,2026-01-24,2026-02-09,Completed,7.72,57
PRG0007657,STU00448,MOD00154,CRS020,2026-01-29,2026-01-27,Completed,2.79,14
PRG0007658,STU00448,MOD00155,CRS020,2026-01-07,2026-03-06,Completed,1.17,34
PRG0007659,STU00448,MOD00156,CRS020,2026-01-26,2026-01-21,Completed,2.36,16
PRG0007660,STU00448,MOD00157,CRS020,2026-01-29,2026-02-21,Completed,3.25,92
PRG0007661,STU00448,MOD00158,CRS020,2026-01-25,2026-01-21,In Progress,5.31,19
PRG0007662,STU00448,MOD00159,CRS020,2026-01-27,2026-02-14,Completed,3.54,44
PRG0007663,STU00448,MOD00160,CRS020,2026-01-14,2026-02-08,In Progress,1.41,73
PRG0007664,STU00449,MOD00049,CRS007,2026-01-23,2026-04-04,In Progress,5.64,10
PRG0007665,STU00449,MOD00050,CRS007,2026-01-26,2026-02-07,In Progress,8.7,34
PRG0007666,STU00449,MOD00054,CRS007,2026-01-25,2026-04-08,In Progress,4.78,27
PRG0007667,STU00449,MOD00055,CRS007,2026-01-21,2026-03-26,In Progress,2.51,85
PRG0007668,STU00449,MOD00056,CRS007,2026-02-02,2026-02-13,Completed,3.4,27
PRG0007669,STU00450,MOD00049,CRS007,2026-01-04,2026-01-04,In Progress,2.52,90
PRG0007670,STU00450,MOD00050,CRS007,2026-01-03,2025-12-23,In Progress,8.95,32
PRG0007671,STU00450,MOD00051,CRS007,2026-01-03,2026-02-05,Completed,5.2,23
PRG0007672,STU00450,MOD00052,CRS007,2025-12-22,2025-12-22,In Progress,5.28,29
PRG0007673,STU00450,MOD00053,CRS007,2025-12-23,2026-01-24,Completed,2.26,17
PRG0007674,STU00450,MOD00054,CRS007,2025-12-11,2026-01-09,Not Started,5.65,83
PRG0007675,STU00450,MOD00055,CRS007,2026-01-03,2026-01-09,Completed,1.5,67
PRG0007676,STU00450,MOD00056,CRS007,2026-01-05,2025-12-22,In Progress,2.51,82
PRG0007677,STU00450,MOD00130,CRS017,2025-10-06,2025-12-06,In Progress,10.45,21
PRG0007678,STU00450,MOD00134,CRS017,2025-10-10,2025-09-29,In Progress,1.68,22
PRG0007679,STU00450,MOD00135,CRS017,2025-09-29,2025-11-06,Completed,5.86,79
PRG0007680,STU00450,MOD00136,CRS017,2025-10-21,2025-12-08,In Progress,10.75,69
PRG0007681,STU00450,MOD00124,CRS016,2026-03-31,2026-03-27,Completed,8.89,85
PRG0007682,STU00450,MOD00125,CRS016,2026-03-30,2026-05-05,Completed,3.83,40
PRG0007683,STU00450,MOD00127,CRS016,2026-03-20,2026-05-01,Completed,6.6,71
PRG0007684,STU00451,MOD00027,CRS004,2025-11-08,2025-12-23,In Progress,1.45,29
PRG0007685,STU00451,MOD00029,CRS004,2025-11-02,2026-01-02,Completed,3.47,86
PRG0007686,STU00451,MOD00030,CRS004,2025-10-29,2025-12-25,Not Started,2.98,0
PRG0007687,STU00451,MOD00031,CRS004,2025-11-15,2025-10-30,Completed,5.0,15
PRG0007688,STU00451,MOD00032,CRS004,2025-11-07,2026-01-05,Completed,7.32,69
PRG0007689,STU00451,MOD00073,CRS010,2026-01-15,2026-01-15,In Progress,9.72,8
PRG0007690,STU00451,MOD00074,CRS010,2026-01-29,2026-01-28,Completed,6.78,20
PRG0007691,STU00451,MOD00075,CRS010,2026-01-01,2026-01-29,In Progress,7.45,55
PRG0007692,STU00451,MOD00076,CRS010,2026-01-07,2026-02-10,In Progress,1.68,90
PRG0007693,STU00451,MOD00077,CRS010,2026-01-25,2026-02-24,Not Started,3.02,8
PRG0007694,STU00451,MOD00078,CRS010,2026-01-27,2026-01-23,Not Started,1.64,69
PRG0007695,STU00451,MOD00079,CRS010,2026-01-28,2026-01-22,Completed,2.56,42
PRG0007696,STU00451,MOD00080,CRS010,2026-01-31,2026-02-04,Not Started,1.63,52
PRG0007697,STU00452,MOD00153,CRS020,2026-02-15,2026-04-03,In Progress,11.09,63
PRG0007698,STU00452,MOD00154,CRS020,2026-03-12,2026-04-25,Completed,11.35,11
PRG0007699,STU00452,MOD00155,CRS020,2026-02-19,2026-05-12,Completed,2.08,44
PRG0007700,STU00452,MOD00156,CRS020,2026-02-28,2026-02-13,In Progress,2.96,38
PRG0007701,STU00452,MOD00157,CRS020,2026-03-08,2026-02-15,In Progress,2.69,71
PRG0007702,STU00452,MOD00158,CRS020,2026-02-16,2026-03-07,Completed,1.75,71
PRG0007703,STU00452,MOD00159,CRS020,2026-03-01,2026-03-07,Completed,10.8,5
PRG0007704,STU00452,MOD00160,CRS020,2026-02-21,2026-03-26,Completed,3.46,13
PRG0007705,STU00452,MOD00017,CRS003,2026-02-25,2026-04-17,Completed,4.63,5
PRG0007706,STU00452,MOD00019,CRS003,2026-02-19,2026-02-13,In Progress,4.2,55
PRG0007707,STU00452,MOD00021,CRS003,2026-02-18,2026-03-02,In Progress,13.36,0
PRG0007708,STU00452,MOD00033,CRS005,2026-03-12,2026-02-18,In Progress,1.18,100
PRG0007709,STU00452,MOD00034,CRS005,2026-03-13,2026-05-07,Completed,1.84,85
PRG0007710,STU00452,MOD00035,CRS005,2026-03-01,2026-03-31,In Progress,4.38,99
PRG0007711,STU00452,MOD00036,CRS005,2026-03-03,2026-03-23,Completed,1.07,39
PRG0007712,STU00452,MOD00037,CRS005,2026-02-12,2026-04-21,Completed,3.77,92
PRG0007713,STU00452,MOD00038,CRS005,2026-02-11,2026-05-04,In Progress,8.0,64
PRG0007714,STU00452,MOD00040,CRS005,2026-02-21,2026-05-03,Completed,2.06,46
PRG0007715,STU00453,MOD00113,CRS015,2025-10-07,2025-11-22,In Progress,8.65,82
PRG0007716,STU00453,MOD00116,CRS015,2025-10-12,2025-10-08,In Progress,4.72,89
PRG0007717,STU00453,MOD00117,CRS015,2025-10-05,2025-12-10,In Progress,2.66,34
PRG0007718,STU00453,MOD00118,CRS015,2025-09-16,2025-11-10,Completed,11.55,53
PRG0007719,STU00453,MOD00119,CRS015,2025-10-15,2025-09-24,Completed,11.99,43
PRG0007720,STU00453,MOD00120,CRS015,2025-09-30,2025-12-11,In Progress,4.43,89
PRG0007721,STU00453,MOD00073,CRS010,2025-05-25,2025-06-15,Completed,1.14,87
PRG0007722,STU00453,MOD00074,CRS010,2025-06-09,2025-05-30,Completed,4.6,52
PRG0007723,STU00453,MOD00075,CRS010,2025-06-18,2025-08-16,Completed,7.65,75
PRG0007724,STU00453,MOD00076,CRS010,2025-06-10,2025-07-21,Completed,1.97,93
PRG0007725,STU00453,MOD00077,CRS010,2025-06-03,2025-06-26,In Progress,1.71,28
PRG0007726,STU00453,MOD00078,CRS010,2025-06-11,2025-07-31,In Progress,1.72,14
PRG0007727,STU00453,MOD00079,CRS010,2025-06-12,2025-06-14,In Progress,1.33,6
PRG0007728,STU00453,MOD00080,CRS010,2025-06-02,2025-06-19,Completed,1.3,99
PRG0007729,STU00453,MOD00089,CRS012,2025-10-02,2025-10-11,In Progress,9.11,12
PRG0007730,STU00453,MOD00090,CRS012,2025-10-04,2025-12-03,Completed,1.16,30
PRG0007731,STU00453,MOD00091,CRS012,2025-10-06,2025-11-21,Completed,5.02,54
PRG0007732,STU00453,MOD00092,CRS012,2025-10-15,2025-12-10,Completed,1.42,33
PRG0007733,STU00453,MOD00093,CRS012,2025-10-04,2025-11-05,Completed,3.81,91
PRG0007734,STU00453,MOD00094,CRS012,2025-09-29,2025-10-06,In Progress,2.56,3
PRG0007735,STU00453,MOD00095,CRS012,2025-10-25,2025-12-09,Completed,1.63,53
PRG0007736,STU00453,MOD00096,CRS012,2025-10-24,2025-11-27,In Progress,9.06,22
PRG0007737,STU00453,MOD00057,CRS008,2025-05-19,2025-05-26,In Progress,1.03,6
PRG0007738,STU00453,MOD00058,CRS008,2025-05-20,2025-07-04,Completed,8.7,1
PRG0007739,STU00453,MOD00059,CRS008,2025-05-27,2025-07-20,Completed,3.88,54
PRG0007740,STU00453,MOD00060,CRS008,2025-05-29,2025-05-15,Completed,2.53,34
PRG0007741,STU00453,MOD00061,CRS008,2025-05-27,2025-06-24,Completed,5.63,57
PRG0007742,STU00453,MOD00062,CRS008,2025-05-09,2025-07-13,Completed,2.76,10
PRG0007743,STU00453,MOD00063,CRS008,2025-05-13,2025-05-25,Completed,5.14,8
PRG0007744,STU00453,MOD00064,CRS008,2025-05-20,2025-05-08,Completed,7.47,59
PRG0007745,STU00453,MOD00137,CRS018,2026-01-13,2026-01-09,Completed,2.48,21
PRG0007746,STU00453,MOD00138,CRS018,2026-01-12,2026-01-30,Not Started,5.24,100
PRG0007747,STU00453,MOD00139,CRS018,2025-12-26,2026-01-12,In Progress,13.8,80
PRG0007748,STU00453,MOD00140,CRS018,2025-12-16,2025-12-19,Completed,3.77,23
PRG0007749,STU00453,MOD00141,CRS018,2025-12-26,2025-12-29,Completed,8.9,12
PRG0007750,STU00453,MOD00142,CRS018,2025-12-16,2026-01-29,Completed,7.92,18
PRG0007751,STU00453,MOD00143,CRS018,2025-12-29,2026-01-29,Completed,3.52,97
PRG0007752,STU00453,MOD00144,CRS018,2026-01-14,2026-03-01,In Progress,8.28,9
PRG0007753,STU00454,MOD00073,CRS010,2025-07-07,2025-09-18,Completed,9.77,23
PRG0007754,STU00454,MOD00074,CRS010,2025-06-24,2025-06-29,Completed,2.11,70
PRG0007755,STU00454,MOD00075,CRS010,2025-06-26,2025-08-11,In Progress,8.21,48
PRG0007756,STU00454,MOD00076,CRS010,2025-07-16,2025-08-24,In Progress,1.37,97
PRG0007757,STU00454,MOD00077,CRS010,2025-07-16,2025-06-22,Completed,3.39,84
PRG0007758,STU00454,MOD00078,CRS010,2025-06-27,2025-09-09,Completed,1.98,91
PRG0007759,STU00454,MOD00079,CRS010,2025-07-04,2025-08-14,In Progress,1.6,59
PRG0007760,STU00454,MOD00080,CRS010,2025-07-18,2025-07-09,Completed,1.38,92
PRG0007761,STU00454,MOD00035,CRS005,2026-01-30,2026-02-13,Completed,2.35,18
PRG0007762,STU00454,MOD00036,CRS005,2026-02-05,2026-02-20,Completed,1.23,67
PRG0007763,STU00454,MOD00037,CRS005,2026-02-05,2026-02-20,Completed,1.4,14
PRG0007764,STU00454,MOD00038,CRS005,2026-02-09,2026-02-24,Not Started,3.24,7
PRG0007765,STU00454,MOD00010,CRS002,2026-01-24,2026-03-24,Completed,6.26,85
PRG0007766,STU00454,MOD00015,CRS002,2026-01-17,2026-02-28,In Progress,5.08,62
PRG0007767,STU00454,MOD00065,CRS009,2026-04-07,2026-03-23,Completed,3.71,85
PRG0007768,STU00454,MOD00066,CRS009,2026-04-05,2026-03-16,In Progress,1.36,61
PRG0007769,STU00454,MOD00067,CRS009,2026-03-24,2026-06-03,Completed,3.88,41
PRG0007770,STU00454,MOD00068,CRS009,2026-04-01,2026-05-05,Completed,4.04,78
PRG0007771,STU00454,MOD00072,CRS009,2026-03-20,2026-05-19,Not Started,4.29,34
PRG0007772,STU00454,MOD00121,CRS016,2025-12-25,2025-12-26,Completed,7.18,78
PRG0007773,STU00454,MOD00122,CRS016,2026-01-03,2026-02-15,Completed,1.51,40
PRG0007774,STU00454,MOD00123,CRS016,2025-12-19,2026-02-27,Completed,4.97,77
PRG0007775,STU00454,MOD00125,CRS016,2025-12-13,2026-01-14,In Progress,2.67,52
PRG0007776,STU00454,MOD00126,CRS016,2025-12-19,2026-01-08,Not Started,8.92,34
PRG0007777,STU00454,MOD00127,CRS016,2025-12-05,2026-02-04,Completed,2.97,65
PRG0007778,STU00454,MOD00128,CRS016,2026-01-01,2026-02-27,In Progress,11.21,56
PRG0007779,STU00455,MOD00081,CRS011,2026-04-27,2026-04-08,Completed,1.66,32
PRG0007780,STU00455,MOD00083,CRS011,2026-03-28,2026-04-17,Completed,1.74,75
PRG0007781,STU00455,MOD00087,CRS011,2026-04-15,2026-05-02,Not Started,2.42,70
PRG0007782,STU00456,MOD00068,CRS009,2026-04-03,2026-04-23,Completed,1.53,23
PRG0007783,STU00456,MOD00069,CRS009,2026-04-05,2026-05-15,Completed,1.35,65
PRG0007784,STU00456,MOD00145,CRS019,2026-03-28,2026-03-30,Not Started,1.92,79
PRG0007785,STU00456,MOD00146,CRS019,2026-04-03,2026-05-23,Completed,2.24,1
PRG0007786,STU00456,MOD00147,CRS019,2026-03-16,2026-04-22,In Progress,8.57,79
PRG0007787,STU00456,MOD00148,CRS019,2026-03-24,2026-03-21,Completed,1.27,8
PRG0007788,STU00456,MOD00149,CRS019,2026-03-28,2026-04-19,Completed,1.2,4
PRG0007789,STU00456,MOD00150,CRS019,2026-03-15,2026-03-14,Completed,8.47,22
PRG0007790,STU00456,MOD00151,CRS019,2026-04-07,2026-05-24,In Progress,7.76,56
PRG0007791,STU00456,MOD00152,CRS019,2026-03-26,2026-05-14,Completed,5.62,97
PRG0007792,STU00456,MOD00129,CRS017,2025-08-29,2025-08-16,Completed,6.0,16
PRG0007793,STU00456,MOD00130,CRS017,2025-08-26,2025-09-03,In Progress,9.88,82
PRG0007794,STU00456,MOD00131,CRS017,2025-08-23,2025-08-22,Completed,4.37,62
PRG0007795,STU00456,MOD00132,CRS017,2025-08-20,2025-08-21,Completed,4.73,44
PRG0007796,STU00456,MOD00133,CRS017,2025-08-18,2025-09-11,Completed,4.28,50
PRG0007797,STU00456,MOD00134,CRS017,2025-08-16,2025-10-23,In Progress,1.94,74
PRG0007798,STU00456,MOD00135,CRS017,2025-08-30,2025-09-21,Completed,1.82,9
PRG0007799,STU00456,MOD00136,CRS017,2025-08-20,2025-09-10,In Progress,8.75,23
PRG0007800,STU00457,MOD00089,CRS012,2026-01-01,2025-12-12,Completed,7.17,0
PRG0007801,STU00457,MOD00093,CRS012,2025-12-24,2026-01-26,In Progress,8.05,22
PRG0007802,STU00457,MOD00094,CRS012,2025-12-03,2025-12-05,Completed,2.8,78
PRG0007803,STU00457,MOD00095,CRS012,2025-12-18,2026-02-15,Not Started,2.85,95
PRG0007804,STU00457,MOD00113,CRS015,2025-12-06,2026-02-10,Completed,2.81,81
PRG0007805,STU00457,MOD00114,CRS015,2025-12-29,2026-01-07,Completed,3.18,92
PRG0007806,STU00457,MOD00115,CRS015,2025-12-23,2026-02-21,Not Started,1.63,88
PRG0007807,STU00457,MOD00116,CRS015,2025-12-10,2025-12-25,In Progress,3.58,93
PRG0007808,STU00457,MOD00117,CRS015,2025-12-12,2026-02-19,In Progress,3.84,12
PRG0007809,STU00457,MOD00118,CRS015,2025-12-09,2026-02-22,In Progress,8.65,79
PRG0007810,STU00457,MOD00119,CRS015,2025-12-28,2026-01-30,Completed,3.92,19
PRG0007811,STU00457,MOD00120,CRS015,2025-12-05,2026-02-16,Completed,3.47,81
PRG0007812,STU00457,MOD00017,CRS003,2025-12-08,2025-12-28,Completed,1.61,1
PRG0007813,STU00457,MOD00018,CRS003,2025-12-28,2026-01-18,In Progress,8.48,78
PRG0007814,STU00457,MOD00019,CRS003,2025-12-09,2026-03-03,Not Started,4.47,70
PRG0007815,STU00457,MOD00020,CRS003,2025-12-22,2025-12-16,In Progress,3.16,22
PRG0007816,STU00457,MOD00021,CRS003,2025-12-30,2026-01-31,In Progress,5.61,13
PRG0007817,STU00457,MOD00022,CRS003,2025-12-05,2026-01-28,Completed,9.44,87
PRG0007818,STU00457,MOD00023,CRS003,2025-12-14,2026-02-12,Not Started,2.44,7
PRG0007819,STU00457,MOD00024,CRS003,2025-12-06,2026-01-18,Completed,14.01,55
PRG0007820,STU00457,MOD00001,CRS001,2025-12-13,2026-01-11,In Progress,6.63,99
PRG0007821,STU00457,MOD00002,CRS001,2025-12-04,2026-03-02,In Progress,11.95,60
PRG0007822,STU00457,MOD00003,CRS001,2025-12-28,2026-01-21,Completed,3.95,54
PRG0007823,STU00457,MOD00004,CRS001,2025-12-08,2026-02-04,In Progress,7.18,26
PRG0007824,STU00457,MOD00005,CRS001,2025-12-31,2026-02-24,Completed,5.81,31
PRG0007825,STU00457,MOD00006,CRS001,2026-01-01,2026-01-21,Completed,2.97,3
PRG0007826,STU00457,MOD00007,CRS001,2025-12-03,2026-02-13,Completed,6.46,79
PRG0007827,STU00457,MOD00008,CRS001,2025-12-28,2026-02-06,Completed,1.82,45
PRG0007828,STU00457,MOD00025,CRS004,2026-01-18,2026-01-22,Completed,5.19,17
PRG0007829,STU00457,MOD00026,CRS004,2026-01-06,2026-01-12,Completed,7.06,92
PRG0007830,STU00457,MOD00027,CRS004,2026-01-22,2026-01-22,Completed,1.64,62
PRG0007831,STU00457,MOD00028,CRS004,2026-01-26,2026-02-06,In Progress,1.32,98
PRG0007832,STU00457,MOD00029,CRS004,2026-01-28,2026-02-24,Completed,3.36,80
PRG0007833,STU00457,MOD00030,CRS004,2026-01-08,2026-02-21,Completed,9.75,78
PRG0007834,STU00457,MOD00031,CRS004,2026-01-24,2026-02-02,Not Started,11.55,93
PRG0007835,STU00457,MOD00032,CRS004,2026-01-14,2026-02-05,Not Started,3.98,0
PRG0007836,STU00458,MOD00097,CRS013,2026-04-16,2026-03-27,Completed,1.06,57
PRG0007837,STU00458,MOD00098,CRS013,2026-04-13,2026-06-08,Completed,3.44,87
PRG0007838,STU00458,MOD00099,CRS013,2026-04-15,2026-05-25,Completed,2.37,54
PRG0007839,STU00458,MOD00100,CRS013,2026-04-09,2026-05-30,Not Started,4.71,0
PRG0007840,STU00458,MOD00101,CRS013,2026-03-30,2026-05-07,Completed,2.62,69
PRG0007841,STU00458,MOD00102,CRS013,2026-04-21,2026-03-31,In Progress,2.36,98
PRG0007842,STU00458,MOD00103,CRS013,2026-04-20,2026-04-16,Completed,6.73,75
PRG0007843,STU00458,MOD00104,CRS013,2026-03-30,2026-04-21,In Progress,1.91,82
PRG0007844,STU00458,MOD00121,CRS016,2026-01-20,2026-01-17,In Progress,8.6,78
PRG0007845,STU00458,MOD00122,CRS016,2026-01-31,2026-03-24,Completed,2.05,35
PRG0007846,STU00458,MOD00123,CRS016,2026-01-30,2026-02-24,Completed,6.83,74
PRG0007847,STU00458,MOD00124,CRS016,2026-01-08,2026-01-22,Completed,6.24,45
PRG0007848,STU00458,MOD00125,CRS016,2026-01-15,2026-02-04,Completed,3.21,67
PRG0007849,STU00458,MOD00126,CRS016,2026-01-11,2026-01-22,Completed,5.87,97
PRG0007850,STU00458,MOD00127,CRS016,2026-01-31,2026-03-17,In Progress,5.26,22
PRG0007851,STU00458,MOD00128,CRS016,2026-01-09,2026-02-09,Completed,2.99,14
PRG0007852,STU00459,MOD00028,CRS004,2026-02-01,2026-04-15,Not Started,1.98,23
PRG0007853,STU00459,MOD00031,CRS004,2026-02-09,2026-03-22,Not Started,7.06,95
PRG0007854,STU00459,MOD00129,CRS017,2025-12-05,2026-02-03,Completed,8.68,19
PRG0007855,STU00459,MOD00130,CRS017,2025-12-12,2026-03-02,Completed,7.18,19
PRG0007856,STU00459,MOD00131,CRS017,2025-12-12,2026-02-24,In Progress,4.07,58
PRG0007857,STU00459,MOD00132,CRS017,2025-12-26,2026-02-12,Completed,1.68,27
PRG0007858,STU00459,MOD00133,CRS017,2025-12-16,2026-01-30,Completed,11.04,26
PRG0007859,STU00459,MOD00134,CRS017,2025-12-23,2026-01-29,Not Started,3.69,71
PRG0007860,STU00459,MOD00135,CRS017,2025-12-10,2026-03-05,Completed,7.42,89
PRG0007861,STU00459,MOD00136,CRS017,2025-12-13,2026-03-02,In Progress,6.96,71
PRG0007862,STU00459,MOD00001,CRS001,2025-11-14,2025-11-19,In Progress,5.51,54
PRG0007863,STU00459,MOD00002,CRS001,2025-11-17,2025-11-15,Completed,8.61,19
PRG0007864,STU00459,MOD00003,CRS001,2025-11-13,2025-12-11,In Progress,1.84,88
PRG0007865,STU00459,MOD00004,CRS001,2025-12-04,2025-12-12,In Progress,1.87,65
PRG0007866,STU00459,MOD00005,CRS001,2025-11-17,2025-12-03,Completed,7.56,51
PRG0007867,STU00459,MOD00006,CRS001,2025-12-03,2025-12-14,Completed,1.93,57
PRG0007868,STU00459,MOD00007,CRS001,2025-11-15,2026-01-13,In Progress,1.94,100
PRG0007869,STU00459,MOD00008,CRS001,2025-11-10,2026-01-07,Completed,4.5,5
PRG0007870,STU00460,MOD00057,CRS008,2025-12-14,2026-02-26,Not Started,4.39,77
PRG0007871,STU00460,MOD00058,CRS008,2025-12-23,2025-12-12,In Progress,9.74,87
PRG0007872,STU00460,MOD00059,CRS008,2025-12-19,2026-02-12,In Progress,8.16,78
PRG0007873,STU00460,MOD00060,CRS008,2025-12-22,2026-02-01,Completed,8.1,83
PRG0007874,STU00460,MOD00061,CRS008,2025-11-29,2025-12-23,Completed,11.97,70
PRG0007875,STU00460,MOD00062,CRS008,2025-12-02,2026-02-16,Completed,5.42,89
PRG0007876,STU00460,MOD00063,CRS008,2025-12-20,2026-01-12,Completed,2.41,81
PRG0007877,STU00460,MOD00064,CRS008,2025-12-28,2025-12-14,Completed,10.78,25
PRG0007878,STU00461,MOD00003,CRS001,2025-11-26,2026-02-07,Completed,4.47,70
PRG0007879,STU00461,MOD00137,CRS018,2025-12-08,2026-02-14,Completed,2.07,66
PRG0007880,STU00461,MOD00138,CRS018,2025-11-30,2026-01-10,Not Started,2.41,42
PRG0007881,STU00461,MOD00139,CRS018,2025-11-20,2025-12-05,In Progress,3.55,3
PRG0007882,STU00461,MOD00140,CRS018,2025-11-26,2025-12-06,Completed,2.89,89
PRG0007883,STU00461,MOD00141,CRS018,2025-12-15,2026-01-13,In Progress,9.0,32
PRG0007884,STU00461,MOD00142,CRS018,2025-11-19,2025-12-20,Completed,9.31,74
PRG0007885,STU00461,MOD00015,CRS002,2025-12-11,2025-12-03,Completed,8.22,44
PRG0007886,STU00461,MOD00016,CRS002,2025-11-21,2026-01-16,In Progress,4.29,25
PRG0007887,STU00462,MOD00145,CRS019,2025-06-24,2025-09-01,In Progress,1.84,18
PRG0007888,STU00462,MOD00146,CRS019,2025-06-23,2025-08-27,In Progress,2.35,3
PRG0007889,STU00462,MOD00147,CRS019,2025-06-25,2025-07-03,In Progress,1.87,0
PRG0007890,STU00462,MOD00148,CRS019,2025-06-19,2025-07-12,Completed,10.4,3
PRG0007891,STU00462,MOD00150,CRS019,2025-06-25,2025-06-26,Completed,7.67,80
PRG0007892,STU00462,MOD00151,CRS019,2025-06-11,2025-08-15,Completed,4.53,10
PRG0007893,STU00462,MOD00152,CRS019,2025-06-27,2025-08-17,Completed,5.81,56
PRG0007894,STU00462,MOD00121,CRS016,2025-12-24,2025-12-21,Not Started,13.0,100
PRG0007895,STU00462,MOD00122,CRS016,2025-12-15,2026-01-05,In Progress,3.81,17
PRG0007896,STU00462,MOD00123,CRS016,2025-12-09,2026-02-06,Completed,4.52,55
PRG0007897,STU00462,MOD00124,CRS016,2026-01-03,2026-02-27,Completed,8.27,15
PRG0007898,STU00462,MOD00125,CRS016,2025-12-08,2026-01-08,Completed,2.73,59
PRG0007899,STU00462,MOD00126,CRS016,2025-12-30,2026-01-11,In Progress,4.63,99
PRG0007900,STU00462,MOD00128,CRS016,2025-12-10,2026-02-06,Completed,9.68,61
PRG0007901,STU00463,MOD00047,CRS006,2025-07-16,2025-09-23,Completed,13.0,78
PRG0007902,STU00463,MOD00145,CRS019,2025-11-09,2025-12-02,Completed,1.5,22
PRG0007903,STU00463,MOD00146,CRS019,2025-11-18,2026-01-13,In Progress,3.45,39
PRG0007904,STU00463,MOD00147,CRS019,2025-12-02,2025-12-07,In Progress,5.93,7
PRG0007905,STU00463,MOD00149,CRS019,2025-11-20,2026-01-21,Completed,3.21,44
PRG0007906,STU00463,MOD00150,CRS019,2025-11-28,2026-01-15,In Progress,8.9,32
PRG0007907,STU00463,MOD00151,CRS019,2025-11-21,2025-11-25,Completed,2.96,63
PRG0007908,STU00463,MOD00152,CRS019,2025-11-30,2026-01-02,Completed,4.33,44
PRG0007909,STU00463,MOD00049,CRS007,2026-03-26,2026-05-11,Completed,2.66,5
PRG0007910,STU00463,MOD00050,CRS007,2026-03-18,2026-04-28,In Progress,11.67,3
PRG0007911,STU00463,MOD00051,CRS007,2026-03-02,2026-04-06,Completed,8.72,49
PRG0007912,STU00463,MOD00052,CRS007,2026-03-22,2026-03-14,Completed,3.98,73
PRG0007913,STU00463,MOD00053,CRS007,2026-04-01,2026-05-14,Completed,2.19,99
PRG0007914,STU00463,MOD00054,CRS007,2026-04-01,2026-03-13,In Progress,2.44,80
PRG0007915,STU00463,MOD00055,CRS007,2026-03-15,2026-04-07,In Progress,2.83,58
PRG0007916,STU00463,MOD00056,CRS007,2026-03-13,2026-03-27,In Progress,1.16,92
PRG0007917,STU00463,MOD00073,CRS010,2025-07-14,2025-09-01,Completed,5.48,43
PRG0007918,STU00463,MOD00077,CRS010,2025-07-01,2025-09-10,In Progress,9.27,56
PRG0007919,STU00463,MOD00080,CRS010,2025-06-23,2025-09-15,In Progress,1.35,24
PRG0007920,STU00464,MOD00009,CRS002,2025-11-12,2026-01-26,Completed,7.13,78
PRG0007921,STU00464,MOD00010,CRS002,2025-11-15,2025-12-12,In Progress,8.01,35
PRG0007922,STU00464,MOD00011,CRS002,2025-11-23,2025-12-23,Not Started,5.12,8
PRG0007923,STU00464,MOD00012,CRS002,2025-11-19,2026-01-17,In Progress,6.54,44
PRG0007924,STU00464,MOD00013,CRS002,2025-11-19,2026-01-13,In Progress,5.85,45
PRG0007925,STU00464,MOD00014,CRS002,2025-11-21,2025-12-03,Not Started,7.75,70
PRG0007926,STU00464,MOD00015,CRS002,2025-11-12,2026-01-21,Completed,1.43,56
PRG0007927,STU00464,MOD00016,CRS002,2025-10-29,2026-01-09,Completed,8.61,90
PRG0007928,STU00464,MOD00020,CRS003,2025-08-03,2025-09-27,Completed,1.44,46
PRG0007929,STU00464,MOD00041,CRS006,2025-09-18,2025-11-18,Completed,2.75,69
PRG0007930,STU00464,MOD00042,CRS006,2025-09-28,2025-12-02,Not Started,7.6,20
PRG0007931,STU00464,MOD00043,CRS006,2025-09-13,2025-11-15,In Progress,3.66,85
PRG0007932,STU00464,MOD00044,CRS006,2025-09-09,2025-10-04,Completed,4.06,48
PRG0007933,STU00464,MOD00045,CRS006,2025-09-09,2025-10-20,Completed,1.29,31
PRG0007934,STU00464,MOD00046,CRS006,2025-10-01,2025-10-07,Completed,4.87,78
PRG0007935,STU00464,MOD00047,CRS006,2025-09-15,2025-10-01,Completed,8.12,100
PRG0007936,STU00464,MOD00048,CRS006,2025-09-16,2025-11-29,In Progress,4.49,74
PRG0007937,STU00464,MOD00097,CRS013,2025-10-06,2025-12-06,Not Started,4.85,28
PRG0007938,STU00464,MOD00098,CRS013,2025-10-05,2025-10-25,Completed,3.88,27
PRG0007939,STU00464,MOD00099,CRS013,2025-10-13,2025-12-21,Completed,1.55,98
PRG0007940,STU00464,MOD00100,CRS013,2025-10-12,2025-11-14,Completed,2.0,35
PRG0007941,STU00464,MOD00101,CRS013,2025-10-16,2025-12-09,Completed,2.59,76
PRG0007942,STU00465,MOD00034,CRS005,2025-12-19,2026-01-19,Completed,4.39,67
PRG0007943,STU00465,MOD00035,CRS005,2025-12-09,2026-02-04,Completed,4.04,4
PRG0007944,STU00465,MOD00037,CRS005,2025-12-01,2026-02-28,Completed,1.45,87
PRG0007945,STU00465,MOD00038,CRS005,2025-12-02,2026-02-15,Completed,11.25,30
PRG0007946,STU00465,MOD00039,CRS005,2025-12-16,2026-01-20,In Progress,4.87,15
PRG0007947,STU00465,MOD00049,CRS007,2026-01-23,2026-02-04,Completed,2.54,97
PRG0007948,STU00465,MOD00050,CRS007,2026-01-04,2026-01-26,Completed,2.84,24
PRG0007949,STU00465,MOD00051,CRS007,2026-01-26,2026-03-30,Completed,8.89,15
PRG0007950,STU00465,MOD00052,CRS007,2026-01-13,2026-02-22,Completed,4.65,21
PRG0007951,STU00465,MOD00053,CRS007,2026-01-16,2026-02-15,In Progress,1.58,74
PRG0007952,STU00465,MOD00054,CRS007,2026-01-08,2026-04-03,Completed,3.82,34
PRG0007953,STU00465,MOD00055,CRS007,2026-01-29,2026-01-20,Completed,2.3,51
PRG0007954,STU00465,MOD00056,CRS007,2026-01-25,2026-02-01,Completed,1.89,86
PRG0007955,STU00465,MOD00113,CRS015,2026-03-15,2026-05-20,Completed,3.42,10
PRG0007956,STU00465,MOD00114,CRS015,2026-03-22,2026-05-12,Not Started,3.79,21
PRG0007957,STU00465,MOD00115,CRS015,2026-03-22,2026-04-07,In Progress,2.95,95
PRG0007958,STU00465,MOD00116,CRS015,2026-03-09,2026-05-17,Completed,1.66,42
PRG0007959,STU00465,MOD00117,CRS015,2026-03-13,2026-04-26,Completed,2.5,49
PRG0007960,STU00465,MOD00118,CRS015,2026-03-06,2026-03-13,Completed,10.75,44
PRG0007961,STU00465,MOD00119,CRS015,2026-02-26,2026-03-10,In Progress,9.77,69
PRG0007962,STU00465,MOD00120,CRS015,2026-03-17,2026-04-20,Completed,5.8,20
PRG0007963,STU00466,MOD00034,CRS005,2026-03-17,2026-03-02,Completed,6.75,66
PRG0007964,STU00466,MOD00035,CRS005,2026-03-07,2026-05-07,Completed,6.85,67
PRG0007965,STU00466,MOD00036,CRS005,2026-03-24,2026-03-16,In Progress,2.3,64
PRG0007966,STU00466,MOD00038,CRS005,2026-03-24,2026-03-19,In Progress,10.17,93
PRG0007967,STU00466,MOD00153,CRS020,2026-03-25,2026-03-23,Completed,11.14,75
PRG0007968,STU00466,MOD00154,CRS020,2026-03-21,2026-03-10,Completed,8.26,29
PRG0007969,STU00466,MOD00155,CRS020,2026-02-28,2026-04-19,Completed,3.52,71
PRG0007970,STU00466,MOD00156,CRS020,2026-03-17,2026-03-11,Completed,7.05,72
PRG0007971,STU00466,MOD00157,CRS020,2026-03-06,2026-05-09,In Progress,3.79,94
PRG0007972,STU00466,MOD00158,CRS020,2026-02-24,2026-05-23,Completed,2.88,17
PRG0007973,STU00466,MOD00159,CRS020,2026-03-14,2026-04-02,In Progress,4.55,85
PRG0007974,STU00466,MOD00160,CRS020,2026-03-14,2026-03-11,In Progress,2.45,77
PRG0007975,STU00466,MOD00051,CRS007,2026-03-21,2026-05-05,In Progress,2.12,87
PRG0007976,STU00466,MOD00052,CRS007,2026-03-13,2026-03-15,In Progress,1.59,88
PRG0007977,STU00466,MOD00054,CRS007,2026-03-04,2026-03-28,Completed,4.68,33
PRG0007978,STU00466,MOD00129,CRS017,2026-04-11,2026-03-20,Completed,6.64,91
PRG0007979,STU00466,MOD00130,CRS017,2026-03-30,2026-06-02,Completed,8.13,14
PRG0007980,STU00466,MOD00131,CRS017,2026-04-18,2026-06-17,In Progress,2.42,33
PRG0007981,STU00466,MOD00132,CRS017,2026-04-12,2026-04-29,In Progress,4.94,52
PRG0007982,STU00466,MOD00133,CRS017,2026-04-17,2026-03-29,In Progress,9.86,38
PRG0007983,STU00466,MOD00134,CRS017,2026-04-09,2026-04-15,Completed,2.08,14
PRG0007984,STU00466,MOD00135,CRS017,2026-04-07,2026-04-19,Completed,3.63,41
PRG0007985,STU00466,MOD00136,CRS017,2026-04-10,2026-06-05,Completed,9.49,0
PRG0007986,STU00467,MOD00065,CRS009,2025-11-26,2026-01-17,In Progress,2.8,34
PRG0007987,STU00467,MOD00066,CRS009,2025-11-17,2025-12-18,In Progress,10.38,19
PRG0007988,STU00467,MOD00069,CRS009,2025-11-15,2025-11-29,In Progress,9.69,23
PRG0007989,STU00467,MOD00070,CRS009,2025-12-01,2025-11-28,Completed,10.97,29
PRG0007990,STU00467,MOD00071,CRS009,2025-11-19,2026-02-01,Completed,4.4,19
PRG0007991,STU00467,MOD00072,CRS009,2025-11-11,2026-01-20,In Progress,1.91,23
PRG0007992,STU00467,MOD00049,CRS007,2025-08-08,2025-08-07,In Progress,1.4,24
PRG0007993,STU00467,MOD00050,CRS007,2025-07-24,2025-09-04,Not Started,7.41,12
PRG0007994,STU00467,MOD00051,CRS007,2025-07-30,2025-07-26,In Progress,7.32,29
PRG0007995,STU00467,MOD00052,CRS007,2025-07-20,2025-09-13,Completed,4.95,65
PRG0007996,STU00467,MOD00053,CRS007,2025-07-20,2025-10-01,In Progress,1.64,81
PRG0007997,STU00467,MOD00054,CRS007,2025-08-12,2025-08-29,In Progress,3.09,82
PRG0007998,STU00467,MOD00055,CRS007,2025-07-15,2025-08-15,Completed,1.08,18
PRG0007999,STU00467,MOD00056,CRS007,2025-07-20,2025-07-16,In Progress,2.06,20
PRG0008000,STU00467,MOD00122,CRS016,2025-07-19,2025-09-24,Completed,3.34,11
PRG0008001,STU00467,MOD00125,CRS016,2025-07-30,2025-08-23,Completed,1.27,66
PRG0008002,STU00467,MOD00126,CRS016,2025-07-20,2025-07-17,In Progress,7.07,7
PRG0008003,STU00467,MOD00127,CRS016,2025-07-31,2025-08-13,Completed,3.32,11
PRG0008004,STU00467,MOD00128,CRS016,2025-08-01,2025-08-03,In Progress,11.58,50
PRG0008005,STU00467,MOD00041,CRS006,2026-02-28,2026-02-07,Completed,4.07,40
PRG0008006,STU00467,MOD00042,CRS006,2026-02-05,2026-02-05,Completed,1.13,67
PRG0008007,STU00467,MOD00043,CRS006,2026-02-24,2026-04-22,Completed,2.35,20
PRG0008008,STU00467,MOD00046,CRS006,2026-02-25,2026-02-04,In Progress,4.73,85
PRG0008009,STU00467,MOD00047,CRS006,2026-02-18,2026-03-06,Completed,1.48,71
PRG0008010,STU00467,MOD00048,CRS006,2026-02-26,2026-04-02,Completed,3.12,22
PRG0008011,STU00467,MOD00153,CRS020,2026-01-23,2026-03-21,Completed,8.5,4
PRG0008012,STU00467,MOD00154,CRS020,2026-01-18,2026-02-19,Completed,14.4,87
PRG0008013,STU00467,MOD00155,CRS020,2026-02-11,2026-01-20,In Progress,6.79,52
PRG0008014,STU00467,MOD00156,CRS020,2026-02-10,2026-03-07,Completed,7.6,46
PRG0008015,STU00467,MOD00157,CRS020,2026-02-07,2026-01-21,Completed,5.83,89
PRG0008016,STU00467,MOD00158,CRS020,2026-02-08,2026-03-30,Completed,2.78,6
PRG0008017,STU00467,MOD00159,CRS020,2026-02-01,2026-02-04,Completed,2.69,65
PRG0008018,STU00467,MOD00160,CRS020,2026-01-30,2026-02-09,Not Started,2.68,47
PRG0008019,STU00468,MOD00009,CRS002,2026-01-01,2026-01-27,Not Started,6.78,54
PRG0008020,STU00468,MOD00010,CRS002,2026-01-01,2026-02-13,Completed,3.25,0
PRG0008021,STU00468,MOD00011,CRS002,2026-01-14,2025-12-30,Completed,3.04,19
PRG0008022,STU00468,MOD00012,CRS002,2026-01-09,2026-03-11,Completed,9.62,2
PRG0008023,STU00468,MOD00013,CRS002,2026-01-05,2026-03-15,Completed,1.47,76
PRG0008024,STU00468,MOD00014,CRS002,2025-12-26,2026-02-01,Completed,2.32,83
PRG0008025,STU00468,MOD00015,CRS002,2026-01-02,2026-02-19,Not Started,8.4,42
PRG0008026,STU00468,MOD00016,CRS002,2026-01-14,2026-02-01,In Progress,1.68,66
PRG0008027,STU00468,MOD00123,CRS016,2026-01-29,2026-01-24,Not Started,5.81,86
PRG0008028,STU00468,MOD00124,CRS016,2026-01-01,2026-03-01,In Progress,2.99,94
PRG0008029,STU00468,MOD00126,CRS016,2026-01-15,2026-01-25,In Progress,2.03,59
PRG0008030,STU00468,MOD00127,CRS016,2026-01-24,2026-03-22,In Progress,7.15,73
PRG0008031,STU00468,MOD00081,CRS011,2026-01-14,2026-02-18,Completed,2.51,52
PRG0008032,STU00468,MOD00082,CRS011,2026-01-01,2026-02-14,Completed,4.26,64
PRG0008033,STU00468,MOD00083,CRS011,2026-01-15,2025-12-30,Completed,1.07,8
PRG0008034,STU00468,MOD00084,CRS011,2025-12-26,2026-02-20,In Progress,2.49,22
PRG0008035,STU00468,MOD00085,CRS011,2025-12-24,2026-01-28,Completed,6.36,7
PRG0008036,STU00468,MOD00086,CRS011,2026-01-07,2026-03-12,Completed,1.9,24
PRG0008037,STU00468,MOD00087,CRS011,2026-01-06,2026-03-12,Completed,2.85,52
PRG0008038,STU00468,MOD00088,CRS011,2026-01-04,2025-12-25,Not Started,2.59,42
PRG0008039,STU00468,MOD00033,CRS005,2026-01-02,2026-01-31,Completed,2.46,90
PRG0008040,STU00468,MOD00041,CRS006,2026-03-03,2026-02-20,Not Started,4.17,75
PRG0008041,STU00468,MOD00042,CRS006,2026-03-05,2026-04-28,Completed,7.65,41
PRG0008042,STU00468,MOD00043,CRS006,2026-03-04,2026-04-08,In Progress,2.12,30
PRG0008043,STU00468,MOD00044,CRS006,2026-02-08,2026-03-25,Completed,1.12,61
PRG0008044,STU00468,MOD00045,CRS006,2026-02-11,2026-03-24,Completed,2.35,79
PRG0008045,STU00468,MOD00046,CRS006,2026-02-07,2026-03-06,Completed,1.65,54
PRG0008046,STU00468,MOD00047,CRS006,2026-02-28,2026-02-06,In Progress,9.6,34
PRG0008047,STU00468,MOD00048,CRS006,2026-02-22,2026-05-04,Completed,3.53,59
PRG0008048,STU00469,MOD00062,CRS008,2026-04-15,2026-06-01,Completed,1.88,99
PRG0008049,STU00469,MOD00097,CRS013,2026-03-27,2026-05-20,Completed,8.65,70
PRG0008050,STU00469,MOD00098,CRS013,2026-03-22,2026-05-14,In Progress,4.46,57
PRG0008051,STU00469,MOD00099,CRS013,2026-04-18,2026-05-01,In Progress,1.91,90
PRG0008052,STU00469,MOD00100,CRS013,2026-04-16,2026-04-01,Completed,5.96,67
PRG0008053,STU00469,MOD00101,CRS013,2026-03-29,2026-06-17,Completed,4.47,58
PRG0008054,STU00469,MOD00102,CRS013,2026-04-18,2026-04-09,Completed,2.73,32
PRG0008055,STU00469,MOD00103,CRS013,2026-03-29,2026-06-17,Not Started,5.84,36
PRG0008056,STU00469,MOD00104,CRS013,2026-04-02,2026-05-21,In Progress,5.71,67
PRG0008057,STU00469,MOD00081,CRS011,2026-03-22,2026-04-28,In Progress,1.59,69
PRG0008058,STU00469,MOD00084,CRS011,2026-04-11,2026-03-28,Completed,1.89,5
PRG0008059,STU00469,MOD00085,CRS011,2026-03-20,2026-05-30,Completed,6.51,93
PRG0008060,STU00469,MOD00087,CRS011,2026-03-26,2026-04-02,In Progress,1.97,1
PRG0008061,STU00470,MOD00121,CRS016,2025-07-10,2025-06-13,Not Started,6.37,87
PRG0008062,STU00470,MOD00122,CRS016,2025-06-18,2025-06-26,In Progress,2.65,64
PRG0008063,STU00470,MOD00123,CRS016,2025-07-07,2025-07-03,Completed,13.58,15
PRG0008064,STU00470,MOD00124,CRS016,2025-07-02,2025-07-23,Completed,3.07,32
PRG0008065,STU00470,MOD00125,CRS016,2025-06-14,2025-08-09,Not Started,1.94,32
PRG0008066,STU00470,MOD00126,CRS016,2025-07-04,2025-07-28,In Progress,6.07,71
PRG0008067,STU00470,MOD00127,CRS016,2025-06-29,2025-06-23,In Progress,2.9,61
PRG0008068,STU00470,MOD00128,CRS016,2025-06-24,2025-09-01,Completed,8.79,90
PRG0008069,STU00470,MOD00009,CRS002,2025-05-17,2025-07-20,In Progress,5.45,4
PRG0008070,STU00470,MOD00010,CRS002,2025-05-15,2025-06-12,In Progress,6.96,55
PRG0008071,STU00470,MOD00011,CRS002,2025-05-06,2025-05-09,In Progress,1.91,97
PRG0008072,STU00470,MOD00012,CRS002,2025-05-24,2025-07-26,Completed,5.54,94
PRG0008073,STU00470,MOD00014,CRS002,2025-05-11,2025-07-01,In Progress,6.4,16
PRG0008074,STU00470,MOD00015,CRS002,2025-05-22,2025-06-22,In Progress,2.44,59
PRG0008075,STU00470,MOD00016,CRS002,2025-06-03,2025-06-16,In Progress,10.95,71
PRG0008076,STU00470,MOD00049,CRS007,2025-05-13,2025-06-29,Completed,3.08,99
PRG0008077,STU00470,MOD00051,CRS007,2025-05-28,2025-07-04,Completed,4.1,6
PRG0008078,STU00470,MOD00052,CRS007,2025-05-12,2025-07-23,Completed,4.18,77
PRG0008079,STU00470,MOD00053,CRS007,2025-05-23,2025-06-21,Completed,2.82,90
PRG0008080,STU00470,MOD00035,CRS005,2025-07-26,2025-08-13,Completed,1.64,19
PRG0008081,STU00470,MOD00036,CRS005,2025-08-06,2025-08-16,Completed,2.52,93
PRG0008082,STU00470,MOD00039,CRS005,2025-07-09,2025-08-12,In Progress,4.05,38
PRG0008083,STU00470,MOD00040,CRS005,2025-07-19,2025-07-22,Completed,6.55,3
PRG0008084,STU00470,MOD00073,CRS010,2026-03-21,2026-04-27,Not Started,11.41,64
PRG0008085,STU00470,MOD00074,CRS010,2026-03-22,2026-05-15,Completed,6.76,94
PRG0008086,STU00470,MOD00075,CRS010,2026-03-31,2026-03-20,Completed,5.61,31
PRG0008087,STU00470,MOD00076,CRS010,2026-03-06,2026-04-23,Completed,1.14,93
PRG0008088,STU00470,MOD00077,CRS010,2026-03-30,2026-05-23,In Progress,4.33,55
PRG0008089,STU00470,MOD00078,CRS010,2026-03-13,2026-04-21,Completed,2.75,63
PRG0008090,STU00470,MOD00079,CRS010,2026-03-09,2026-03-17,In Progress,3.55,8
PRG0008091,STU00470,MOD00080,CRS010,2026-03-27,2026-03-18,In Progress,2.0,76
PRG0008092,STU00471,MOD00073,CRS010,2025-10-17,2025-11-21,Completed,4.69,59
PRG0008093,STU00471,MOD00074,CRS010,2025-10-27,2025-12-11,In Progress,3.79,3
PRG0008094,STU00471,MOD00075,CRS010,2025-10-27,2025-10-20,Completed,6.76,11
PRG0008095,STU00471,MOD00076,CRS010,2025-10-16,2025-12-20,Completed,1.02,99
PRG0008096,STU00471,MOD00077,CRS010,2025-10-08,2025-11-25,Completed,5.13,27
PRG0008097,STU00471,MOD00078,CRS010,2025-10-02,2025-10-26,Completed,2.11,27
PRG0008098,STU00471,MOD00079,CRS010,2025-10-14,2025-11-01,In Progress,2.99,79
PRG0008099,STU00471,MOD00080,CRS010,2025-10-15,2025-10-12,Completed,1.35,67
PRG0008100,STU00471,MOD00138,CRS018,2025-10-20,2025-11-09,In Progress,6.27,43
PRG0008101,STU00471,MOD00143,CRS018,2025-11-10,2025-12-06,Completed,3.75,40
PRG0008102,STU00471,MOD00057,CRS008,2025-10-17,2025-11-03,Completed,12.98,2
PRG0008103,STU00471,MOD00058,CRS008,2025-10-24,2026-01-03,Completed,3.66,56
PRG0008104,STU00471,MOD00059,CRS008,2025-10-20,2025-11-09,Completed,2.27,69
PRG0008105,STU00471,MOD00060,CRS008,2025-10-15,2025-12-11,In Progress,11.81,76
PRG0008106,STU00471,MOD00061,CRS008,2025-10-18,2025-11-16,In Progress,9.84,96
PRG0008107,STU00471,MOD00062,CRS008,2025-10-13,2025-12-01,Completed,2.27,4
PRG0008108,STU00471,MOD00063,CRS008,2025-11-02,2025-11-28,Completed,5.53,82
PRG0008109,STU00471,MOD00097,CRS013,2025-06-13,2025-08-17,Completed,10.11,35
PRG0008110,STU00471,MOD00098,CRS013,2025-05-30,2025-08-09,In Progress,5.63,41
PRG0008111,STU00471,MOD00099,CRS013,2025-06-07,2025-07-03,Not Started,1.95,15
PRG0008112,STU00471,MOD00100,CRS013,2025-05-30,2025-06-10,Completed,1.83,99
PRG0008113,STU00471,MOD00101,CRS013,2025-05-24,2025-06-26,In Progress,1.61,73
PRG0008114,STU00471,MOD00102,CRS013,2025-05-21,2025-06-25,In Progress,3.56,99
PRG0008115,STU00471,MOD00103,CRS013,2025-05-26,2025-08-07,In Progress,6.2,8
PRG0008116,STU00471,MOD00104,CRS013,2025-06-06,2025-07-17,Completed,5.75,32
PRG0008117,STU00471,MOD00121,CRS016,2025-10-09,2025-12-02,Completed,9.63,23
PRG0008118,STU00471,MOD00124,CRS016,2025-10-16,2025-10-08,In Progress,6.71,99
PRG0008119,STU00471,MOD00126,CRS016,2025-10-18,2025-11-15,Completed,3.98,29
PRG0008120,STU00472,MOD00097,CRS013,2026-03-03,2026-03-18,In Progress,3.48,37
PRG0008121,STU00472,MOD00098,CRS013,2026-03-27,2026-05-13,Not Started,4.57,90
PRG0008122,STU00472,MOD00099,CRS013,2026-03-19,2026-05-26,Completed,2.54,78
PRG0008123,STU00472,MOD00100,CRS013,2026-03-12,2026-04-27,Completed,4.91,15
PRG0008124,STU00472,MOD00101,CRS013,2026-03-10,2026-04-17,In Progress,1.61,15
PRG0008125,STU00472,MOD00102,CRS013,2026-03-13,2026-04-30,Completed,2.12,4
PRG0008126,STU00472,MOD00103,CRS013,2026-03-16,2026-05-20,In Progress,6.42,85
PRG0008127,STU00472,MOD00104,CRS013,2026-03-19,2026-04-15,Not Started,12.98,79
PRG0008128,STU00472,MOD00033,CRS005,2025-12-04,2025-12-29,In Progress,4.23,95
PRG0008129,STU00472,MOD00034,CRS005,2025-11-18,2025-11-20,Completed,6.68,84
PRG0008130,STU00472,MOD00035,CRS005,2025-11-21,2026-01-30,In Progress,3.59,60
PRG0008131,STU00472,MOD00036,CRS005,2025-11-07,2026-02-02,In Progress,3.73,82
PRG0008132,STU00472,MOD00037,CRS005,2025-11-09,2026-01-18,Completed,1.31,19
PRG0008133,STU00472,MOD00038,CRS005,2025-11-07,2025-11-30,Completed,1.52,91
PRG0008134,STU00472,MOD00039,CRS005,2025-11-07,2025-12-25,In Progress,11.71,23
PRG0008135,STU00472,MOD00040,CRS005,2025-11-17,2026-01-07,In Progress,8.6,85
PRG0008136,STU00473,MOD00121,CRS016,2025-11-18,2025-11-12,Completed,8.5,40
PRG0008137,STU00473,MOD00122,CRS016,2025-11-18,2025-11-14,Not Started,1.65,29
PRG0008138,STU00473,MOD00123,CRS016,2025-11-25,2025-12-01,Completed,7.85,61
PRG0008139,STU00473,MOD00124,CRS016,2025-11-23,2026-01-17,Completed,6.44,47
PRG0008140,STU00473,MOD00125,CRS016,2025-11-11,2026-01-05,Completed,2.94,49
PRG0008141,STU00473,MOD00126,CRS016,2025-11-29,2025-10-31,Completed,6.76,7
PRG0008142,STU00473,MOD00127,CRS016,2025-11-20,2025-12-12,In Progress,4.91,29
PRG0008143,STU00473,MOD00128,CRS016,2025-11-27,2025-12-26,Completed,7.25,50
PRG0008144,STU00473,MOD00145,CRS019,2026-03-15,2026-06-06,Completed,3.08,23
PRG0008145,STU00473,MOD00146,CRS019,2026-04-07,2026-03-10,Completed,1.96,94
PRG0008146,STU00473,MOD00147,CRS019,2026-03-12,2026-04-22,Completed,2.86,74
PRG0008147,STU00473,MOD00148,CRS019,2026-03-12,2026-04-08,In Progress,4.03,9
PRG0008148,STU00473,MOD00149,CRS019,2026-03-12,2026-03-30,Completed,1.38,38
PRG0008149,STU00473,MOD00150,CRS019,2026-03-15,2026-04-11,Completed,5.99,80
PRG0008150,STU00473,MOD00151,CRS019,2026-04-08,2026-04-26,Completed,3.25,57
PRG0008151,STU00473,MOD00152,CRS019,2026-03-12,2026-04-22,Completed,2.43,94
PRG0008152,STU00473,MOD00017,CRS003,2025-08-22,2025-09-06,In Progress,10.09,43
PRG0008153,STU00473,MOD00018,CRS003,2025-08-12,2025-08-02,Completed,1.89,57
PRG0008154,STU00473,MOD00019,CRS003,2025-07-26,2025-10-14,Completed,1.67,23
PRG0008155,STU00473,MOD00020,CRS003,2025-07-31,2025-10-14,Completed,2.45,7
PRG0008156,STU00473,MOD00021,CRS003,2025-07-31,2025-10-16,In Progress,7.07,22
PRG0008157,STU00473,MOD00022,CRS003,2025-08-05,2025-08-27,Completed,1.47,100
PRG0008158,STU00473,MOD00023,CRS003,2025-07-31,2025-07-24,Completed,9.27,74
PRG0008159,STU00473,MOD00024,CRS003,2025-08-04,2025-08-02,In Progress,6.85,24
PRG0008160,STU00474,MOD00121,CRS016,2025-11-22,2026-01-18,In Progress,1.56,30
PRG0008161,STU00474,MOD00122,CRS016,2025-12-06,2025-12-22,Completed,4.46,80
PRG0008162,STU00474,MOD00123,CRS016,2025-12-13,2026-01-15,In Progress,12.49,33
PRG0008163,STU00474,MOD00124,CRS016,2025-12-03,2026-02-04,Completed,6.56,70
PRG0008164,STU00474,MOD00125,CRS016,2025-12-08,2025-11-29,Completed,1.14,82
PRG0008165,STU00474,MOD00126,CRS016,2025-12-03,2025-12-14,Completed,6.67,37
PRG0008166,STU00474,MOD00127,CRS016,2025-12-06,2026-02-01,In Progress,3.34,26
PRG0008167,STU00474,MOD00128,CRS016,2025-12-22,2026-01-08,In Progress,10.08,96
PRG0008168,STU00475,MOD00108,CRS014,2026-02-17,2026-04-20,Not Started,2.08,3
PRG0008169,STU00475,MOD00111,CRS014,2026-02-09,2026-03-13,Completed,5.47,47
PRG0008170,STU00475,MOD00057,CRS008,2026-01-17,2026-02-18,Completed,3.66,40
PRG0008171,STU00475,MOD00059,CRS008,2026-01-21,2026-03-16,Completed,8.85,37
PRG0008172,STU00475,MOD00060,CRS008,2026-02-03,2026-02-09,Not Started,8.48,7
PRG0008173,STU00476,MOD00065,CRS009,2026-04-14,2026-05-18,In Progress,3.53,89
PRG0008174,STU00476,MOD00066,CRS009,2026-04-29,2026-05-24,Completed,3.88,57
PRG0008175,STU00476,MOD00067,CRS009,2026-05-08,2026-06-09,Completed,5.7,71
PRG0008176,STU00476,MOD00068,CRS009,2026-05-05,2026-04-28,Completed,3.26,46
PRG0008177,STU00476,MOD00069,CRS009,2026-04-30,2026-06-19,Not Started,7.29,48
PRG0008178,STU00476,MOD00070,CRS009,2026-05-01,2026-04-10,Not Started,5.09,53
PRG0008179,STU00476,MOD00071,CRS009,2026-04-10,2026-06-11,Completed,3.87,84
PRG0008180,STU00476,MOD00072,CRS009,2026-04-21,2026-06-07,Completed,8.47,18
PRG0008181,STU00477,MOD00089,CRS012,2026-02-17,2026-02-27,Completed,8.88,45
PRG0008182,STU00477,MOD00090,CRS012,2026-02-01,2026-03-12,Completed,3.46,55
PRG0008183,STU00477,MOD00091,CRS012,2026-02-05,2026-03-05,Not Started,5.95,73
PRG0008184,STU00477,MOD00092,CRS012,2026-01-28,2026-02-04,Completed,9.27,8
PRG0008185,STU00477,MOD00093,CRS012,2026-01-31,2026-03-07,In Progress,5.36,24
PRG0008186,STU00477,MOD00094,CRS012,2026-02-03,2026-03-22,In Progress,2.25,4
PRG0008187,STU00477,MOD00095,CRS012,2026-02-12,2026-04-24,Completed,1.1,53
PRG0008188,STU00477,MOD00096,CRS012,2026-02-12,2026-03-05,Completed,7.72,13
PRG0008189,STU00477,MOD00041,CRS006,2025-09-26,2025-10-30,Completed,2.84,1
PRG0008190,STU00477,MOD00042,CRS006,2025-09-08,2025-11-30,Completed,10.87,68
PRG0008191,STU00477,MOD00043,CRS006,2025-09-07,2025-11-08,Completed,1.34,22
PRG0008192,STU00477,MOD00044,CRS006,2025-09-15,2025-10-29,In Progress,2.99,8
PRG0008193,STU00477,MOD00045,CRS006,2025-09-15,2025-10-29,Completed,2.14,99
PRG0008194,STU00477,MOD00046,CRS006,2025-09-28,2025-09-16,Not Started,1.01,37
PRG0008195,STU00477,MOD00047,CRS006,2025-09-18,2025-10-30,In Progress,9.12,64
PRG0008196,STU00477,MOD00048,CRS006,2025-09-29,2025-11-06,Completed,1.55,89
PRG0008197,STU00477,MOD00145,CRS019,2026-02-04,2026-02-24,Completed,2.41,15
PRG0008198,STU00477,MOD00146,CRS019,2026-02-11,2026-02-03,Completed,3.07,47
PRG0008199,STU00477,MOD00147,CRS019,2026-01-31,2026-02-24,Completed,1.1,69
PRG0008200,STU00477,MOD00148,CRS019,2026-01-26,2026-04-23,In Progress,8.3,91
PRG0008201,STU00477,MOD00149,CRS019,2026-02-03,2026-02-16,Completed,5.88,71
PRG0008202,STU00477,MOD00150,CRS019,2026-02-05,2026-03-05,Completed,7.4,1
PRG0008203,STU00477,MOD00151,CRS019,2026-02-07,2026-02-09,Completed,8.17,73
PRG0008204,STU00477,MOD00152,CRS019,2026-01-29,2026-04-16,Completed,1.96,13
PRG0008205,STU00477,MOD00113,CRS015,2026-02-20,2026-04-13,Completed,12.13,55
PRG0008206,STU00477,MOD00116,CRS015,2026-02-18,2026-03-22,Completed,5.9,92
PRG0008207,STU00477,MOD00117,CRS015,2026-02-26,2026-03-10,Completed,4.08,69
PRG0008208,STU00477,MOD00118,CRS015,2026-02-19,2026-04-01,Completed,1.36,80
PRG0008209,STU00477,MOD00119,CRS015,2026-02-28,2026-02-21,Not Started,7.01,20
PRG0008210,STU00477,MOD00120,CRS015,2026-03-03,2026-04-30,Completed,2.16,51
PRG0008211,STU00478,MOD00157,CRS020,2025-11-18,2025-12-27,Completed,4.21,31
PRG0008212,STU00478,MOD00160,CRS020,2025-11-03,2025-11-29,In Progress,3.58,4
PRG0008213,STU00478,MOD00065,CRS009,2025-06-19,2025-07-13,Completed,2.13,48
PRG0008214,STU00478,MOD00066,CRS009,2025-06-15,2025-07-09,Completed,3.85,24
PRG0008215,STU00478,MOD00067,CRS009,2025-06-27,2025-08-04,Completed,1.75,97
PRG0008216,STU00478,MOD00068,CRS009,2025-07-11,2025-07-18,In Progress,1.97,13
PRG0008217,STU00478,MOD00069,CRS009,2025-06-20,2025-07-15,In Progress,5.15,20
PRG0008218,STU00478,MOD00070,CRS009,2025-06-23,2025-07-17,Not Started,5.39,42
PRG0008219,STU00478,MOD00071,CRS009,2025-07-09,2025-08-03,Completed,6.66,42
PRG0008220,STU00478,MOD00072,CRS009,2025-06-16,2025-08-10,In Progress,6.47,41
PRG0008221,STU00478,MOD00129,CRS017,2026-03-14,2026-04-09,Completed,8.22,44
PRG0008222,STU00478,MOD00130,CRS017,2026-03-28,2026-05-05,In Progress,10.01,4
PRG0008223,STU00478,MOD00131,CRS017,2026-03-19,2026-03-03,Completed,3.89,73
PRG0008224,STU00478,MOD00132,CRS017,2026-03-08,2026-05-11,Completed,1.47,72
PRG0008225,STU00478,MOD00133,CRS017,2026-03-23,2026-05-07,Completed,5.56,1
PRG0008226,STU00478,MOD00134,CRS017,2026-03-03,2026-04-19,In Progress,2.26,30
PRG0008227,STU00478,MOD00135,CRS017,2026-03-01,2026-03-04,Completed,8.84,29
PRG0008228,STU00478,MOD00136,CRS017,2026-03-21,2026-05-21,In Progress,1.36,36
PRG0008229,STU00479,MOD00139,CRS018,2025-11-08,2026-01-10,Completed,10.35,39
PRG0008230,STU00479,MOD00140,CRS018,2025-12-02,2026-01-17,Completed,1.53,8
PRG0008231,STU00479,MOD00141,CRS018,2025-11-02,2025-11-17,Completed,2.83,47
PRG0008232,STU00479,MOD00142,CRS018,2025-11-12,2025-12-08,Completed,8.04,93
PRG0008233,STU00479,MOD00143,CRS018,2025-11-13,2025-12-01,Completed,6.37,81
PRG0008234,STU00479,MOD00144,CRS018,2025-11-03,2025-11-05,Not Started,6.89,66
PRG0008235,STU00479,MOD00033,CRS005,2025-11-26,2025-12-14,Not Started,2.83,22
PRG0008236,STU00479,MOD00034,CRS005,2025-11-17,2026-01-05,In Progress,2.02,40
PRG0008237,STU00479,MOD00035,CRS005,2025-11-02,2026-01-07,In Progress,3.03,15
PRG0008238,STU00479,MOD00036,CRS005,2025-11-27,2026-01-09,Completed,1.14,69
PRG0008239,STU00479,MOD00037,CRS005,2025-11-04,2025-12-18,Completed,4.12,72
PRG0008240,STU00479,MOD00038,CRS005,2025-11-08,2026-01-25,Completed,10.06,75
PRG0008241,STU00479,MOD00040,CRS005,2025-12-02,2026-01-03,Completed,8.98,20
PRG0008242,STU00479,MOD00017,CRS003,2025-12-06,2026-01-05,In Progress,5.49,58
PRG0008243,STU00479,MOD00018,CRS003,2025-11-17,2025-12-27,In Progress,4.52,83
PRG0008244,STU00479,MOD00019,CRS003,2025-12-09,2026-01-11,In Progress,4.34,44
PRG0008245,STU00479,MOD00022,CRS003,2025-12-06,2026-01-03,Completed,1.39,21
PRG0008246,STU00479,MOD00057,CRS008,2026-04-17,2026-05-10,Completed,11.31,58
PRG0008247,STU00479,MOD00058,CRS008,2026-04-05,2026-04-15,In Progress,4.14,26
PRG0008248,STU00479,MOD00059,CRS008,2026-03-29,2026-06-06,Completed,8.61,79
PRG0008249,STU00479,MOD00060,CRS008,2026-03-24,2026-05-12,Completed,12.31,13
PRG0008250,STU00479,MOD00061,CRS008,2026-04-15,2026-05-09,Completed,8.25,5
PRG0008251,STU00479,MOD00062,CRS008,2026-03-29,2026-03-21,Completed,4.29,33
PRG0008252,STU00479,MOD00063,CRS008,2026-04-10,2026-05-24,In Progress,7.94,92
PRG0008253,STU00479,MOD00064,CRS008,2026-04-05,2026-04-03,Completed,9.37,81
PRG0008254,STU00480,MOD00130,CRS017,2026-03-07,2026-03-19,Completed,9.59,50
PRG0008255,STU00480,MOD00133,CRS017,2026-03-17,2026-03-05,Completed,6.52,8
PRG0008256,STU00480,MOD00134,CRS017,2026-03-09,2026-04-07,Completed,3.68,48
PRG0008257,STU00481,MOD00057,CRS008,2026-02-11,2026-02-04,Completed,3.5,8
PRG0008258,STU00481,MOD00059,CRS008,2026-02-03,2026-04-10,Completed,5.52,3
PRG0008259,STU00481,MOD00060,CRS008,2026-01-24,2026-03-13,Completed,11.12,76
PRG0008260,STU00481,MOD00062,CRS008,2026-02-10,2026-04-06,Completed,5.01,57
PRG0008261,STU00481,MOD00064,CRS008,2026-02-04,2026-02-05,In Progress,10.6,1
PRG0008262,STU00481,MOD00073,CRS010,2026-01-26,2026-04-09,Completed,3.66,98
PRG0008263,STU00481,MOD00077,CRS010,2026-02-05,2026-02-07,Completed,5.77,71
PRG0008264,STU00481,MOD00078,CRS010,2026-02-02,2026-02-09,In Progress,2.31,96
PRG0008265,STU00481,MOD00080,CRS010,2026-02-02,2026-03-27,Completed,2.48,9
PRG0008266,STU00481,MOD00049,CRS007,2026-02-04,2026-03-08,Completed,3.46,57
PRG0008267,STU00481,MOD00051,CRS007,2026-01-22,2026-03-19,Completed,5.78,93
PRG0008268,STU00481,MOD00052,CRS007,2026-01-22,2026-03-23,In Progress,6.78,20
PRG0008269,STU00481,MOD00054,CRS007,2026-01-27,2026-02-07,In Progress,5.55,50
PRG0008270,STU00481,MOD00055,CRS007,2026-02-12,2026-04-07,Completed,1.14,41
PRG0008271,STU00481,MOD00056,CRS007,2026-02-10,2026-04-15,In Progress,5.39,44
PRG0008272,STU00481,MOD00145,CRS019,2026-02-10,2026-02-15,Completed,2.01,75
PRG0008273,STU00482,MOD00121,CRS016,2026-01-17,2026-03-29,In Progress,12.76,60
PRG0008274,STU00482,MOD00126,CRS016,2026-01-10,2026-02-07,Completed,3.68,7
PRG0008275,STU00482,MOD00127,CRS016,2026-01-09,2026-02-07,Completed,6.56,65
PRG0008276,STU00482,MOD00081,CRS011,2025-12-25,2026-01-05,Completed,2.89,66
PRG0008277,STU00482,MOD00082,CRS011,2026-01-18,2026-02-07,Completed,5.21,68
PRG0008278,STU00482,MOD00083,CRS011,2025-12-31,2026-02-17,In Progress,2.32,8
PRG0008279,STU00482,MOD00084,CRS011,2026-01-12,2026-02-06,Completed,2.74,20
PRG0008280,STU00482,MOD00085,CRS011,2026-01-21,2025-12-31,In Progress,1.79,19
PRG0008281,STU00482,MOD00086,CRS011,2025-12-31,2026-02-22,Completed,1.28,28
PRG0008282,STU00482,MOD00087,CRS011,2025-12-24,2026-03-04,Completed,1.5,62
PRG0008283,STU00482,MOD00088,CRS011,2026-01-17,2026-01-23,In Progress,3.21,93
PRG0008284,STU00482,MOD00049,CRS007,2025-09-10,2025-11-01,Completed,4.33,74
PRG0008285,STU00482,MOD00051,CRS007,2025-09-02,2025-09-24,Completed,5.34,52
PRG0008286,STU00482,MOD00052,CRS007,2025-09-06,2025-09-22,Completed,4.73,79
PRG0008287,STU00482,MOD00054,CRS007,2025-08-28,2025-09-05,Completed,4.89,95
PRG0008288,STU00482,MOD00055,CRS007,2025-09-12,2025-10-28,Completed,2.44,19
PRG0008289,STU00482,MOD00073,CRS010,2025-11-13,2025-11-03,In Progress,8.24,93
PRG0008290,STU00482,MOD00078,CRS010,2025-10-17,2025-12-19,Completed,1.27,92
PRG0008291,STU00482,MOD00079,CRS010,2025-11-07,2025-12-30,Completed,3.38,34
PRG0008292,STU00483,MOD00146,CRS019,2025-07-13,2025-08-06,In Progress,1.44,87
PRG0008293,STU00483,MOD00147,CRS019,2025-06-21,2025-07-01,Completed,5.03,43
PRG0008294,STU00483,MOD00149,CRS019,2025-07-08,2025-08-26,Completed,4.8,80
PRG0008295,STU00483,MOD00150,CRS019,2025-06-21,2025-06-20,Completed,3.7,99
PRG0008296,STU00483,MOD00151,CRS019,2025-06-19,2025-06-19,Completed,5.86,65
PRG0008297,STU00483,MOD00152,CRS019,2025-06-20,2025-08-21,Completed,2.83,1
PRG0008298,STU00483,MOD00065,CRS009,2025-12-08,2026-01-30,Completed,4.23,56
PRG0008299,STU00483,MOD00066,CRS009,2025-12-04,2026-02-03,Completed,10.22,94
PRG0008300,STU00483,MOD00068,CRS009,2025-12-23,2026-01-21,Completed,3.13,3
PRG0008301,STU00483,MOD00069,CRS009,2025-12-18,2025-12-21,In Progress,5.19,94
PRG0008302,STU00483,MOD00070,CRS009,2025-12-19,2026-01-28,Not Started,8.14,5
PRG0008303,STU00483,MOD00072,CRS009,2025-12-27,2026-01-29,Completed,5.86,60
PRG0008304,STU00483,MOD00081,CRS011,2025-09-10,2025-11-04,Not Started,1.33,24
PRG0008305,STU00483,MOD00082,CRS011,2025-09-14,2025-09-11,In Progress,6.9,66
PRG0008306,STU00483,MOD00083,CRS011,2025-09-14,2025-09-04,In Progress,1.21,72
PRG0008307,STU00483,MOD00084,CRS011,2025-09-30,2025-10-09,Completed,1.29,10
PRG0008308,STU00483,MOD00085,CRS011,2025-09-16,2025-10-25,Not Started,6.73,98
PRG0008309,STU00483,MOD00086,CRS011,2025-09-26,2025-11-03,Completed,3.09,34
PRG0008310,STU00483,MOD00087,CRS011,2025-09-20,2025-10-07,Completed,2.35,53
PRG0008311,STU00483,MOD00088,CRS011,2025-09-09,2025-09-29,In Progress,5.53,81
PRG0008312,STU00483,MOD00089,CRS012,2025-05-09,2025-05-10,Not Started,1.21,18
PRG0008313,STU00483,MOD00090,CRS012,2025-05-17,2025-06-25,Completed,3.59,87
PRG0008314,STU00483,MOD00091,CRS012,2025-05-09,2025-07-26,Completed,2.26,79
PRG0008315,STU00483,MOD00092,CRS012,2025-05-25,2025-06-14,Completed,11.39,17
PRG0008316,STU00483,MOD00093,CRS012,2025-05-29,2025-05-11,Completed,3.51,40
PRG0008317,STU00483,MOD00094,CRS012,2025-05-20,2025-05-14,Completed,2.23,63
PRG0008318,STU00483,MOD00095,CRS012,2025-05-01,2025-06-28,Completed,4.46,14
PRG0008319,STU00483,MOD00096,CRS012,2025-05-15,2025-07-13,Completed,5.15,5
PRG0008320,STU00483,MOD00057,CRS008,2026-03-07,2026-04-23,Completed,14.26,12
PRG0008321,STU00483,MOD00058,CRS008,2026-03-11,2026-03-18,In Progress,5.89,84
PRG0008322,STU00483,MOD00059,CRS008,2026-03-04,2026-02-25,Completed,6.69,52
PRG0008323,STU00483,MOD00060,CRS008,2026-02-27,2026-04-26,In Progress,12.85,43
PRG0008324,STU00483,MOD00061,CRS008,2026-02-27,2026-03-29,Completed,5.59,49
PRG0008325,STU00483,MOD00062,CRS008,2026-02-17,2026-04-06,In Progress,4.05,23
PRG0008326,STU00483,MOD00063,CRS008,2026-02-11,2026-03-21,Completed,7.18,71
PRG0008327,STU00483,MOD00064,CRS008,2026-03-09,2026-05-03,Completed,10.17,12
PRG0008328,STU00484,MOD00001,CRS001,2026-02-02,2026-03-08,In Progress,1.5,7
PRG0008329,STU00484,MOD00003,CRS001,2026-01-11,2026-01-28,Completed,2.28,75
PRG0008330,STU00484,MOD00005,CRS001,2026-01-11,2026-03-29,Completed,5.29,6
PRG0008331,STU00484,MOD00006,CRS001,2026-01-10,2026-01-20,Completed,5.83,66
PRG0008332,STU00484,MOD00007,CRS001,2026-01-30,2026-03-11,In Progress,5.35,78
PRG0008333,STU00484,MOD00009,CRS002,2026-04-27,2026-07-02,Completed,8.53,23
PRG0008334,STU00484,MOD00010,CRS002,2026-05-08,2026-06-22,In Progress,1.98,79
PRG0008335,STU00484,MOD00011,CRS002,2026-04-24,2026-06-05,Completed,4.4,78
PRG0008336,STU00484,MOD00012,CRS002,2026-04-17,2026-06-21,In Progress,8.81,23
PRG0008337,STU00484,MOD00013,CRS002,2026-04-14,2026-04-17,Completed,3.38,33
PRG0008338,STU00484,MOD00089,CRS012,2026-01-19,2026-01-26,Completed,8.49,76
PRG0008339,STU00484,MOD00090,CRS012,2026-01-18,2026-02-08,In Progress,1.31,50
PRG0008340,STU00484,MOD00091,CRS012,2026-01-29,2026-03-08,Completed,9.48,74
PRG0008341,STU00484,MOD00092,CRS012,2026-01-19,2026-02-12,Completed,5.24,70
PRG0008342,STU00484,MOD00093,CRS012,2026-02-09,2026-03-01,Completed,3.03,24
PRG0008343,STU00484,MOD00094,CRS012,2026-01-16,2026-02-14,Completed,1.33,30
PRG0008344,STU00484,MOD00095,CRS012,2026-01-22,2026-03-04,Completed,2.6,35
PRG0008345,STU00484,MOD00096,CRS012,2026-01-20,2026-02-28,In Progress,10.42,68
PRG0008346,STU00484,MOD00105,CRS014,2025-07-04,2025-07-08,Completed,1.12,89
PRG0008347,STU00484,MOD00106,CRS014,2025-07-21,2025-07-06,Completed,3.38,93
PRG0008348,STU00484,MOD00107,CRS014,2025-07-14,2025-08-19,Completed,1.51,40
PRG0008349,STU00484,MOD00108,CRS014,2025-07-09,2025-07-13,Not Started,2.16,5
PRG0008350,STU00484,MOD00109,CRS014,2025-07-18,2025-09-09,Completed,13.38,87
PRG0008351,STU00484,MOD00110,CRS014,2025-07-02,2025-07-21,Completed,1.61,93
PRG0008352,STU00484,MOD00111,CRS014,2025-07-27,2025-07-30,Completed,3.44,83
PRG0008353,STU00484,MOD00112,CRS014,2025-07-17,2025-09-03,Not Started,1.46,28
PRG0008354,STU00484,MOD00057,CRS008,2025-08-11,2025-09-05,Completed,4.33,31
PRG0008355,STU00484,MOD00058,CRS008,2025-07-23,2025-09-04,Completed,8.81,50
PRG0008356,STU00484,MOD00059,CRS008,2025-07-19,2025-08-27,Completed,5.13,82
PRG0008357,STU00484,MOD00060,CRS008,2025-08-17,2025-08-04,Completed,12.18,94
PRG0008358,STU00484,MOD00061,CRS008,2025-07-26,2025-08-13,Completed,3.34,81
PRG0008359,STU00484,MOD00062,CRS008,2025-07-25,2025-10-08,Completed,4.47,11
PRG0008360,STU00484,MOD00063,CRS008,2025-07-28,2025-08-19,Completed,7.11,13
PRG0008361,STU00484,MOD00064,CRS008,2025-07-31,2025-10-10,Completed,3.0,57
PRG0008362,STU00485,MOD00137,CRS018,2025-08-09,2025-10-06,Not Started,1.3,85
PRG0008363,STU00485,MOD00138,CRS018,2025-08-24,2025-09-14,In Progress,6.1,26
PRG0008364,STU00485,MOD00139,CRS018,2025-08-04,2025-09-09,Completed,9.82,74
PRG0008365,STU00485,MOD00140,CRS018,2025-07-28,2025-09-21,In Progress,4.63,64
PRG0008366,STU00485,MOD00141,CRS018,2025-08-24,2025-08-02,Completed,8.98,40
PRG0008367,STU00485,MOD00142,CRS018,2025-08-09,2025-10-17,Completed,8.93,69
PRG0008368,STU00485,MOD00143,CRS018,2025-08-10,2025-08-10,Completed,4.75,87
PRG0008369,STU00485,MOD00129,CRS017,2026-03-13,2026-03-24,Completed,7.19,72
PRG0008370,STU00485,MOD00130,CRS017,2026-03-30,2026-05-06,Completed,9.65,98
PRG0008371,STU00485,MOD00131,CRS017,2026-03-18,2026-05-15,Completed,1.11,8
PRG0008372,STU00485,MOD00132,CRS017,2026-03-16,2026-05-06,In Progress,2.92,45
PRG0008373,STU00485,MOD00133,CRS017,2026-04-09,2026-05-15,In Progress,12.72,10
PRG0008374,STU00485,MOD00134,CRS017,2026-04-04,2026-05-26,Completed,3.96,37
PRG0008375,STU00485,MOD00135,CRS017,2026-03-18,2026-04-22,In Progress,8.75,10
PRG0008376,STU00485,MOD00136,CRS017,2026-04-05,2026-04-14,Completed,6.43,97
PRG0008377,STU00486,MOD00137,CRS018,2025-12-21,2026-03-04,In Progress,2.17,8
PRG0008378,STU00486,MOD00138,CRS018,2026-01-02,2025-12-18,In Progress,2.26,1
PRG0008379,STU00486,MOD00139,CRS018,2025-12-17,2026-02-21,Not Started,8.08,29
PRG0008380,STU00486,MOD00140,CRS018,2025-12-28,2026-02-04,Completed,1.45,80
PRG0008381,STU00486,MOD00141,CRS018,2025-12-09,2026-02-14,Completed,9.28,97
PRG0008382,STU00486,MOD00142,CRS018,2026-01-01,2026-01-26,Completed,9.15,0
PRG0008383,STU00486,MOD00143,CRS018,2025-12-09,2025-12-15,Completed,1.63,77
PRG0008384,STU00486,MOD00144,CRS018,2025-12-07,2026-02-20,In Progress,3.01,54
PRG0008385,STU00486,MOD00089,CRS012,2026-02-17,2026-04-29,In Progress,8.33,13
PRG0008386,STU00486,MOD00090,CRS012,2026-02-25,2026-02-20,In Progress,1.51,27
PRG0008387,STU00486,MOD00091,CRS012,2026-02-09,2026-04-30,Completed,10.14,77
PRG0008388,STU00486,MOD00092,CRS012,2026-02-01,2026-04-24,In Progress,2.46,88
PRG0008389,STU00486,MOD00094,CRS012,2026-02-20,2026-04-25,In Progress,1.7,38
PRG0008390,STU00486,MOD00095,CRS012,2026-02-25,2026-02-20,Not Started,1.67,57
PRG0008391,STU00486,MOD00096,CRS012,2026-02-01,2026-03-03,In Progress,6.55,13
PRG0008392,STU00486,MOD00079,CRS010,2026-03-14,2026-05-02,In Progress,2.94,42
PRG0008393,STU00486,MOD00080,CRS010,2026-02-21,2026-03-01,Completed,2.48,0
PRG0008394,STU00486,MOD00145,CRS019,2025-12-15,2025-12-31,Completed,4.11,58
PRG0008395,STU00486,MOD00147,CRS019,2025-12-30,2026-01-14,Completed,6.97,58
PRG0008396,STU00486,MOD00148,CRS019,2025-12-18,2025-12-16,Completed,2.84,35
PRG0008397,STU00486,MOD00151,CRS019,2025-12-06,2025-12-07,Completed,2.1,34
PRG0008398,STU00486,MOD00152,CRS019,2025-12-16,2025-12-10,Completed,4.24,96
PRG0008399,STU00487,MOD00081,CRS011,2025-06-13,2025-08-12,In Progress,1.93,99
PRG0008400,STU00487,MOD00082,CRS011,2025-05-30,2025-07-04,Completed,2.82,50
PRG0008401,STU00487,MOD00083,CRS011,2025-06-02,2025-07-13,Completed,2.12,92
PRG0008402,STU00487,MOD00084,CRS011,2025-06-17,2025-07-16,Completed,4.29,54
PRG0008403,STU00487,MOD00085,CRS011,2025-05-28,2025-06-16,Completed,4.73,96
PRG0008404,STU00487,MOD00086,CRS011,2025-06-01,2025-06-12,Completed,3.1,74
PRG0008405,STU00487,MOD00087,CRS011,2025-06-04,2025-05-22,In Progress,2.04,10
PRG0008406,STU00487,MOD00088,CRS011,2025-05-28,2025-06-25,Completed,3.46,93
PRG0008407,STU00488,MOD00153,CRS020,2025-05-30,2025-05-06,Not Started,7.44,36
PRG0008408,STU00488,MOD00002,CRS001,2026-03-05,2026-04-20,Completed,7.53,65
PRG0008409,STU00488,MOD00003,CRS001,2026-02-27,2026-04-30,Completed,1.97,60
PRG0008410,STU00488,MOD00004,CRS001,2026-03-08,2026-05-06,In Progress,2.08,48
PRG0008411,STU00488,MOD00008,CRS001,2026-03-07,2026-02-10,Completed,3.55,24
PRG0008412,STU00488,MOD00067,CRS009,2025-07-06,2025-08-04,In Progress,2.72,95
PRG0008413,STU00488,MOD00068,CRS009,2025-06-23,2025-06-26,Completed,1.23,100
PRG0008414,STU00488,MOD00069,CRS009,2025-06-26,2025-09-05,In Progress,5.64,45
PRG0008415,STU00488,MOD00071,CRS009,2025-06-17,2025-08-02,Completed,9.03,44
PRG0008416,STU00488,MOD00072,CRS009,2025-06-07,2025-09-02,Completed,8.81,7
PRG0008417,STU00488,MOD00129,CRS017,2025-07-08,2025-09-18,Completed,5.18,21
PRG0008418,STU00488,MOD00130,CRS017,2025-06-29,2025-08-27,Completed,6.05,93
PRG0008419,STU00488,MOD00131,CRS017,2025-07-07,2025-08-22,Completed,2.44,57
PRG0008420,STU00488,MOD00132,CRS017,2025-06-28,2025-07-27,Completed,4.48,36
PRG0008421,STU00488,MOD00133,CRS017,2025-07-12,2025-08-14,In Progress,4.13,2
PRG0008422,STU00488,MOD00134,CRS017,2025-07-14,2025-09-02,In Progress,1.2,85
PRG0008423,STU00488,MOD00135,CRS017,2025-06-30,2025-09-22,In Progress,4.9,36
PRG0008424,STU00488,MOD00136,CRS017,2025-07-22,2025-07-26,Completed,6.42,91
PRG0008425,STU00489,MOD00041,CRS006,2026-01-07,2026-02-14,In Progress,4.63,94
PRG0008426,STU00489,MOD00043,CRS006,2025-12-31,2026-02-11,Completed,4.28,64
PRG0008427,STU00489,MOD00044,CRS006,2026-01-07,2026-03-01,Completed,2.16,31
PRG0008428,STU00489,MOD00045,CRS006,2026-01-15,2026-02-16,Completed,2.26,45
PRG0008429,STU00489,MOD00046,CRS006,2026-01-02,2026-02-13,Completed,8.47,93
PRG0008430,STU00489,MOD00048,CRS006,2025-12-31,2026-01-25,In Progress,1.69,31
PRG0008431,STU00489,MOD00065,CRS009,2026-03-20,2026-05-09,Completed,1.79,97
PRG0008432,STU00489,MOD00066,CRS009,2026-03-24,2026-04-07,In Progress,2.27,71
PRG0008433,STU00489,MOD00067,CRS009,2026-03-22,2026-03-08,In Progress,3.63,35
PRG0008434,STU00489,MOD00068,CRS009,2026-03-28,2026-03-14,Completed,3.11,17
PRG0008435,STU00489,MOD00069,CRS009,2026-03-07,2026-05-04,Completed,7.36,64
PRG0008436,STU00489,MOD00070,CRS009,2026-03-25,2026-03-06,Completed,6.6,87
PRG0008437,STU00489,MOD00071,CRS009,2026-03-21,2026-05-17,Completed,12.11,16
PRG0008438,STU00489,MOD00072,CRS009,2026-04-02,2026-05-26,Completed,4.26,73
PRG0008439,STU00489,MOD00145,CRS019,2026-03-20,2026-03-24,In Progress,2.56,34
PRG0008440,STU00489,MOD00146,CRS019,2026-03-17,2026-04-12,Completed,1.14,0
PRG0008441,STU00489,MOD00147,CRS019,2026-02-22,2026-03-09,Completed,7.18,54
PRG0008442,STU00489,MOD00148,CRS019,2026-02-25,2026-05-04,Completed,9.07,24
PRG0008443,STU00489,MOD00149,CRS019,2026-02-28,2026-04-29,In Progress,3.02,16
PRG0008444,STU00489,MOD00150,CRS019,2026-03-07,2026-05-01,In Progress,2.55,38
PRG0008445,STU00489,MOD00057,CRS008,2025-12-07,2025-12-10,Completed,3.93,22
PRG0008446,STU00489,MOD00033,CRS005,2025-12-02,2026-01-19,In Progress,1.62,93
PRG0008447,STU00489,MOD00034,CRS005,2025-12-19,2026-02-11,Completed,11.96,17
PRG0008448,STU00489,MOD00035,CRS005,2025-12-21,2025-12-26,Completed,5.75,69
PRG0008449,STU00489,MOD00036,CRS005,2025-11-29,2026-02-12,Completed,4.2,15
PRG0008450,STU00489,MOD00037,CRS005,2025-12-25,2025-12-04,Completed,4.47,2
PRG0008451,STU00489,MOD00038,CRS005,2025-12-09,2026-01-31,In Progress,7.34,86
PRG0008452,STU00489,MOD00039,CRS005,2025-11-25,2026-01-12,Not Started,4.48,9
PRG0008453,STU00489,MOD00040,CRS005,2025-12-18,2026-01-16,In Progress,8.81,7
PRG0008454,STU00490,MOD00097,CRS013,2025-11-21,2026-01-11,Completed,5.29,72
PRG0008455,STU00490,MOD00098,CRS013,2025-11-14,2026-01-21,Completed,4.1,87
PRG0008456,STU00490,MOD00099,CRS013,2025-11-15,2026-01-13,Completed,2.96,79
PRG0008457,STU00490,MOD00101,CRS013,2025-11-13,2025-11-30,In Progress,2.14,62
PRG0008458,STU00490,MOD00137,CRS018,2026-02-03,2026-03-29,Completed,2.8,37
PRG0008459,STU00490,MOD00138,CRS018,2026-02-04,2026-04-01,Completed,2.61,45
PRG0008460,STU00490,MOD00139,CRS018,2026-02-13,2026-03-26,Completed,10.22,96
PRG0008461,STU00490,MOD00140,CRS018,2026-01-23,2026-02-20,In Progress,2.88,1
PRG0008462,STU00490,MOD00141,CRS018,2026-02-12,2026-02-11,In Progress,10.61,70
PRG0008463,STU00490,MOD00142,CRS018,2026-01-31,2026-03-20,Completed,3.0,59
PRG0008464,STU00490,MOD00143,CRS018,2026-02-10,2026-02-19,Completed,5.0,50
PRG0008465,STU00490,MOD00144,CRS018,2026-02-09,2026-04-17,Completed,4.86,37
PRG0008466,STU00490,MOD00073,CRS010,2026-01-22,2026-02-05,In Progress,1.61,45
PRG0008467,STU00490,MOD00074,CRS010,2026-01-01,2026-01-22,Completed,4.91,15
PRG0008468,STU00490,MOD00075,CRS010,2026-01-09,2026-01-22,In Progress,3.38,1
PRG0008469,STU00490,MOD00076,CRS010,2026-01-25,2026-01-03,Completed,2.18,91
PRG0008470,STU00490,MOD00077,CRS010,2026-01-23,2026-03-24,Completed,3.92,60
PRG0008471,STU00490,MOD00078,CRS010,2026-01-21,2026-01-29,In Progress,1.62,50
PRG0008472,STU00490,MOD00079,CRS010,2026-01-04,2026-02-24,Completed,3.47,72
PRG0008473,STU00490,MOD00080,CRS010,2026-01-03,2026-02-04,Completed,1.3,6
PRG0008474,STU00491,MOD00073,CRS010,2025-11-21,2026-01-21,In Progress,7.25,75
PRG0008475,STU00491,MOD00074,CRS010,2025-11-30,2025-11-28,Completed,5.31,71
PRG0008476,STU00491,MOD00075,CRS010,2025-11-10,2026-01-12,Completed,6.75,8
PRG0008477,STU00491,MOD00076,CRS010,2025-11-28,2025-11-25,In Progress,2.38,43
PRG0008478,STU00491,MOD00077,CRS010,2025-11-28,2025-12-07,Completed,8.44,86
PRG0008479,STU00491,MOD00078,CRS010,2025-11-15,2026-01-09,Completed,1.36,61
PRG0008480,STU00491,MOD00079,CRS010,2025-11-30,2026-01-29,Completed,2.91,91
PRG0008481,STU00491,MOD00080,CRS010,2025-11-25,2026-01-12,Not Started,2.09,91
PRG0008482,STU00491,MOD00001,CRS001,2025-08-31,2025-09-11,Completed,3.89,56
PRG0008483,STU00491,MOD00002,CRS001,2025-08-29,2025-10-09,Completed,3.84,76
PRG0008484,STU00491,MOD00004,CRS001,2025-08-19,2025-10-26,Completed,6.72,18
PRG0008485,STU00491,MOD00005,CRS001,2025-08-15,2025-11-10,Completed,3.47,73
PRG0008486,STU00491,MOD00006,CRS001,2025-08-27,2025-08-18,Completed,5.08,3
PRG0008487,STU00491,MOD00066,CRS009,2025-08-24,2025-10-14,Completed,10.29,12
PRG0008488,STU00491,MOD00067,CRS009,2025-08-18,2025-09-12,In Progress,2.65,100
PRG0008489,STU00491,MOD00068,CRS009,2025-08-16,2025-10-11,Completed,1.46,51
PRG0008490,STU00491,MOD00051,CRS007,2025-08-22,2025-09-21,Completed,6.43,14
PRG0008491,STU00491,MOD00056,CRS007,2025-08-12,2025-08-28,In Progress,5.25,8
PRG0008492,STU00491,MOD00137,CRS018,2025-10-27,2025-10-11,Completed,1.5,76
PRG0008493,STU00491,MOD00138,CRS018,2025-10-25,2025-10-31,Completed,6.68,5
PRG0008494,STU00491,MOD00139,CRS018,2025-10-01,2025-11-30,Completed,5.43,94
PRG0008495,STU00491,MOD00140,CRS018,2025-10-17,2025-12-07,Not Started,4.1,6
PRG0008496,STU00491,MOD00141,CRS018,2025-10-05,2025-11-28,In Progress,2.42,31
PRG0008497,STU00491,MOD00142,CRS018,2025-10-01,2025-10-28,Not Started,2.48,21
PRG0008498,STU00491,MOD00143,CRS018,2025-10-29,2025-10-17,Completed,7.34,99
PRG0008499,STU00491,MOD00144,CRS018,2025-10-30,2025-11-27,Completed,8.05,64
PRG0008500,STU00492,MOD00145,CRS019,2025-12-16,2026-01-06,Completed,2.56,28
PRG0008501,STU00492,MOD00146,CRS019,2025-12-31,2026-01-13,Completed,6.47,1
PRG0008502,STU00492,MOD00147,CRS019,2025-12-25,2026-01-01,Completed,6.26,5
PRG0008503,STU00492,MOD00148,CRS019,2025-12-06,2026-01-13,Completed,2.96,58
PRG0008504,STU00492,MOD00149,CRS019,2025-12-05,2026-01-01,Completed,3.57,24
PRG0008505,STU00492,MOD00150,CRS019,2025-12-04,2026-01-16,In Progress,10.48,15
PRG0008506,STU00492,MOD00151,CRS019,2025-12-31,2025-12-15,Not Started,4.74,18
PRG0008507,STU00492,MOD00152,CRS019,2025-12-24,2026-02-13,In Progress,3.84,69
PRG0008508,STU00492,MOD00129,CRS017,2025-11-01,2025-11-22,Completed,4.46,12
PRG0008509,STU00492,MOD00133,CRS017,2025-10-21,2025-10-17,Completed,10.4,59
PRG0008510,STU00492,MOD00134,CRS017,2025-10-31,2025-11-07,Completed,2.55,13
PRG0008511,STU00492,MOD00135,CRS017,2025-10-08,2025-12-15,Completed,1.07,64
PRG0008512,STU00492,MOD00136,CRS017,2025-10-19,2025-11-14,In Progress,11.15,95
PRG0008513,STU00492,MOD00033,CRS005,2025-12-12,2026-02-13,In Progress,1.34,83
PRG0008514,STU00492,MOD00034,CRS005,2025-12-09,2026-01-30,Completed,6.12,20
PRG0008515,STU00492,MOD00036,CRS005,2025-11-24,2026-01-17,In Progress,1.81,91
PRG0008516,STU00492,MOD00037,CRS005,2025-12-15,2026-02-14,Completed,2.09,30
PRG0008517,STU00492,MOD00038,CRS005,2025-11-25,2025-12-03,In Progress,7.97,83
PRG0008518,STU00492,MOD00039,CRS005,2025-12-10,2026-02-01,Completed,4.1,100
PRG0008519,STU00492,MOD00040,CRS005,2025-12-05,2026-02-14,Completed,4.79,72
PRG0008520,STU00493,MOD00049,CRS007,2025-06-28,2025-09-08,Completed,3.34,9
PRG0008521,STU00493,MOD00050,CRS007,2025-07-11,2025-07-28,Completed,9.5,87
PRG0008522,STU00493,MOD00051,CRS007,2025-07-06,2025-06-26,In Progress,6.21,52
PRG0008523,STU00493,MOD00052,CRS007,2025-07-15,2025-08-02,Not Started,7.33,10
PRG0008524,STU00493,MOD00053,CRS007,2025-07-07,2025-07-10,Completed,1.42,38
PRG0008525,STU00493,MOD00054,CRS007,2025-07-10,2025-08-13,In Progress,5.4,97
PRG0008526,STU00493,MOD00055,CRS007,2025-07-09,2025-06-28,Completed,1.36,96
PRG0008527,STU00493,MOD00056,CRS007,2025-07-19,2025-07-29,In Progress,5.86,10
PRG0008528,STU00493,MOD00017,CRS003,2025-04-18,2025-05-26,Completed,8.05,72
PRG0008529,STU00493,MOD00018,CRS003,2025-04-24,2025-06-05,In Progress,7.11,54
PRG0008530,STU00493,MOD00019,CRS003,2025-04-12,2025-05-27,Completed,2.7,40
PRG0008531,STU00493,MOD00020,CRS003,2025-04-28,2025-05-26,Completed,3.49,84
PRG0008532,STU00493,MOD00021,CRS003,2025-04-12,2025-05-21,Completed,12.02,25
PRG0008533,STU00493,MOD00022,CRS003,2025-04-23,2025-04-13,Completed,4.31,13
PRG0008534,STU00493,MOD00023,CRS003,2025-04-10,2025-05-31,Completed,3.98,38
PRG0008535,STU00493,MOD00024,CRS003,2025-05-05,2025-04-13,In Progress,2.26,76
PRG0008536,STU00493,MOD00073,CRS010,2025-09-19,2025-11-26,Not Started,4.08,62
PRG0008537,STU00493,MOD00074,CRS010,2025-09-16,2025-12-05,Not Started,6.49,17
PRG0008538,STU00493,MOD00076,CRS010,2025-09-30,2025-10-05,Completed,1.76,0
PRG0008539,STU00493,MOD00077,CRS010,2025-09-29,2025-10-12,Not Started,9.38,2
PRG0008540,STU00493,MOD00079,CRS010,2025-10-01,2025-10-16,In Progress,2.45,93
PRG0008541,STU00493,MOD00080,CRS010,2025-09-21,2025-11-26,Not Started,2.31,72
PRG0008542,STU00493,MOD00009,CRS002,2025-10-10,2025-12-09,Completed,3.06,96
PRG0008543,STU00493,MOD00010,CRS002,2025-09-29,2025-11-01,Completed,4.1,44
PRG0008544,STU00493,MOD00011,CRS002,2025-10-23,2025-11-22,Completed,4.9,46
PRG0008545,STU00493,MOD00014,CRS002,2025-10-27,2025-10-15,Completed,12.63,45
PRG0008546,STU00493,MOD00015,CRS002,2025-10-09,2025-12-27,Completed,5.51,41
PRG0008547,STU00493,MOD00016,CRS002,2025-10-20,2025-10-11,Completed,5.12,73
PRG0008548,STU00493,MOD00025,CRS004,2025-07-07,2025-07-04,Completed,8.14,31
PRG0008549,STU00493,MOD00026,CRS004,2025-07-15,2025-07-10,In Progress,1.1,83
PRG0008550,STU00493,MOD00027,CRS004,2025-07-12,2025-09-16,Not Started,2.29,0
PRG0008551,STU00493,MOD00029,CRS004,2025-07-23,2025-07-08,In Progress,1.28,85
PRG0008552,STU00493,MOD00030,CRS004,2025-07-25,2025-08-03,Completed,3.95,99
PRG0008553,STU00493,MOD00031,CRS004,2025-07-05,2025-09-20,Completed,7.79,95
PRG0008554,STU00493,MOD00032,CRS004,2025-06-27,2025-07-11,In Progress,6.88,11
PRG0008555,STU00494,MOD00153,CRS020,2026-02-25,2026-04-17,In Progress,6.88,7
PRG0008556,STU00494,MOD00154,CRS020,2026-03-01,2026-05-07,Completed,8.59,43
PRG0008557,STU00494,MOD00155,CRS020,2026-03-22,2026-03-05,Completed,5.04,10
PRG0008558,STU00494,MOD00156,CRS020,2026-03-20,2026-03-19,Completed,7.82,14
PRG0008559,STU00494,MOD00157,CRS020,2026-02-27,2026-03-31,Completed,2.66,0
PRG0008560,STU00494,MOD00158,CRS020,2026-03-24,2026-05-04,Completed,1.28,21
PRG0008561,STU00494,MOD00159,CRS020,2026-03-18,2026-03-02,In Progress,6.41,67
PRG0008562,STU00494,MOD00160,CRS020,2026-03-18,2026-05-08,In Progress,3.25,11
PRG0008563,STU00494,MOD00050,CRS007,2026-03-03,2026-05-19,Completed,7.31,94
PRG0008564,STU00494,MOD00051,CRS007,2026-03-03,2026-04-25,Completed,3.83,39
PRG0008565,STU00494,MOD00055,CRS007,2026-03-15,2026-04-21,Not Started,1.58,93
PRG0008566,STU00494,MOD00056,CRS007,2026-03-04,2026-03-04,Completed,3.06,67
PRG0008567,STU00495,MOD00137,CRS018,2026-04-16,2026-04-12,Completed,2.95,37
PRG0008568,STU00495,MOD00138,CRS018,2026-04-18,2026-04-08,Completed,5.11,82
PRG0008569,STU00495,MOD00139,CRS018,2026-04-09,2026-03-30,Not Started,3.73,90
PRG0008570,STU00495,MOD00140,CRS018,2026-04-14,2026-06-18,Completed,1.6,65
PRG0008571,STU00495,MOD00141,CRS018,2026-04-05,2026-05-22,Not Started,5.55,81
PRG0008572,STU00495,MOD00142,CRS018,2026-04-10,2026-04-21,Completed,5.66,84
PRG0008573,STU00495,MOD00143,CRS018,2026-04-11,2026-05-11,Completed,5.14,85
PRG0008574,STU00495,MOD00144,CRS018,2026-04-13,2026-05-27,Not Started,8.24,75
PRG0008575,STU00495,MOD00058,CRS008,2025-06-27,2025-08-18,Not Started,1.44,37
PRG0008576,STU00495,MOD00063,CRS008,2025-06-05,2025-07-19,In Progress,8.08,79
PRG0008577,STU00495,MOD00081,CRS011,2025-05-18,2025-06-10,Completed,1.1,88
PRG0008578,STU00495,MOD00082,CRS011,2025-04-26,2025-06-01,Completed,1.23,82
PRG0008579,STU00495,MOD00083,CRS011,2025-05-10,2025-06-24,In Progress,2.78,25
PRG0008580,STU00495,MOD00084,CRS011,2025-05-10,2025-05-28,In Progress,2.4,92
PRG0008581,STU00495,MOD00085,CRS011,2025-05-26,2025-05-25,In Progress,6.02,49
PRG0008582,STU00495,MOD00086,CRS011,2025-04-28,2025-06-10,Not Started,1.94,44
PRG0008583,STU00495,MOD00087,CRS011,2025-05-24,2025-07-15,In Progress,2.41,69
PRG0008584,STU00495,MOD00088,CRS011,2025-05-19,2025-07-14,In Progress,5.51,61
PRG0008585,STU00495,MOD00049,CRS007,2025-06-03,2025-07-21,Completed,4.01,24
PRG0008586,STU00495,MOD00050,CRS007,2025-06-27,2025-08-08,Completed,6.64,30
PRG0008587,STU00495,MOD00051,CRS007,2025-06-30,2025-07-04,In Progress,7.18,46
PRG0008588,STU00495,MOD00052,CRS007,2025-06-18,2025-06-25,In Progress,1.23,99
PRG0008589,STU00495,MOD00053,CRS007,2025-06-25,2025-07-24,Completed,3.14,35
PRG0008590,STU00495,MOD00054,CRS007,2025-06-14,2025-06-28,In Progress,4.9,64
PRG0008591,STU00495,MOD00055,CRS007,2025-06-11,2025-07-11,Completed,1.26,65
PRG0008592,STU00495,MOD00056,CRS007,2025-06-08,2025-06-30,Completed,1.69,63
PRG0008593,STU00495,MOD00145,CRS019,2025-06-30,2025-07-21,Completed,1.26,10
PRG0008594,STU00495,MOD00146,CRS019,2025-06-11,2025-06-12,Completed,7.18,86
PRG0008595,STU00495,MOD00147,CRS019,2025-06-11,2025-08-28,In Progress,6.29,77
PRG0008596,STU00495,MOD00148,CRS019,2025-06-17,2025-06-26,Not Started,6.05,58
PRG0008597,STU00495,MOD00150,CRS019,2025-06-25,2025-07-14,Completed,2.33,46
PRG0008598,STU00495,MOD00151,CRS019,2025-06-24,2025-06-12,Completed,3.71,79
PRG0008599,STU00496,MOD00121,CRS016,2025-11-25,2025-12-15,Not Started,7.87,49
PRG0008600,STU00496,MOD00122,CRS016,2025-11-29,2025-11-23,Completed,4.16,9
PRG0008601,STU00496,MOD00123,CRS016,2025-12-03,2025-11-21,Completed,12.98,37
PRG0008602,STU00496,MOD00124,CRS016,2025-11-22,2025-11-24,In Progress,4.38,33
PRG0008603,STU00496,MOD00125,CRS016,2025-11-24,2026-01-10,In Progress,2.17,42
PRG0008604,STU00496,MOD00126,CRS016,2025-11-10,2025-11-07,Not Started,5.89,65
PRG0008605,STU00496,MOD00127,CRS016,2025-12-04,2025-11-20,Completed,1.21,97
PRG0008606,STU00496,MOD00128,CRS016,2025-12-02,2026-01-17,Completed,1.8,39
PRG0008607,STU00496,MOD00050,CRS007,2025-11-11,2026-01-27,In Progress,3.44,39
PRG0008608,STU00496,MOD00051,CRS007,2025-11-27,2026-01-19,Completed,4.93,85
PRG0008609,STU00496,MOD00052,CRS007,2025-11-11,2025-12-14,Completed,7.36,80
PRG0008610,STU00497,MOD00089,CRS012,2026-01-10,2026-01-27,Completed,3.18,11
PRG0008611,STU00497,MOD00090,CRS012,2026-01-08,2026-01-04,Completed,1.62,57
PRG0008612,STU00497,MOD00091,CRS012,2025-12-26,2026-01-25,Completed,3.6,99
PRG0008613,STU00497,MOD00093,CRS012,2025-12-21,2026-01-01,In Progress,7.99,52
PRG0008614,STU00497,MOD00094,CRS012,2026-01-06,2026-03-04,Completed,2.63,89
PRG0008615,STU00497,MOD00095,CRS012,2026-01-08,2026-02-26,Completed,4.37,5
PRG0008616,STU00497,MOD00096,CRS012,2026-01-01,2025-12-31,Completed,4.33,53
PRG0008617,STU00497,MOD00065,CRS009,2026-01-05,2026-03-06,Completed,2.87,14
PRG0008618,STU00497,MOD00066,CRS009,2026-01-05,2026-03-13,In Progress,7.77,50
PRG0008619,STU00497,MOD00067,CRS009,2025-12-27,2025-12-27,Completed,2.36,54
PRG0008620,STU00497,MOD00068,CRS009,2026-01-16,2026-03-13,In Progress,2.25,93
PRG0008621,STU00497,MOD00069,CRS009,2026-01-16,2026-02-22,Completed,9.54,0
PRG0008622,STU00497,MOD00070,CRS009,2026-01-03,2026-02-22,Completed,2.27,16
PRG0008623,STU00497,MOD00071,CRS009,2026-01-13,2026-03-14,Completed,13.15,48
PRG0008624,STU00497,MOD00072,CRS009,2026-01-19,2026-02-13,Completed,3.55,40
PRG0008625,STU00497,MOD00010,CRS002,2025-10-16,2025-10-29,Completed,5.01,93
PRG0008626,STU00497,MOD00012,CRS002,2025-10-15,2025-11-18,Completed,9.66,73
PRG0008627,STU00497,MOD00013,CRS002,2025-09-24,2025-12-05,In Progress,2.24,77
PRG0008628,STU00497,MOD00014,CRS002,2025-10-23,2025-11-05,Completed,6.33,69
PRG0008629,STU00498,MOD00074,CRS010,2025-10-24,2025-11-27,Not Started,2.84,18
PRG0008630,STU00498,MOD00075,CRS010,2025-10-14,2025-11-13,In Progress,1.18,80
PRG0008631,STU00498,MOD00077,CRS010,2025-10-11,2025-10-21,Not Started,5.43,71
PRG0008632,STU00498,MOD00078,CRS010,2025-10-15,2025-10-13,In Progress,1.64,97
PRG0008633,STU00498,MOD00079,CRS010,2025-09-29,2025-10-26,Completed,1.03,38
PRG0008634,STU00498,MOD00080,CRS010,2025-10-09,2025-12-07,Completed,2.44,45
PRG0008635,STU00498,MOD00093,CRS012,2025-12-14,2026-02-19,Not Started,5.9,36
PRG0008636,STU00498,MOD00094,CRS012,2025-12-15,2025-12-19,Completed,2.28,44
PRG0008637,STU00498,MOD00095,CRS012,2025-12-11,2026-03-04,Completed,2.78,44
PRG0008638,STU00498,MOD00129,CRS017,2025-04-30,2025-05-14,Completed,4.97,38
PRG0008639,STU00498,MOD00130,CRS017,2025-04-28,2025-05-10,In Progress,9.65,21
PRG0008640,STU00498,MOD00131,CRS017,2025-05-10,2025-05-21,Completed,3.35,30
PRG0008641,STU00498,MOD00132,CRS017,2025-05-25,2025-05-26,In Progress,3.03,69
PRG0008642,STU00498,MOD00133,CRS017,2025-05-03,2025-06-09,In Progress,14.24,32
PRG0008643,STU00498,MOD00134,CRS017,2025-05-01,2025-07-01,Completed,1.56,29
PRG0008644,STU00498,MOD00135,CRS017,2025-05-12,2025-05-11,In Progress,8.98,76
PRG0008645,STU00498,MOD00136,CRS017,2025-05-07,2025-07-12,Completed,7.91,54
PRG0008646,STU00498,MOD00097,CRS013,2025-12-08,2026-02-10,Completed,8.54,94
PRG0008647,STU00498,MOD00098,CRS013,2025-11-20,2026-01-03,Completed,3.34,39
PRG0008648,STU00498,MOD00099,CRS013,2025-12-01,2026-01-13,In Progress,1.72,77
PRG0008649,STU00498,MOD00100,CRS013,2025-12-12,2025-12-20,Completed,5.53,89
PRG0008650,STU00498,MOD00101,CRS013,2025-11-16,2025-11-21,In Progress,2.34,65
PRG0008651,STU00498,MOD00102,CRS013,2025-12-16,2026-01-14,In Progress,2.7,54
PRG0008652,STU00498,MOD00103,CRS013,2025-12-04,2026-01-15,Completed,6.86,57
PRG0008653,STU00498,MOD00104,CRS013,2025-11-26,2025-12-02,Completed,2.0,39
PRG0008654,STU00498,MOD00041,CRS006,2026-02-05,2026-01-24,Completed,4.95,72
PRG0008655,STU00498,MOD00043,CRS006,2026-01-21,2026-03-12,Not Started,1.05,32
PRG0008656,STU00498,MOD00046,CRS006,2026-01-12,2026-03-22,Completed,7.34,45
PRG0008657,STU00498,MOD00047,CRS006,2026-01-26,2026-03-08,Completed,4.14,7
PRG0008658,STU00498,MOD00048,CRS006,2026-01-08,2026-03-29,In Progress,3.95,91
PRG0008659,STU00499,MOD00032,CRS004,2025-05-22,2025-05-20,In Progress,6.33,63
PRG0008660,STU00499,MOD00067,CRS009,2025-06-03,2025-06-07,Not Started,2.39,71
PRG0008661,STU00499,MOD00068,CRS009,2025-06-03,2025-07-12,Completed,2.02,67
PRG0008662,STU00499,MOD00069,CRS009,2025-06-06,2025-07-01,Not Started,5.69,5
PRG0008663,STU00499,MOD00070,CRS009,2025-06-18,2025-07-12,In Progress,2.78,54
PRG0008664,STU00499,MOD00097,CRS013,2025-09-03,2025-10-29,In Progress,4.58,51
PRG0008665,STU00499,MOD00098,CRS013,2025-09-17,2025-10-18,Completed,2.06,82
PRG0008666,STU00499,MOD00099,CRS013,2025-09-29,2025-09-24,Completed,1.72,14
PRG0008667,STU00499,MOD00100,CRS013,2025-09-12,2025-09-29,Completed,4.03,19
PRG0008668,STU00499,MOD00101,CRS013,2025-10-02,2025-11-10,Completed,4.24,21
PRG0008669,STU00499,MOD00102,CRS013,2025-09-25,2025-10-10,In Progress,3.33,41
PRG0008670,STU00499,MOD00103,CRS013,2025-09-07,2025-10-07,Completed,8.26,88
PRG0008671,STU00499,MOD00104,CRS013,2025-09-30,2025-11-06,Completed,2.01,23
PRG0008672,STU00500,MOD00105,CRS014,2025-11-21,2025-12-26,In Progress,11.98,95
PRG0008673,STU00500,MOD00106,CRS014,2025-11-08,2026-01-13,Completed,1.07,95
PRG0008674,STU00500,MOD00107,CRS014,2025-11-15,2025-10-31,Completed,6.79,83
PRG0008675,STU00500,MOD00108,CRS014,2025-11-09,2026-01-13,Completed,2.71,6
PRG0008676,STU00500,MOD00109,CRS014,2025-11-07,2025-12-31,In Progress,2.26,77
PRG0008677,STU00500,MOD00110,CRS014,2025-10-31,2025-11-16,In Progress,2.86,77
PRG0008678,STU00500,MOD00111,CRS014,2025-11-08,2026-01-21,Completed,4.23,13
PRG0008679,STU00500,MOD00112,CRS014,2025-11-16,2025-12-04,Completed,6.45,55
